REG_YY,SIGNGU_NM,DTCONT,PURPOS_DIV,RIDNG_ODR,VAN_CNT,FRGHT_ODR,SPECL_ODR,EV
2020,광주시,하이브리드(휘발유+전기),비사업용,5488,0,0,0,no
2020,광주시,하이브리드(휘발유+전기),사업용,7,0,0,0,no
2020,광주시,휘발유,비사업용,30625,13,0,141,no
2020,광주시,휘발유,사업용,29,0,0,1,no
2020,광주시,휘발유(무연),비사업용,57372,24,0,52,no
2020,광주시,휘발유(무연),사업용,96,1,0,0,no
2020,광주시,휘발유(유연),비사업용,74,0,0,0,no
2019,광주시,하이브리드(휘발유+전기),비사업용,4172,0,0,0,no
2019,광주시,하이브리드(휘발유+전기),사업용,1,0,0,0,no
2019,광주시,휘발유,비사업용,29949,15,1,68,no
2019,광주시,휘발유,사업용,27,0,0,0,no
2019,광주시,휘발유(무연),비사업용,53397,25,0,55,no
2019,광주시,휘발유(무연),사업용,64,1,0,0,no
2019,광주시,휘발유(유연),비사업용,71,0,0,0,no
2019,광주시,CNG,비사업용,51,2,0,1,no
2019,광주시,CNG,사업용,0,730,0,0,no
2019,광주시,경유,비사업용,49842,5294,239,27650,no
2019,광주시,경유,사업용,79,2152,313,3910,no
2019,광주시,기타연료,비사업용,2,163,14,368,no
2019,광주시,기타연료,사업용,0,3,0,30,no
2019,광주시,수소,비사업용,1,0,0,0,no
2019,광주시,엘피지,비사업용,9778,571,2,917,no
2019,광주시,엘피지,사업용,661,1,0,189,no
2019,광주시,전기,비사업용,223,2,0,0,yes
2019,광주시,전기,사업용,1,0,0,0,yes
2019,광주시,하이브리드(LPG+전기),비사업용,136,0,0,0,no
2019,광주시,하이브리드(경유+전기),비사업용,5,0,0,0,no
2025,구리시,CNG,비사업용,6,0,3,0,no
2025,구리시,CNG,사업용,0,111,0,0,no
2025,구리시,경유,비사업용,15092,1157,6832,158,no
2025,구리시,경유,사업용,33,125,1106,149,no
2025,구리시,기타연료,비사업용,0,41,139,37,no
2025,구리시,기타연료,사업용,0,0,34,0,no
2025,구리시,수소,비사업용,66,0,0,0,no
2025,구리시,수소전기,비사업용,16,0,0,0,no
2025,구리시,엘피지,비사업용,3112,214,845,9,no
2025,구리시,엘피지,사업용,721,0,229,0,no
2025,구리시,전기,비사업용,1529,1,254,4,yes
2025,구리시,전기,사업용,190,44,122,0,yes
2025,구리시,하이브리드(LPG+전기),비사업용,13,0,0,0,no
2025,구리시,하이브리드(LPG+전기),사업용,12,0,0,0,no
2025,구리시,하이브리드(경유+전기),비사업용,123,0,0,0,no
2025,구리시,하이브리드(경유+전기),사업용,3,0,0,0,no
2025,구리시,하이브리드(휘발유+전기),비사업용,6770,16,25,1,no
2025,구리시,하이브리드(휘발유+전기),사업용,32,1,0,0,no
2025,구리시,휘발유,비사업용,10217,2,69,1,no
2025,구리시,휘발유,사업용,47,0,0,0,no
2025,구리시,휘발유(무연),비사업용,24881,16,37,0,no
2025,구리시,휘발유(무연),사업용,117,0,0,0,no
2025,구리시,휘발유(유연),비사업용,24,0,0,0,no
2024,구리시,CNG,비사업용,4,0,3,0,no
2024,구리시,CNG,사업용,0,106,0,0,no
2024,구리시,경유,비사업용,16202,1268,7320,159,no
2024,구리시,경유,사업용,43,132,1101,149,no
2024,구리시,기타연료,비사업용,0,44,148,37,no
2024,구리시,기타연료,사업용,0,0,35,0,no
2024,구리시,수소,비사업용,66,0,0,0,no
2024,구리시,엘피지,비사업용,3270,229,631,5,no
2024,구리시,엘피지,사업용,728,0,153,0,no
2024,구리시,전기,비사업용,1041,0,203,3,yes
2024,구리시,전기,사업용,156,42,106,0,yes
2024,구리시,하이브리드(LPG+전기),비사업용,22,0,0,0,no
2024,구리시,하이브리드(LPG+전기),사업용,12,0,0,0,no
2024,구리시,하이브리드(경유+전기),비사업용,120,0,0,0,no
2024,구리시,하이브리드(경유+전기),사업용,3,0,0,0,no
2024,구리시,하이브리드(휘발유+전기),비사업용,5610,5,13,0,no
2024,구리시,하이브리드(휘발유+전기),사업용,20,1,0,0,no
2024,구리시,휘발유,비사업용,11035,2,75,2,no
2024,구리시,휘발유,사업용,45,0,0,0,no
2024,구리시,휘발유(무연),비사업용,24663,17,10,0,no
2024,구리시,휘발유(무연),사업용,72,0,0,0,no
2024,구리시,휘발유(유연),비사업용,30,0,0,0,no
2023,구리시,CNG,비사업용,4,0,3,0,no
2023,구리시,CNG,사업용,0,95,0,0,no
2023,구리시,경유,비사업용,16891,1399,7763,152,no
2023,구리시,경유,사업용,57,148,1219,161,no
2023,구리시,기타연료,비사업용,0,51,145,32,no
2023,구리시,기타연료,사업용,0,0,36,0,no
2023,구리시,수소,비사업용,62,0,0,0,no
2023,구리시,엘피지,비사업용,3463,244,405,3,no
2023,구리시,엘피지,사업용,803,0,84,0,no
2023,구리시,전기,비사업용,719,0,180,3,yes
2023,구리시,전기,사업용,135,36,84,0,yes
2023,구리시,하이브리드(LPG+전기),비사업용,31,0,0,0,no
2023,구리시,하이브리드(LPG+전기),사업용,11,0,0,0,no
2023,구리시,하이브리드(경유+전기),비사업용,103,0,0,0,no
2023,구리시,하이브리드(경유+전기),사업용,2,0,0,0,no
2023,구리시,하이브리드(휘발유+전기),비사업용,4377,0,0,0,no
2023,구리시,하이브리드(휘발유+전기),사업용,3,0,0,0,no
2023,구리시,휘발유,비사업용,11485,3,68,2,no
2023,구리시,휘발유,사업용,34,0,0,0,no
2023,구리시,휘발유(무연),비사업용,23920,18,10,0,no
2023,구리시,휘발유(무연),사업용,114,0,0,0,no
2023,구리시,휘발유(유연),비사업용,26,0,0,0,no
2022,구리시,CNG,비사업용,2,0,0,3,no
2022,구리시,CNG,사업용,0,96,0,0,no
2022,구리시,경유,비사업용,17597,1511,141,7927,no
2022,구리시,경유,사업용,61,194,145,1109,no
2022,구리시,기타연료,비사업용,0,52,29,148,no
2022,구리시,기타연료,사업용,0,0,0,36,no
2022,구리시,수소,비사업용,45,0,0,0,no
2022,구리시,엘피지,비사업용,3686,247,1,416,no
2022,구리시,엘피지,사업용,880,0,0,101,no
2022,구리시,전기,비사업용,503,0,3,104,yes
2022,구리시,전기,사업용,75,8,0,62,yes
2022,구리시,하이브리드(LPG+전기),비사업용,39,0,0,0,no
2022,구리시,하이브리드(LPG+전기),사업용,5,0,0,0,no
2022,구리시,하이브리드(경유+전기),비사업용,78,0,0,0,no
2022,구리시,하이브리드(경유+전기),사업용,3,0,0,0,no
2022,구리시,하이브리드(휘발유+전기),비사업용,3411,0,0,0,no
2022,구리시,하이브리드(휘발유+전기),사업용,4,0,0,0,no
2022,구리시,휘발유,비사업용,11837,1,1,60,no
2022,구리시,휘발유,사업용,22,0,0,0,no
2022,구리시,휘발유(무연),비사업용,23138,12,0,17,no
2022,구리시,휘발유(무연),사업용,94,0,0,0,no
2022,구리시,휘발유(유연),비사업용,25,0,0,0,no
2021,구리시,CNG,비사업용,6,0,0,3,no
2021,구리시,CNG,사업용,0,91,0,0,no
2021,구리시,경유,비사업용,18041,1599,121,8001,no
2021,구리시,경유,사업용,54,198,136,1059,no
2021,구리시,기타연료,비사업용,0,51,18,137,no
2021,구리시,기타연료,사업용,0,0,0,33,no
2021,구리시,수소,비사업용,25,0,0,0,no
2021,구리시,엘피지,비사업용,3834,262,0,453,no
2021,구리시,엘피지,사업용,951,0,0,111,no
2021,구리시,전기,비사업용,298,0,3,33,yes
2021,구리시,전기,사업용,8,3,0,36,yes
2021,구리시,하이브리드(LPG+전기),비사업용,44,0,0,0,no
2021,구리시,하이브리드(LPG+전기),사업용,4,0,0,0,no
2021,구리시,하이브리드(경유+전기),비사업용,48,0,0,0,no
2021,구리시,하이브리드(휘발유+전기),비사업용,2811,0,0,0,no
2021,구리시,하이브리드(휘발유+전기),사업용,2,0,0,0,no
2021,구리시,휘발유,비사업용,12156,1,2,48,no
2021,구리시,휘발유,사업용,8,0,0,0,no
2021,구리시,휘발유(무연),비사업용,22444,10,0,17,no
2021,구리시,휘발유(무연),사업용,91,0,0,0,no
2021,구리시,휘발유(유연),비사업용,26,0,0,0,no
2020,구리시,CNG,비사업용,7,0,0,4,no
2020,구리시,CNG,사업용,0,101,0,0,no
2020,구리시,경유,비사업용,18466,1706,110,8257,no
2020,구리시,경유,사업용,38,204,129,987,no
2020,구리시,기타연료,비사업용,0,47,11,125,no
2020,구리시,기타연료,사업용,0,0,0,35,no
2020,구리시,수소,비사업용,16,0,0,0,no
2020,구리시,엘피지,비사업용,4006,292,2,475,no
2020,구리시,엘피지,사업용,953,0,0,116,no
2020,구리시,전기,비사업용,173,0,3,17,yes
2020,구리시,전기,사업용,0,0,0,6,yes
2020,구리시,하이브리드(LPG+전기),비사업용,45,0,0,0,no
2020,구리시,하이브리드(LPG+전기),사업용,1,0,0,0,no
2020,구리시,하이브리드(경유+전기),비사업용,14,0,0,0,no
2020,구리시,하이브리드(휘발유+전기),비사업용,2337,0,0,0,no
2020,구리시,하이브리드(휘발유+전기),사업용,1,0,0,0,no
2020,구리시,휘발유,비사업용,12548,2,1,37,no
2020,구리시,휘발유,사업용,6,0,0,0,no
2020,구리시,휘발유(무연),비사업용,22100,10,0,18,no
2020,구리시,휘발유(무연),사업용,70,0,0,0,no
2020,구리시,휘발유(유연),비사업용,27,0,0,0,no
2019,구리시,CNG,비사업용,12,0,0,1,no
2019,구리시,CNG,사업용,0,97,0,0,no
2019,구리시,경유,비사업용,18597,1802,95,8419,no
2019,구리시,경유,사업용,38,192,132,934,no
2019,구리시,기타연료,비사업용,0,54,5,118,no
2019,구리시,기타연료,사업용,0,0,0,40,no
2019,구리시,수소,비사업용,9,0,0,0,no
2019,구리시,엘피지,비사업용,4061,324,1,521,no
2019,구리시,엘피지,사업용,984,0,0,111,no
2019,구리시,전기,비사업용,125,0,2,0,yes
2019,구리시,하이브리드(LPG+전기),비사업용,50,0,0,0,no
2019,구리시,하이브리드(휘발유+전기),비사업용,1776,0,0,0,no
2019,구리시,하이브리드(휘발유+전기),사업용,1,0,0,0,no
2019,구리시,휘발유,비사업용,12720,5,0,18,no
2019,구리시,휘발유,사업용,6,0,0,0,no
2019,구리시,휘발유(무연),비사업용,21021,8,0,20,no
2019,구리시,휘발유(무연),사업용,51,0,0,0,no
2019,구리시,휘발유(유연),비사업용,22,0,0,0,no
2025,군포시,CNG,비사업용,2,0,1,0,no
2025,군포시,CNG,사업용,0,3,0,0,no
2025,군포시,경유,비사업용,19724,1618,7390,157,no
2025,군포시,경유,사업용,34,57,3222,241,no
2025,군포시,기타연료,비사업용,0,54,165,32,no
2025,군포시,기타연료,사업용,0,0,110,0,no
2025,군포시,수소,비사업용,70,0,0,0,no
2025,군포시,수소전기,비사업용,13,0,0,0,no
2025,군포시,엘피지,비사업용,4633,224,788,11,no
2025,군포시,엘피지,사업용,481,0,278,0,no
2025,군포시,전기,비사업용,1802,0,241,2,yes
2025,군포시,전기,사업용,118,116,159,0,yes
2025,군포시,하이브리드(LPG+전기),비사업용,33,0,0,0,no
2025,군포시,하이브리드(LPG+전기),사업용,1,0,0,0,no
2025,군포시,하이브리드(경유+전기),비사업용,102,0,0,0,no
2025,군포시,하이브리드(휘발유+전기),비사업용,10511,9,35,0,no
2025,군포시,하이브리드(휘발유+전기),사업용,46,2,2,0,no
2025,군포시,휘발유,비사업용,13066,5,75,1,no
2025,군포시,휘발유,사업용,20,0,0,0,no
2025,군포시,휘발유(무연),비사업용,36523,11,45,0,no
2025,군포시,휘발유(무연),사업용,114,0,0,0,no
2025,군포시,휘발유(유연),비사업용,30,0,0,0,no
2024,군포시,CNG,비사업용,5,0,1,0,no
2024,군포시,CNG,사업용,0,3,0,0,no
2024,군포시,경유,비사업용,21481,1826,7916,144,no
2025,가평군,CNG,비사업용,3,1,0,0,no
2025,가평군,경유,비사업용,7062,944,5761,129,no
2025,가평군,경유,사업용,0,140,144,47,no
2025,가평군,기타연료,비사업용,0,39,197,31,no
2025,가평군,수소,비사업용,8,0,0,0,no
2025,가평군,수소전기,비사업용,1,0,0,0,no
2025,가평군,엘피지,비사업용,1236,77,426,7,no
2025,가평군,엘피지,사업용,132,0,38,0,no
2025,가평군,전기,비사업용,709,0,212,1,yes
2025,가평군,전기,사업용,22,18,43,0,yes
2025,가평군,하이브리드(LPG+전기),비사업용,10,0,0,0,no
2025,가평군,하이브리드(경유+전기),비사업용,28,0,0,0,no
2025,가평군,하이브리드(휘발유+전기),비사업용,2199,4,9,0,no
2025,가평군,휘발유,비사업용,4104,9,87,0,no
2025,가평군,휘발유(무연),비사업용,10611,12,42,0,no
2025,가평군,휘발유(무연),사업용,2,0,0,0,no
2025,가평군,휘발유(유연),비사업용,8,0,0,0,no
2024,가평군,CNG,비사업용,3,0,0,0,no
2024,가평군,CNG,사업용,0,1,0,0,no
2024,가평군,경유,비사업용,7512,1045,6000,126,no
2024,가평군,경유,사업용,0,131,149,45,no
2024,가평군,기타연료,비사업용,0,34,207,25,no
2024,가평군,수소,비사업용,7,0,0,0,no
2024,가평군,엘피지,비사업용,1297,69,309,5,no
2024,가평군,엘피지,사업용,134,0,20,0,no
2024,가평군,전기,비사업용,546,0,181,1,yes
2024,가평군,전기,사업용,19,13,38,0,yes
2024,가평군,하이브리드(LPG+전기),비사업용,10,0,0,0,no
2024,가평군,하이브리드(경유+전기),비사업용,28,0,0,0,no
2024,가평군,하이브리드(휘발유+전기),비사업용,1693,4,2,0,no
2024,가평군,휘발유,비사업용,4389,8,78,0,no
2024,가평군,휘발유,사업용,5,0,0,0,no
2024,가평군,휘발유(무연),비사업용,10350,11,15,0,no
2024,가평군,휘발유(무연),사업용,72,0,0,0,no
2024,가평군,휘발유(유연),비사업용,5,0,0,0,no
2023,가평군,CNG,비사업용,3,0,0,0,no
2023,가평군,경유,비사업용,7759,1122,6145,124,no
2023,가평군,경유,사업용,0,135,160,46,no
2023,가평군,기타연료,비사업용,0,38,201,23,no
2023,가평군,기타연료,사업용,0,0,1,0,no
2023,가평군,수소,비사업용,3,0,0,0,no
2023,가평군,엘피지,비사업용,1371,67,181,1,no
2023,가평군,엘피지,사업용,134,0,9,0,no
2023,가평군,전기,비사업용,413,0,171,0,yes
2023,가평군,전기,사업용,19,0,38,0,yes
2023,가평군,하이브리드(LPG+전기),비사업용,12,0,0,0,no
2023,가평군,하이브리드(경유+전기),비사업용,20,0,0,0,no
2023,가평군,하이브리드(휘발유+전기),비사업용,1279,0,0,0,no
2023,가평군,휘발유,비사업용,4591,10,68,0,no
2023,가평군,휘발유,사업용,3,0,0,0,no
2023,가평군,휘발유(무연),비사업용,9852,12,14,0,no
2023,가평군,휘발유(무연),사업용,40,0,0,0,no
2023,가평군,휘발유(유연),비사업용,5,0,0,0,no
2022,가평군,CNG,비사업용,3,0,0,0,no
2022,가평군,경유,비사업용,7927,1175,6184,123,no
2022,가평군,경유,사업용,0,146,163,41,no
2022,가평군,기타연료,비사업용,0,38,164,16,no
2022,가평군,기타연료,사업용,0,0,1,0,no
2022,가평군,수소,비사업용,2,0,0,0,no
2022,가평군,엘피지,비사업용,1417,66,174,1,no
2022,가평군,엘피지,사업용,139,0,10,0,no
2022,가평군,전기,비사업용,306,0,116,0,yes
2022,가평군,전기,사업용,20,0,32,0,yes
2022,가평군,하이브리드(LPG+전기),비사업용,17,0,0,0,no
2022,가평군,하이브리드(경유+전기),비사업용,15,0,0,0,no
2022,가평군,하이브리드(휘발유+전기),비사업용,979,0,0,0,no
2022,가평군,휘발유,비사업용,4709,6,68,0,no
2022,가평군,휘발유(무연),비사업용,9201,10,15,0,no
2022,가평군,휘발유(무연),사업용,2,0,0,0,no
2022,가평군,휘발유(유연),비사업용,7,0,0,0,no
2021,가평군,CNG,비사업용,4,0,0,0,no
2021,가평군,경유,비사업용,8011,1215,6093,107,no
2021,가평군,경유,사업용,5,168,171,40,no
2021,가평군,기타연료,비사업용,0,32,157,12,no
2021,가평군,기타연료,사업용,0,0,1,0,no
2021,가평군,수소,비사업용,1,0,0,0,no
2021,가평군,엘피지,비사업용,1415,70,174,0,no
2021,가평군,엘피지,사업용,158,0,8,0,no
2021,가평군,전기,비사업용,173,0,62,0,yes
2021,가평군,전기,사업용,7,0,21,0,yes
2021,가평군,하이브리드(LPG+전기),비사업용,23,0,0,0,no
2021,가평군,하이브리드(경유+전기),비사업용,12,0,0,0,no
2021,가평군,하이브리드(휘발유+전기),비사업용,771,0,0,0,no
2021,가평군,휘발유,비사업용,4680,7,50,0,no
2021,가평군,휘발유(무연),비사업용,8723,12,15,0,no
2021,가평군,휘발유(무연),사업용,17,0,0,0,no
2021,가평군,휘발유(유연),비사업용,8,0,0,0,no
2020,가평군,CNG,비사업용,3,0,0,0,no
2020,가평군,경유,비사업용,7974,1263,6101,90,no
2020,가평군,경유,사업용,6,167,158,40,no
2020,가평군,기타연료,비사업용,0,33,138,9,no
2020,가평군,기타연료,사업용,0,0,2,0,no
2020,가평군,수소,비사업용,1,0,0,0,no
2020,가평군,엘피지,비사업용,1420,75,152,1,no
2020,가평군,엘피지,사업용,165,1,8,0,no
2020,가평군,전기,비사업용,90,0,24,0,yes
2020,가평군,전기,사업용,0,0,1,0,yes
2020,가평군,하이브리드(LPG+전기),비사업용,23,0,0,0,no
2020,가평군,하이브리드(경유+전기),비사업용,3,0,0,0,no
2020,가평군,하이브리드(휘발유+전기),비사업용,639,0,0,0,no
2020,가평군,휘발유,비사업용,4633,6,36,0,no
2020,가평군,휘발유(무연),비사업용,8226,11,14,0,no
2020,가평군,휘발유(무연),사업용,18,0,0,0,no
2020,가평군,휘발유(유연),비사업용,9,0,0,0,no
2019,가평군,CNG,비사업용,3,0,0,0,no
2019,가평군,CNG,사업용,0,1,0,0,no
2019,가평군,경유,비사업용,7923,1313,6062,74,no
2019,가평군,경유,사업용,11,208,156,45,no
2019,가평군,기타연료,비사업용,0,35,107,5,no
2019,가평군,기타연료,사업용,0,0,2,0,no
2019,가평군,엘피지,비사업용,1463,83,146,0,no
2019,가평군,엘피지,사업용,175,5,9,0,no
2019,가평군,전기,비사업용,67,0,0,0,yes
2019,가평군,하이브리드(LPG+전기),비사업용,22,0,0,0,no
2019,가평군,하이브리드(휘발유+전기),비사업용,512,0,0,0,no
2019,가평군,휘발유,비사업용,4537,7,17,0,no
2019,가평군,휘발유,사업용,1,0,0,0,no
2019,가평군,휘발유(무연),비사업용,7712,10,12,0,no
2019,가평군,휘발유(무연),사업용,27,0,0,0,no
2019,가평군,휘발유(유연),비사업용,9,0,0,0,no
2025,고양시 덕양구,CNG,비사업용,8,5,16,0,no
2025,고양시 덕양구,CNG,사업용,0,80,0,0,no
2025,고양시 덕양구,경유,비사업용,38041,3041,15425,372,no
2025,고양시 덕양구,경유,사업용,173,171,1881,245,no
2025,고양시 덕양구,기타연료,비사업용,1,99,429,99,no
2025,고양시 덕양구,기타연료,사업용,0,0,66,0,no
2025,고양시 덕양구,수소,비사업용,250,0,0,0,no
2025,고양시 덕양구,수소,사업용,0,5,0,0,no
2025,고양시 덕양구,수소전기,비사업용,54,0,0,0,no
2025,고양시 덕양구,수소전기,사업용,0,13,0,0,no
2025,고양시 덕양구,엘피지,비사업용,8898,542,1771,19,no
2025,고양시 덕양구,엘피지,사업용,1037,1,516,4,no
2025,고양시 덕양구,전기,비사업용,4765,4,808,8,yes
2025,고양시 덕양구,전기,사업용,70,186,315,0,yes
2025,고양시 덕양구,하이브리드(LPG+전기),비사업용,71,0,0,0,no
2025,고양시 덕양구,하이브리드(경유+전기),비사업용,250,0,0,0,no
2025,고양시 덕양구,하이브리드(경유+전기),사업용,1,0,0,0,no
2025,고양시 덕양구,하이브리드(휘발유+전기),비사업용,18859,29,86,2,no
2025,고양시 덕양구,하이브리드(휘발유+전기),사업용,77,1,1,0,no
2025,고양시 덕양구,휘발유,비사업용,30619,37,162,3,no
2025,고양시 덕양구,휘발유,사업용,44,0,0,0,no
2025,고양시 덕양구,휘발유(무연),비사업용,72261,50,81,1,no
2025,고양시 덕양구,휘발유(무연),사업용,439,0,0,0,no
2025,고양시 덕양구,휘발유(유연),비사업용,55,0,0,0,no
2024,고양시 덕양구,CNG,비사업용,12,4,17,0,no
2024,고양시 덕양구,CNG,사업용,0,97,0,0,no
2024,고양시 덕양구,경유,비사업용,41097,3357,16502,355,no
2024,고양시 덕양구,경유,사업용,176,162,2061,276,no
2024,고양시 덕양구,기타연료,비사업용,1,104,452,95,no
2024,광주시,하이브리드(경유+전기),비사업용,305,0,0,0,no
2024,광주시,하이브리드(경유+전기),사업용,10,0,0,0,no
2024,광주시,하이브리드(휘발유+전기),비사업용,14684,14,38,2,no
2024,광주시,하이브리드(휘발유+전기),사업용,24,0,1,0,no
2024,광주시,휘발유,비사업용,28661,19,261,6,no
2024,광주시,휘발유,사업용,75,0,1,0,no
2024,광주시,휘발유(무연),비사업용,69780,45,55,0,no
2024,광주시,휘발유(무연),사업용,106,0,1,0,no
2024,광주시,휘발유(유연),비사업용,68,0,0,0,no
2023,광주시,CNG,비사업용,20,0,3,0,no
2023,광주시,CNG,사업용,0,750,0,0,no
2023,광주시,경유,비사업용,49137,4254,28440,529,no
2023,광주시,경유,사업용,60,1630,4959,360,no
2023,광주시,기타연료,비사업용,3,169,542,129,no
2023,광주시,기타연료,사업용,0,0,37,0,no
2023,광주시,수소,비사업용,148,0,0,0,no
2023,광주시,엘피지,비사업용,9557,569,946,4,no
2023,광주시,엘피지,사업용,576,0,177,0,no
2023,광주시,전기,비사업용,2056,24,505,1,yes
2023,광주시,전기,사업용,37,160,274,0,yes
2023,광주시,하이브리드(LPG+전기),비사업용,97,0,0,0,no
2023,광주시,하이브리드(LPG+전기),사업용,7,0,0,0,no
2023,광주시,하이브리드(경유+전기),비사업용,273,0,0,0,no
2023,광주시,하이브리드(경유+전기),사업용,2,0,0,0,no
2023,광주시,하이브리드(휘발유+전기),비사업용,11109,0,2,0,no
2023,광주시,하이브리드(휘발유+전기),사업용,12,0,0,0,no
2023,광주시,휘발유,비사업용,29739,16,258,4,no
2023,광주시,휘발유,사업용,50,0,0,0,no
2023,광주시,휘발유(무연),비사업용,66486,45,50,0,no
2023,광주시,휘발유(무연),사업용,81,0,0,0,no
2023,광주시,휘발유(유연),비사업용,64,0,0,0,no
2022,광주시,휘발유(무연),비사업용,63676,32,0,54,no
2022,광주시,휘발유(무연),사업용,63,0,0,0,no
2022,광주시,휘발유(유연),비사업용,66,0,0,0,no
2022,광주시,CNG,비사업용,26,1,0,2,no
2022,광주시,CNG,사업용,0,765,0,0,no
2022,광주시,경유,비사업용,50956,4617,464,28522,no
2022,광주시,경유,사업용,61,1783,353,4396,no
2022,광주시,기타연료,비사업용,2,177,117,530,no
2022,광주시,기타연료,사업용,0,0,0,37,no
2022,광주시,수소,비사업용,131,0,0,0,no
2022,광주시,엘피지,비사업용,9881,556,5,909,no
2022,광주시,엘피지,사업용,613,0,0,199,no
2022,광주시,전기,비사업용,1526,2,0,235,yes
2022,광주시,전기,사업용,22,75,0,184,yes
2022,광주시,하이브리드(LPG+전기),비사업용,103,0,0,0,no
2022,광주시,하이브리드(경유+전기),비사업용,166,0,0,0,no
2022,광주시,하이브리드(경유+전기),사업용,4,0,0,0,no
2022,광주시,하이브리드(휘발유+전기),비사업용,8793,0,0,2,no
2022,광주시,하이브리드(휘발유+전기),사업용,11,0,0,0,no
2022,광주시,휘발유,비사업용,30640,15,3,224,no
2022,광주시,휘발유,사업용,45,0,0,0,no
2021,광주시,CNG,비사업용,29,6,0,1,no
2021,광주시,CNG,사업용,0,751,0,0,no
2021,광주시,경유,비사업용,51346,4824,383,28075,no
2021,광주시,경유,사업용,90,1927,379,4251,no
2021,광주시,기타연료,비사업용,3,181,77,472,no
2021,광주시,기타연료,사업용,0,0,0,66,no
2021,광주시,수소,비사업용,73,0,0,0,no
2021,광주시,엘피지,비사업용,9891,541,5,912,no
2021,광주시,엘피지,사업용,625,0,0,195,no
2021,광주시,전기,비사업용,826,2,0,121,yes
2021,광주시,전기,사업용,5,36,0,108,yes
2021,광주시,하이브리드(LPG+전기),비사업용,118,0,0,0,no
2021,광주시,하이브리드(경유+전기),비사업용,85,0,0,0,no
2021,광주시,하이브리드(경유+전기),사업용,6,0,0,0,no
2021,광주시,하이브리드(휘발유+전기),비사업용,7016,0,0,0,no
2021,광주시,하이브리드(휘발유+전기),사업용,7,0,0,0,no
2021,광주시,휘발유,비사업용,30676,11,1,182,no
2021,광주시,휘발유,사업용,52,0,0,1,no
2021,광주시,휘발유(무연),비사업용,60488,32,0,48,no
2021,광주시,휘발유(무연),사업용,87,0,0,0,no
2021,광주시,휘발유(유연),비사업용,68,0,0,0,no
2020,광주시,CNG,비사업용,38,1,0,1,no
2020,광주시,CNG,사업용,0,745,0,0,no
2020,광주시,경유,비사업용,51048,5072,299,27752,no
2020,광주시,경유,사업용,96,2012,403,4075,no
2020,광주시,기타연료,비사업용,3,167,40,408,no
2020,광주시,기타연료,사업용,0,3,0,65,no
2020,광주시,수소,비사업용,8,0,0,0,no
2020,광주시,엘피지,비사업용,9895,561,1,883,no
2020,광주시,엘피지,사업용,669,1,0,194,no
2020,광주시,전기,비사업용,415,2,0,36,yes
2020,광주시,전기,사업용,0,0,0,13,yes
2020,광주시,하이브리드(LPG+전기),비사업용,127,0,0,0,no
2020,광주시,하이브리드(경유+전기),비사업용,32,0,0,0,no
2020,광주시,하이브리드(경유+전기),사업용,3,0,0,0,no
2021,고양시 덕양구,휘발유(무연),비사업용,62798,30,41,0,no
2021,고양시 덕양구,휘발유(무연),사업용,85,0,0,0,no
2021,고양시 덕양구,휘발유(유연),비사업용,65,0,0,0,no
2020,고양시 덕양구,CNG,비사업용,28,10,11,0,no
2020,고양시 덕양구,CNG,사업용,0,76,0,0,no
2020,고양시 덕양구,경유,비사업용,43457,4223,17676,211,no
2020,고양시 덕양구,경유,사업용,72,253,1974,197,no
2020,고양시 덕양구,기타연료,비사업용,1,105,343,28,no
2020,고양시 덕양구,기타연료,사업용,0,0,30,0,no
2020,고양시 덕양구,수소,비사업용,60,0,0,0,no
2020,고양시 덕양구,엘피지,비사업용,10205,639,1023,2,no
2020,고양시 덕양구,엘피지,사업용,999,0,170,0,no
2020,고양시 덕양구,전기,비사업용,557,0,44,0,yes
2020,고양시 덕양구,전기,사업용,7,37,24,0,yes
2020,고양시 덕양구,하이브리드(LPG+전기),비사업용,104,0,0,0,no
2020,고양시 덕양구,하이브리드(경유+전기),비사업용,27,0,0,0,no
2020,고양시 덕양구,하이브리드(경유+전기),사업용,3,0,0,0,no
2020,고양시 덕양구,하이브리드(휘발유+전기),비사업용,5613,0,0,0,no
2020,고양시 덕양구,하이브리드(휘발유+전기),사업용,3,0,0,0,no
2020,고양시 덕양구,휘발유,비사업용,34293,13,103,1,no
2020,고양시 덕양구,휘발유,사업용,30,0,1,0,no
2020,고양시 덕양구,휘발유(무연),비사업용,59558,27,44,0,no
2020,고양시 덕양구,휘발유(무연),사업용,105,0,0,0,no
2020,고양시 덕양구,휘발유(유연),비사업용,64,0,0,0,no
2019,고양시 덕양구,CNG,비사업용,22,9,7,0,no
2019,고양시 덕양구,CNG,사업용,0,82,0,0,no
2019,고양시 덕양구,경유,비사업용,42232,4413,17642,169,no
2019,고양시 덕양구,경유,사업용,96,337,1965,190,no
2019,고양시 덕양구,기타연료,비사업용,1,111,295,11,no
2019,고양시 덕양구,기타연료,사업용,0,0,29,0,no
2019,고양시 덕양구,수소,비사업용,30,0,0,0,no
2019,고양시 덕양구,엘피지,비사업용,10198,706,1064,0,no
2019,고양시 덕양구,엘피지,사업용,1018,0,170,0,no
2019,고양시 덕양구,전기,비사업용,369,0,0,0,yes
2019,고양시 덕양구,하이브리드(LPG+전기),비사업용,101,0,0,0,no
2019,고양시 덕양구,하이브리드(경유+전기),비사업용,3,0,0,0,no
2019,고양시 덕양구,하이브리드(휘발유+전기),비사업용,4184,0,0,0,no
2019,고양시 덕양구,하이브리드(휘발유+전기),사업용,5,0,0,0,no
2019,고양시 덕양구,휘발유,비사업용,33330,10,61,1,no
2019,고양시 덕양구,휘발유,사업용,21,0,1,0,no
2019,고양시 덕양구,휘발유(무연),비사업용,55025,29,42,0,no
2019,고양시 덕양구,휘발유(무연),사업용,116,0,0,0,no
2019,고양시 덕양구,휘발유(유연),비사업용,61,0,0,0,no
2025,고양시 일산동구,CNG,비사업용,6,4,1,0,no
2025,고양시 일산동구,CNG,사업용,0,80,0,0,no
2025,고양시 일산동구,경유,비사업용,25324,1818,10596,278,no
2025,고양시 일산동구,경유,사업용,193,363,1559,163,no
2025,고양시 일산동구,기타연료,비사업용,0,86,333,92,no
2025,고양시 일산동구,기타연료,사업용,0,0,81,0,no
2025,고양시 일산동구,수소,비사업용,140,0,0,0,no
2025,고양시 일산동구,수소,사업용,1,0,0,0,no
2025,고양시 일산동구,수소전기,비사업용,32,0,0,0,no
2025,고양시 일산동구,수소전기,사업용,2,0,0,0,no
2025,고양시 일산동구,엘피지,비사업용,4913,327,1185,12,no
2025,고양시 일산동구,엘피지,사업용,974,17,261,1,no
2025,고양시 일산동구,전기,비사업용,3437,2,708,6,yes
2025,고양시 일산동구,전기,사업용,915,153,203,0,yes
2025,고양시 일산동구,하이브리드(LPG+전기),비사업용,41,0,0,0,no
2025,고양시 일산동구,하이브리드(경유+전기),비사업용,278,0,0,0,no
2025,고양시 일산동구,하이브리드(경유+전기),사업용,20,0,0,0,no
2025,고양시 일산동구,하이브리드(휘발유+전기),비사업용,12825,25,42,0,no
2025,고양시 일산동구,하이브리드(휘발유+전기),사업용,518,0,3,0,no
2025,고양시 일산동구,휘발유,비사업용,23691,12,130,3,no
2025,고양시 일산동구,휘발유,사업용,239,0,0,0,no
2025,고양시 일산동구,휘발유(무연),비사업용,46473,21,71,0,no
2025,고양시 일산동구,휘발유(무연),사업용,688,0,0,0,no
2025,고양시 일산동구,휘발유(유연),비사업용,43,0,0,0,no
2024,고양시 일산동구,CNG,비사업용,7,7,0,0,no
2024,고양시 일산동구,CNG,사업용,0,83,0,0,no
2024,고양시 일산동구,경유,비사업용,26815,1973,11075,278,no
2024,고양시 일산동구,경유,사업용,234,393,1776,158,no
2024,고양시 일산동구,기타연료,비사업용,0,92,329,92,no
2024,고양시 일산동구,기타연료,사업용,0,0,81,0,no
2024,고양시 일산동구,수소,비사업용,125,0,0,0,no
2024,고양시 일산동구,수소,사업용,1,0,0,0,no
2024,고양시 일산동구,엘피지,비사업용,5105,341,910,5,no
2024,고양시 일산동구,엘피지,사업용,1011,17,157,0,no
2024,고양시 일산동구,전기,비사업용,2484,1,606,3,yes
2024,고양시 일산서구,수소전기,비사업용,1,0,0,0,no
2024,고양시 일산서구,수소전기,사업용,0,7,0,0,no
2024,고양시 일산서구,엘피지,비사업용,5960,257,686,6,no
2024,고양시 일산서구,엘피지,사업용,1191,3,151,2,no
2024,고양시 일산서구,전기,비사업용,1816,1,395,1,yes
2024,고양시 일산서구,전기,사업용,439,149,188,0,yes
2024,고양시 일산서구,하이브리드(LPG+전기),비사업용,40,0,0,0,no
2024,고양시 일산서구,하이브리드(LPG+전기),사업용,10,0,0,0,no
2024,고양시 일산서구,하이브리드(경유+전기),비사업용,149,0,0,0,no
2024,고양시 일산서구,하이브리드(경유+전기),사업용,26,0,0,0,no
2024,고양시 일산서구,하이브리드(휘발유+전기),비사업용,9148,7,17,0,no
2024,고양시 일산서구,하이브리드(휘발유+전기),사업용,34,1,0,0,no
2024,고양시 일산서구,휘발유,비사업용,21451,7,95,1,no
2024,고양시 일산서구,휘발유,사업용,70,0,0,0,no
2024,고양시 일산서구,휘발유(무연),비사업용,42380,32,27,0,no
2024,고양시 일산서구,휘발유(무연),사업용,606,0,0,0,no
2024,고양시 일산서구,휘발유(유연),비사업용,50,0,0,0,no
2023,고양시 일산서구,CNG,비사업용,8,0,0,0,no
2023,고양시 일산서구,CNG,사업용,0,285,0,0,no
2023,고양시 일산서구,경유,비사업용,25905,1851,8418,151,no
2023,고양시 일산서구,경유,사업용,119,231,1272,128,no
2023,고양시 일산서구,기타연료,비사업용,1,64,270,59,no
2023,고양시 일산서구,기타연료,사업용,0,0,8,0,no
2023,고양시 일산서구,수소,비사업용,69,0,0,0,no
2023,고양시 일산서구,엘피지,비사업용,6244,288,453,5,no
2023,고양시 일산서구,엘피지,사업용,1318,0,64,0,no
2023,고양시 일산서구,전기,비사업용,1262,0,334,0,yes
2023,고양시 일산서구,전기,사업용,431,122,147,0,yes
2023,고양시 일산서구,하이브리드(LPG+전기),비사업용,43,0,0,0,no
2023,고양시 일산서구,하이브리드(LPG+전기),사업용,3,0,0,0,no
2023,고양시 일산서구,하이브리드(경유+전기),비사업용,140,0,0,0,no
2023,고양시 일산서구,하이브리드(경유+전기),사업용,26,0,0,0,no
2023,고양시 일산서구,하이브리드(휘발유+전기),비사업용,7378,0,0,0,no
2023,고양시 일산서구,하이브리드(휘발유+전기),사업용,24,0,0,0,no
2023,고양시 일산서구,휘발유,비사업용,22775,7,93,2,no
2023,고양시 일산서구,휘발유,사업용,85,0,0,0,no
2023,고양시 일산서구,휘발유(무연),비사업용,41910,29,20,0,no
2023,고양시 일산서구,휘발유(무연),사업용,461,0,0,0,no
2023,고양시 일산서구,휘발유(유연),비사업용,51,0,0,0,no
2022,고양시 일산서구,CNG,비사업용,15,0,0,0,no
2022,고양시 일산서구,CNG,사업용,0,178,0,0,no
2022,고양시 일산서구,경유,비사업용,26892,1974,150,8723,no
2022,고양시 일산서구,경유,사업용,125,243,134,1257,no
2022,고양시 일산서구,기타연료,비사업용,1,69,55,271,no
2022,고양시 일산서구,기타연료,사업용,0,0,0,9,no
2022,고양시 일산서구,수소,비사업용,54,0,0,0,no
2022,고양시 일산서구,엘피지,비사업용,6462,279,4,465,no
2022,고양시 일산서구,엘피지,사업용,1406,2,0,57,no
2022,고양시 일산서구,전기,비사업용,845,0,0,171,yes
2022,고양시 일산서구,전기,사업용,391,71,0,113,yes
2022,고양시 일산서구,하이브리드(LPG+전기),비사업용,47,0,0,0,no
2022,고양시 일산서구,하이브리드(LPG+전기),사업용,3,0,0,0,no
2022,고양시 일산서구,하이브리드(경유+전기),비사업용,102,0,0,0,no
2022,고양시 일산서구,하이브리드(경유+전기),사업용,25,0,0,0,no
2022,고양시 일산서구,하이브리드(휘발유+전기),비사업용,6087,0,0,1,no
2022,고양시 일산서구,하이브리드(휘발유+전기),사업용,10,0,0,0,no
2022,고양시 일산서구,휘발유,비사업용,23507,8,1,90,no
2022,고양시 일산서구,휘발유,사업용,55,0,0,0,no
2022,고양시 일산서구,휘발유(무연),비사업용,40562,27,0,19,no
2022,고양시 일산서구,휘발유(무연),사업용,355,0,0,0,no
2022,고양시 일산서구,휘발유(유연),비사업용,54,0,0,0,no
2021,고양시 일산서구,CNG,비사업용,18,0,0,0,no
2021,고양시 일산서구,CNG,사업용,0,205,0,0,no
2021,고양시 일산서구,경유,비사업용,27873,2085,120,8652,no
2021,고양시 일산서구,경유,사업용,193,272,132,1231,no
2021,고양시 일산서구,기타연료,비사업용,0,72,37,247,no
2021,고양시 일산서구,기타연료,사업용,0,0,0,8,no
2021,고양시 일산서구,수소,비사업용,39,0,0,0,no
2021,고양시 일산서구,엘피지,비사업용,6614,292,3,468,no
2021,고양시 일산서구,엘피지,사업용,1527,26,0,67,no
2021,고양시 일산서구,전기,비사업용,530,0,0,55,yes
2021,고양시 일산서구,전기,사업용,85,49,0,47,yes
2021,고양시 일산서구,하이브리드(LPG+전기),비사업용,59,0,0,0,no
2021,고양시 일산서구,하이브리드(경유+전기),비사업용,61,0,0,0,no
2021,고양시 일산서구,하이브리드(경유+전기),사업용,19,0,0,0,no
2021,고양시 일산서구,하이브리드(휘발유+전기),비사업용,5168,0,0,1,no
2021,고양시 일산서구,하이브리드(휘발유+전기),사업용,15,0,0,0,no
2021,고양시 일산서구,휘발유,비사업용,24057,9,0,76,no
2021,고양시 일산서구,휘발유,사업용,57,0,0,0,no
2021,고양시 일산서구,휘발유(무연),비사업용,40066,26,0,21,no
2021,고양시 일산서구,휘발유(무연),사업용,586,0,0,0,no
2021,고양시 일산서구,휘발유(유연),비사업용,55,0,0,0,no
2020,고양시 일산서구,CNG,비사업용,23,0,0,0,no
2020,고양시 일산서구,CNG,사업용,0,208,0,0,no
2020,고양시 일산서구,경유,비사업용,28695,2208,100,8837,no
2020,고양시 일산서구,경유,사업용,190,327,119,1216,no
2020,고양시 일산서구,기타연료,비사업용,0,72,13,220,no
2020,고양시 일산서구,기타연료,사업용,0,0,0,6,no
2020,고양시 일산서구,수소,비사업용,21,0,0,0,no
2020,고양시 일산서구,엘피지,비사업용,6847,317,1,445,no
2020,고양시 일산서구,엘피지,사업용,1541,2,0,74,no
2020,고양시 일산서구,전기,비사업용,369,0,0,25,yes
2020,고양시 일산서구,전기,사업용,19,5,0,15,yes
2020,고양시 일산서구,하이브리드(LPG+전기),비사업용,69,0,0,0,no
2020,고양시 일산서구,하이브리드(휘발유+전기),비사업용,4183,0,0,0,no
2020,고양시 일산서구,하이브리드(휘발유+전기),사업용,15,0,0,0,no
2020,고양시 일산서구,휘발유,비사업용,24571,9,0,55,no
2020,고양시 일산서구,휘발유,사업용,59,0,0,0,no
2020,고양시 일산서구,휘발유(무연),비사업용,39261,22,0,22,no
2020,고양시 일산서구,휘발유(무연),사업용,439,0,0,0,no
2020,고양시 일산서구,휘발유(유연),비사업용,44,0,0,0,no
2020,고양시 일산서구,하이브리드(경유+전기),비사업용,22,0,0,0,no
2020,고양시 일산서구,하이브리드(경유+전기),사업용,9,0,0,0,no
2019,고양시 일산서구,CNG,비사업용,30,0,0,0,no
2019,고양시 일산서구,CNG,사업용,0,213,0,0,no
2019,고양시 일산서구,경유,비사업용,28573,2275,86,8866,no
2019,고양시 일산서구,경유,사업용,195,386,103,1225,no
2019,고양시 일산서구,기타연료,비사업용,0,78,6,188,no
2019,고양시 일산서구,기타연료,사업용,0,0,0,4,no
2019,고양시 일산서구,수소,비사업용,15,0,0,0,no
2019,고양시 일산서구,엘피지,비사업용,6887,371,1,466,no
2019,고양시 일산서구,엘피지,사업용,1543,2,0,78,no
2019,고양시 일산서구,전기,비사업용,249,0,0,0,yes
2019,고양시 일산서구,전기,사업용,2,0,0,0,yes
2019,고양시 일산서구,하이브리드(LPG+전기),비사업용,78,0,0,0,no
2019,고양시 일산서구,하이브리드(경유+전기),비사업용,1,1,0,0,no
2019,고양시 일산서구,하이브리드(휘발유+전기),비사업용,3285,0,0,0,no
2019,고양시 일산서구,하이브리드(휘발유+전기),사업용,8,0,0,0,no
2019,고양시 일산서구,휘발유,비사업용,24460,7,0,25,no
2019,고양시 일산서구,휘발유,사업용,52,0,0,0,no
2019,고양시 일산서구,휘발유(무연),비사업용,37647,19,0,21,no
2019,고양시 일산서구,휘발유(무연),사업용,411,0,0,0,no
2019,고양시 일산서구,휘발유(유연),비사업용,38,0,0,0,no
2025,과천시,CNG,비사업용,0,0,4,0,no
2025,과천시,경유,비사업용,6035,474,1655,72,no
2025,과천시,경유,사업용,0,8,435,17,no
2025,과천시,기타연료,비사업용,0,23,48,20,no
2025,과천시,기타연료,사업용,0,0,3,0,no
2025,과천시,수소,비사업용,51,0,0,0,no
2025,과천시,수소전기,비사업용,13,0,0,0,no
2025,과천시,엘피지,비사업용,977,66,179,6,no
2025,과천시,엘피지,사업용,238,0,30,0,no
2025,과천시,전기,비사업용,1338,5,138,6,yes
2025,과천시,전기,사업용,75,36,17,0,yes
2025,과천시,하이브리드(LPG+전기),비사업용,12,0,0,0,no
2025,과천시,하이브리드(경유+전기),비사업용,97,0,0,0,no
2025,과천시,하이브리드(휘발유+전기),비사업용,4669,4,8,1,no
2025,과천시,하이브리드(휘발유+전기),사업용,2,0,0,0,no
2025,과천시,휘발유,비사업용,5715,4,21,0,no
2025,과천시,휘발유,사업용,3,0,0,0,no
2025,과천시,휘발유(무연),비사업용,10874,7,10,0,no
2025,과천시,휘발유(유연),비사업용,4,0,0,0,no
2024,과천시,CNG,비사업용,1,2,4,0,no
2024,과천시,경유,비사업용,6859,500,1798,66,no
2024,과천시,경유,사업용,0,12,424,11,no
2024,과천시,기타연료,비사업용,0,20,50,22,no
2024,과천시,기타연료,사업용,0,0,1,0,no
2024,과천시,수소,비사업용,57,0,0,0,no
2024,과천시,엘피지,비사업용,1135,70,123,4,no
2024,과천시,엘피지,사업용,237,0,14,0,no
2024,과천시,전기,비사업용,1069,5,124,4,yes
2024,과천시,전기,사업용,70,30,18,0,yes
2024,과천시,하이브리드(LPG+전기),비사업용,23,0,0,0,no
2024,과천시,하이브리드(경유+전기),비사업용,78,0,0,0,no
2024,과천시,하이브리드(휘발유+전기),비사업용,4132,1,4,0,no
2024,과천시,하이브리드(휘발유+전기),사업용,2,0,0,0,no
2024,과천시,휘발유,비사업용,6538,3,20,1,no
2024,과천시,휘발유,사업용,2,0,0,0,no
2024,과천시,휘발유(무연),비사업용,11492,8,3,0,no
2024,과천시,휘발유(유연),비사업용,4,0,0,0,no
2023,과천시,CNG,비사업용,1,2,4,0,no
2023,과천시,경유,비사업용,6837,537,1745,55,no
2023,과천시,경유,사업용,0,14,371,11,no
2023,과천시,기타연료,비사업용,1,23,46,20,no
2023,과천시,기타연료,사업용,0,0,1,0,no
2023,과천시,수소,비사업용,48,0,0,0,no
2023,과천시,엘피지,비사업용,1122,65,70,1,no
2023,과천시,엘피지,사업용,236,1,10,0,no
2023,과천시,전기,비사업용,771,6,108,2,yes
2023,과천시,전기,사업용,61,22,18,0,yes
2023,과천시,하이브리드(LPG+전기),비사업용,31,0,0,0,no
2023,과천시,하이브리드(경유+전기),비사업용,61,0,0,0,no
2023,과천시,하이브리드(휘발유+전기),비사업용,3127,0,0,0,no
2023,과천시,휘발유,비사업용,6515,3,20,1,no
2023,과천시,휘발유,사업용,3,0,0,0,no
2023,과천시,휘발유(무연),비사업용,10702,9,3,0,no
2023,과천시,휘발유(유연),비사업용,5,0,0,0,no
2022,과천시,CNG,비사업용,1,1,0,4,no
2022,과천시,CNG,사업용,0,1,0,0,no
2022,과천시,경유,비사업용,6802,560,54,1743,no
2022,과천시,경유,사업용,0,21,8,339,no
2022,과천시,기타연료,비사업용,1,20,19,42,no
2022,과천시,엘피지,비사업용,1131,69,0,81,no
2022,과천시,엘피지,사업용,257,1,0,10,no
2022,과천시,전기,비사업용,555,2,2,71,yes
2022,과천시,전기,사업용,45,2,0,17,yes
2022,과천시,하이브리드(LPG+전기),비사업용,31,0,0,0,no
2022,과천시,하이브리드(경유+전기),비사업용,38,0,0,0,no
2022,과천시,하이브리드(휘발유+전기),비사업용,2441,0,0,0,no
2022,과천시,휘발유,비사업용,6528,2,1,18,no
2022,과천시,휘발유,사업용,3,0,0,0,no
2022,과천시,휘발유(무연),비사업용,9984,6,0,5,no
2022,과천시,휘발유(유연),비사업용,7,0,0,0,no
2022,과천시,기타연료,사업용,0,0,0,1,no
2022,과천시,수소,비사업용,39,0,0,0,no
2021,과천시,CNG,비사업용,0,2,0,6,no
2021,과천시,CNG,사업용,0,1,0,0,no
2021,과천시,경유,비사업용,6462,585,42,1730,no
2021,과천시,경유,사업용,5,22,10,336,no
2021,과천시,기타연료,비사업용,1,18,9,28,no
2021,과천시,기타연료,사업용,0,0,0,4,no
2021,과천시,수소,비사업용,22,0,0,0,no
2021,과천시,엘피지,비사업용,1078,75,0,77,no
2021,과천시,엘피지,사업용,280,1,0,9,no
2021,과천시,전기,비사업용,257,2,2,38,yes
2021,과천시,전기,사업용,13,0,0,9,yes
2021,과천시,하이브리드(LPG+전기),비사업용,37,0,0,0,no
2021,과천시,하이브리드(경유+전기),비사업용,16,0,0,0,no
2021,과천시,하이브리드(휘발유+전기),비사업용,1935,0,0,0,no
2021,과천시,휘발유,비사업용,6247,2,1,19,no
2021,과천시,휘발유,사업용,8,0,0,0,no
2021,과천시,휘발유(무연),비사업용,9114,4,0,5,no
2021,과천시,휘발유(무연),사업용,8,0,0,0,no
2021,과천시,휘발유(유연),비사업용,8,0,0,0,no
2020,과천시,CNG,비사업용,0,2,0,5,no
2020,과천시,CNG,사업용,0,1,0,0,no
2020,과천시,경유,비사업용,5576,576,34,1734,no
2020,과천시,경유,사업용,4,19,12,245,no
2020,과천시,기타연료,비사업용,1,15,6,28,no
2020,과천시,기타연료,사업용,0,0,0,6,no
2020,과천시,수소,비사업용,8,0,0,0,no
2020,과천시,엘피지,비사업용,1003,80,0,70,no
2020,과천시,엘피지,사업용,302,1,0,5,no
2020,과천시,전기,비사업용,131,4,2,14,yes
2020,과천시,전기,사업용,0,0,0,7,yes
2020,과천시,하이브리드(LPG+전기),비사업용,38,0,0,0,no
2020,과천시,하이브리드(경유+전기),비사업용,5,0,0,0,no
2020,과천시,하이브리드(휘발유+전기),비사업용,1287,0,0,0,no
2020,과천시,휘발유,비사업용,5458,2,0,16,no
2020,과천시,휘발유,사업용,7,0,0,0,no
2020,과천시,휘발유(무연),비사업용,7684,3,0,5,no
2020,과천시,휘발유(무연),사업용,9,0,0,0,no
2020,과천시,휘발유(유연),비사업용,4,0,0,0,no
2019,과천시,CNG,비사업용,1,2,0,3,no
2019,과천시,CNG,사업용,0,1,0,0,no
2019,과천시,경유,비사업용,5074,599,35,1744,no
2019,과천시,경유,사업용,5,19,12,231,no
2019,과천시,기타연료,비사업용,1,14,2,27,no
2019,과천시,기타연료,사업용,0,0,0,6,no
2019,과천시,수소,비사업용,2,0,0,0,no
2019,과천시,엘피지,비사업용,1002,96,0,73,no
2019,과천시,엘피지,사업용,307,1,0,7,no
2019,과천시,전기,비사업용,75,4,2,0,yes
2019,과천시,하이브리드(LPG+전기),비사업용,40,0,0,0,no
2019,과천시,하이브리드(휘발유+전기),비사업용,827,0,0,0,no
2019,과천시,휘발유,비사업용,5053,1,0,11,no
2019,과천시,휘발유,사업용,5,0,0,0,no
2019,과천시,휘발유(무연),비사업용,6805,2,0,6,no
2019,과천시,휘발유(무연),사업용,10,0,0,0,no
2019,과천시,휘발유(유연),비사업용,4,0,0,0,no
2025,광명시,CNG,비사업용,4,0,4,0,no
2025,광명시,CNG,사업용,0,31,2,0,no
2025,광명시,경유,비사업용,21968,1856,8526,199,no
2025,광명시,경유,사업용,41,190,1834,201,no
2025,광명시,기타연료,비사업용,0,43,186,42,no
2025,광명시,기타연료,사업용,0,0,135,0,no
2025,광명시,수소,비사업용,118,0,0,0,no
2025,광명시,수소전기,비사업용,16,0,0,0,no
2025,광명시,엘피지,비사업용,4181,272,899,9,no
2025,광명시,엘피지,사업용,1057,0,263,0,no
2025,광명시,전기,비사업용,2428,1,363,1,yes
2025,광명시,전기,사업용,181,176,160,0,yes
2025,광명시,하이브리드(LPG+전기),비사업용,23,0,0,0,no
2025,광명시,하이브리드(LPG+전기),사업용,4,0,0,0,no
2025,광명시,하이브리드(경유+전기),비사업용,178,0,0,0,no
2025,광명시,하이브리드(경유+전기),사업용,1,0,0,0,no
2025,광명시,하이브리드(휘발유+전기),비사업용,12474,17,45,0,no
2025,광명시,하이브리드(휘발유+전기),사업용,36,1,1,0,no
2025,광명시,휘발유,비사업용,15004,12,80,0,no
2025,광명시,휘발유,사업용,6,0,0,0,no
2025,광명시,휘발유(무연),비사업용,39277,16,36,0,no
2025,광명시,휘발유(무연),사업용,258,0,0,0,no
2025,광명시,휘발유(유연),비사업용,32,0,0,0,no
2024,광명시,CNG,비사업용,4,0,4,0,no
2024,광명시,CNG,사업용,0,19,2,0,no
2024,광명시,경유,비사업용,22338,1986,8872,190,no
2024,광명시,경유,사업용,66,239,1898,201,no
2024,광명시,기타연료,비사업용,0,35,172,36,no
2024,광명시,기타연료,사업용,0,0,134,0,no
2024,광명시,수소,비사업용,112,0,0,0,no
2024,광명시,엘피지,비사업용,4153,245,706,4,no
2024,광명시,엘피지,사업용,1163,0,196,0,no
2024,광명시,전기,비사업용,1543,1,311,0,yes
2024,광명시,전기,사업용,167,164,131,0,yes
2024,광명시,하이브리드(LPG+전기),비사업용,32,0,0,0,no
2024,광명시,하이브리드(LPG+전기),사업용,1,0,0,0,no
2024,광명시,하이브리드(경유+전기),비사업용,149,0,0,0,no
2024,광명시,하이브리드(휘발유+전기),비사업용,9249,5,18,0,no
2024,광명시,하이브리드(휘발유+전기),사업용,16,0,1,0,no
2024,광명시,휘발유,비사업용,15076,14,82,0,no
2024,광명시,휘발유,사업용,19,0,0,0,no
2024,광명시,휘발유(무연),비사업용,36435,14,9,0,no
2024,광명시,휘발유(무연),사업용,304,0,0,0,no
2024,광명시,휘발유(유연),비사업용,34,0,0,0,no
2023,광명시,CNG,비사업용,5,0,4,0,no
2023,광명시,CNG,사업용,0,19,0,0,no
2023,광명시,경유,비사업용,23565,2170,9505,175,no
2023,광명시,경유,사업용,71,271,1965,194,no
2023,광명시,기타연료,비사업용,0,40,176,36,no
2023,광명시,기타연료,사업용,0,0,129,0,no
2023,광명시,수소,비사업용,104,0,0,0,no
2023,광명시,엘피지,비사업용,4436,255,477,4,no
2023,광명시,엘피지,사업용,1192,0,113,0,no
2023,광명시,전기,비사업용,1070,0,284,0,yes
2023,광명시,전기,사업용,153,158,119,0,yes
2023,광명시,하이브리드(LPG+전기),비사업용,35,0,0,0,no
2023,광명시,하이브리드(경유+전기),비사업용,107,0,0,0,no
2023,광명시,하이브리드(경유+전기),사업용,1,0,0,0,no
2023,광명시,하이브리드(휘발유+전기),비사업용,7210,0,0,0,no
2023,광명시,하이브리드(휘발유+전기),사업용,13,0,0,0,no
2023,광명시,휘발유,비사업용,15868,14,75,0,no
2023,광명시,휘발유,사업용,23,0,0,0,no
2023,광명시,휘발유(무연),비사업용,35726,19,7,0,no
2023,광명시,휘발유(무연),사업용,271,0,0,0,no
2023,광명시,휘발유(유연),비사업용,32,0,0,0,no
2022,광명시,휘발유(무연),사업용,152,0,0,0,no
2022,광명시,휘발유(유연),비사업용,36,0,0,0,no
2022,광명시,CNG,비사업용,9,0,0,2,no
2022,광명시,CNG,사업용,0,19,0,0,no
2022,광명시,경유,비사업용,25291,2375,161,9915,no
2022,광명시,경유,사업용,86,304,162,1912,no
2022,광명시,기타연료,비사업용,0,47,31,176,no
2022,광명시,기타연료,사업용,0,0,0,31,no
2022,광명시,수소,비사업용,93,0,0,0,no
2022,광명시,엘피지,비사업용,4765,274,4,526,no
2022,광명시,엘피지,사업용,1215,0,0,123,no
2022,광명시,전기,비사업용,786,0,0,186,yes
2022,광명시,전기,사업용,121,128,0,111,yes
2022,광명시,하이브리드(LPG+전기),비사업용,43,0,0,0,no
2022,광명시,하이브리드(경유+전기),비사업용,83,0,0,0,no
2022,광명시,하이브리드(휘발유+전기),비사업용,5610,0,0,0,no
2022,광명시,하이브리드(휘발유+전기),사업용,9,0,0,0,no
2022,광명시,휘발유,비사업용,16662,8,0,69,no
2024,고양시 일산동구,전기,사업용,950,138,156,0,yes
2024,고양시 일산동구,하이브리드(LPG+전기),비사업용,49,0,0,0,no
2024,고양시 일산동구,하이브리드(경유+전기),비사업용,250,0,0,0,no
2024,고양시 일산동구,하이브리드(경유+전기),사업용,18,0,0,0,no
2024,고양시 일산동구,하이브리드(휘발유+전기),비사업용,10434,12,21,0,no
2024,고양시 일산동구,하이브리드(휘발유+전기),사업용,322,0,0,0,no
2024,고양시 일산동구,휘발유,비사업용,24828,14,148,3,no
2024,고양시 일산동구,휘발유,사업용,208,0,0,0,no
2024,고양시 일산동구,휘발유(무연),비사업용,45401,20,35,0,no
2024,고양시 일산동구,휘발유(무연),사업용,711,0,0,0,no
2024,고양시 일산동구,휘발유(유연),비사업용,39,0,0,0,no
2023,고양시 일산동구,CNG,비사업용,12,9,1,0,no
2023,고양시 일산동구,CNG,사업용,0,127,0,0,no
2023,고양시 일산동구,경유,비사업용,27801,2174,11680,259,no
2023,고양시 일산동구,경유,사업용,278,373,1910,159,no
2023,고양시 일산동구,기타연료,비사업용,0,101,312,86,no
2023,고양시 일산동구,기타연료,사업용,0,0,129,0,no
2023,고양시 일산동구,수소,비사업용,106,0,0,0,no
2023,고양시 일산동구,수소,사업용,1,0,0,0,no
2023,고양시 일산동구,엘피지,비사업용,5323,310,544,2,no
2023,고양시 일산동구,엘피지,사업용,1080,10,64,0,no
2023,고양시 일산동구,전기,비사업용,1919,2,514,1,yes
2023,고양시 일산동구,전기,사업용,960,125,132,0,yes
2023,고양시 일산동구,하이브리드(LPG+전기),비사업용,54,0,0,0,no
2023,고양시 일산동구,하이브리드(경유+전기),비사업용,206,0,0,0,no
2023,고양시 일산동구,하이브리드(경유+전기),사업용,4,0,0,0,no
2023,고양시 일산동구,하이브리드(휘발유+전기),비사업용,8195,0,3,0,no
2023,고양시 일산동구,하이브리드(휘발유+전기),사업용,200,0,0,0,no
2023,고양시 일산동구,휘발유,비사업용,25687,12,142,4,no
2023,고양시 일산동구,휘발유,사업용,151,0,0,0,no
2023,고양시 일산동구,휘발유(무연),비사업용,43618,20,29,0,no
2023,고양시 일산동구,휘발유(무연),사업용,632,0,0,0,no
2023,고양시 일산동구,휘발유(유연),비사업용,46,0,0,0,no
2022,고양시 일산동구,CNG,비사업용,19,15,0,2,no
2022,고양시 일산동구,CNG,사업용,0,315,0,0,no
2022,고양시 일산동구,경유,비사업용,29280,2361,240,11824,no
2022,고양시 일산동구,경유,사업용,342,431,199,1779,no
2022,고양시 일산동구,기타연료,비사업용,0,101,76,323,no
2022,고양시 일산동구,기타연료,사업용,0,1,0,129,no
2022,고양시 일산동구,수소,비사업용,88,0,0,0,no
2022,고양시 일산동구,수소,사업용,1,0,0,0,no
2022,고양시 일산동구,엘피지,비사업용,5492,295,2,582,no
2022,고양시 일산동구,엘피지,사업용,1352,4,0,71,no
2022,고양시 일산동구,전기,비사업용,1390,0,1,271,yes
2022,고양시 일산동구,전기,사업용,934,51,0,108,yes
2022,고양시 일산동구,하이브리드(LPG+전기),비사업용,67,0,0,0,no
2022,고양시 일산동구,하이브리드(경유+전기),비사업용,149,0,0,0,no
2022,고양시 일산동구,하이브리드(경유+전기),사업용,5,0,0,0,no
2022,고양시 일산동구,하이브리드(휘발유+전기),비사업용,6656,0,0,3,no
2022,고양시 일산동구,하이브리드(휘발유+전기),사업용,172,0,0,0,no
2022,고양시 일산동구,휘발유,비사업용,26764,9,2,123,no
2022,고양시 일산동구,휘발유,사업용,156,0,1,0,no
2022,고양시 일산동구,휘발유(무연),비사업용,42740,13,0,29,no
2022,고양시 일산동구,휘발유(무연),사업용,686,0,0,0,no
2022,고양시 일산동구,휘발유(유연),비사업용,44,0,0,0,no
2021,고양시 일산동구,CNG,비사업용,20,15,0,3,no
2021,고양시 일산동구,CNG,사업용,0,342,0,0,no
2021,고양시 일산동구,경유,비사업용,29709,2483,213,11782,no
2021,고양시 일산동구,경유,사업용,325,477,158,1713,no
2021,고양시 일산동구,기타연료,비사업용,1,100,50,296,no
2021,고양시 일산동구,기타연료,사업용,0,1,0,124,no
2021,고양시 일산동구,수소,비사업용,51,0,0,0,no
2021,고양시 일산동구,엘피지,비사업용,5534,321,0,591,no
2021,고양시 일산동구,엘피지,사업용,1337,0,0,69,no
2021,고양시 일산동구,전기,비사업용,801,0,1,75,yes
2021,고양시 일산동구,전기,사업용,147,37,0,42,yes
2021,고양시 일산동구,하이브리드(LPG+전기),비사업용,74,0,0,0,no
2021,고양시 일산동구,하이브리드(경유+전기),비사업용,106,0,0,0,no
2021,고양시 일산동구,하이브리드(경유+전기),사업용,4,0,0,0,no
2021,고양시 일산동구,하이브리드(휘발유+전기),비사업용,5519,0,0,1,no
2021,고양시 일산동구,하이브리드(휘발유+전기),사업용,31,0,0,0,no
2021,고양시 일산동구,휘발유,비사업용,27054,9,1,102,no
2021,고양시 일산동구,휘발유,사업용,133,0,0,0,no
2021,고양시 일산동구,휘발유(무연),비사업용,41417,15,0,32,no
2021,고양시 일산동구,휘발유(무연),사업용,420,1,0,0,no
2021,고양시 일산동구,휘발유(유연),비사업용,49,0,0,0,no
2020,고양시 일산동구,CNG,비사업용,23,7,0,1,no
2020,고양시 일산동구,CNG,사업용,0,366,0,0,no
2020,고양시 일산동구,경유,비사업용,29996,2572,163,11816,no
2020,고양시 일산동구,경유,사업용,449,457,191,1698,no
2020,고양시 일산동구,기타연료,비사업용,1,104,22,246,no
2020,고양시 일산동구,기타연료,사업용,0,1,0,145,no
2020,고양시 일산동구,수소,비사업용,34,0,0,0,no
2020,고양시 일산동구,엘피지,비사업용,5650,343,1,613,no
2020,고양시 일산동구,엘피지,사업용,1470,0,0,78,no
2020,고양시 일산동구,전기,비사업용,432,0,1,36,yes
2020,고양시 일산동구,전기,사업용,2,16,0,15,yes
2020,고양시 일산동구,하이브리드(LPG+전기),비사업용,77,0,0,0,no
2020,고양시 일산동구,하이브리드(경유+전기),비사업용,47,0,0,0,no
2020,고양시 일산동구,하이브리드(경유+전기),사업용,1,0,0,0,no
2020,고양시 일산동구,하이브리드(휘발유+전기),비사업용,4404,0,0,1,no
2020,고양시 일산동구,하이브리드(휘발유+전기),사업용,45,0,0,0,no
2020,고양시 일산동구,휘발유,비사업용,26928,11,1,72,no
2020,고양시 일산동구,휘발유,사업용,92,0,0,0,no
2020,고양시 일산동구,휘발유(무연),비사업용,40011,18,0,30,no
2020,고양시 일산동구,휘발유(무연),사업용,710,1,0,0,no
2020,고양시 일산동구,휘발유(유연),비사업용,47,0,0,0,no
2020,고양시 일산동구,휘발유(유연),사업용,1,0,0,0,no
2019,고양시 일산동구,하이브리드(휘발유+전기),비사업용,3535,0,0,0,no
2019,고양시 일산동구,하이브리드(휘발유+전기),사업용,36,0,0,0,no
2019,고양시 일산동구,휘발유,비사업용,26753,8,0,33,no
2019,고양시 일산동구,휘발유,사업용,85,0,0,0,no
2019,고양시 일산동구,휘발유(무연),비사업용,38016,18,0,29,no
2019,고양시 일산동구,휘발유(무연),사업용,972,1,0,0,no
2019,고양시 일산동구,휘발유(유연),비사업용,49,0,0,0,no
2019,고양시 일산동구,휘발유(유연),사업용,1,0,0,0,no
2019,고양시 일산동구,CNG,사업용,0,371,0,0,no
2019,고양시 일산동구,경유,비사업용,29821,2670,130,11904,no
2019,고양시 일산동구,경유,사업용,629,501,179,1684,no
2019,고양시 일산동구,기타연료,비사업용,1,97,10,202,no
2019,고양시 일산동구,기타연료,사업용,0,0,0,140,no
2019,고양시 일산동구,수소,비사업용,20,0,0,0,no
2019,고양시 일산동구,엘피지,비사업용,5639,380,4,604,no
2019,고양시 일산동구,엘피지,사업용,1653,0,0,73,no
2019,고양시 일산동구,전기,비사업용,319,0,0,0,yes
2019,고양시 일산동구,전기,사업용,0,0,0,1,yes
2019,고양시 일산동구,하이브리드(LPG+전기),비사업용,82,0,0,0,no
2019,고양시 일산동구,하이브리드(경유+전기),비사업용,3,0,0,0,no
2019,고양시 일산동구,CNG,비사업용,27,7,0,1,no
2025,고양시 일산서구,CNG,비사업용,5,2,0,0,no
2025,고양시 일산서구,CNG,사업용,0,165,0,0,no
2025,고양시 일산서구,경유,비사업용,22557,1544,7242,166,no
2025,고양시 일산서구,경유,사업용,95,172,1052,131,no
2025,고양시 일산서구,기타연료,비사업용,0,61,232,54,no
2025,고양시 일산서구,기타연료,사업용,0,0,8,0,no
2025,고양시 일산서구,수소,비사업용,83,0,0,0,no
2025,고양시 일산서구,수소,사업용,1,3,0,0,no
2025,고양시 일산서구,수소전기,비사업용,27,0,0,0,no
2025,고양시 일산서구,수소전기,사업용,0,50,0,0,no
2025,고양시 일산서구,엘피지,비사업용,5648,260,879,8,no
2025,고양시 일산서구,엘피지,사업용,1093,3,239,2,no
2025,고양시 일산서구,전기,비사업용,2618,1,434,1,yes
2025,고양시 일산서구,전기,사업용,226,167,206,0,yes
2025,고양시 일산서구,하이브리드(LPG+전기),비사업용,34,0,0,0,no
2025,고양시 일산서구,하이브리드(LPG+전기),사업용,10,0,0,0,no
2025,고양시 일산서구,하이브리드(경유+전기),비사업용,158,0,0,0,no
2025,고양시 일산서구,하이브리드(경유+전기),사업용,13,0,0,0,no
2025,고양시 일산서구,하이브리드(휘발유+전기),비사업용,10800,15,29,0,no
2025,고양시 일산서구,하이브리드(휘발유+전기),사업용,99,1,0,0,no
2025,고양시 일산서구,휘발유,비사업용,19701,7,86,1,no
2025,고양시 일산서구,휘발유,사업용,52,0,0,0,no
2025,고양시 일산서구,휘발유(무연),비사업용,42375,27,53,0,no
2025,고양시 일산서구,휘발유(무연),사업용,628,0,0,0,no
2025,고양시 일산서구,휘발유(유연),비사업용,50,0,0,0,no
2024,고양시 일산서구,CNG,비사업용,6,14,0,0,no
2024,고양시 일산서구,CNG,사업용,0,211,0,0,no
2024,고양시 일산서구,경유,비사업용,24427,1700,7784,160,no
2024,고양시 일산서구,경유,사업용,108,206,1158,134,no
2024,고양시 일산서구,기타연료,비사업용,0,60,243,59,no
2024,고양시 일산서구,기타연료,사업용,0,0,8,0,no
2024,고양시 일산서구,수소,비사업용,78,0,0,0,no
2024,고양시 일산서구,수소,사업용,1,0,0,0,no
2024,고양시 덕양구,기타연료,사업용,0,0,54,0,no
2024,고양시 덕양구,수소,비사업용,232,0,0,0,no
2024,고양시 덕양구,수소,사업용,8,5,0,0,no
2024,고양시 덕양구,수소전기,비사업용,1,0,0,0,no
2024,고양시 덕양구,엘피지,비사업용,9472,564,1410,15,no
2024,고양시 덕양구,엘피지,사업용,1151,2,340,3,no
2024,고양시 덕양구,전기,비사업용,3292,2,679,4,yes
2024,고양시 덕양구,전기,사업용,221,163,278,0,yes
2024,고양시 덕양구,하이브리드(LPG+전기),비사업용,88,0,0,0,no
2024,고양시 덕양구,하이브리드(경유+전기),비사업용,239,0,0,0,no
2024,고양시 덕양구,하이브리드(휘발유+전기),비사업용,15600,15,47,1,no
2024,고양시 덕양구,하이브리드(휘발유+전기),사업용,40,0,1,0,no
2024,고양시 덕양구,휘발유,비사업용,33109,32,173,3,no
2024,고양시 덕양구,휘발유,사업용,41,0,0,1,no
2024,고양시 덕양구,휘발유(무연),비사업용,71681,50,39,0,no
2024,고양시 덕양구,휘발유(무연),사업용,325,0,0,0,no
2024,고양시 덕양구,휘발유(유연),비사업용,60,0,0,0,no
2023,고양시 덕양구,CNG,비사업용,16,4,13,0,no
2023,고양시 덕양구,CNG,사업용,0,62,0,0,no
2023,고양시 덕양구,경유,비사업용,43345,3628,17480,330,no
2023,고양시 덕양구,경유,사업용,134,174,2223,285,no
2023,고양시 덕양구,기타연료,비사업용,1,108,439,80,no
2023,고양시 덕양구,기타연료,사업용,0,0,35,0,no
2023,고양시 덕양구,수소,비사업용,214,0,0,0,no
2023,고양시 덕양구,수소,사업용,8,0,0,0,no
2023,고양시 덕양구,엘피지,비사업용,9997,570,958,10,no
2023,고양시 덕양구,엘피지,사업용,1244,2,154,0,no
2023,고양시 덕양구,전기,비사업용,2363,2,608,3,yes
2023,고양시 덕양구,전기,사업용,223,99,225,0,yes
2023,고양시 덕양구,하이브리드(LPG+전기),비사업용,107,0,0,0,no
2023,고양시 덕양구,하이브리드(경유+전기),비사업용,190,0,0,0,no
2023,고양시 덕양구,하이브리드(휘발유+전기),비사업용,12275,0,1,0,no
2023,고양시 덕양구,하이브리드(휘발유+전기),사업용,9,0,0,0,no
2023,고양시 덕양구,휘발유,비사업용,34927,31,187,3,no
2023,고양시 덕양구,휘발유,사업용,36,0,0,1,no
2023,고양시 덕양구,휘발유(무연),비사업용,70280,50,36,0,no
2023,고양시 덕양구,휘발유(무연),사업용,203,0,0,0,no
2023,고양시 덕양구,휘발유(유연),비사업용,64,0,0,0,no
2022,고양시 덕양구,전기,사업용,200,58,175,0,yes
2022,고양시 덕양구,하이브리드(LPG+전기),비사업용,103,0,0,0,no
2022,고양시 덕양구,하이브리드(경유+전기),비사업용,127,0,0,0,no
2022,고양시 덕양구,하이브리드(경유+전기),사업용,4,0,0,0,no
2022,고양시 덕양구,하이브리드(휘발유+전기),비사업용,9503,0,1,0,no
2022,고양시 덕양구,하이브리드(휘발유+전기),사업용,4,0,0,0,no
2022,고양시 덕양구,휘발유,비사업용,35093,24,172,2,no
2022,고양시 덕양구,휘발유,사업용,19,0,0,0,no
2022,고양시 덕양구,휘발유(무연),비사업용,66282,37,34,0,no
2022,고양시 덕양구,휘발유(무연),사업용,104,0,0,0,no
2022,고양시 덕양구,휘발유(유연),비사업용,66,0,0,0,no
2022,고양시 덕양구,CNG,비사업용,20,4,11,0,no
2022,고양시 덕양구,CNG,사업용,0,72,0,0,no
2022,고양시 덕양구,경유,비사업용,43933,3914,17552,295,no
2022,고양시 덕양구,경유,사업용,80,224,2067,230,no
2022,고양시 덕양구,기타연료,비사업용,1,103,415,77,no
2022,고양시 덕양구,기타연료,사업용,0,0,34,0,no
2022,고양시 덕양구,수소,비사업용,182,0,0,0,no
2022,고양시 덕양구,수소,사업용,3,0,0,0,no
2022,고양시 덕양구,엘피지,비사업용,10111,577,1000,6,no
2022,고양시 덕양구,엘피지,사업용,936,0,171,0,no
2022,고양시 덕양구,전기,비사업용,1462,0,289,2,yes
2021,고양시 덕양구,CNG,비사업용,28,4,9,0,no
2021,고양시 덕양구,CNG,사업용,0,65,0,0,no
2021,고양시 덕양구,경유,비사업용,43917,4123,17671,250,no
2021,고양시 덕양구,경유,사업용,84,217,2006,218,no
2021,고양시 덕양구,기타연료,비사업용,1,101,386,58,no
2021,고양시 덕양구,기타연료,사업용,0,0,33,0,no
2021,고양시 덕양구,수소,비사업용,102,0,0,0,no
2021,고양시 덕양구,엘피지,비사업용,10137,598,1038,3,no
2021,고양시 덕양구,엘피지,사업용,967,0,171,0,no
2021,고양시 덕양구,전기,비사업용,840,0,95,1,yes
2021,고양시 덕양구,전기,사업용,12,54,82,0,yes
2021,고양시 덕양구,하이브리드(LPG+전기),비사업용,108,0,0,0,no
2021,고양시 덕양구,하이브리드(경유+전기),비사업용,77,0,0,0,no
2021,고양시 덕양구,하이브리드(경유+전기),사업용,3,0,0,0,no
2021,고양시 덕양구,하이브리드(휘발유+전기),비사업용,7499,0,0,0,no
2021,고양시 덕양구,하이브리드(휘발유+전기),사업용,2,0,0,0,no
2021,고양시 덕양구,휘발유,비사업용,34806,16,153,1,no
2021,고양시 덕양구,휘발유,사업용,19,0,0,0,no
2022,부천시,휘발유,사업용,113,0,0,0,no
2022,부천시,휘발유(무연),비사업용,100154,62,0,47,no
2022,부천시,휘발유(무연),사업용,677,0,0,0,no
2022,부천시,휘발유(유연),비사업용,122,0,0,0,no
2021,부천시,CNG,비사업용,29,1,0,7,no
2021,부천시,CNG,사업용,0,603,0,0,no
2021,부천시,경유,비사업용,75137,8027,407,32445,no
2021,부천시,경유,사업용,358,335,537,4867,no
2021,부천시,기타연료,비사업용,0,131,46,477,no
2021,부천시,기타연료,사업용,0,0,5,74,no
2021,부천시,수소,비사업용,89,0,0,0,no
2021,부천시,엘피지,비사업용,15051,986,6,1801,no
2021,부천시,엘피지,사업용,3758,1,0,451,no
2021,부천시,전기,비사업용,863,1,5,139,yes
2021,부천시,전기,사업용,188,183,0,131,yes
2021,부천시,하이브리드(LPG+전기),비사업용,162,0,0,0,no
2021,부천시,하이브리드(경유+전기),비사업용,110,0,0,0,no
2021,부천시,하이브리드(경유+전기),사업용,5,0,0,0,no
2021,부천시,하이브리드(휘발유+전기),비사업용,9712,0,0,2,no
2021,부천시,하이브리드(휘발유+전기),사업용,23,0,0,0,no
2021,부천시,휘발유,비사업용,51630,27,1,212,no
2021,부천시,휘발유,사업용,129,0,0,0,no
2021,부천시,휘발유(무연),비사업용,99000,52,0,47,no
2021,부천시,휘발유(무연),사업용,563,0,0,0,no
2021,부천시,휘발유(유연),비사업용,116,0,0,0,no
2020,부천시,CNG,비사업용,42,3,0,7,no
2020,부천시,CNG,사업용,0,733,0,0,no
2020,부천시,경유,비사업용,75838,8647,343,32848,no
2020,부천시,경유,사업용,502,375,521,4761,no
2020,부천시,기타연료,비사업용,0,141,27,410,no
2020,부천시,기타연료,사업용,0,0,5,69,no
2020,부천시,수소,비사업용,50,0,0,0,no
2020,부천시,엘피지,비사업용,15652,1076,3,1905,no
2020,부천시,엘피지,사업용,4073,1,0,493,no
2020,부천시,전기,비사업용,625,1,5,22,yes
2020,부천시,전기,사업용,15,62,0,14,yes
2020,부천시,하이브리드(LPG+전기),비사업용,180,0,0,0,no
2020,부천시,하이브리드(경유+전기),비사업용,42,0,0,0,no
2020,부천시,하이브리드(경유+전기),사업용,3,0,0,0,no
2020,부천시,하이브리드(휘발유+전기),비사업용,7635,0,0,0,no
2020,부천시,하이브리드(휘발유+전기),사업용,18,0,0,0,no
2020,부천시,휘발유,비사업용,52904,23,0,151,no
2020,부천시,휘발유,사업용,116,0,0,0,no
2020,부천시,휘발유(무연),비사업용,95700,44,0,46,no
2020,부천시,휘발유(무연),사업용,714,0,0,0,no
2020,부천시,휘발유(유연),비사업용,120,0,0,0,no
2019,부천시,하이브리드(휘발유+전기),사업용,17,0,0,0,no
2019,부천시,휘발유,비사업용,53757,22,0,87,no
2019,부천시,휘발유,사업용,114,0,0,1,no
2019,부천시,휘발유(무연),비사업용,92204,43,0,52,no
2019,부천시,휘발유(무연),사업용,924,0,0,0,no
2019,부천시,휘발유(유연),비사업용,133,0,0,1,no
2019,부천시,CNG,비사업용,48,2,0,6,no
2019,부천시,CNG,사업용,0,775,0,0,no
2019,부천시,경유,비사업용,76884,9057,260,33574,no
2019,부천시,경유,사업용,628,490,510,4501,no
2019,부천시,기타연료,비사업용,0,134,6,386,no
2019,부천시,기타연료,사업용,0,0,5,76,no
2019,부천시,수소,비사업용,21,0,0,0,no
2019,부천시,엘피지,비사업용,16162,1229,2,2025,no
2019,부천시,엘피지,사업용,4336,2,0,511,no
2019,부천시,전기,비사업용,430,0,2,0,yes
2019,부천시,전기,사업용,8,43,0,0,yes
2019,부천시,하이브리드(LPG+전기),비사업용,196,0,0,0,no
2019,부천시,하이브리드(경유+전기),비사업용,7,0,0,0,no
2019,부천시,하이브리드(휘발유+전기),비사업용,5991,0,0,0,no
2025,부천시 소사구,CNG,비사업용,6,1,2,0,no
2025,부천시 소사구,CNG,사업용,0,41,0,0,no
2025,부천시 소사구,경유,비사업용,18452,1639,6846,136,no
2025,부천시 소사구,경유,사업용,16,29,841,164,no
2025,부천시 소사구,기타연료,비사업용,0,31,112,28,no
2025,부천시 소사구,기타연료,사업용,0,0,33,5,no
2025,부천시 소사구,수소,비사업용,50,0,0,0,no
2025,부천시 소사구,수소전기,비사업용,5,0,0,0,no
2025,부천시 소사구,엘피지,비사업용,3495,226,735,6,no
2025,부천시 소사구,엘피지,사업용,693,0,268,3,no
2025,부천시 소사구,전기,비사업용,1244,1,248,2,yes
2025,부천시 소사구,전기,사업용,433,53,142,0,yes
2025,부천시 소사구,하이브리드(LPG+전기),비사업용,39,0,0,0,no
2025,부천시 소사구,하이브리드(경유+전기),비사업용,96,0,0,0,no
2025,부천시 소사구,하이브리드(휘발유+전기),비사업용,7899,9,28,1,no
2025,부천시 소사구,하이브리드(휘발유+전기),사업용,15,0,0,0,no
2025,부천시 소사구,휘발유,비사업용,11350,6,68,2,no
2025,부천시 소사구,휘발유(무연),비사업용,30594,10,25,0,no
2025,부천시 소사구,휘발유(무연),사업용,33,0,0,0,no
2025,부천시 소사구,휘발유(유연),비사업용,20,0,0,0,no
2025,부천시 소사구,경유,비사업용,0,11,25,0,no
2025,부천시 소사구,경유,사업용,0,8,0,0,no
2025,부천시 소사구,기타연료,사업용,0,0,0,1,no
2025,부천시 소사구,휘발유,비사업용,14,0,2,0,no
2025,부천시 소사구,휘발유(무연),비사업용,0,0,1,0,no
2024,부천시 소사구,CNG,비사업용,5,1,2,0,no
2024,부천시 소사구,CNG,사업용,0,43,0,0,no
2024,부천시 소사구,경유,비사업용,19621,1805,7249,130,no
2024,부천시 소사구,경유,사업용,22,23,904,170,no
2024,부천시 소사구,기타연료,비사업용,0,37,122,29,no
2024,부천시 소사구,기타연료,사업용,0,0,32,5,no
2024,부천시 소사구,수소,비사업용,47,0,0,0,no
2024,부천시 소사구,엘피지,비사업용,3754,247,587,6,no
2024,부천시 소사구,엘피지,사업용,1031,0,188,0,no
2024,부천시 소사구,전기,비사업용,917,0,238,2,yes
2024,부천시 소사구,전기,사업용,652,52,119,0,yes
2024,부천시 소사구,하이브리드(LPG+전기),비사업용,48,0,0,0,no
2024,부천시 소사구,하이브리드(LPG+전기),사업용,2,0,0,0,no
2024,부천시 소사구,하이브리드(경유+전기),비사업용,91,0,0,0,no
2024,부천시 소사구,하이브리드(휘발유+전기),비사업용,6376,3,15,0,no
2024,부천시 소사구,하이브리드(휘발유+전기),사업용,10,0,0,0,no
2024,부천시 소사구,휘발유,비사업용,12278,7,73,3,no
2024,부천시 소사구,휘발유(무연),비사업용,30237,10,13,0,no
2024,부천시 소사구,휘발유(무연),사업용,37,0,0,0,no
2024,부천시 소사구,휘발유(유연),비사업용,26,0,0,0,no
2024,부천시 소사구,경유,비사업용,0,11,25,0,no
2024,부천시 소사구,경유,사업용,0,8,0,0,no
2024,부천시 소사구,기타연료,사업용,0,0,0,1,no
2024,부천시 소사구,휘발유,비사업용,14,0,2,0,no
2024,부천시 소사구,휘발유(무연),비사업용,0,0,1,0,no
2023,부천시 소사구,경유,비사업용,0,11,26,0,no
2023,부천시 소사구,경유,사업용,0,8,0,0,no
2023,부천시 소사구,기타연료,사업용,0,0,0,1,no
2023,부천시 소사구,휘발유,비사업용,14,0,2,0,no
2023,부천시 소사구,휘발유(무연),비사업용,1,0,1,0,no
2022,부천시 소사구,경유,비사업용,0,12,0,27,no
2022,부천시 소사구,경유,사업용,0,8,0,0,no
2022,부천시 소사구,기타연료,사업용,0,0,1,0,no
2022,부천시 소사구,휘발유,비사업용,14,0,0,3,no
2022,부천시 소사구,휘발유(무연),비사업용,1,0,0,1,no
2021,부천시 소사구,경유,비사업용,0,12,0,27,no
2021,부천시 소사구,경유,사업용,0,8,0,0,no
2021,부천시 소사구,기타연료,사업용,0,0,1,0,no
2021,부천시 소사구,휘발유,비사업용,14,0,0,3,no
2021,부천시 소사구,휘발유(무연),비사업용,1,0,0,1,no
2020,부천시 소사구,경유,비사업용,0,12,0,27,no
2020,부천시 소사구,경유,사업용,0,8,0,1,no
2020,부천시 소사구,기타연료,사업용,0,0,1,0,no
2020,부천시 소사구,휘발유,비사업용,14,0,0,3,no
2020,부천시 소사구,휘발유(무연),비사업용,1,0,0,1,no
2019,부천시 소사구,경유,비사업용,0,12,0,27,no
2019,부천시 소사구,경유,사업용,0,8,0,1,no
2019,부천시 소사구,기타연료,사업용,0,0,1,0,no
2019,부천시 소사구,휘발유,비사업용,15,0,0,3,no
2019,부천시 소사구,휘발유(무연),비사업용,1,0,0,1,no
2025,부천시 오정구,CNG,비사업용,1,0,3,0,no
2025,부천시 오정구,CNG,사업용,0,145,0,0,no
2025,부천시 오정구,경유,비사업용,13680,1515,8069,166,no
2025,부천시 오정구,경유,사업용,78,40,1346,172,no
2025,부천시 오정구,기타연료,비사업용,1,8,124,23,no
2025,부천시 오정구,기타연료,사업용,0,0,22,0,no
2025,부천시 오정구,수소,비사업용,44,0,0,0,no
2025,부천시 오정구,수소전기,비사업용,10,0,0,0,no
2025,부천시 오정구,엘피지,비사업용,3058,201,821,9,no
2025,부천시 오정구,엘피지,사업용,850,2,298,1,no
2025,부천시 오정구,전기,비사업용,653,0,242,1,yes
2025,부천시 오정구,전기,사업용,256,255,120,0,yes
2025,부천시 오정구,하이브리드(LPG+전기),비사업용,12,0,0,0,no
2025,부천시 오정구,하이브리드(LPG+전기),사업용,4,0,0,0,no
2025,부천시 오정구,하이브리드(경유+전기),비사업용,56,0,0,0,no
2025,부천시 오정구,하이브리드(휘발유+전기),비사업용,4209,11,27,0,no
2025,부천시 오정구,하이브리드(휘발유+전기),사업용,94,1,1,0,no
2025,부천시 오정구,휘발유,비사업용,8335,4,62,0,no
2025,부천시 오정구,휘발유,사업용,17,0,0,0,no
2025,부천시 오정구,휘발유(무연),비사업용,22004,15,39,0,no
2025,부천시 오정구,휘발유(무연),사업용,176,3,0,0,no
2025,부천시 오정구,휘발유(유연),비사업용,19,0,0,0,no
2025,부천시 오정구,경유,비사업용,0,8,30,0,no
2025,부천시 오정구,경유,사업용,0,0,1,0,no
2025,부천시 오정구,엘피지,비사업용,1,1,1,0,no
2025,부천시 오정구,휘발유,비사업용,24,1,1,0,no
2025,부천시 오정구,휘발유(무연),비사업용,3,0,1,0,no
2024,부천시 오정구,CNG,비사업용,1,0,3,0,no
2024,부천시 오정구,CNG,사업용,0,156,0,0,no
2024,부천시 오정구,경유,비사업용,14050,1637,8625,159,no
2024,부천시 오정구,경유,사업용,108,39,1413,173,no
2024,부천시 오정구,기타연료,비사업용,0,9,127,23,no
2024,부천시 오정구,기타연료,사업용,0,0,24,0,no
2024,부천시 오정구,수소,비사업용,35,0,0,0,no
2024,부천시 오정구,엘피지,비사업용,3184,202,648,5,no
2024,부천시 오정구,엘피지,사업용,488,2,196,1,no
2024,부천시 오정구,전기,비사업용,486,2,291,1,yes
2024,부천시 오정구,전기,사업용,143,244,110,0,yes
2024,부천시 오정구,하이브리드(LPG+전기),비사업용,16,0,0,0,no
2024,부천시 오정구,하이브리드(LPG+전기),사업용,1,0,0,0,no
2024,부천시 오정구,하이브리드(경유+전기),비사업용,56,0,0,0,no
2024,부천시 오정구,하이브리드(휘발유+전기),비사업용,3325,5,12,0,no
2024,부천시 오정구,하이브리드(휘발유+전기),사업용,31,1,0,0,no
2024,부천시 오정구,휘발유,비사업용,8816,4,63,0,no
2024,부천시 오정구,휘발유,사업용,23,0,0,0,no
2024,부천시 오정구,휘발유(무연),비사업용,21690,14,16,0,no
2024,부천시 오정구,휘발유(무연),사업용,150,3,0,0,no
2024,부천시 오정구,휘발유(유연),비사업용,24,0,0,0,no
2024,부천시 오정구,경유,비사업용,0,8,30,0,no
2024,부천시 오정구,경유,사업용,0,0,1,0,no
2024,부천시 오정구,엘피지,비사업용,1,1,1,0,no
2024,부천시 오정구,휘발유,비사업용,24,1,1,0,no
2024,부천시 오정구,휘발유(무연),비사업용,3,0,1,0,no
2023,부천시 오정구,경유,비사업용,0,8,39,0,no
2023,부천시 오정구,경유,사업용,0,0,1,0,no
2023,부천시 오정구,엘피지,비사업용,1,1,1,0,no
2023,부천시 오정구,휘발유,비사업용,24,1,1,0,no
2023,부천시 오정구,휘발유(무연),비사업용,3,0,1,0,no
2022,부천시 오정구,경유,비사업용,0,9,0,39,no
2022,부천시 오정구,경유,사업용,0,0,0,1,no
2022,부천시 오정구,엘피지,비사업용,1,1,0,1,no
2022,부천시 오정구,휘발유,비사업용,25,1,0,1,no
2022,부천시 오정구,휘발유(무연),비사업용,3,0,0,1,no
2021,부천시 오정구,경유,비사업용,0,9,0,42,no
2021,부천시 오정구,경유,사업용,0,0,0,1,no
2021,부천시 오정구,엘피지,비사업용,1,1,0,1,no
2021,부천시 오정구,휘발유,비사업용,25,1,0,1,no
2021,부천시 오정구,휘발유(무연),비사업용,3,0,0,1,no
2020,부천시 오정구,경유,비사업용,0,10,0,45,no
2020,부천시 오정구,경유,사업용,0,0,0,1,no
2020,부천시 오정구,엘피지,비사업용,1,1,0,1,no
2020,부천시 오정구,휘발유,비사업용,26,1,0,1,no
2020,부천시 오정구,휘발유(무연),비사업용,4,0,0,1,no
2019,부천시 오정구,CNG,사업용,0,1,0,0,no
2019,부천시 오정구,경유,비사업용,0,10,0,47,no
2019,부천시 오정구,경유,사업용,0,0,0,1,no
2019,부천시 오정구,엘피지,비사업용,1,1,0,1,no
2019,부천시 오정구,휘발유,비사업용,27,1,0,1,no
2019,부천시 오정구,휘발유(무연),비사업용,6,0,0,1,no
2025,부천시 원미구,CNG,비사업용,3,1,5,0,no
2025,부천시 원미구,CNG,사업용,0,68,0,0,no
2025,부천시 원미구,경유,비사업용,31001,2778,12984,335,no
2025,부천시 원미구,경유,사업용,230,267,2588,192,no
2025,부천시 원미구,기타연료,비사업용,0,46,249,37,no
2025,부천시 원미구,기타연료,사업용,0,0,21,0,no
2025,부천시 원미구,수소,비사업용,82,0,0,0,no
2025,부천시 원미구,수소전기,비사업용,16,0,0,0,no
2025,부천시 원미구,엘피지,비사업용,5734,385,1517,14,no
2025,부천시 원미구,엘피지,사업용,1498,2,513,4,no
2025,부천시 원미구,전기,비사업용,2177,1,462,7,yes
2025,부천시 원미구,전기,사업용,313,255,231,0,yes
2025,부천시 원미구,하이브리드(LPG+전기),비사업용,40,0,0,0,no
2025,부천시 원미구,하이브리드(LPG+전기),사업용,2,0,0,0,no
2025,부천시 원미구,하이브리드(경유+전기),비사업용,203,0,0,0,no
2025,부천시 원미구,하이브리드(경유+전기),사업용,14,0,0,0,no
2025,부천시 원미구,하이브리드(휘발유+전기),비사업용,13237,23,49,1,no
2025,부천시 원미구,하이브리드(휘발유+전기),사업용,113,1,0,0,no
2025,부천시 원미구,휘발유,비사업용,21805,30,115,1,no
2025,부천시 원미구,휘발유,사업용,66,0,0,0,no
2025,부천시 원미구,휘발유(무연),비사업용,53625,49,53,0,no
2025,부천시 원미구,휘발유(무연),사업용,558,0,0,0,no
2025,부천시 원미구,휘발유(유연),비사업용,59,0,0,0,no
2025,부천시 원미구,경유,비사업용,2,14,38,0,no
2025,부천시 원미구,엘피지,비사업용,0,1,2,0,no
2025,부천시 원미구,휘발유,비사업용,22,0,2,0,no
2024,부천시 원미구,CNG,비사업용,7,1,5,0,no
2024,부천시 원미구,CNG,사업용,0,106,0,0,no
2024,부천시 원미구,경유,비사업용,33223,3040,13712,314,no
2024,부천시 원미구,경유,사업용,270,255,2781,197,no
2024,부천시 원미구,기타연료,비사업용,0,53,255,36,no
2024,부천시 원미구,기타연료,사업용,0,0,19,0,no
2024,부천시 원미구,수소,비사업용,84,0,0,0,no
2024,부천시 원미구,엘피지,비사업용,6241,375,1213,9,no
2024,부천시 원미구,엘피지,사업용,1505,3,336,1,no
2024,부천시 원미구,전기,비사업용,1664,2,437,7,yes
2024,부천시 원미구,전기,사업용,310,205,173,0,yes
2024,부천시 원미구,하이브리드(LPG+전기),비사업용,48,0,0,0,no
2024,부천시 원미구,하이브리드(경유+전기),비사업용,190,0,0,0,no
2024,부천시 원미구,하이브리드(경유+전기),사업용,17,0,0,0,no
2024,부천시 원미구,하이브리드(휘발유+전기),비사업용,10909,6,22,0,no
2024,부천시 원미구,하이브리드(휘발유+전기),사업용,80,0,0,0,no
2024,부천시 원미구,휘발유,비사업용,23558,28,114,1,no
2024,부천시 원미구,휘발유,사업용,81,0,0,0,no
2024,부천시 원미구,휘발유(무연),비사업용,53525,50,24,0,no
2024,부천시 원미구,휘발유(무연),사업용,526,0,0,0,no
2024,부천시 원미구,휘발유(유연),비사업용,55,0,0,0,no
2024,부천시 원미구,경유,비사업용,1,14,37,0,no
2024,부천시 원미구,엘피지,비사업용,0,1,2,0,no
2024,부천시 원미구,휘발유,비사업용,22,0,2,0,no
2023,부천시 원미구,경유,비사업용,1,15,37,0,no
2023,부천시 원미구,경유,사업용,0,0,1,0,no
2023,부천시 원미구,엘피지,비사업용,0,1,2,0,no
2023,부천시 원미구,휘발유,비사업용,22,0,2,0,no
2022,부천시 원미구,경유,비사업용,2,16,0,68,no
2022,부천시 원미구,엘피지,비사업용,0,2,0,2,no
2022,부천시 원미구,휘발유,비사업용,31,0,0,2,no
2022,부천시 원미구,휘발유(무연),비사업용,0,1,0,1,no
2021,부천시 원미구,경유,비사업용,2,16,0,69,no
2021,부천시 원미구,엘피지,비사업용,0,2,0,2,no
2021,부천시 원미구,휘발유,비사업용,33,0,0,2,no
2021,부천시 원미구,휘발유(무연),비사업용,0,1,0,1,no
2020,부천시 원미구,경유,비사업용,2,18,0,73,no
2020,부천시 원미구,엘피지,비사업용,0,2,0,2,no
2020,부천시 원미구,전기,비사업용,1,0,0,0,yes
2020,부천시 원미구,휘발유,비사업용,34,0,0,2,no
2020,부천시 원미구,휘발유(무연),비사업용,1,1,0,1,no
2019,부천시 원미구,경유,비사업용,3,18,0,73,no
2019,부천시 원미구,엘피지,비사업용,0,2,0,2,no
2019,부천시 원미구,전기,비사업용,1,0,0,0,yes
2019,부천시 원미구,휘발유,비사업용,34,0,0,2,no
2019,부천시 원미구,휘발유(무연),비사업용,1,1,0,1,no
2025,성남시 분당구,CNG,비사업용,4,0,4,0,no
2025,성남시 분당구,CNG,사업용,0,378,0,0,no
2025,성남시 분당구,경유,비사업용,35653,1769,5966,275,no
2025,성남시 분당구,경유,사업용,217,515,1553,131,no
2025,성남시 분당구,기타연료,비사업용,0,82,219,83,no
2025,성남시 분당구,기타연료,사업용,0,3,93,1,no
2025,성남시 분당구,수소,비사업용,176,0,0,0,no
2025,성남시 분당구,수소,사업용,21,25,0,0,no
2025,성남시 분당구,수소전기,비사업용,74,0,0,0,no
2025,성남시 분당구,수소전기,사업용,83,74,0,0,no
2025,성남시 분당구,엘피지,비사업용,4919,315,820,12,no
2025,성남시 분당구,엘피지,사업용,1060,6,150,1,no
2025,성남시 분당구,전기,비사업용,7453,2,315,1,yes
2025,성남시 분당구,전기,사업용,1153,443,81,0,yes
2025,성남시 분당구,하이브리드(LPG+전기),비사업용,43,0,0,0,no
2025,성남시 분당구,하이브리드(경유+전기),비사업용,630,0,0,0,no
2025,성남시 분당구,하이브리드(경유+전기),사업용,16,0,0,0,no
2025,성남시 분당구,하이브리드(휘발유+전기),비사업용,26680,28,43,0,no
2025,성남시 분당구,하이브리드(휘발유+전기),사업용,320,2,0,0,no
2025,성남시 분당구,휘발유,비사업용,39974,17,92,5,no
2025,성남시 분당구,휘발유,사업용,94,1,0,0,no
2025,성남시 분당구,휘발유(무연),비사업용,64011,26,52,0,no
2025,성남시 분당구,휘발유(무연),사업용,739,1,0,0,no
2025,성남시 분당구,휘발유(유연),비사업용,63,0,0,0,no
2024,성남시 분당구,CNG,비사업용,5,0,4,0,no
2024,성남시 분당구,CNG,사업용,0,397,0,0,no
2024,성남시 분당구,경유,비사업용,38652,1939,6463,284,no
2024,성남시 분당구,경유,사업용,282,600,1647,194,no
2024,성남시 분당구,기타연료,비사업용,0,90,236,79,no
2024,성남시 분당구,기타연료,사업용,0,3,120,2,no
2024,성남시 분당구,수소,비사업용,181,0,0,0,no
2024,성남시 분당구,수소,사업용,26,25,0,0,no
2024,성남시 분당구,수소전기,사업용,77,4,0,0,no
2024,성남시 분당구,엘피지,비사업용,5314,322,639,8,no
2022,광명시,휘발유,사업용,9,0,0,1,no
2022,광명시,휘발유(무연),비사업용,34964,12,0,6,no
2021,광명시,CNG,비사업용,17,0,0,1,no
2021,광명시,CNG,사업용,1,14,0,0,no
2021,광명시,경유,비사업용,25958,2517,126,9832,no
2021,광명시,경유,사업용,101,395,154,1900,no
2021,광명시,기타연료,비사업용,0,65,24,166,no
2021,광명시,기타연료,사업용,0,0,0,33,no
2021,광명시,수소,비사업용,49,0,0,0,no
2021,광명시,엘피지,비사업용,4986,286,3,567,no
2021,광명시,엘피지,사업용,1346,0,0,123,no
2021,광명시,전기,비사업용,427,0,0,101,yes
2021,광명시,전기,사업용,39,68,0,86,yes
2021,광명시,하이브리드(LPG+전기),비사업용,44,0,0,0,no
2021,광명시,하이브리드(경유+전기),비사업용,45,0,0,0,no
2021,광명시,하이브리드(휘발유+전기),비사업용,4372,0,0,0,no
2021,광명시,하이브리드(휘발유+전기),사업용,2,0,0,0,no
2021,광명시,휘발유,비사업용,17138,8,0,63,no
2021,광명시,휘발유,사업용,27,0,0,0,no
2021,광명시,휘발유(무연),비사업용,34035,16,0,10,no
2021,광명시,휘발유(무연),사업용,164,0,0,0,no
2021,광명시,휘발유(유연),비사업용,40,0,0,0,no
2020,광명시,CNG,비사업용,23,0,0,1,no
2020,광명시,CNG,사업용,1,2,0,0,no
2020,광명시,경유,비사업용,26377,2703,109,10078,no
2020,광명시,경유,사업용,77,499,138,1769,no
2020,광명시,기타연료,비사업용,0,69,13,143,no
2020,광명시,기타연료,사업용,0,0,0,31,no
2020,광명시,수소,비사업용,24,0,0,0,no
2020,광명시,엘피지,비사업용,5256,333,1,582,no
2020,광명시,엘피지,사업용,1441,0,0,133,no
2020,광명시,전기,비사업용,213,0,0,58,yes
2020,광명시,전기,사업용,4,5,0,41,yes
2020,광명시,하이브리드(LPG+전기),비사업용,60,0,0,0,no
2020,광명시,하이브리드(경유+전기),비사업용,21,0,0,0,no
2020,광명시,하이브리드(휘발유+전기),비사업용,3293,0,0,0,no
2020,광명시,하이브리드(휘발유+전기),사업용,2,0,0,0,no
2020,광명시,휘발유,비사업용,17689,4,0,47,no
2020,광명시,휘발유,사업용,4,0,0,0,no
2020,광명시,휘발유(무연),비사업용,33067,15,0,15,no
2020,광명시,휘발유(무연),사업용,155,0,0,0,no
2020,광명시,휘발유(유연),비사업용,41,0,0,0,no
2019,광명시,CNG,비사업용,30,0,0,0,no
2019,광명시,CNG,사업용,2,2,0,0,no
2019,광명시,경유,비사업용,27453,3049,96,10724,no
2019,광명시,경유,사업용,89,508,140,1668,no
2019,광명시,기타연료,비사업용,0,62,2,129,no
2019,광명시,기타연료,사업용,0,0,0,31,no
2019,광명시,수소,비사업용,12,0,0,0,no
2019,광명시,엘피지,비사업용,5721,382,4,641,no
2019,광명시,엘피지,사업용,1477,0,0,142,no
2019,광명시,전기,비사업용,141,0,0,1,yes
2019,광명시,전기,사업용,2,0,0,0,yes
2019,광명시,하이브리드(LPG+전기),비사업용,71,0,0,0,no
2019,광명시,하이브리드(경유+전기),비사업용,3,0,0,0,no
2019,광명시,하이브리드(휘발유+전기),비사업용,2585,0,0,0,no
2019,광명시,하이브리드(휘발유+전기),사업용,2,0,0,0,no
2019,광명시,휘발유,비사업용,18706,4,0,22,no
2019,광명시,휘발유,사업용,2,0,0,0,no
2019,광명시,휘발유(무연),비사업용,32875,14,0,14,no
2019,광명시,휘발유(무연),사업용,134,0,0,0,no
2019,광명시,휘발유(유연),비사업용,44,0,0,0,no
2025,광주시,CNG,비사업용,14,1,3,0,no
2025,광주시,CNG,사업용,0,706,0,0,no
2025,광주시,경유,비사업용,44424,3623,25507,594,no
2025,광주시,경유,사업용,74,1321,4448,362,no
2025,광주시,기타연료,비사업용,3,160,561,141,no
2025,광주시,기타연료,사업용,0,0,53,0,no
2025,광주시,수소,비사업용,160,0,0,0,no
2025,광주시,수소전기,비사업용,22,0,0,0,no
2025,광주시,수소전기,사업용,0,11,0,0,no
2025,광주시,엘피지,비사업용,8841,601,2718,26,no
2025,광주시,엘피지,사업용,591,0,838,3,no
2025,광주시,전기,비사업용,4571,9,919,4,yes
2025,광주시,전기,사업용,81,297,362,0,yes
2025,광주시,하이브리드(LPG+전기),비사업용,64,0,0,0,no
2025,광주시,하이브리드(LPG+전기),사업용,7,0,0,0,no
2025,광주시,하이브리드(경유+전기),비사업용,333,0,0,0,no
2025,광주시,하이브리드(경유+전기),사업용,11,0,0,0,no
2025,광주시,하이브리드(휘발유+전기),비사업용,18218,35,91,3,no
2025,광주시,하이브리드(휘발유+전기),사업용,66,0,1,0,no
2025,광주시,휘발유,비사업용,26813,21,265,5,no
2025,광주시,휘발유,사업용,72,0,1,0,no
2025,광주시,휘발유(무연),비사업용,71198,39,158,0,no
2025,광주시,휘발유(무연),사업용,155,0,1,0,no
2025,광주시,휘발유(유연),비사업용,67,0,0,0,no
2024,광주시,CNG,비사업용,21,0,4,0,no
2024,광주시,CNG,사업용,0,704,0,0,no
2024,광주시,경유,비사업용,47439,3980,27155,560,no
2024,광주시,경유,사업용,69,1472,4682,358,no
2024,광주시,기타연료,비사업용,2,163,548,137,no
2024,광주시,기타연료,사업용,0,0,35,0,no
2024,광주시,수소,비사업용,156,0,0,0,no
2024,광주시,수소전기,비사업용,1,0,0,0,no
2024,광주시,엘피지,비사업용,9354,569,1917,16,no
2024,광주시,엘피지,사업용,610,0,540,0,no
2024,광주시,전기,비사업용,3121,11,734,3,yes
2024,광주시,전기,사업용,48,206,311,0,yes
2024,광주시,하이브리드(LPG+전기),비사업용,86,0,0,0,no
2024,광주시,하이브리드(LPG+전기),사업용,7,0,0,0,no
2024,동두천시,기타연료,비사업용,5,25,107,17,no
2024,동두천시,기타연료,사업용,0,0,1,0,no
2024,동두천시,수소,비사업용,16,0,0,0,no
2024,동두천시,엘피지,비사업용,2469,157,335,1,no
2024,동두천시,엘피지,사업용,478,4,59,0,no
2024,동두천시,전기,비사업용,455,0,201,0,yes
2024,동두천시,전기,사업용,34,19,68,0,yes
2024,동두천시,하이브리드(LPG+전기),비사업용,19,0,0,0,no
2024,동두천시,하이브리드(경유+전기),비사업용,26,0,0,0,no
2024,동두천시,하이브리드(휘발유+전기),비사업용,1887,6,3,0,no
2024,동두천시,하이브리드(휘발유+전기),사업용,7,1,0,0,no
2024,동두천시,휘발유,비사업용,5676,4,66,1,no
2024,동두천시,휘발유,사업용,2,0,1,0,no
2024,동두천시,휘발유(무연),비사업용,13036,10,11,0,no
2024,동두천시,휘발유(무연),사업용,101,0,0,0,no
2024,동두천시,휘발유(유연),비사업용,11,0,0,0,no
2023,동두천시,CNG,비사업용,2,0,2,0,no
2023,동두천시,CNG,사업용,0,14,0,0,no
2023,동두천시,경유,비사업용,8672,1071,4879,86,no
2023,동두천시,경유,사업용,31,50,634,52,no
2023,동두천시,기타연료,비사업용,6,23,102,16,no
2023,동두천시,기타연료,사업용,0,0,1,0,no
2023,동두천시,수소,비사업용,11,0,0,0,no
2023,동두천시,엘피지,비사업용,2545,171,222,0,no
2023,동두천시,엘피지,사업용,522,4,10,0,no
2023,동두천시,전기,비사업용,337,0,194,0,yes
2023,동두천시,전기,사업용,37,8,58,0,yes
2023,동두천시,하이브리드(LPG+전기),비사업용,20,0,0,0,no
2023,동두천시,하이브리드(경유+전기),비사업용,18,0,0,0,no
2023,동두천시,하이브리드(휘발유+전기),비사업용,1484,0,0,0,no
2023,동두천시,하이브리드(휘발유+전기),사업용,7,0,0,0,no
2023,동두천시,휘발유,비사업용,6031,4,56,0,no
2023,동두천시,휘발유,사업용,2,0,1,0,no
2023,동두천시,휘발유(무연),비사업용,12889,8,10,0,no
2023,동두천시,휘발유(무연),사업용,103,0,0,0,no
2023,동두천시,휘발유(유연),비사업용,12,0,0,0,no
2022,동두천시,하이브리드(경유+전기),비사업용,14,0,0,0,no
2022,동두천시,하이브리드(휘발유+전기),비사업용,1135,0,0,0,no
2022,동두천시,하이브리드(휘발유+전기),사업용,6,0,0,0,no
2022,동두천시,휘발유,비사업용,6295,4,0,58,no
2022,동두천시,휘발유,사업용,4,0,0,1,no
2022,동두천시,휘발유(무연),비사업용,12606,7,0,14,no
2022,동두천시,휘발유(무연),사업용,107,0,0,0,no
2022,동두천시,휘발유(유연),비사업용,10,0,0,0,no
2022,동두천시,CNG,비사업용,4,0,0,2,no
2022,동두천시,CNG,사업용,0,16,0,0,no
2022,동두천시,경유,비사업용,9172,1195,86,5079,no
2022,동두천시,경유,사업용,54,53,50,585,no
2022,동두천시,기타연료,비사업용,5,20,15,98,no
2022,동두천시,기타연료,사업용,0,0,0,1,no
2022,동두천시,수소,비사업용,3,0,0,0,no
2022,동두천시,엘피지,비사업용,2714,173,0,225,no
2022,동두천시,엘피지,사업용,559,1,0,10,no
2022,동두천시,전기,비사업용,266,0,0,139,yes
2022,동두천시,전기,사업용,26,0,0,43,yes
2022,동두천시,하이브리드(LPG+전기),비사업용,20,0,0,0,no
2021,동두천시,CNG,비사업용,5,0,0,2,no
2021,동두천시,CNG,사업용,0,14,0,0,no
2021,동두천시,경유,비사업용,9273,1265,81,5043,no
2021,동두천시,경유,사업용,49,50,45,568,no
2021,동두천시,기타연료,비사업용,7,16,10,89,no
2021,동두천시,기타연료,사업용,0,0,0,2,no
2021,동두천시,수소,비사업용,2,0,0,0,no
2021,동두천시,엘피지,비사업용,2728,180,0,231,no
2021,동두천시,엘피지,사업용,570,1,0,8,no
2021,동두천시,전기,비사업용,165,0,0,70,yes
2021,동두천시,전기,사업용,2,0,0,32,yes
2021,동두천시,하이브리드(LPG+전기),비사업용,20,0,0,0,no
2021,동두천시,하이브리드(경유+전기),비사업용,8,0,0,0,no
2021,동두천시,하이브리드(휘발유+전기),비사업용,958,0,0,0,no
2021,동두천시,휘발유,비사업용,6415,5,0,58,no
2021,동두천시,휘발유,사업용,4,0,0,1,no
2021,동두천시,휘발유(무연),비사업용,12190,7,0,12,no
2021,동두천시,휘발유(무연),사업용,112,0,0,0,no
2021,동두천시,휘발유(유연),비사업용,11,0,0,0,no
2020,동두천시,CNG,비사업용,7,0,0,2,no
2020,동두천시,CNG,사업용,0,14,0,0,no
2020,동두천시,경유,비사업용,9224,1353,80,5106,no
2020,동두천시,경유,사업용,61,51,42,543,no
2020,동두천시,기타연료,비사업용,8,16,5,72,no
2020,동두천시,기타연료,사업용,0,0,0,2,no
2020,동두천시,엘피지,비사업용,2684,173,1,214,no
2020,동두천시,엘피지,사업용,605,1,0,10,no
2020,동두천시,전기,비사업용,104,0,0,31,yes
2020,동두천시,전기,사업용,0,0,0,10,yes
2020,동두천시,하이브리드(LPG+전기),비사업용,14,0,0,0,no
2020,동두천시,하이브리드(경유+전기),비사업용,3,0,0,0,no
2020,동두천시,하이브리드(휘발유+전기),비사업용,737,0,0,0,no
2020,동두천시,휘발유,비사업용,6262,2,0,48,no
2020,동두천시,휘발유,사업용,3,0,0,1,no
2020,동두천시,휘발유(무연),비사업용,11646,9,0,11,no
2020,동두천시,휘발유(무연),사업용,96,0,0,0,no
2020,동두천시,휘발유(유연),비사업용,12,0,0,0,no
2019,동두천시,CNG,비사업용,8,0,0,1,no
2019,동두천시,CNG,사업용,0,15,0,0,no
2019,동두천시,경유,비사업용,9203,1401,65,5179,no
2019,동두천시,경유,사업용,42,70,40,494,no
2019,동두천시,기타연료,비사업용,12,17,3,68,no
2019,동두천시,기타연료,사업용,0,0,0,3,no
2019,동두천시,엘피지,비사업용,2643,171,0,251,no
2019,동두천시,엘피지,사업용,585,1,0,13,no
2019,동두천시,전기,비사업용,78,0,0,0,yes
2019,동두천시,하이브리드(LPG+전기),비사업용,20,0,0,0,no
2019,동두천시,하이브리드(휘발유+전기),비사업용,584,0,0,0,no
2019,동두천시,휘발유,비사업용,6083,2,0,18,no
2019,동두천시,휘발유,사업용,2,0,0,1,no
2019,동두천시,휘발유(무연),비사업용,11056,9,0,12,no
2019,동두천시,휘발유(무연),사업용,68,0,0,0,no
2019,동두천시,휘발유(유연),비사업용,12,0,0,0,no
2025,부천시,경유,비사업용,7,2,22,0,no
2025,부천시,경유,사업용,0,2,5,0,no
2025,부천시,엘피지,비사업용,6,0,5,0,no
2025,부천시,엘피지,사업용,1,0,0,0,no
2025,부천시,전기,비사업용,2,0,0,0,yes
2025,부천시,하이브리드(경유+전기),비사업용,1,0,0,0,no
2025,부천시,휘발유,비사업용,9,0,0,0,no
2025,부천시,휘발유(무연),비사업용,18,0,0,0,no
2024,부천시,경유,비사업용,6,2,20,0,no
2024,부천시,경유,사업용,0,2,6,0,no
2024,부천시,엘피지,비사업용,4,0,5,0,no
2024,부천시,엘피지,사업용,2,0,0,0,no
2024,부천시,전기,비사업용,1,0,0,0,yes
2024,부천시,휘발유,비사업용,10,0,0,0,no
2024,부천시,휘발유(무연),비사업용,18,0,0,0,no
2023,부천시,CNG,비사업용,24,3,8,0,no
2023,부천시,CNG,사업용,0,403,0,0,no
2023,부천시,경유,비사업용,70481,7018,31358,544,no
2023,부천시,경유,사업용,432,335,5397,562,no
2023,부천시,기타연료,비사업용,0,98,503,85,no
2023,부천시,기타연료,사업용,0,0,74,5,no
2023,부천시,수소,비사업용,146,0,0,0,no
2023,부천시,엘피지,비사업용,13876,865,1618,11,no
2023,부천시,엘피지,사업용,3125,2,393,0,no
2023,부천시,전기,비사업용,2360,3,850,8,yes
2023,부천시,전기,사업용,1085,426,345,0,yes
2023,부천시,하이브리드(LPG+전기),비사업용,134,0,0,0,no
2023,부천시,하이브리드(LPG+전기),사업용,1,0,0,0,no
2023,부천시,하이브리드(경유+전기),비사업용,270,0,0,0,no
2023,부천시,하이브리드(경유+전기),사업용,17,0,0,0,no
2023,부천시,하이브리드(휘발유+전기),비사업용,15962,0,2,0,no
2023,부천시,하이브리드(휘발유+전기),사업용,79,0,0,0,no
2023,부천시,휘발유,비사업용,47754,39,253,1,no
2023,부천시,휘발유,사업용,113,0,0,0,no
2023,부천시,휘발유(무연),비사업용,103537,79,49,0,no
2023,부천시,휘발유(무연),사업용,804,3,0,0,no
2023,부천시,휘발유(유연),비사업용,118,0,0,0,no
2022,부천시,CNG,비사업용,26,1,0,7,no
2022,부천시,CNG,사업용,0,552,0,0,no
2022,부천시,경유,비사업용,73678,7561,481,32274,no
2022,부천시,경유,사업용,422,357,552,5082,no
2022,부천시,기타연료,비사업용,0,109,66,505,no
2022,부천시,기타연료,사업용,0,0,5,77,no
2022,부천시,수소,비사업용,134,0,0,0,no
2022,부천시,엘피지,비사업용,14543,912,8,1684,no
2022,부천시,엘피지,사업용,3325,1,0,422,no
2022,부천시,전기,비사업용,1658,3,6,490,yes
2022,부천시,전기,사업용,886,269,0,274,yes
2022,부천시,하이브리드(LPG+전기),비사업용,148,0,0,0,no
2022,부천시,하이브리드(경유+전기),비사업용,194,0,0,0,no
2022,부천시,하이브리드(경유+전기),사업용,15,0,0,0,no
2022,부천시,하이브리드(휘발유+전기),비사업용,12083,0,0,2,no
2022,부천시,하이브리드(휘발유+전기),사업용,49,0,0,0,no
2022,부천시,휘발유,비사업용,49848,36,1,245,no
2021,성남시 분당구,기타연료,비사업용,0,108,49,236,no
2020,성남시 분당구,전기,사업용,63,79,0,11,yes
2020,성남시 분당구,하이브리드(LPG+전기),비사업용,100,0,0,0,no
2020,성남시 분당구,하이브리드(경유+전기),비사업용,78,0,0,0,no
2020,성남시 분당구,하이브리드(경유+전기),사업용,2,0,0,0,no
2020,성남시 분당구,하이브리드(휘발유+전기),비사업용,9702,0,0,1,no
2020,성남시 분당구,하이브리드(휘발유+전기),사업용,95,0,0,0,no
2020,성남시 분당구,휘발유,비사업용,48165,15,2,62,no
2020,성남시 분당구,휘발유,사업용,98,2,0,0,no
2020,성남시 분당구,휘발유(무연),비사업용,60095,24,0,23,no
2020,성남시 분당구,휘발유(무연),사업용,739,0,0,0,no
2020,성남시 분당구,휘발유(유연),비사업용,79,0,0,0,no
2020,성남시 분당구,CNG,비사업용,19,0,0,4,no
2020,성남시 분당구,CNG,사업용,1,501,0,0,no
2020,성남시 분당구,경유,비사업용,46400,2582,154,7526,no
2020,성남시 분당구,경유,사업용,433,733,193,1739,no
2020,성남시 분당구,기타연료,비사업용,2,120,23,195,no
2020,성남시 분당구,기타연료,사업용,0,3,0,121,no
2020,성남시 분당구,수소,비사업용,56,0,0,0,no
2020,성남시 분당구,엘피지,비사업용,6553,357,3,467,no
2020,성남시 분당구,엘피지,사업용,1996,0,0,61,no
2020,성남시 분당구,전기,비사업용,914,0,0,14,yes
2019,성남시 분당구,CNG,비사업용,24,0,0,2,no
2019,성남시 분당구,CNG,사업용,1,527,0,0,no
2019,성남시 분당구,경유,비사업용,47273,2728,125,7773,no
2019,성남시 분당구,경유,사업용,502,815,166,1741,no
2019,성남시 분당구,기타연료,비사업용,2,138,6,182,no
2019,성남시 분당구,기타연료,사업용,0,3,0,102,no
2019,성남시 분당구,수소,비사업용,29,0,0,0,no
2019,성남시 분당구,엘피지,비사업용,6797,381,1,505,no
2019,성남시 분당구,엘피지,사업용,2108,0,0,63,no
2019,성남시 분당구,전기,비사업용,545,0,0,0,yes
2019,성남시 분당구,전기,사업용,44,17,0,0,yes
2019,성남시 분당구,하이브리드(LPG+전기),비사업용,113,0,0,0,no
2019,성남시 분당구,하이브리드(경유+전기),비사업용,8,0,0,0,no
2019,성남시 분당구,하이브리드(휘발유+전기),비사업용,7798,0,0,0,no
2019,성남시 분당구,하이브리드(휘발유+전기),사업용,64,0,0,0,no
2019,성남시 분당구,휘발유,비사업용,48880,16,1,25,no
2019,성남시 분당구,휘발유,사업용,135,3,0,0,no
2019,성남시 분당구,휘발유(무연),비사업용,59021,22,0,22,no
2019,성남시 분당구,휘발유(무연),사업용,591,0,0,0,no
2019,성남시 분당구,휘발유(유연),비사업용,98,0,0,0,no
2019,성남시 분당구,휘발유(유연),사업용,1,0,0,0,no
2025,성남시 수정구,CNG,비사업용,1,1,5,0,no
2025,성남시 수정구,CNG,사업용,0,31,0,0,no
2025,성남시 수정구,경유,비사업용,17027,1568,6137,142,no
2025,성남시 수정구,경유,사업용,64,97,1173,162,no
2025,성남시 수정구,기타연료,비사업용,1,32,96,26,no
2025,성남시 수정구,기타연료,사업용,0,0,25,0,no
2025,성남시 수정구,수소,비사업용,94,0,0,0,no
2025,성남시 수정구,수소,사업용,3,0,0,0,no
2025,성남시 수정구,수소전기,비사업용,31,0,0,0,no
2025,성남시 수정구,수소전기,사업용,0,3,0,0,no
2025,성남시 수정구,엘피지,비사업용,3550,310,750,1,no
2025,성남시 수정구,엘피지,사업용,619,3,197,1,no
2025,성남시 수정구,전기,비사업용,2280,0,254,2,yes
2025,성남시 수정구,전기,사업용,157,64,126,0,yes
2025,성남시 수정구,하이브리드(LPG+전기),비사업용,36,0,0,0,no
2025,성남시 수정구,하이브리드(경유+전기),비사업용,150,0,0,0,no
2025,성남시 수정구,하이브리드(경유+전기),사업용,6,0,0,0,no
2025,성남시 수정구,하이브리드(휘발유+전기),비사업용,8443,13,19,1,no
2025,성남시 수정구,하이브리드(휘발유+전기),사업용,215,1,0,0,no
2025,성남시 수정구,휘발유,비사업용,12889,12,62,0,no
2025,성남시 수정구,휘발유,사업용,157,0,0,0,no
2025,성남시 수정구,휘발유(무연),비사업용,27959,12,37,0,no
2025,성남시 수정구,휘발유(무연),사업용,609,0,0,0,no
2025,성남시 수정구,휘발유(유연),비사업용,23,0,0,0,no
2024,성남시 수정구,CNG,비사업용,2,1,5,0,no
2024,성남시 수정구,CNG,사업용,0,31,0,0,no
2024,성남시 수정구,경유,비사업용,18187,1706,6531,160,no
2024,성남시 수정구,경유,사업용,118,126,1293,159,no
2024,성남시 수정구,기타연료,비사업용,1,36,95,31,no
2024,성남시 수정구,기타연료,사업용,0,0,26,0,no
2024,성남시 수정구,수소,비사업용,100,0,0,0,no
2024,성남시 수정구,수소,사업용,4,0,0,0,no
2024,성남시 수정구,수소전기,비사업용,1,0,0,0,no
2024,성남시 수정구,엘피지,비사업용,3760,304,629,1,no
2024,성남시 수정구,엘피지,사업용,670,4,128,0,no
2024,성남시 수정구,전기,비사업용,1596,0,184,1,yes
2024,성남시 중원구,하이브리드(휘발유+전기),비사업용,5520,7,13,1,no
2024,성남시 중원구,하이브리드(휘발유+전기),사업용,24,0,0,0,no
2024,성남시 중원구,휘발유,비사업용,10522,8,58,2,no
2024,성남시 중원구,휘발유,사업용,30,0,0,0,no
2024,성남시 중원구,휘발유(무연),비사업용,25809,11,15,0,no
2024,성남시 중원구,휘발유(무연),사업용,119,1,0,0,no
2024,성남시 중원구,휘발유(유연),비사업용,23,0,0,0,no
2023,성남시 중원구,CNG,비사업용,9,1,3,0,no
2023,성남시 중원구,CNG,사업용,0,68,0,0,no
2023,성남시 중원구,경유,비사업용,17476,1916,8228,158,no
2023,성남시 중원구,경유,사업용,142,138,1424,139,no
2023,성남시 중원구,기타연료,비사업용,1,29,86,15,no
2023,성남시 중원구,기타연료,사업용,0,0,5,0,no
2023,성남시 중원구,수소,비사업용,116,0,0,0,no
2023,성남시 중원구,수소,사업용,5,0,0,0,no
2023,성남시 중원구,엘피지,비사업용,3896,303,463,4,no
2023,성남시 중원구,엘피지,사업용,1507,0,70,0,no
2023,성남시 중원구,전기,비사업용,906,0,177,2,yes
2023,성남시 중원구,전기,사업용,208,47,120,0,yes
2023,성남시 중원구,하이브리드(LPG+전기),비사업용,38,0,0,0,no
2023,성남시 중원구,하이브리드(LPG+전기),사업용,5,0,0,0,no
2023,성남시 중원구,하이브리드(경유+전기),비사업용,80,0,0,0,no
2023,성남시 중원구,하이브리드(경유+전기),사업용,1,0,0,0,no
2023,성남시 중원구,하이브리드(휘발유+전기),비사업용,4331,0,0,0,no
2023,성남시 중원구,하이브리드(휘발유+전기),사업용,17,0,0,0,no
2023,성남시 중원구,휘발유,비사업용,11332,9,48,2,no
2023,성남시 중원구,휘발유,사업용,32,0,0,0,no
2023,성남시 중원구,휘발유(무연),비사업용,25416,11,12,0,no
2023,성남시 중원구,휘발유(무연),사업용,88,0,0,0,no
2023,성남시 중원구,휘발유(유연),비사업용,32,0,0,0,no
2022,성남시 중원구,CNG,사업용,0,82,0,0,no
2022,성남시 중원구,경유,비사업용,17846,2121,146,8516,no
2022,성남시 중원구,경유,사업용,214,145,135,1373,no
2022,성남시 중원구,기타연료,비사업용,1,27,10,92,no
2022,성남시 중원구,기타연료,사업용,0,0,0,7,no
2022,성남시 중원구,수소,비사업용,98,0,0,0,no
2022,성남시 중원구,수소,사업용,2,0,0,0,no
2022,성남시 중원구,엘피지,비사업용,4031,322,1,488,no
2022,성남시 중원구,엘피지,사업용,1620,0,0,68,no
2022,성남시 중원구,전기,비사업용,623,0,0,116,yes
2022,성남시 중원구,전기,사업용,110,38,0,95,yes
2022,성남시 중원구,하이브리드(LPG+전기),비사업용,41,0,0,0,no
2022,성남시 중원구,하이브리드(경유+전기),비사업용,48,0,0,0,no
2022,성남시 중원구,하이브리드(경유+전기),사업용,1,0,0,0,no
2022,성남시 중원구,하이브리드(휘발유+전기),비사업용,3296,0,0,0,no
2022,성남시 중원구,하이브리드(휘발유+전기),사업용,7,0,0,0,no
2022,성남시 중원구,휘발유,비사업용,11619,8,1,46,no
2022,성남시 중원구,휘발유,사업용,28,0,0,0,no
2022,성남시 중원구,휘발유(무연),비사업용,24156,7,0,13,no
2022,성남시 중원구,휘발유(무연),사업용,65,0,0,0,no
2022,성남시 중원구,휘발유(유연),비사업용,35,0,0,0,no
2022,성남시 중원구,CNG,비사업용,11,0,0,3,no
2021,성남시 중원구,하이브리드(휘발유+전기),비사업용,2552,0,0,0,no
2021,성남시 중원구,하이브리드(휘발유+전기),사업용,4,0,0,0,no
2021,성남시 중원구,휘발유,비사업용,11596,9,1,40,no
2021,성남시 중원구,휘발유,사업용,16,0,1,0,no
2021,성남시 중원구,휘발유(무연),비사업용,22914,6,0,13,no
2021,성남시 중원구,휘발유(무연),사업용,55,0,0,0,no
2021,성남시 중원구,휘발유(유연),비사업용,31,0,0,0,no
2021,성남시 중원구,CNG,비사업용,15,0,0,3,no
2021,성남시 중원구,CNG,사업용,0,84,0,0,no
2021,성남시 중원구,경유,비사업용,17899,2251,109,8713,no
2021,성남시 중원구,경유,사업용,207,152,199,1398,no
2021,성남시 중원구,기타연료,비사업용,1,28,9,83,no
2021,성남시 중원구,기타연료,사업용,0,0,0,7,no
2021,성남시 중원구,수소,비사업용,36,0,0,0,no
2021,성남시 중원구,엘피지,비사업용,4099,354,0,512,no
2021,성남시 중원구,엘피지,사업용,1679,0,0,79,no
2021,성남시 중원구,전기,비사업용,339,0,0,40,yes
2021,성남시 중원구,전기,사업용,17,13,0,67,yes
2021,성남시 중원구,하이브리드(LPG+전기),비사업용,47,0,0,0,no
2021,성남시 중원구,하이브리드(경유+전기),비사업용,18,0,0,0,no
2020,성남시 중원구,CNG,비사업용,17,0,0,3,no
2020,성남시 중원구,CNG,사업용,0,84,0,0,no
2020,성남시 중원구,경유,비사업용,18308,2329,103,8852,no
2020,성남시 중원구,경유,사업용,221,150,151,1478,no
2020,성남시 중원구,기타연료,비사업용,1,21,5,77,no
2024,군포시,경유,사업용,43,74,3425,257,no
2024,군포시,기타연료,비사업용,0,54,168,28,no
2024,군포시,기타연료,사업용,0,0,107,0,no
2024,군포시,수소,비사업용,72,0,0,0,no
2024,군포시,엘피지,비사업용,4981,237,640,6,no
2024,군포시,엘피지,사업용,522,0,189,1,no
2024,군포시,전기,비사업용,1273,0,204,1,yes
2024,군포시,전기,사업용,109,96,147,0,yes
2024,군포시,하이브리드(LPG+전기),비사업용,46,0,0,0,no
2024,군포시,하이브리드(LPG+전기),사업용,1,0,0,0,no
2024,군포시,하이브리드(경유+전기),비사업용,99,0,0,0,no
2024,군포시,하이브리드(휘발유+전기),비사업용,8808,5,17,0,no
2024,군포시,하이브리드(휘발유+전기),사업용,18,1,1,0,no
2024,군포시,휘발유,비사업용,14328,4,81,1,no
2024,군포시,휘발유,사업용,22,0,0,0,no
2024,군포시,휘발유(무연),비사업용,36494,11,13,0,no
2024,군포시,휘발유(무연),사업용,130,0,0,0,no
2024,군포시,휘발유(유연),비사업용,30,0,0,0,no
2023,군포시,CNG,비사업용,8,0,0,0,no
2023,군포시,CNG,사업용,0,3,0,0,no
2023,군포시,경유,비사업용,22987,1954,8348,148,no
2023,군포시,경유,사업용,57,92,3553,259,no
2023,군포시,기타연료,비사업용,0,53,165,33,no
2023,군포시,기타연료,사업용,0,0,112,0,no
2023,군포시,수소,비사업용,69,0,0,0,no
2023,군포시,엘피지,비사업용,5301,248,400,5,no
2023,군포시,엘피지,사업용,539,0,85,0,no
2023,군포시,전기,비사업용,942,0,192,1,yes
2023,군포시,전기,사업용,264,84,137,0,yes
2023,군포시,하이브리드(LPG+전기),비사업용,60,0,0,0,no
2023,군포시,하이브리드(경유+전기),비사업용,74,0,0,0,no
2023,군포시,하이브리드(휘발유+전기),비사업용,7055,0,1,0,no
2023,군포시,하이브리드(휘발유+전기),사업용,7,0,0,0,no
2023,군포시,휘발유,비사업용,15476,5,76,1,no
2023,군포시,휘발유,사업용,25,0,0,0,no
2023,군포시,휘발유(무연),비사업용,36128,11,10,0,no
2023,군포시,휘발유(무연),사업용,134,0,0,0,no
2023,군포시,휘발유(유연),비사업용,33,0,0,0,no
2022,군포시,CNG,비사업용,10,0,0,0,no
2022,군포시,CNG,사업용,0,6,0,0,no
2022,군포시,경유,비사업용,24277,2109,136,8555,no
2022,군포시,경유,사업용,54,119,274,3631,no
2022,군포시,기타연료,비사업용,0,58,30,173,no
2022,군포시,기타연료,사업용,0,0,0,116,no
2022,군포시,수소,비사업용,54,0,0,0,no
2022,군포시,엘피지,비사업용,5549,272,2,431,no
2022,군포시,엘피지,사업용,553,0,0,97,no
2022,군포시,전기,비사업용,660,0,0,112,yes
2022,군포시,전기,사업용,258,47,0,131,yes
2022,군포시,하이브리드(LPG+전기),비사업용,63,0,0,0,no
2022,군포시,하이브리드(경유+전기),비사업용,52,0,0,0,no
2022,군포시,하이브리드(휘발유+전기),비사업용,5478,0,0,0,no
2022,군포시,하이브리드(휘발유+전기),사업용,4,0,0,0,no
2022,군포시,휘발유,비사업용,16321,5,2,73,no
2022,군포시,휘발유,사업용,18,0,0,0,no
2022,군포시,휘발유(무연),비사업용,35465,12,0,10,no
2022,군포시,휘발유(무연),사업용,72,0,0,0,no
2022,군포시,휘발유(유연),비사업용,37,0,0,0,no
2021,군포시,CNG,비사업용,11,0,0,0,no
2021,군포시,CNG,사업용,0,11,0,0,no
2021,군포시,경유,비사업용,24829,2221,127,8703,no
2021,군포시,경유,사업용,52,141,280,3630,no
2021,군포시,기타연료,비사업용,0,58,25,174,no
2021,군포시,기타연료,사업용,0,0,0,114,no
2021,군포시,수소,비사업용,37,0,0,0,no
2021,군포시,엘피지,비사업용,5618,280,1,440,no
2021,군포시,엘피지,사업용,609,0,0,103,no
2021,군포시,전기,비사업용,388,0,0,45,yes
2021,군포시,전기,사업용,56,12,0,81,yes
2021,군포시,하이브리드(LPG+전기),비사업용,71,0,0,0,no
2021,군포시,하이브리드(경유+전기),비사업용,34,0,0,0,no
2021,군포시,하이브리드(휘발유+전기),비사업용,4360,0,0,0,no
2021,군포시,하이브리드(휘발유+전기),사업용,2,0,0,0,no
2021,군포시,휘발유,비사업용,16661,5,1,54,no
2021,군포시,휘발유,사업용,18,0,0,0,no
2021,군포시,휘발유(무연),비사업용,34443,10,0,10,no
2021,군포시,휘발유(무연),사업용,68,0,0,0,no
2021,군포시,휘발유(유연),비사업용,37,0,0,0,no
2020,군포시,CNG,비사업용,16,0,0,1,no
2020,군포시,CNG,사업용,0,7,0,0,no
2020,군포시,경유,비사업용,25646,2285,113,8845,no
2020,군포시,경유,사업용,54,155,304,3584,no
2020,군포시,기타연료,비사업용,0,63,16,159,no
2020,군포시,기타연료,사업용,0,0,0,120,no
2020,군포시,수소,비사업용,18,0,0,0,no
2020,군포시,엘피지,비사업용,5766,318,0,429,no
2020,군포시,엘피지,사업용,684,0,0,104,no
2020,군포시,전기,비사업용,250,0,0,18,yes
2020,군포시,전기,사업용,3,0,0,24,yes
2020,군포시,하이브리드(LPG+전기),비사업용,76,0,0,0,no
2020,군포시,하이브리드(경유+전기),비사업용,14,0,0,5,no
2020,군포시,하이브리드(휘발유+전기),비사업용,3436,0,0,0,no
2020,군포시,하이브리드(휘발유+전기),사업용,2,0,0,0,no
2020,군포시,휘발유,비사업용,17291,7,1,39,no
2020,군포시,휘발유,사업용,13,0,0,0,no
2020,군포시,휘발유(무연),비사업용,33586,9,0,10,no
2020,군포시,휘발유(무연),사업용,79,0,0,0,no
2020,군포시,휘발유(유연),비사업용,33,0,0,0,no
2019,군포시,수소,비사업용,6,0,0,0,no
2019,군포시,엘피지,비사업용,5917,326,0,423,no
2019,군포시,엘피지,사업용,652,0,0,108,no
2019,군포시,전기,비사업용,174,0,0,0,yes
2019,군포시,전기,사업용,0,0,0,1,yes
2019,군포시,하이브리드(LPG+전기),비사업용,76,0,0,0,no
2019,군포시,하이브리드(경유+전기),비사업용,2,0,0,0,no
2019,군포시,하이브리드(휘발유+전기),비사업용,2678,0,0,0,no
2019,군포시,휘발유,비사업용,17707,6,1,22,no
2019,군포시,휘발유,사업용,9,0,0,0,no
2019,군포시,휘발유(무연),비사업용,32046,11,0,7,no
2019,군포시,휘발유(무연),사업용,64,0,0,0,no
2019,군포시,휘발유(유연),비사업용,35,0,0,0,no
2019,군포시,CNG,비사업용,22,0,0,1,no
2019,군포시,CNG,사업용,0,10,0,0,no
2019,군포시,경유,비사업용,25617,2423,93,8846,no
2019,군포시,경유,사업용,51,163,360,3561,no
2019,군포시,기타연료,비사업용,0,60,6,147,no
2019,군포시,기타연료,사업용,0,0,0,118,no
2025,김포시,CNG,비사업용,15,1,2,0,no
2025,김포시,CNG,사업용,0,374,0,0,no
2025,김포시,경유,비사업용,48380,3768,25302,518,no
2025,김포시,경유,사업용,241,951,3046,668,no
2025,김포시,기타연료,비사업용,2,146,666,182,no
2025,김포시,기타연료,사업용,0,0,265,0,no
2025,김포시,수소,비사업용,264,0,0,0,no
2025,김포시,수소,사업용,4,5,0,0,no
2025,김포시,수소전기,비사업용,60,0,0,0,no
2025,김포시,수소전기,사업용,0,3,0,0,no
2025,김포시,엘피지,비사업용,10152,584,2636,28,no
2025,김포시,엘피지,사업용,810,3,596,8,no
2025,김포시,전기,비사업용,6414,30,1740,8,yes
2025,김포시,전기,사업용,514,334,699,0,yes
2025,김포시,하이브리드(LPG+전기),비사업용,76,0,0,0,no
2025,김포시,하이브리드(LPG+전기),사업용,2,0,0,0,no
2025,김포시,하이브리드(경유+전기),비사업용,475,0,0,0,no
2025,김포시,하이브리드(휘발유+전기),비사업용,21637,35,71,3,no
2025,김포시,하이브리드(휘발유+전기),사업용,351,2,2,0,no
2025,김포시,휘발유,비사업용,34601,29,261,5,no
2025,김포시,휘발유,사업용,74,0,0,0,no
2025,김포시,휘발유(무연),비사업용,81563,28,139,1,no
2025,김포시,휘발유(무연),사업용,1428,0,0,0,no
2025,김포시,휘발유(유연),비사업용,95,0,0,0,no
2024,김포시,CNG,비사업용,22,2,3,0,no
2024,김포시,CNG,사업용,0,415,0,0,no
2024,김포시,경유,비사업용,52113,4181,26682,507,no
2024,김포시,경유,사업용,251,980,3278,689,no
2024,김포시,기타연료,비사업용,2,150,710,192,no
2024,김포시,기타연료,사업용,0,0,269,1,no
2024,김포시,수소,비사업용,284,0,0,0,no
2024,김포시,수소,사업용,7,3,0,0,no
2024,김포시,수소전기,비사업용,1,0,0,0,no
2024,김포시,엘피지,비사업용,10638,581,1883,19,no
2024,김포시,엘피지,사업용,880,3,374,6,no
2024,김포시,전기,비사업용,4569,30,1466,5,yes
2024,김포시,전기,사업용,661,285,604,0,yes
2024,김포시,하이브리드(LPG+전기),비사업용,99,0,0,0,no
2024,김포시,하이브리드(LPG+전기),사업용,2,0,0,0,no
2024,김포시,하이브리드(경유+전기),비사업용,509,0,0,0,no
2024,김포시,하이브리드(경유+전기),사업용,8,0,0,0,no
2024,김포시,하이브리드(휘발유+전기),비사업용,17765,15,27,1,no
2024,김포시,하이브리드(휘발유+전기),사업용,349,0,1,0,no
2024,김포시,휘발유,비사업용,37280,33,270,6,no
2024,김포시,휘발유,사업용,118,0,0,0,no
2024,김포시,휘발유(무연),비사업용,80479,31,41,1,no
2024,김포시,휘발유(무연),사업용,875,0,0,0,no
2024,김포시,휘발유(유연),비사업용,81,0,0,0,no
2023,김포시,CNG,비사업용,29,0,3,0,no
2023,김포시,CNG,사업용,0,455,0,0,no
2023,김포시,경유,비사업용,54419,4485,27802,472,no
2023,김포시,경유,사업용,243,888,3502,679,no
2023,김포시,기타연료,비사업용,2,171,713,190,no
2023,김포시,기타연료,사업용,0,0,267,8,no
2023,김포시,수소,비사업용,254,0,0,0,no
2023,김포시,수소,사업용,10,0,0,0,no
2023,김포시,엘피지,비사업용,11042,590,1027,8,no
2023,김포시,엘피지,사업용,932,1,172,3,no
2023,김포시,전기,비사업용,3343,34,1293,4,yes
2023,김포시,전기,사업용,428,191,498,0,yes
2023,김포시,하이브리드(CNG+전기),사업용,0,5,0,0,no
2023,김포시,하이브리드(LPG+전기),비사업용,103,0,0,0,no
2023,김포시,하이브리드(LPG+전기),사업용,1,0,0,0,no
2023,김포시,하이브리드(경유+전기),비사업용,384,0,0,0,no
2023,김포시,하이브리드(경유+전기),사업용,5,0,0,0,no
2023,김포시,하이브리드(휘발유+전기),비사업용,13971,0,1,0,no
2023,김포시,하이브리드(휘발유+전기),사업용,117,0,0,0,no
2023,김포시,휘발유,비사업용,38796,32,248,4,no
2023,김포시,휘발유,사업용,110,1,0,2,no
2023,김포시,휘발유(무연),비사업용,78087,37,36,1,no
2023,김포시,휘발유(무연),사업용,801,0,0,0,no
2023,김포시,휘발유(유연),비사업용,89,0,0,0,no
2022,김포시,CNG,비사업용,46,1,0,4,no
2022,김포시,CNG,사업용,0,490,0,0,no
2022,김포시,경유,비사업용,56816,4851,426,27855,no
2022,김포시,경유,사업용,259,904,712,3302,no
2022,김포시,기타연료,비사업용,2,181,180,684,no
2022,김포시,기타연료,사업용,0,1,0,275,no
2022,김포시,수소,비사업용,213,0,0,0,no
2022,김포시,수소,사업용,10,0,0,0,no
2022,김포시,엘피지,비사업용,11305,571,7,1028,no
2022,김포시,엘피지,사업용,901,1,3,173,no
2022,김포시,전기,비사업용,2443,35,0,698,yes
2022,김포시,전기,사업용,379,169,0,410,yes
2022,김포시,하이브리드(CNG+전기),사업용,0,5,0,0,no
2022,김포시,하이브리드(LPG+전기),비사업용,121,0,0,0,no
2022,김포시,하이브리드(경유+전기),비사업용,279,0,0,0,no
2022,김포시,하이브리드(경유+전기),사업용,20,0,0,0,no
2022,김포시,하이브리드(휘발유+전기),비사업용,11290,0,0,0,no
2022,김포시,하이브리드(휘발유+전기),사업용,70,0,0,0,no
2022,김포시,휘발유,비사업용,39761,25,3,238,no
2022,김포시,휘발유,사업용,65,2,1,0,no
2022,김포시,휘발유(무연),비사업용,74781,29,1,37,no
2022,김포시,휘발유(무연),사업용,491,0,0,0,no
2022,김포시,휘발유(유연),비사업용,90,0,0,0,no
2021,김포시,CNG,비사업용,54,1,0,1,no
2021,김포시,CNG,사업용,0,537,0,0,no
2021,김포시,경유,비사업용,58202,5056,378,27297,no
2021,김포시,경유,사업용,266,860,730,3166,no
2021,김포시,기타연료,비사업용,2,198,143,668,no
2021,김포시,기타연료,사업용,0,1,0,294,no
2021,김포시,수소,비사업용,87,0,0,0,no
2021,김포시,엘피지,비사업용,11577,596,5,1057,no
2021,김포시,엘피지,사업용,932,0,3,179,no
2021,김포시,전기,비사업용,1516,35,0,347,yes
2021,김포시,전기,사업용,92,135,0,256,yes
2021,김포시,하이브리드(CNG+전기),사업용,0,5,0,0,no
2021,김포시,하이브리드(LPG+전기),비사업용,141,0,0,0,no
2021,김포시,하이브리드(경유+전기),비사업용,173,0,0,0,no
2021,김포시,하이브리드(경유+전기),사업용,18,0,0,0,no
2021,김포시,하이브리드(휘발유+전기),비사업용,9361,0,0,0,no
2021,김포시,하이브리드(휘발유+전기),사업용,43,0,0,0,no
2021,김포시,휘발유,비사업용,40314,28,1,213,no
2021,김포시,휘발유,사업용,57,0,1,0,no
2021,김포시,휘발유(무연),비사업용,72607,26,1,43,no
2021,김포시,휘발유(무연),사업용,533,0,0,0,no
2021,김포시,휘발유(유연),비사업용,94,0,0,0,no
2020,김포시,전기,사업용,13,113,0,22,yes
2020,김포시,하이브리드(CNG+전기),사업용,0,5,0,0,no
2020,김포시,하이브리드(LPG+전기),비사업용,137,0,0,0,no
2020,김포시,하이브리드(경유+전기),비사업용,42,0,0,0,no
2020,김포시,하이브리드(경유+전기),사업용,11,0,0,0,no
2020,김포시,하이브리드(휘발유+전기),비사업용,7163,0,0,0,no
2020,김포시,하이브리드(휘발유+전기),사업용,30,0,0,0,no
2020,김포시,휘발유,비사업용,39347,21,0,152,no
2020,김포시,휘발유,사업용,45,0,0,0,no
2020,김포시,휘발유(무연),비사업용,68976,28,0,44,no
2020,김포시,휘발유(무연),사업용,468,0,0,0,no
2020,김포시,휘발유(유연),비사업용,103,0,0,0,no
2020,김포시,CNG,비사업용,58,1,0,3,no
2020,김포시,CNG,사업용,0,627,0,0,no
2020,김포시,경유,비사업용,57303,5273,317,27094,no
2020,김포시,경유,사업용,265,873,760,2963,no
2020,김포시,기타연료,비사업용,2,208,55,547,no
2020,김포시,기타연료,사업용,0,1,0,292,no
2020,김포시,수소,비사업용,21,0,0,0,no
2020,김포시,엘피지,비사업용,11601,604,5,1050,no
2020,김포시,엘피지,사업용,1044,0,1,184,no
2020,김포시,전기,비사업용,853,19,0,56,yes
2019,김포시,CNG,비사업용,60,0,0,2,no
2019,김포시,CNG,사업용,0,646,0,0,no
2019,김포시,경유,비사업용,52859,5237,232,26048,no
2019,김포시,경유,사업용,251,940,753,2777,no
2019,김포시,기타연료,비사업용,4,196,7,440,no
2019,김포시,기타연료,사업용,0,1,0,270,no
2019,김포시,수소,비사업용,4,0,0,0,no
2019,김포시,엘피지,비사업용,11356,611,2,1026,no
2019,김포시,엘피지,사업용,980,0,1,173,no
2019,김포시,전기,비사업용,460,1,0,0,yes
2024,성남시 수정구,전기,사업용,128,50,123,0,yes
2024,성남시 수정구,하이브리드(LPG+전기),비사업용,37,0,0,0,no
2024,성남시 수정구,하이브리드(경유+전기),비사업용,128,0,0,0,no
2024,성남시 수정구,하이브리드(경유+전기),사업용,6,0,0,0,no
2024,성남시 수정구,하이브리드(휘발유+전기),비사업용,7007,2,12,1,no
2024,성남시 수정구,하이브리드(휘발유+전기),사업용,141,0,0,0,no
2024,성남시 수정구,휘발유,비사업용,13522,11,61,1,no
2024,성남시 수정구,휘발유,사업용,227,0,0,0,no
2024,성남시 수정구,휘발유(무연),비사업용,27673,16,19,0,no
2024,성남시 수정구,휘발유(무연),사업용,317,0,0,0,no
2024,성남시 수정구,휘발유(유연),비사업용,26,0,0,0,no
2023,성남시 수정구,CNG,비사업용,3,0,4,0,no
2023,성남시 수정구,CNG,사업용,0,40,0,0,no
2023,성남시 수정구,경유,비사업용,19020,1853,6966,159,no
2023,성남시 수정구,경유,사업용,95,170,1319,154,no
2023,성남시 수정구,기타연료,비사업용,0,42,87,33,no
2023,성남시 수정구,기타연료,사업용,0,0,27,0,no
2023,성남시 수정구,수소,비사업용,94,0,0,0,no
2023,성남시 수정구,수소,사업용,4,0,0,0,no
2023,성남시 수정구,엘피지,비사업용,4044,312,465,0,no
2023,성남시 수정구,엘피지,사업용,623,0,60,0,no
2023,성남시 수정구,전기,비사업용,1172,0,153,1,yes
2023,성남시 수정구,전기,사업용,118,17,105,0,yes
2023,성남시 수정구,하이브리드(LPG+전기),비사업용,48,0,0,0,no
2023,성남시 수정구,하이브리드(경유+전기),비사업용,105,0,0,0,no
2023,성남시 수정구,하이브리드(경유+전기),사업용,7,0,0,0,no
2023,성남시 수정구,하이브리드(휘발유+전기),비사업용,5497,0,0,0,no
2023,성남시 수정구,하이브리드(휘발유+전기),사업용,26,0,0,0,no
2023,성남시 수정구,휘발유,비사업용,14218,10,58,1,no
2023,성남시 수정구,휘발유,사업용,70,0,0,0,no
2023,성남시 수정구,휘발유(무연),비사업용,26984,15,13,0,no
2023,성남시 수정구,휘발유(무연),사업용,115,0,0,0,no
2023,성남시 수정구,휘발유(유연),비사업용,19,0,0,0,no
2022,성남시 수정구,휘발유(무연),비사업용,24959,17,0,12,no
2022,성남시 수정구,휘발유(무연),사업용,102,0,0,0,no
2022,성남시 수정구,휘발유(유연),비사업용,18,0,0,0,no
2022,성남시 수정구,CNG,비사업용,8,0,0,5,no
2022,성남시 수정구,CNG,사업용,0,68,0,0,no
2022,성남시 수정구,경유,비사업용,18963,1956,138,7035,no
2022,성남시 수정구,경유,사업용,70,145,139,1104,no
2022,성남시 수정구,기타연료,비사업용,0,44,29,82,no
2022,성남시 수정구,기타연료,사업용,0,0,0,15,no
2022,성남시 수정구,수소,비사업용,89,0,0,0,no
2022,성남시 수정구,수소,사업용,3,0,0,0,no
2022,성남시 수정구,엘피지,비사업용,4125,292,1,497,no
2022,성남시 수정구,엘피지,사업용,718,0,0,65,no
2022,성남시 수정구,전기,비사업용,746,0,1,94,yes
2022,성남시 수정구,전기,사업용,84,9,0,73,yes
2022,성남시 수정구,하이브리드(LPG+전기),비사업용,56,0,0,0,no
2022,성남시 수정구,하이브리드(경유+전기),비사업용,72,0,0,0,no
2022,성남시 수정구,하이브리드(경유+전기),사업용,5,0,0,0,no
2022,성남시 수정구,하이브리드(휘발유+전기),비사업용,4111,0,0,0,no
2022,성남시 수정구,하이브리드(휘발유+전기),사업용,12,0,0,0,no
2022,성남시 수정구,휘발유,비사업용,14052,10,0,56,no
2022,성남시 수정구,휘발유,사업용,59,0,0,0,no
2021,성남시 수정구,CNG,비사업용,9,1,0,5,no
2021,성남시 수정구,CNG,사업용,0,77,0,0,no
2021,성남시 수정구,경유,비사업용,19812,2051,133,7126,no
2021,성남시 수정구,경유,사업용,72,148,139,1100,no
2021,성남시 수정구,기타연료,비사업용,0,45,20,83,no
2021,성남시 수정구,기타연료,사업용,0,0,0,15,no
2021,성남시 수정구,수소,비사업용,51,0,0,0,no
2021,성남시 수정구,엘피지,비사업용,4247,310,1,541,no
2021,성남시 수정구,엘피지,사업용,844,0,0,66,no
2021,성남시 수정구,전기,비사업용,408,0,0,30,yes
2021,성남시 수정구,전기,사업용,18,0,0,59,yes
2021,성남시 수정구,하이브리드(LPG+전기),비사업용,57,0,0,0,no
2021,성남시 수정구,하이브리드(경유+전기),비사업용,39,0,0,0,no
2021,성남시 수정구,하이브리드(경유+전기),사업용,5,0,0,0,no
2021,성남시 수정구,하이브리드(휘발유+전기),비사업용,3426,0,0,1,no
2021,성남시 수정구,하이브리드(휘발유+전기),사업용,9,0,0,0,no
2021,성남시 수정구,휘발유,비사업용,14518,11,0,50,no
2021,성남시 수정구,휘발유,사업용,56,0,0,0,no
2021,성남시 수정구,휘발유(무연),비사업용,24691,14,0,14,no
2021,성남시 수정구,휘발유(무연),사업용,29,0,0,0,no
2021,성남시 수정구,휘발유(유연),비사업용,22,0,0,0,no
2020,성남시 수정구,CNG,비사업용,14,1,0,4,no
2020,성남시 수정구,CNG,사업용,0,77,0,0,no
2020,성남시 수정구,경유,비사업용,20246,2189,94,7417,no
2020,성남시 수정구,경유,사업용,81,143,145,1003,no
2020,성남시 수정구,기타연료,비사업용,0,50,13,69,no
2020,성남시 수정구,기타연료,사업용,0,0,0,15,no
2020,성남시 수정구,수소,비사업용,31,0,0,0,no
2020,성남시 수정구,엘피지,비사업용,4385,312,2,547,no
2020,성남시 수정구,엘피지,사업용,890,0,0,71,no
2020,성남시 수정구,전기,비사업용,288,0,0,10,yes
2020,성남시 수정구,전기,사업용,5,0,0,12,yes
2020,성남시 수정구,하이브리드(LPG+전기),비사업용,67,0,0,0,no
2020,성남시 수정구,하이브리드(경유+전기),비사업용,15,0,0,0,no
2020,성남시 수정구,하이브리드(휘발유+전기),비사업용,2780,0,0,0,no
2020,성남시 수정구,하이브리드(휘발유+전기),사업용,5,0,0,0,no
2020,성남시 수정구,휘발유,비사업용,14784,12,0,44,no
2020,성남시 수정구,휘발유,사업용,48,0,0,0,no
2020,성남시 수정구,휘발유(무연),비사업용,23878,13,0,13,no
2020,성남시 수정구,휘발유(무연),사업용,17,0,0,0,no
2020,성남시 수정구,휘발유(유연),비사업용,31,0,0,0,no
2019,성남시 수정구,CNG,비사업용,23,1,0,2,no
2019,성남시 수정구,CNG,사업용,0,59,0,0,no
2019,성남시 수정구,경유,비사업용,19069,2266,62,7505,no
2019,성남시 수정구,경유,사업용,74,116,143,977,no
2019,성남시 수정구,기타연료,비사업용,0,38,5,52,no
2019,성남시 수정구,기타연료,사업용,0,0,0,12,no
2019,성남시 수정구,수소,비사업용,10,0,0,0,no
2019,성남시 수정구,엘피지,비사업용,4391,328,2,571,no
2019,성남시 수정구,엘피지,사업용,868,0,0,77,no
2019,성남시 수정구,전기,비사업용,169,0,0,0,yes
2019,성남시 수정구,전기,사업용,1,0,0,0,yes
2019,성남시 수정구,하이브리드(LPG+전기),비사업용,61,0,0,0,no
2019,성남시 수정구,하이브리드(경유+전기),비사업용,2,0,0,0,no
2019,성남시 수정구,하이브리드(휘발유+전기),비사업용,1984,0,0,0,no
2019,성남시 수정구,하이브리드(휘발유+전기),사업용,5,0,0,0,no
2019,성남시 수정구,휘발유,비사업용,13881,15,1,27,no
2019,성남시 수정구,휘발유,사업용,25,0,0,0,no
2019,성남시 수정구,휘발유(무연),비사업용,21533,13,0,18,no
2019,성남시 수정구,휘발유(무연),사업용,13,0,0,0,no
2019,성남시 수정구,휘발유(유연),비사업용,25,0,0,0,no
2025,성남시 중원구,CNG,비사업용,5,0,3,0,no
2025,성남시 중원구,CNG,사업용,0,63,0,0,no
2025,성남시 중원구,경유,비사업용,15152,1621,7283,176,no
2025,성남시 중원구,경유,사업용,103,161,1248,159,no
2025,성남시 중원구,기타연료,비사업용,1,23,83,17,no
2025,성남시 중원구,기타연료,사업용,0,0,7,0,no
2025,성남시 중원구,수소,비사업용,116,0,0,0,no
2025,성남시 중원구,수소,사업용,3,0,0,0,no
2025,성남시 중원구,수소전기,비사업용,46,2,0,0,no
2025,성남시 중원구,수소전기,사업용,0,1,0,0,no
2025,성남시 중원구,엘피지,비사업용,3414,273,873,10,no
2025,성남시 중원구,엘피지,사업용,1512,0,229,2,no
2025,성남시 중원구,전기,비사업용,2007,0,254,1,yes
2025,성남시 중원구,전기,사업용,251,85,133,0,yes
2025,성남시 중원구,하이브리드(LPG+전기),비사업용,21,0,0,0,no
2025,성남시 중원구,하이브리드(LPG+전기),사업용,6,0,0,0,no
2025,성남시 중원구,하이브리드(경유+전기),비사업용,92,0,0,0,no
2025,성남시 중원구,하이브리드(경유+전기),사업용,1,0,0,0,no
2025,성남시 중원구,하이브리드(휘발유+전기),비사업용,6699,17,34,1,no
2025,성남시 중원구,하이브리드(휘발유+전기),사업용,45,0,0,0,no
2025,성남시 중원구,휘발유,비사업용,9648,7,57,1,no
2025,성남시 중원구,휘발유,사업용,24,0,0,0,no
2025,성남시 중원구,휘발유(무연),비사업용,25843,10,33,0,no
2025,성남시 중원구,휘발유(무연),사업용,162,1,0,0,no
2025,성남시 중원구,휘발유(유연),비사업용,24,0,0,0,no
2024,성남시 중원구,CNG,비사업용,7,1,3,0,no
2024,성남시 중원구,CNG,사업용,0,58,0,0,no
2024,성남시 중원구,경유,비사업용,16396,1770,7780,169,no
2024,성남시 중원구,경유,사업용,127,159,1289,142,no
2024,성남시 중원구,기타연료,비사업용,1,23,85,17,no
2024,성남시 중원구,기타연료,사업용,0,0,6,0,no
2024,성남시 중원구,수소,비사업용,122,0,0,0,no
2024,성남시 중원구,수소,사업용,5,0,0,0,no
2024,성남시 중원구,엘피지,비사업용,3689,291,705,9,no
2024,성남시 중원구,엘피지,사업용,1515,0,168,1,no
2024,성남시 중원구,전기,비사업용,1190,0,197,3,yes
2024,성남시 중원구,전기,사업용,231,68,127,0,yes
2024,성남시 중원구,하이브리드(LPG+전기),비사업용,31,0,0,0,no
2024,성남시 중원구,하이브리드(LPG+전기),사업용,5,0,0,0,no
2024,성남시 중원구,하이브리드(경유+전기),비사업용,88,0,0,0,no
2024,성남시 중원구,하이브리드(경유+전기),사업용,1,0,0,0,no
2024,성남시 분당구,엘피지,사업용,1191,7,95,0,no
2024,성남시 분당구,전기,비사업용,5874,0,225,1,yes
2024,성남시 분당구,전기,사업용,1460,355,65,0,yes
2024,성남시 분당구,하이브리드(LPG+전기),비사업용,55,0,0,0,no
2024,성남시 분당구,하이브리드(경유+전기),비사업용,580,0,0,0,no
2024,성남시 분당구,하이브리드(경유+전기),사업용,24,0,0,0,no
2024,성남시 분당구,하이브리드(휘발유+전기),비사업용,22278,11,18,0,no
2024,성남시 분당구,하이브리드(휘발유+전기),사업용,234,1,0,0,no
2024,성남시 분당구,휘발유,비사업용,42658,19,92,4,no
2024,성남시 분당구,휘발유,사업용,135,1,0,2,no
2024,성남시 분당구,휘발유(무연),비사업용,63925,28,23,0,no
2024,성남시 분당구,휘발유(무연),사업용,954,1,0,0,no
2024,성남시 분당구,휘발유(유연),비사업용,76,0,0,0,no
2023,성남시 분당구,CNG,비사업용,9,0,4,0,no
2023,성남시 분당구,CNG,사업용,0,432,0,0,no
2023,성남시 분당구,경유,비사업용,41240,2092,6888,260,no
2023,성남시 분당구,경유,사업용,403,644,1697,214,no
2023,성남시 분당구,기타연료,비사업용,0,92,249,79,no
2023,성남시 분당구,기타연료,사업용,0,3,128,2,no
2023,성남시 분당구,수소,비사업용,171,0,0,0,no
2023,성남시 분당구,수소,사업용,29,3,0,0,no
2023,성남시 분당구,엘피지,비사업용,5717,327,415,7,no
2023,성남시 분당구,엘피지,사업용,1400,7,52,0,no
2023,성남시 분당구,전기,비사업용,4706,1,194,1,yes
2023,성남시 분당구,전기,사업용,1552,299,62,0,yes
2023,성남시 분당구,하이브리드(LPG+전기),비사업용,68,0,0,0,no
2023,성남시 분당구,하이브리드(경유+전기),비사업용,469,0,0,0,no
2023,성남시 분당구,하이브리드(경유+전기),사업용,25,0,0,0,no
2023,성남시 분당구,하이브리드(휘발유+전기),비사업용,18262,0,2,0,no
2023,성남시 분당구,하이브리드(휘발유+전기),사업용,146,0,0,0,no
2023,성남시 분당구,휘발유,비사업용,45001,21,107,4,no
2023,성남시 분당구,휘발유,사업용,143,1,0,2,no
2023,성남시 분당구,휘발유(무연),비사업용,63101,27,19,0,no
2023,성남시 분당구,휘발유(무연),사업용,917,0,0,0,no
2023,성남시 분당구,휘발유(유연),비사업용,77,0,0,0,no
2022,성남시 분당구,CNG,비사업용,15,0,0,4,no
2022,성남시 분당구,CNG,사업용,0,485,0,0,no
2022,성남시 분당구,경유,비사업용,44230,2306,242,7205,no
2022,성남시 분당구,경유,사업용,353,585,225,1764,no
2022,성남시 분당구,기타연료,비사업용,0,97,71,261,no
2022,성남시 분당구,기타연료,사업용,0,3,0,134,no
2022,성남시 분당구,수소,비사업용,166,0,0,0,no
2022,성남시 분당구,수소,사업용,19,0,0,0,no
2022,성남시 분당구,엘피지,비사업용,6190,335,7,451,no
2022,성남시 분당구,엘피지,사업용,1569,2,0,58,no
2022,성남시 분당구,전기,비사업용,3348,2,0,131,yes
2022,성남시 분당구,전기,사업용,1424,203,0,56,yes
2022,성남시 분당구,하이브리드(LPG+전기),비사업용,76,0,0,0,no
2022,성남시 분당구,하이브리드(경유+전기),비사업용,344,0,0,0,no
2022,성남시 분당구,하이브리드(경유+전기),사업용,14,0,0,0,no
2022,성남시 분당구,하이브리드(휘발유+전기),비사업용,14880,0,0,1,no
2022,성남시 분당구,하이브리드(휘발유+전기),사업용,143,0,0,0,no
2022,성남시 분당구,휘발유,비사업용,47450,21,2,114,no
2022,성남시 분당구,휘발유,사업용,107,1,0,0,no
2022,성남시 분당구,휘발유(무연),비사업용,62614,25,0,21,no
2022,성남시 분당구,휘발유(무연),사업용,861,0,0,0,no
2022,성남시 분당구,휘발유(유연),비사업용,88,0,0,0,no
2021,성남시 분당구,기타연료,사업용,0,3,0,129,no
2021,성남시 분당구,수소,비사업용,97,0,0,0,no
2021,성남시 분당구,수소,사업용,14,0,0,0,no
2021,성남시 분당구,엘피지,비사업용,6407,336,3,467,no
2021,성남시 분당구,엘피지,사업용,1762,1,0,57,no
2021,성남시 분당구,전기,비사업용,1607,11,0,42,yes
2021,성남시 분당구,전기,사업용,269,135,0,46,yes
2021,성남시 분당구,하이브리드(LPG+전기),비사업용,87,0,0,0,no
2021,성남시 분당구,하이브리드(경유+전기),비사업용,212,0,0,0,no
2021,성남시 분당구,하이브리드(경유+전기),사업용,3,0,0,0,no
2021,성남시 분당구,하이브리드(휘발유+전기),비사업용,12429,0,0,2,no
2021,성남시 분당구,하이브리드(휘발유+전기),사업용,134,0,0,0,no
2021,성남시 분당구,휘발유,비사업용,48124,22,2,89,no
2021,성남시 분당구,휘발유,사업용,87,3,0,0,no
2021,성남시 분당구,휘발유(무연),비사업용,61753,24,0,23,no
2021,성남시 분당구,휘발유(무연),사업용,831,0,0,0,no
2021,성남시 분당구,휘발유(유연),비사업용,93,0,0,0,no
2021,성남시 분당구,CNG,비사업용,20,0,0,4,no
2021,성남시 분당구,CNG,사업용,0,534,0,0,no
2021,성남시 분당구,경유,비사업용,45913,2444,201,7345,no
2021,성남시 분당구,경유,사업용,398,634,202,1745,no
2020,수원시 장안구,경유,사업용,82,166,107,1799,no
2020,수원시 장안구,기타연료,비사업용,0,65,12,175,no
2020,수원시 장안구,기타연료,사업용,0,0,0,19,no
2019,수원시 장안구,CNG,비사업용,25,0,0,0,no
2019,수원시 장안구,CNG,사업용,0,446,0,0,no
2019,수원시 장안구,경유,비사업용,27546,3380,91,8651,no
2019,수원시 장안구,경유,사업용,77,188,107,1781,no
2019,수원시 장안구,기타연료,비사업용,0,64,5,154,no
2019,수원시 장안구,기타연료,사업용,0,0,0,18,no
2019,수원시 장안구,수소,비사업용,5,0,0,0,no
2019,수원시 장안구,엘피지,비사업용,6180,299,1,437,no
2019,수원시 장안구,엘피지,사업용,973,0,0,100,no
2019,수원시 장안구,전기,비사업용,196,0,1,0,yes
2019,수원시 장안구,전기,사업용,0,62,0,0,yes
2019,수원시 장안구,하이브리드(CNG+전기),사업용,0,5,0,0,no
2019,수원시 장안구,하이브리드(LPG+전기),비사업용,96,0,0,0,no
2019,수원시 장안구,하이브리드(휘발유+전기),비사업용,2635,0,0,0,no
2019,수원시 장안구,하이브리드(휘발유+전기),사업용,1,0,0,0,no
2019,수원시 장안구,휘발유,비사업용,19034,4,0,26,no
2019,수원시 장안구,휘발유,사업용,2,0,0,0,no
2019,수원시 장안구,휘발유(무연),비사업용,33963,12,0,11,no
2019,수원시 장안구,휘발유(무연),사업용,81,0,0,0,no
2019,수원시 장안구,휘발유(유연),비사업용,53,0,0,0,no
2025,수원시 팔달구,CNG,비사업용,3,0,4,0,no
2025,수원시 팔달구,경유,비사업용,16348,1931,5282,151,no
2025,수원시 팔달구,경유,사업용,181,68,1660,102,no
2025,수원시 팔달구,기타연료,비사업용,1,33,133,24,no
2025,수원시 팔달구,기타연료,사업용,0,0,25,0,no
2025,수원시 팔달구,수소,비사업용,76,0,0,0,no
2025,수원시 팔달구,수소전기,비사업용,6,1,0,0,no
2025,수원시 팔달구,엘피지,비사업용,3913,261,532,6,no
2025,수원시 팔달구,엘피지,사업용,518,5,254,1,no
2025,수원시 팔달구,전기,비사업용,1768,0,153,2,yes
2025,수원시 팔달구,전기,사업용,520,0,103,0,yes
2025,수원시 팔달구,하이브리드(LPG+전기),비사업용,25,0,0,0,no
2025,수원시 팔달구,하이브리드(경유+전기),비사업용,174,0,0,0,no
2025,수원시 팔달구,하이브리드(경유+전기),사업용,2,0,0,0,no
2025,수원시 팔달구,하이브리드(휘발유+전기),비사업용,8410,10,21,1,no
2025,수원시 팔달구,하이브리드(휘발유+전기),사업용,1547,0,0,0,no
2025,수원시 팔달구,휘발유,비사업용,11821,6,93,0,no
2025,수원시 팔달구,휘발유,사업용,50,1,0,0,no
2025,수원시 팔달구,휘발유(무연),비사업용,29681,11,45,0,no
2025,수원시 팔달구,휘발유(무연),사업용,1723,0,0,0,no
2025,수원시 팔달구,휘발유(유연),비사업용,36,0,0,0,no
2024,수원시 팔달구,CNG,비사업용,7,0,4,0,no
2024,수원시 팔달구,경유,비사업용,17911,2134,5687,157,no
2024,수원시 팔달구,경유,사업용,90,59,1718,103,no
2024,수원시 팔달구,기타연료,비사업용,1,34,141,25,no
2024,수원시 팔달구,기타연료,사업용,0,0,22,0,no
2024,수원시 팔달구,수소,비사업용,76,0,0,0,no
2024,수원시 팔달구,수소,사업용,1,0,0,0,no
2024,수원시 팔달구,수소전기,비사업용,0,1,0,0,no
2024,수원시 팔달구,엘피지,비사업용,4245,265,412,6,no
2024,수원시 팔달구,엘피지,사업용,575,4,169,1,no
2024,수원시 팔달구,전기,비사업용,1261,1,107,2,yes
2024,수원시 팔달구,전기,사업용,303,0,84,0,yes
2024,수원시 팔달구,하이브리드(LPG+전기),비사업용,36,0,0,0,no
2024,수원시 팔달구,하이브리드(LPG+전기),사업용,1,0,0,0,no
2024,수원시 팔달구,하이브리드(경유+전기),비사업용,106,0,0,0,no
2024,수원시 팔달구,하이브리드(경유+전기),사업용,2,0,0,0,no
2024,수원시 팔달구,하이브리드(휘발유+전기),비사업용,6723,4,7,2,no
2024,수원시 팔달구,하이브리드(휘발유+전기),사업용,60,0,0,0,no
2024,수원시 팔달구,휘발유,비사업용,12907,6,94,0,no
2024,수원시 팔달구,휘발유,사업용,23,1,0,0,no
2024,수원시 팔달구,휘발유(무연),비사업용,29604,11,25,0,no
2024,수원시 팔달구,휘발유(무연),사업용,277,0,0,0,no
2024,수원시 팔달구,휘발유(유연),비사업용,43,0,0,0,no
2023,수원시 팔달구,CNG,비사업용,5,0,4,0,no
2023,수원시 팔달구,경유,비사업용,19014,2290,6125,150,no
2023,수원시 팔달구,경유,사업용,82,60,1659,99,no
2023,수원시 팔달구,기타연료,비사업용,0,40,148,25,no
2023,수원시 팔달구,기타연료,사업용,0,0,23,0,no
2023,수원시 팔달구,수소,비사업용,73,0,0,0,no
2023,수원시 팔달구,수소,사업용,5,0,0,0,no
2023,수원시 팔달구,엘피지,비사업용,4504,259,290,4,no
2023,수원시 팔달구,엘피지,사업용,603,4,84,0,no
2023,수원시 팔달구,전기,비사업용,991,1,92,1,yes
2023,수원시 팔달구,전기,사업용,291,0,68,0,yes
2023,수원시 팔달구,하이브리드(LPG+전기),비사업용,44,0,0,0,no
2023,수원시 팔달구,하이브리드(LPG+전기),사업용,1,0,0,0,no
2023,수원시 팔달구,하이브리드(경유+전기),비사업용,96,0,0,0,no
2023,수원시 팔달구,하이브리드(경유+전기),사업용,3,0,0,0,no
2023,수원시 팔달구,하이브리드(휘발유+전기),비사업용,5384,0,1,0,no
2023,수원시 팔달구,하이브리드(휘발유+전기),사업용,17,0,0,0,no
2023,수원시 팔달구,휘발유,비사업용,13798,12,90,0,no
2023,수원시 팔달구,휘발유,사업용,27,0,0,0,no
2023,수원시 팔달구,휘발유(무연),비사업용,29295,21,21,0,no
2023,수원시 팔달구,휘발유(무연),사업용,188,0,0,0,no
2023,수원시 팔달구,휘발유(유연),비사업용,43,0,0,0,no
2022,수원시 팔달구,휘발유(무연),사업용,215,0,0,0,no
2022,수원시 팔달구,휘발유(유연),비사업용,41,0,0,0,no
2022,수원시 팔달구,CNG,비사업용,6,1,0,2,no
2022,수원시 팔달구,CNG,사업용,0,3,0,0,no
2022,수원시 팔달구,경유,비사업용,19087,2382,131,6199,no
2022,수원시 팔달구,경유,사업용,121,110,109,1528,no
2022,수원시 팔달구,기타연료,비사업용,0,46,40,135,no
2022,수원시 팔달구,기타연료,사업용,0,0,0,26,no
2022,수원시 팔달구,수소,비사업용,60,0,0,0,no
2022,수원시 팔달구,수소,사업용,5,0,0,0,no
2022,수원시 팔달구,엘피지,비사업용,4552,229,1,311,no
2022,수원시 팔달구,엘피지,사업용,685,6,0,73,no
2022,수원시 팔달구,전기,비사업용,727,0,1,47,yes
2022,수원시 팔달구,전기,사업용,297,0,0,53,yes
2022,수원시 팔달구,하이브리드(LPG+전기),비사업용,52,0,0,0,no
2022,수원시 팔달구,하이브리드(경유+전기),비사업용,71,0,0,0,no
2022,수원시 팔달구,하이브리드(경유+전기),사업용,3,0,0,0,no
2022,수원시 팔달구,하이브리드(휘발유+전기),비사업용,3871,0,0,1,no
2022,수원시 팔달구,하이브리드(휘발유+전기),사업용,17,0,0,0,no
2022,수원시 팔달구,휘발유,비사업용,13968,14,0,83,no
2022,수원시 팔달구,휘발유,사업용,34,0,0,0,no
2022,수원시 팔달구,휘발유(무연),비사업용,27559,18,0,21,no
2021,수원시 팔달구,CNG,비사업용,12,1,0,2,no
2021,수원시 팔달구,CNG,사업용,0,3,0,0,no
2021,수원시 팔달구,경유,비사업용,18266,2406,122,6117,no
2021,수원시 팔달구,경유,사업용,94,108,104,1475,no
2021,수원시 팔달구,기타연료,비사업용,0,38,39,110,no
2021,수원시 팔달구,기타연료,사업용,0,0,0,26,no
2021,수원시 팔달구,수소,비사업용,47,0,0,0,no
2021,수원시 팔달구,수소,사업용,5,0,0,0,no
2021,수원시 팔달구,엘피지,비사업용,4313,238,1,319,no
2021,수원시 팔달구,엘피지,사업용,770,3,0,58,no
2021,수원시 팔달구,전기,비사업용,524,0,1,34,yes
2021,수원시 팔달구,전기,사업용,117,0,0,29,yes
2021,수원시 팔달구,하이브리드(LPG+전기),비사업용,53,0,0,0,no
2021,수원시 팔달구,하이브리드(경유+전기),비사업용,49,0,0,0,no
2021,수원시 팔달구,하이브리드(휘발유+전기),비사업용,2799,0,0,0,no
2021,수원시 팔달구,하이브리드(휘발유+전기),사업용,10,0,0,0,no
2021,수원시 팔달구,휘발유,비사업용,13281,7,0,74,no
2021,수원시 팔달구,휘발유,사업용,31,0,0,0,no
2021,수원시 팔달구,휘발유(무연),비사업용,24770,15,0,21,no
2021,수원시 팔달구,휘발유(무연),사업용,151,0,0,0,no
2021,수원시 팔달구,휘발유(유연),비사업용,33,0,0,0,no
2020,수원시 팔달구,CNG,비사업용,17,2,0,0,no
2020,수원시 팔달구,CNG,사업용,0,2,0,0,no
2020,수원시 팔달구,경유,비사업용,17285,2453,116,6117,no
2020,수원시 팔달구,경유,사업용,105,125,96,1413,no
2020,수원시 팔달구,기타연료,비사업용,0,36,26,94,no
2020,수원시 팔달구,기타연료,사업용,0,0,0,23,no
2020,수원시 팔달구,수소,비사업용,16,0,0,0,no
2020,수원시 팔달구,엘피지,비사업용,4134,238,1,338,no
2020,수원시 팔달구,엘피지,사업용,821,2,0,47,no
2020,수원시 팔달구,전기,비사업용,377,0,1,12,yes
2020,수원시 팔달구,전기,사업용,51,0,0,9,yes
2020,수원시 팔달구,하이브리드(LPG+전기),비사업용,62,0,0,0,no
2020,수원시 팔달구,하이브리드(경유+전기),비사업용,16,0,0,0,no
2020,수원시 팔달구,하이브리드(휘발유+전기),비사업용,1972,0,0,0,no
2020,수원시 팔달구,하이브리드(휘발유+전기),사업용,3,0,0,0,no
2020,수원시 팔달구,휘발유,비사업용,12925,5,0,54,no
2020,수원시 팔달구,휘발유,사업용,42,0,1,0,no
2020,수원시 팔달구,휘발유(무연),비사업용,22576,9,0,21,no
2020,수원시 팔달구,휘발유(무연),사업용,174,0,0,0,no
2020,수원시 팔달구,휘발유(유연),비사업용,35,0,0,0,no
2019,수원시 팔달구,하이브리드(LPG+전기),비사업용,68,0,0,0,no
2019,수원시 팔달구,하이브리드(휘발유+전기),비사업용,1507,0,0,0,no
2019,수원시 팔달구,하이브리드(휘발유+전기),사업용,1,0,0,0,no
2019,수원시 팔달구,휘발유,비사업용,13047,6,0,37,no
2019,수원시 팔달구,휘발유,사업용,40,0,0,0,no
2019,수원시 팔달구,휘발유(무연),비사업용,21668,9,0,16,no
2019,수원시 팔달구,휘발유(무연),사업용,191,0,0,0,no
2019,수원시 팔달구,휘발유(유연),비사업용,38,0,0,0,no
2019,수원시 팔달구,CNG,비사업용,19,2,0,0,no
2019,수원시 팔달구,경유,비사업용,17416,2595,103,6351,no
2019,수원시 팔달구,경유,사업용,107,182,104,1457,no
2019,수원시 팔달구,기타연료,비사업용,1,37,20,85,no
2019,수원시 팔달구,기타연료,사업용,0,0,0,26,no
2019,수원시 팔달구,수소,비사업용,2,0,0,0,no
2019,수원시 팔달구,엘피지,비사업용,4186,260,1,406,no
2019,수원시 팔달구,엘피지,사업용,851,1,0,55,no
2019,수원시 팔달구,전기,비사업용,237,0,1,1,yes
2019,수원시 팔달구,전기,사업용,28,0,0,0,yes
2025,시흥시,CNG,비사업용,24,0,6,0,no
2025,시흥시,CNG,사업용,0,225,1,0,no
2025,시흥시,경유,비사업용,55717,4966,31664,602,no
2025,시흥시,경유,사업용,56,194,4950,510,no
2025,시흥시,기타연료,비사업용,1,141,647,140,no
2025,시흥시,기타연료,사업용,0,1,270,0,no
2025,시흥시,수소,비사업용,218,0,0,0,no
2025,시흥시,수소,사업용,4,0,0,0,no
2025,시흥시,수소전기,비사업용,10,0,0,0,no
2025,시흥시,수소전기,사업용,2,5,0,0,no
2025,시흥시,엘피지,비사업용,10599,656,3191,38,no
2025,시흥시,엘피지,사업용,1336,1,733,8,no
2025,시흥시,전기,비사업용,4766,5,1089,4,yes
2025,시흥시,전기,사업용,168,42,412,0,yes
2025,시흥시,하이브리드(CNG+전기),사업용,0,5,0,0,no
2025,시흥시,하이브리드(LPG+전기),비사업용,76,0,0,0,no
2025,시흥시,하이브리드(LPG+전기),사업용,10,0,0,0,no
2025,시흥시,하이브리드(경유+전기),비사업용,362,0,0,0,no
2025,시흥시,하이브리드(휘발유+전기),비사업용,23368,22,94,2,no
2025,시흥시,하이브리드(휘발유+전기),사업용,73,1,2,0,no
2025,시흥시,휘발유,비사업용,33248,23,231,1,no
2025,시흥시,휘발유,사업용,7,0,0,1,no
2025,시흥시,휘발유(무연),비사업용,100381,38,148,0,no
2025,시흥시,휘발유(무연),사업용,163,0,0,0,no
2025,시흥시,휘발유(유연),비사업용,114,0,0,0,no
2024,시흥시,CNG,비사업용,28,0,6,0,no
2024,시흥시,CNG,사업용,0,242,1,0,no
2024,시흥시,경유,비사업용,59347,5520,33319,592,no
2024,시흥시,경유,사업용,67,190,5371,516,no
2024,시흥시,기타연료,비사업용,1,143,662,140,no
2024,시흥시,기타연료,사업용,0,1,270,0,no
2024,시흥시,수소,비사업용,215,0,0,0,no
2024,시흥시,수소,사업용,2,0,0,0,no
2024,시흥시,수소전기,비사업용,1,0,0,0,no
2024,시흥시,엘피지,비사업용,11186,667,2282,21,no
2024,시흥시,엘피지,사업용,1409,0,446,0,no
2024,시흥시,전기,비사업용,3225,4,871,4,yes
2024,시흥시,전기,사업용,133,30,326,0,yes
2024,시흥시,하이브리드(CNG+전기),사업용,0,5,0,0,no
2024,시흥시,하이브리드(LPG+전기),비사업용,95,0,0,0,no
2024,시흥시,하이브리드(LPG+전기),사업용,10,0,0,0,no
2024,시흥시,하이브리드(경유+전기),비사업용,333,0,0,0,no
2024,시흥시,하이브리드(휘발유+전기),비사업용,18518,14,49,0,no
2024,시흥시,하이브리드(휘발유+전기),사업용,33,1,1,0,no
2024,시흥시,휘발유,비사업용,36203,20,248,2,no
2024,시흥시,휘발유,사업용,9,0,0,0,no
2024,시흥시,휘발유(무연),비사업용,98701,39,43,0,no
2024,시흥시,휘발유(무연),사업용,213,0,0,0,no
2024,시흥시,휘발유(유연),비사업용,110,0,0,0,no
2023,시흥시,CNG,비사업용,38,0,5,0,no
2023,시흥시,CNG,사업용,0,237,2,0,no
2023,시흥시,경유,비사업용,61803,5920,34818,553,no
2023,시흥시,경유,사업용,60,197,5662,470,no
2023,시흥시,기타연료,비사업용,1,143,649,132,no
2023,시흥시,기타연료,사업용,0,1,273,0,no
2023,시흥시,수소,비사업용,191,0,0,0,no
2023,시흥시,엘피지,비사업용,11784,669,1200,14,no
2023,시흥시,엘피지,사업용,1413,0,216,0,no
2023,시흥시,전기,비사업용,2108,1,708,3,yes
2023,시흥시,전기,사업용,102,15,249,0,yes
2023,시흥시,하이브리드(CNG+전기),사업용,0,5,0,0,no
2023,시흥시,하이브리드(LPG+전기),비사업용,122,0,0,0,no
2023,시흥시,하이브리드(LPG+전기),사업용,9,0,0,0,no
2023,시흥시,하이브리드(경유+전기),비사업용,285,0,0,0,no
2023,시흥시,하이브리드(휘발유+전기),비사업용,14179,0,1,0,no
2023,시흥시,하이브리드(휘발유+전기),사업용,10,0,0,0,no
2023,시흥시,휘발유,비사업용,38201,21,244,2,no
2023,시흥시,휘발유,사업용,8,0,0,0,no
2023,시흥시,휘발유(무연),비사업용,95296,40,37,0,no
2023,시흥시,휘발유(무연),사업용,185,0,0,0,no
2023,시흥시,휘발유(유연),비사업용,102,0,0,0,no
2022,시흥시,CNG,비사업용,49,0,0,4,no
2022,시흥시,CNG,사업용,0,239,0,2,no
2022,시흥시,경유,비사업용,62555,6205,447,34890,no
2022,시흥시,경유,사업용,73,160,409,5347,no
2022,시흥시,기타연료,비사업용,1,141,118,635,no
2022,시흥시,기타연료,사업용,0,1,0,249,no
2022,시흥시,수소,비사업용,165,0,0,0,no
2022,시흥시,엘피지,비사업용,12034,650,6,1169,no
2022,시흥시,엘피지,사업용,1464,0,0,215,no
2022,시흥시,전기,비사업용,1459,0,2,240,yes
2022,시흥시,전기,사업용,55,15,0,175,yes
2022,시흥시,하이브리드(CNG+전기),사업용,0,5,0,0,no
2022,시흥시,하이브리드(LPG+전기),비사업용,130,0,0,0,no
2022,시흥시,하이브리드(경유+전기),비사업용,201,0,0,0,no
2022,시흥시,하이브리드(휘발유+전기),비사업용,10621,0,0,2,no
2022,시흥시,하이브리드(휘발유+전기),사업용,8,0,0,0,no
2022,시흥시,휘발유,비사업용,39048,15,1,220,no
2022,시흥시,휘발유,사업용,9,0,0,0,no
2022,시흥시,휘발유(무연),비사업용,89694,35,0,39,no
2022,시흥시,휘발유(무연),사업용,175,0,0,0,no
2022,시흥시,휘발유(유연),비사업용,107,0,0,0,no
2021,시흥시,하이브리드(CNG+전기),사업용,0,5,0,0,no
2021,시흥시,하이브리드(LPG+전기),비사업용,129,0,0,0,no
2021,시흥시,하이브리드(경유+전기),비사업용,132,0,0,0,no
2021,시흥시,하이브리드(휘발유+전기),비사업용,8389,0,0,1,no
2021,시흥시,하이브리드(휘발유+전기),사업용,1,0,0,0,no
2021,시흥시,휘발유,비사업용,39775,15,1,182,no
2021,시흥시,휘발유,사업용,9,0,0,0,no
2021,시흥시,휘발유(무연),비사업용,85719,33,0,36,no
2021,시흥시,휘발유(무연),사업용,169,0,0,0,no
2021,시흥시,휘발유(유연),비사업용,114,0,0,0,no
2021,시흥시,CNG,비사업용,59,0,0,3,no
2021,시흥시,CNG,사업용,0,256,0,0,no
2021,시흥시,경유,비사업용,62973,6346,391,34469,no
2021,시흥시,경유,사업용,62,169,393,5085,no
2021,시흥시,기타연료,비사업용,1,137,92,607,no
2021,시흥시,기타연료,사업용,0,29,0,235,no
2021,시흥시,수소,비사업용,94,0,0,0,no
2021,시흥시,엘피지,비사업용,11971,636,6,1205,no
2021,시흥시,엘피지,사업용,1520,0,0,226,no
2021,시흥시,전기,비사업용,849,0,2,90,yes
2021,시흥시,전기,사업용,4,5,0,86,yes
2020,시흥시,CNG,비사업용,62,1,0,3,no
2020,시흥시,CNG,사업용,0,252,0,0,no
2020,시흥시,경유,비사업용,61405,6483,334,34068,no
2020,시흥시,경유,사업용,70,160,336,4840,no
2020,시흥시,기타연료,비사업용,0,142,42,508,no
2020,시흥시,기타연료,사업용,0,29,0,205,no
2020,시흥시,수소,비사업용,28,0,0,0,no
2020,시흥시,엘피지,비사업용,11794,646,6,1152,no
2020,시흥시,엘피지,사업용,1524,1,0,222,no
2020,시흥시,전기,비사업용,613,0,2,32,yes
2020,시흥시,전기,사업용,7,0,0,12,yes
2020,시흥시,하이브리드(CNG+전기),사업용,0,5,0,0,no
2020,시흥시,하이브리드(LPG+전기),비사업용,134,0,0,0,no
2020,시흥시,하이브리드(경유+전기),비사업용,42,0,0,0,no
2020,시흥시,하이브리드(휘발유+전기),비사업용,6197,0,0,0,no
2020,시흥시,하이브리드(휘발유+전기),사업용,1,0,0,0,no
2020,시흥시,휘발유,비사업용,39198,18,0,128,no
2020,시흥시,휘발유,사업용,6,0,0,0,no
2020,시흥시,휘발유(무연),비사업용,79874,26,0,35,no
2020,시흥시,휘발유(무연),사업용,115,0,0,0,no
2020,시흥시,휘발유(유연),비사업용,108,0,0,0,no
2019,시흥시,CNG,비사업용,76,0,0,1,no
2019,시흥시,CNG,사업용,0,203,0,0,no
2019,시흥시,경유,비사업용,57845,6591,260,33285,no
2019,시흥시,경유,사업용,89,164,321,4635,no
2019,시흥시,기타연료,비사업용,0,135,13,433,no
2019,시흥시,기타연료,사업용,0,29,0,169,no
2019,시흥시,수소,비사업용,7,0,0,0,no
2019,시흥시,엘피지,비사업용,11270,652,5,1148,no
2019,시흥시,엘피지,사업용,1576,1,0,220,no
2019,시흥시,전기,비사업용,399,0,0,0,yes
2019,시흥시,전기,사업용,7,0,0,1,yes
2019,시흥시,하이브리드(CNG+전기),사업용,0,5,0,0,no
2019,시흥시,하이브리드(LPG+전기),비사업용,152,0,0,0,no
2019,시흥시,하이브리드(경유+전기),비사업용,4,0,0,0,no
2019,시흥시,하이브리드(휘발유+전기),비사업용,4450,0,0,0,no
2019,시흥시,휘발유,비사업용,37644,18,0,64,no
2019,시흥시,휘발유,사업용,8,0,0,0,no
2019,시흥시,휘발유(무연),비사업용,71775,24,0,38,no
2019,시흥시,휘발유(무연),사업용,128,0,0,0,no
2019,시흥시,휘발유(유연),비사업용,101,0,0,0,no
2025,안산시 단원구,CNG,비사업용,14,0,7,0,no
2025,안산시 단원구,CNG,사업용,0,328,0,0,no
2025,안산시 단원구,경유,비사업용,33789,4091,19726,422,no
2025,안산시 단원구,경유,사업용,449,667,3391,315,no
2025,안산시 단원구,기타연료,비사업용,0,70,397,60,no
2025,안산시 단원구,기타연료,사업용,0,0,118,0,no
2025,안산시 단원구,수소,비사업용,256,0,0,0,no
2019,김포시,전기,사업용,1,86,0,0,yes
2019,김포시,하이브리드(CNG+전기),사업용,0,5,0,0,no
2019,김포시,하이브리드(LPG+전기),비사업용,137,0,0,0,no
2019,김포시,하이브리드(경유+전기),비사업용,3,0,0,0,no
2019,김포시,하이브리드(휘발유+전기),비사업용,5223,0,0,0,no
2019,김포시,하이브리드(휘발유+전기),사업용,23,0,0,0,no
2019,김포시,휘발유,비사업용,36085,18,0,73,no
2019,김포시,휘발유,사업용,25,0,0,0,no
2019,김포시,휘발유(무연),비사업용,61198,33,0,36,no
2019,김포시,휘발유(무연),사업용,428,0,0,0,no
2019,김포시,휘발유(유연),비사업용,91,0,0,0,no
2025,남양주시,CNG,비사업용,16,0,4,0,no
2025,남양주시,CNG,사업용,0,315,0,0,no
2025,남양주시,경유,비사업용,68068,5326,34693,834,no
2025,남양주시,경유,사업용,138,489,4801,501,no
2025,남양주시,기타연료,비사업용,2,237,965,264,no
2025,남양주시,기타연료,사업용,0,0,122,0,no
2025,남양주시,수소,비사업용,198,0,0,0,no
2025,남양주시,수소전기,비사업용,38,0,0,0,no
2025,남양주시,엘피지,비사업용,13980,907,4257,32,no
2025,남양주시,엘피지,사업용,1269,7,1219,3,no
2025,남양주시,전기,비사업용,7666,10,1620,31,yes
2025,남양주시,전기,사업용,331,190,639,0,yes
2025,남양주시,하이브리드(LPG+전기),비사업용,107,0,0,0,no
2025,남양주시,하이브리드(LPG+전기),사업용,8,0,0,0,no
2025,남양주시,하이브리드(경유+전기),비사업용,557,0,0,0,no
2025,남양주시,하이브리드(휘발유+전기),비사업용,28344,34,136,1,no
2025,남양주시,하이브리드(휘발유+전기),사업용,68,3,2,0,no
2025,남양주시,휘발유,비사업용,43563,38,446,5,no
2025,남양주시,휘발유,사업용,34,0,0,0,no
2025,남양주시,휘발유(무연),비사업용,109178,84,215,0,no
2025,남양주시,휘발유(무연),사업용,346,0,0,0,no
2025,남양주시,휘발유(유연),비사업용,83,0,0,0,no
2024,남양주시,CNG,비사업용,27,0,4,0,no
2024,남양주시,CNG,사업용,0,313,0,0,no
2024,남양주시,경유,비사업용,72853,5878,37208,827,no
2024,남양주시,경유,사업용,148,583,5086,499,no
2024,남양주시,기타연료,비사업용,2,263,975,255,no
2024,남양주시,기타연료,사업용,0,0,123,0,no
2024,남양주시,수소,비사업용,191,0,0,0,no
2024,남양주시,엘피지,비사업용,14794,886,3140,21,no
2024,남양주시,엘피지,사업용,1270,7,806,1,no
2024,남양주시,전기,비사업용,5369,6,1280,23,yes
2024,남양주시,전기,사업용,343,146,491,0,yes
2024,남양주시,하이브리드(LPG+전기),비사업용,130,0,0,0,no
2024,남양주시,하이브리드(LPG+전기),사업용,8,0,0,0,no
2024,남양주시,하이브리드(경유+전기),비사업용,531,0,0,0,no
2024,남양주시,하이브리드(경유+전기),사업용,2,0,0,0,no
2024,남양주시,하이브리드(휘발유+전기),비사업용,22909,19,67,0,no
2024,남양주시,하이브리드(휘발유+전기),사업용,31,0,2,0,no
2024,남양주시,휘발유,비사업용,46699,40,450,6,no
2024,남양주시,휘발유,사업용,35,0,0,0,no
2024,남양주시,휘발유(무연),비사업용,106974,94,80,0,no
2024,남양주시,휘발유(무연),사업용,426,0,1,0,no
2024,남양주시,휘발유(유연),비사업용,79,0,0,0,no
2023,남양주시,CNG,비사업용,38,0,4,0,no
2023,남양주시,CNG,사업용,0,324,0,0,no
2023,남양주시,경유,비사업용,76259,6421,39209,800,no
2023,남양주시,경유,사업용,144,680,5379,481,no
2023,남양주시,기타연료,비사업용,2,270,941,252,no
2023,남양주시,기타연료,사업용,0,0,103,0,no
2023,남양주시,수소,비사업용,184,0,0,0,no
2023,남양주시,엘피지,비사업용,15594,919,1658,13,no
2023,남양주시,엘피지,사업용,1252,6,378,0,no
2023,남양주시,전기,비사업용,3980,2,1061,23,yes
2023,남양주시,전기,사업용,338,67,391,0,yes
2023,남양주시,하이브리드(LPG+전기),비사업용,163,0,0,0,no
2023,남양주시,하이브리드(LPG+전기),사업용,3,0,0,0,no
2023,남양주시,하이브리드(경유+전기),비사업용,421,0,0,0,no
2023,남양주시,하이브리드(경유+전기),사업용,3,0,0,0,no
2023,남양주시,하이브리드(휘발유+전기),비사업용,17910,0,4,0,no
2023,남양주시,하이브리드(휘발유+전기),사업용,15,0,0,0,no
2023,남양주시,휘발유,비사업용,48846,39,445,3,no
2023,남양주시,휘발유,사업용,30,0,0,1,no
2023,남양주시,휘발유(무연),비사업용,103623,92,65,0,no
2023,남양주시,휘발유(무연),사업용,287,0,0,0,no
2023,남양주시,휘발유(유연),비사업용,81,0,0,0,no
2022,남양주시,CNG,비사업용,48,0,0,4,no
2022,남양주시,CNG,사업용,0,361,0,0,no
2022,남양주시,경유,비사업용,79559,6993,722,39975,no
2022,남양주시,경유,사업용,147,705,476,4987,no
2022,남양주시,기타연료,비사업용,3,285,235,921,no
2022,남양주시,기타연료,사업용,0,0,0,60,no
2022,남양주시,수소,비사업용,161,0,0,0,no
2022,남양주시,엘피지,비사업용,16302,933,8,1650,no
2022,남양주시,엘피지,사업용,1410,5,0,401,no
2022,남양주시,전기,비사업용,2815,0,22,467,yes
2022,남양주시,전기,사업용,241,17,0,319,yes
2022,남양주시,하이브리드(LPG+전기),비사업용,194,0,0,0,no
2022,남양주시,하이브리드(경유+전기),비사업용,304,0,0,0,no
2022,남양주시,하이브리드(경유+전기),사업용,1,0,0,0,no
2022,남양주시,하이브리드(휘발유+전기),비사업용,14160,0,0,3,no
2022,남양주시,하이브리드(휘발유+전기),사업용,6,0,0,0,no
2022,남양주시,휘발유,비사업용,50645,41,4,412,no
2022,남양주시,휘발유,사업용,40,0,0,0,no
2022,남양주시,휘발유(무연),비사업용,100085,79,0,62,no
2022,남양주시,휘발유(무연),사업용,298,0,0,0,no
2022,남양주시,휘발유(유연),비사업용,84,0,0,0,no
2021,남양주시,CNG,비사업용,63,1,0,4,no
2021,남양주시,CNG,사업용,0,389,0,0,no
2021,남양주시,경유,비사업용,80234,7390,597,39609,no
2021,남양주시,경유,사업용,129,677,462,4616,no
2021,남양주시,기타연료,비사업용,5,308,171,846,no
2021,남양주시,기타연료,사업용,0,0,0,56,no
2021,남양주시,수소,비사업용,93,0,0,0,no
2021,남양주시,엘피지,비사업용,16357,976,5,1698,no
2021,남양주시,엘피지,사업용,1502,4,0,425,no
2021,남양주시,전기,비사업용,1589,0,20,226,yes
2021,남양주시,전기,사업용,6,2,0,170,yes
2021,남양주시,하이브리드(LPG+전기),비사업용,213,0,0,0,no
2021,남양주시,하이브리드(경유+전기),비사업용,191,0,0,0,no
2021,남양주시,하이브리드(경유+전기),사업용,1,0,0,0,no
2021,남양주시,하이브리드(휘발유+전기),비사업용,11567,0,0,3,no
2021,남양주시,하이브리드(휘발유+전기),사업용,2,0,0,0,no
2021,남양주시,휘발유,비사업용,50926,32,2,363,no
2021,남양주시,휘발유,사업용,33,0,0,0,no
2021,남양주시,휘발유(무연),비사업용,95477,73,0,69,no
2021,남양주시,휘발유(무연),사업용,220,0,0,0,no
2021,남양주시,휘발유(유연),비사업용,93,0,0,0,no
2020,남양주시,휘발유,사업용,21,0,0,0,no
2020,남양주시,휘발유(무연),비사업용,88717,64,0,64,no
2020,남양주시,휘발유(무연),사업용,197,0,0,0,no
2020,남양주시,휘발유(유연),비사업용,91,0,0,0,no
2020,남양주시,CNG,비사업용,76,1,0,1,no
2020,남양주시,CNG,사업용,0,404,0,0,no
2020,남양주시,경유,비사업용,78606,7630,464,39260,no
2020,남양주시,경유,사업용,148,665,429,4340,no
2020,남양주시,기타연료,비사업용,4,342,73,732,no
2020,남양주시,기타연료,사업용,0,0,0,51,no
2020,남양주시,등유,비사업용,1,0,0,0,no
2020,남양주시,수소,비사업용,43,0,0,0,no
2020,남양주시,엘피지,비사업용,16245,955,3,1606,no
2020,남양주시,엘피지,사업용,1525,4,0,481,no
2020,남양주시,전기,비사업용,1063,0,0,49,yes
2020,남양주시,전기,사업용,4,0,0,26,yes
2020,남양주시,하이브리드(LPG+전기),비사업용,210,0,0,0,no
2020,남양주시,하이브리드(경유+전기),비사업용,67,0,0,0,no
2020,남양주시,하이브리드(휘발유+전기),비사업용,8642,0,0,1,no
2020,남양주시,하이브리드(휘발유+전기),사업용,3,0,0,0,no
2020,남양주시,휘발유,비사업용,49501,32,2,286,no
2019,남양주시,CNG,사업용,0,393,0,0,no
2019,남양주시,경유,비사업용,76539,8072,353,38626,no
2019,남양주시,경유,사업용,142,626,409,4148,no
2019,남양주시,기타연료,비사업용,4,314,16,673,no
2019,남양주시,기타연료,사업용,0,0,0,50,no
2019,남양주시,수소,비사업용,5,0,0,0,no
2019,남양주시,엘피지,비사업용,16400,1006,0,1663,no
2019,남양주시,엘피지,사업용,1449,5,0,492,no
2019,남양주시,전기,비사업용,727,0,0,0,yes
2019,남양주시,전기,사업용,3,0,0,0,yes
2019,남양주시,하이브리드(LPG+전기),비사업용,228,0,0,0,no
2019,남양주시,하이브리드(경유+전기),비사업용,10,0,0,0,no
2019,남양주시,하이브리드(휘발유+전기),비사업용,6609,0,0,0,no
2019,남양주시,하이브리드(휘발유+전기),사업용,4,0,0,0,no
2019,남양주시,휘발유,비사업용,48517,29,2,130,no
2019,남양주시,휘발유,사업용,19,0,0,0,no
2019,남양주시,휘발유(무연),비사업용,82629,62,0,69,no
2019,남양주시,휘발유(무연),사업용,191,0,0,0,no
2019,남양주시,휘발유(유연),비사업용,80,0,0,0,no
2019,남양주시,CNG,비사업용,92,17,0,3,no
2025,동두천시,CNG,비사업용,2,0,1,0,no
2025,동두천시,CNG,사업용,0,10,0,0,no
2025,동두천시,경유,비사업용,7814,976,4474,108,no
2025,동두천시,경유,사업용,22,36,504,51,no
2025,동두천시,기타연료,비사업용,4,27,104,15,no
2025,동두천시,기타연료,사업용,0,0,1,0,no
2025,동두천시,수소,비사업용,19,0,0,0,no
2025,동두천시,수소전기,비사업용,6,0,0,0,no
2025,동두천시,엘피지,비사업용,2341,150,415,3,no
2025,동두천시,엘피지,사업용,466,4,108,1,no
2025,동두천시,전기,비사업용,663,0,253,0,yes
2025,동두천시,전기,사업용,39,21,87,0,yes
2025,동두천시,하이브리드(LPG+전기),비사업용,14,0,0,0,no
2025,동두천시,하이브리드(경유+전기),비사업용,31,0,0,0,no
2025,동두천시,하이브리드(휘발유+전기),비사업용,2435,10,9,0,no
2025,동두천시,하이브리드(휘발유+전기),사업용,18,1,0,0,no
2025,동두천시,휘발유,비사업용,5336,4,69,2,no
2025,동두천시,휘발유,사업용,2,0,0,0,no
2025,동두천시,휘발유(무연),비사업용,13464,8,35,0,no
2025,동두천시,휘발유(무연),사업용,123,0,0,0,no
2025,동두천시,휘발유(유연),비사업용,10,0,0,0,no
2025,동두천시,CNG,비사업용,6,4,0,0,no
2025,동두천시,CNG,사업용,0,3,0,0,no
2025,동두천시,경유,비사업용,29998,3058,15341,378,no
2025,동두천시,경유,사업용,64,630,2000,354,no
2025,동두천시,기타연료,비사업용,0,86,376,73,no
2025,동두천시,기타연료,사업용,0,0,39,0,no
2025,동두천시,수소,비사업용,211,0,0,0,no
2025,동두천시,수소전기,비사업용,20,0,0,0,no
2025,동두천시,수소전기,사업용,0,5,0,0,no
2025,동두천시,엘피지,비사업용,7482,393,1484,15,no
2025,동두천시,엘피지,사업용,1153,4,434,2,no
2025,동두천시,전기,비사업용,1762,1,512,2,yes
2025,동두천시,전기,사업용,410,1,240,0,yes
2025,동두천시,하이브리드(LPG+전기),비사업용,53,0,0,0,no
2025,동두천시,하이브리드(LPG+전기),사업용,1,0,0,0,no
2025,동두천시,하이브리드(경유+전기),비사업용,122,0,0,0,no
2025,동두천시,하이브리드(경유+전기),사업용,2,0,0,0,no
2025,동두천시,하이브리드(휘발유+전기),비사업용,10955,18,53,1,no
2025,동두천시,하이브리드(휘발유+전기),사업용,57,1,2,0,no
2025,동두천시,휘발유,비사업용,17815,16,137,1,no
2025,동두천시,휘발유,사업용,25,0,0,0,no
2025,동두천시,휘발유(무연),비사업용,53594,28,79,1,no
2025,동두천시,휘발유(무연),사업용,313,0,0,0,no
2025,동두천시,휘발유(유연),비사업용,53,0,0,0,no
2024,동두천시,CNG,비사업용,2,0,1,0,no
2024,동두천시,CNG,사업용,0,12,0,0,no
2024,동두천시,경유,비사업용,8301,1042,4683,98,no
2024,동두천시,경유,사업용,26,36,560,51,no
2022,수원시 장안구,휘발유(무연),사업용,82,0,0,0,no
2022,수원시 장안구,휘발유(유연),비사업용,51,0,0,0,no
2021,수원시 장안구,CNG,비사업용,25,1,0,3,no
2021,수원시 장안구,CNG,사업용,0,283,0,0,no
2021,수원시 장안구,경유,비사업용,26641,2901,132,7874,no
2021,수원시 장안구,경유,사업용,68,131,103,1815,no
2021,수원시 장안구,기타연료,비사업용,0,58,26,193,no
2021,수원시 장안구,기타연료,사업용,0,0,0,19,no
2021,수원시 장안구,수소,비사업용,44,0,0,0,no
2021,수원시 장안구,엘피지,비사업용,6014,266,4,398,no
2021,수원시 장안구,엘피지,사업용,891,0,0,89,no
2021,수원시 장안구,전기,비사업용,336,0,1,29,yes
2021,수원시 장안구,전기,사업용,21,191,0,43,yes
2021,수원시 장안구,하이브리드(CNG+전기),사업용,0,5,0,0,no
2021,수원시 장안구,하이브리드(LPG+전기),비사업용,67,0,0,0,no
2021,수원시 장안구,하이브리드(경유+전기),비사업용,33,0,0,0,no
2021,수원시 장안구,하이브리드(휘발유+전기),비사업용,4506,0,0,0,no
2021,수원시 장안구,하이브리드(휘발유+전기),사업용,1,0,0,0,no
2021,수원시 장안구,휘발유,비사업용,17929,3,0,57,no
2021,수원시 장안구,휘발유,사업용,6,0,0,0,no
2021,수원시 장안구,휘발유(무연),비사업용,36331,12,0,15,no
2021,수원시 장안구,휘발유(무연),사업용,89,0,0,0,no
2021,수원시 장안구,휘발유(유연),비사업용,47,0,0,0,no
2020,수원시 장안구,수소,비사업용,19,0,0,0,no
2020,수원시 장안구,엘피지,비사업용,6068,295,1,390,no
2020,수원시 장안구,엘피지,사업용,942,0,0,95,no
2020,수원시 장안구,전기,비사업용,231,0,1,13,yes
2020,수원시 장안구,전기,사업용,1,154,0,7,yes
2020,수원시 장안구,하이브리드(CNG+전기),사업용,0,5,0,0,no
2023,양주시,전기,비사업용,1457,4,508,0,yes
2020,수원시 장안구,하이브리드(LPG+전기),비사업용,80,0,0,0,no
2020,수원시 장안구,하이브리드(경유+전기),비사업용,8,0,0,0,no
2020,수원시 장안구,하이브리드(휘발유+전기),비사업용,3413,0,0,0,no
2020,수원시 장안구,하이브리드(휘발유+전기),사업용,2,0,0,0,no
2020,수원시 장안구,휘발유,비사업용,18189,5,0,41,no
2020,수원시 장안구,휘발유,사업용,2,0,0,0,no
2020,수원시 장안구,휘발유(무연),비사업용,34699,13,0,11,no
2020,수원시 장안구,휘발유(무연),사업용,97,0,0,0,no
2020,수원시 장안구,휘발유(유연),비사업용,48,0,0,0,no
2020,수원시 장안구,CNG,비사업용,22,0,0,1,no
2020,수원시 장안구,CNG,사업용,0,388,0,0,no
2020,수원시 장안구,경유,비사업용,26713,3086,109,8118,no
2022,안산시 단원구,하이브리드(CNG+전기),사업용,0,17,0,0,no
2022,안산시 단원구,하이브리드(LPG+전기),비사업용,99,0,0,0,no
2022,안산시 단원구,하이브리드(경유+전기),비사업용,112,0,0,0,no
2022,안산시 단원구,하이브리드(경유+전기),사업용,2,0,0,0,no
2022,안산시 단원구,하이브리드(휘발유+전기),비사업용,6013,0,0,0,no
2022,안산시 단원구,하이브리드(휘발유+전기),사업용,34,0,0,0,no
2022,안산시 단원구,휘발유,비사업용,23130,16,0,124,no
2022,안산시 단원구,휘발유,사업용,21,0,0,0,no
2022,안산시 단원구,휘발유(무연),비사업용,55995,34,0,32,no
2022,안산시 단원구,휘발유(무연),사업용,278,0,0,0,no
2022,안산시 단원구,휘발유(유연),비사업용,63,0,0,1,no
2021,안산시 단원구,CNG,비사업용,36,2,0,5,no
2021,안산시 단원구,CNG,사업용,0,449,0,0,no
2021,안산시 단원구,경유,비사업용,38006,5212,237,21038,no
2021,안산시 단원구,경유,사업용,325,702,336,3435,no
2021,안산시 단원구,기타연료,비사업용,0,74,36,344,no
2021,안산시 단원구,기타연료,사업용,0,0,0,135,no
2021,안산시 단원구,수소,비사업용,121,0,0,0,no
2021,안산시 단원구,수소,사업용,3,1,0,0,no
2021,안산시 단원구,엘피지,비사업용,8135,421,4,708,no
2021,안산시 단원구,엘피지,사업용,1820,0,0,85,no
2021,안산시 단원구,전기,비사업용,704,1,0,98,yes
2021,안산시 단원구,전기,사업용,162,13,0,65,yes
2021,안산시 단원구,하이브리드(CNG+전기),사업용,0,17,0,0,no
2021,안산시 단원구,하이브리드(LPG+전기),비사업용,102,0,0,0,no
2021,안산시 단원구,하이브리드(경유+전기),비사업용,73,0,0,0,no
2021,안산시 단원구,하이브리드(휘발유+전기),비사업용,4671,0,0,0,no
2021,안산시 단원구,하이브리드(휘발유+전기),사업용,36,0,0,0,no
2021,안산시 단원구,휘발유,비사업용,24020,11,1,97,no
2021,안산시 단원구,휘발유,사업용,24,0,0,0,no
2021,안산시 단원구,휘발유(무연),비사업용,54091,28,0,34,no
2021,안산시 단원구,휘발유(무연),사업용,510,0,0,0,no
2021,안산시 단원구,휘발유(유연),비사업용,68,0,0,0,no
2020,안산시 단원구,휘발유,비사업용,24536,6,0,65,no
2020,안산시 단원구,휘발유,사업용,22,0,0,0,no
2020,안산시 단원구,휘발유(무연),비사업용,51462,21,0,33,no
2020,안산시 단원구,휘발유(무연),사업용,543,0,0,0,no
2020,안산시 단원구,휘발유(유연),비사업용,68,0,0,0,no
2020,안산시 단원구,CNG,비사업용,34,2,0,5,no
2020,안산시 단원구,CNG,사업용,0,476,0,0,no
2020,안산시 단원구,경유,비사업용,37970,5550,220,20797,no
2020,안산시 단원구,경유,사업용,388,775,305,3336,no
2020,안산시 단원구,기타연료,비사업용,0,73,21,298,no
2020,안산시 단원구,기타연료,사업용,0,0,0,132,no
2020,안산시 단원구,수소,비사업용,28,0,0,0,no
2020,안산시 단원구,엘피지,비사업용,8110,422,3,704,no
2020,안산시 단원구,엘피지,사업용,1955,0,0,80,no
2020,안산시 단원구,전기,비사업용,425,1,0,23,yes
2020,안산시 단원구,전기,사업용,27,0,0,8,yes
2020,안산시 단원구,하이브리드(CNG+전기),사업용,0,17,0,0,no
2020,안산시 단원구,하이브리드(LPG+전기),비사업용,116,0,0,0,no
2020,안산시 단원구,하이브리드(경유+전기),비사업용,24,0,0,0,no
2020,안산시 단원구,하이브리드(휘발유+전기),비사업용,3525,0,0,0,no
2020,안산시 단원구,하이브리드(휘발유+전기),사업용,22,0,0,0,no
2019,안산시 단원구,엘피지,사업용,2174,0,0,91,no
2019,안산시 단원구,전기,비사업용,312,1,0,0,yes
2019,안산시 단원구,전기,사업용,16,0,0,0,yes
2019,안산시 단원구,하이브리드(CNG+전기),사업용,0,17,0,0,no
2019,안산시 단원구,하이브리드(LPG+전기),비사업용,127,0,0,0,no
2019,안산시 단원구,하이브리드(경유+전기),비사업용,3,0,0,0,no
2019,안산시 단원구,하이브리드(휘발유+전기),비사업용,2764,0,0,0,no
2019,안산시 단원구,하이브리드(휘발유+전기),사업용,15,0,0,0,no
2019,안산시 단원구,휘발유,비사업용,25064,6,0,31,no
2019,안산시 단원구,휘발유,사업용,22,0,0,0,no
2019,안산시 단원구,휘발유(무연),비사업용,48275,20,0,35,no
2019,안산시 단원구,휘발유(무연),사업용,416,0,0,0,no
2019,안산시 단원구,휘발유(유연),비사업용,56,0,0,0,no
2019,안산시 단원구,CNG,비사업용,45,1,0,3,no
2019,안산시 단원구,CNG,사업용,0,469,0,0,no
2019,안산시 단원구,경유,비사업용,37417,5682,198,21213,no
2019,안산시 단원구,경유,사업용,279,862,311,3326,no
2019,안산시 단원구,기타연료,비사업용,0,74,3,257,no
2019,안산시 단원구,기타연료,사업용,0,0,0,141,no
2019,안산시 단원구,수소,비사업용,1,0,0,0,no
2019,안산시 단원구,엘피지,비사업용,8006,465,0,733,no
2024,안산시 상록구,CNG,비사업용,9,4,1,0,no
2024,안산시 상록구,CNG,사업용,0,5,0,0,no
2024,안산시 상록구,경유,비사업용,31758,3372,16206,369,no
2024,안성시,하이브리드(LPG+전기),비사업용,48,0,0,0,no
2024,안성시,하이브리드(경유+전기),비사업용,114,0,0,0,no
2024,안성시,하이브리드(경유+전기),사업용,1,0,0,0,no
2024,안성시,하이브리드(휘발유+전기),비사업용,6390,3,8,0,no
2024,안성시,하이브리드(휘발유+전기),사업용,40,1,0,0,no
2024,안성시,휘발유,비사업용,15493,11,196,0,no
2024,안성시,휘발유,사업용,26,0,0,1,no
2024,안성시,휘발유(무연),비사업용,39291,22,21,0,no
2024,안성시,휘발유(무연),사업용,98,0,0,0,no
2024,안성시,휘발유(유연),비사업용,37,0,0,0,no
2023,안성시,CNG,비사업용,18,2,4,0,no
2023,안성시,CNG,사업용,0,51,0,0,no
2023,안성시,경유,비사업용,24536,2795,17383,900,no
2023,안성시,경유,사업용,77,386,3023,296,no
2023,안성시,기타연료,비사업용,0,101,402,75,no
2023,안성시,기타연료,사업용,0,1,106,0,no
2023,안성시,수소,비사업용,264,0,0,0,no
2023,안성시,엘피지,비사업용,7223,295,613,3,no
2023,안성시,엘피지,사업용,503,2,66,0,no
2023,안성시,전기,비사업용,973,0,540,1,yes
2023,안성시,전기,사업용,39,42,91,0,yes
2023,안성시,하이브리드(LPG+전기),비사업용,60,0,0,0,no
2023,안성시,하이브리드(경유+전기),비사업용,93,0,0,0,no
2023,안성시,하이브리드(경유+전기),사업용,1,0,0,0,no
2023,안성시,하이브리드(휘발유+전기),비사업용,4561,0,1,0,no
2023,안성시,하이브리드(휘발유+전기),사업용,16,0,0,0,no
2023,안성시,휘발유,비사업용,16004,11,184,0,no
2023,안성시,휘발유,사업용,22,0,0,2,no
2023,안성시,휘발유(무연),비사업용,36697,25,20,0,no
2023,안성시,휘발유(무연),사업용,85,0,0,0,no
2023,안성시,휘발유(유연),비사업용,34,0,0,0,no
2022,안성시,CNG,비사업용,19,3,0,3,no
2022,안성시,CNG,사업용,0,44,0,0,no
2022,안성시,경유,비사업용,24876,2973,731,17354,no
2022,안성시,경유,사업용,78,399,281,3118,no
2022,안성시,기타연료,비사업용,0,98,68,379,no
2022,안성시,기타연료,사업용,0,0,0,109,no
2022,안성시,수소,비사업용,208,0,0,0,no
2022,안성시,엘피지,비사업용,7228,267,2,633,no
2022,안성시,엘피지,사업용,557,1,0,79,no
2022,안성시,전기,비사업용,664,0,0,300,yes
2022,안성시,전기,사업용,22,18,0,70,yes
2022,안성시,하이브리드(LPG+전기),비사업용,61,0,0,0,no
2022,안성시,하이브리드(경유+전기),비사업용,67,0,0,0,no
2022,안성시,하이브리드(경유+전기),사업용,1,0,0,0,no
2022,안성시,하이브리드(휘발유+전기),비사업용,3434,0,0,1,no
2022,안성시,하이브리드(휘발유+전기),사업용,2,0,0,0,no
2022,안성시,휘발유,비사업용,16497,10,0,156,no
2022,안성시,휘발유,사업용,16,0,2,0,no
2022,안성시,휘발유(무연),비사업용,34895,19,0,24,no
2022,안성시,휘발유(무연),사업용,73,0,0,0,no
2022,안성시,휘발유(유연),비사업용,32,0,0,0,no
2021,안성시,CNG,비사업용,27,1,0,3,no
2021,안성시,CNG,사업용,0,56,0,0,no
2021,안성시,경유,비사업용,25319,3092,726,17348,no
2021,안성시,경유,사업용,63,400,271,2970,no
2021,안성시,기타연료,비사업용,0,97,57,354,no
2021,안성시,기타연료,사업용,0,0,0,107,no
2021,안성시,수소,비사업용,113,0,0,0,no
2021,안성시,엘피지,비사업용,7244,263,2,587,no
2021,안성시,엘피지,사업용,567,1,0,92,no
2021,안성시,전기,비사업용,411,0,0,137,yes
2021,안성시,전기,사업용,8,2,0,26,yes
2021,안성시,하이브리드(LPG+전기),비사업용,74,0,0,0,no
2021,안성시,하이브리드(경유+전기),비사업용,41,0,0,0,no
2021,안성시,하이브리드(경유+전기),사업용,1,0,0,0,no
2021,안성시,하이브리드(휘발유+전기),비사업용,2685,0,0,1,no
2021,안성시,하이브리드(휘발유+전기),사업용,2,0,0,0,no
2021,안성시,휘발유,비사업용,16651,11,0,120,no
2021,안성시,휘발유,사업용,16,0,2,0,no
2021,안성시,휘발유(무연),비사업용,33680,15,0,25,no
2021,안성시,휘발유(무연),사업용,53,0,0,0,no
2021,안성시,휘발유(유연),비사업용,30,0,0,0,no
2020,안성시,CNG,비사업용,24,1,0,4,no
2020,안성시,CNG,사업용,0,58,0,0,no
2020,안성시,경유,비사업용,24376,3182,801,17197,no
2020,안성시,경유,사업용,67,427,258,3226,no
2020,안성시,기타연료,비사업용,0,95,23,311,no
2020,안성시,기타연료,사업용,0,0,0,104,no
2020,안성시,수소,비사업용,30,0,0,0,no
2020,안성시,엘피지,비사업용,6965,267,3,528,no
2020,안성시,엘피지,사업용,566,1,0,104,no
2020,안성시,전기,비사업용,263,0,0,45,yes
2020,안성시,전기,사업용,0,0,0,9,yes
2020,안성시,하이브리드(LPG+전기),비사업용,74,0,0,0,no
2020,안성시,하이브리드(경유+전기),비사업용,14,0,0,0,no
2020,안성시,하이브리드(휘발유+전기),비사업용,1959,0,0,0,no
2020,안성시,하이브리드(휘발유+전기),사업용,1,0,0,0,no
2020,안성시,휘발유,비사업용,16343,11,0,93,no
2020,안성시,휘발유,사업용,21,1,0,0,no
2020,안성시,휘발유(무연),비사업용,30862,17,0,22,no
2020,안성시,휘발유(무연),사업용,77,0,0,0,no
2020,안성시,휘발유(유연),비사업용,25,0,0,0,no
2019,안성시,하이브리드(LPG+전기),비사업용,60,0,0,0,no
2019,안성시,하이브리드(경유+전기),비사업용,1,0,0,0,no
2019,안성시,하이브리드(휘발유+전기),비사업용,1505,0,0,0,no
2019,안성시,휘발유,비사업용,16233,10,1,51,no
2019,안성시,휘발유,사업용,21,2,0,0,no
2019,안성시,휘발유(무연),비사업용,28435,19,0,26,no
2019,안성시,휘발유(무연),사업용,71,0,0,0,no
2019,안성시,휘발유(유연),비사업용,23,0,0,0,no
2019,안성시,CNG,비사업용,28,2,0,4,no
2019,안성시,CNG,사업용,0,58,0,0,no
2019,안성시,경유,비사업용,23486,3236,169,16929,no
2019,안성시,경유,사업용,70,411,246,3301,no
2019,안성시,기타연료,비사업용,0,79,7,276,no
2019,안성시,기타연료,사업용,0,0,0,112,no
2019,안성시,수소,비사업용,5,0,0,0,no
2019,안성시,엘피지,비사업용,6471,271,0,496,no
2019,안성시,엘피지,사업용,606,0,0,126,no
2019,안성시,전기,비사업용,184,0,0,0,yes
2025,안양시 동안구,CNG,비사업용,8,1,4,0,no
2025,안양시 동안구,경유,비사업용,25740,1602,7751,274,no
2025,안양시 동안구,경유,사업용,67,501,3271,168,no
2025,안양시 동안구,기타연료,비사업용,1,51,195,69,no
2025,안양시 동안구,기타연료,사업용,0,0,64,0,no
2025,안양시 동안구,수소,비사업용,83,0,0,0,no
2025,안양시 동안구,수소,사업용,3,0,0,0,no
2025,안양시 동안구,수소전기,비사업용,14,0,0,0,no
2025,안양시 동안구,엘피지,비사업용,4902,296,1544,66,no
2025,안양시 동안구,엘피지,사업용,1313,1,280,1,no
2025,안양시 동안구,전기,비사업용,3504,4,350,4,yes
2025,안양시 동안구,전기,사업용,318,38,113,1,yes
2025,안양시 동안구,하이브리드(LPG+전기),비사업용,38,0,0,0,no
2025,안양시 동안구,하이브리드(LPG+전기),사업용,5,0,0,0,no
2025,안양시 동안구,하이브리드(경유+전기),비사업용,234,0,0,0,no
2025,안양시 동안구,하이브리드(경유+전기),사업용,1,0,0,0,no
2025,안양시 동안구,하이브리드(휘발유+전기),비사업용,16587,16,43,1,no
2025,안양시 동안구,하이브리드(휘발유+전기),사업용,108,3,2,0,no
2025,안양시 동안구,휘발유,비사업용,20034,8,76,0,no
2025,안양시 동안구,휘발유,사업용,20,1,0,0,no
2025,안양시 동안구,휘발유(무연),비사업용,49378,24,54,0,no
2025,안양시 동안구,휘발유(무연),사업용,279,5,0,0,no
2025,안양시 동안구,휘발유(유연),비사업용,35,0,0,0,no
2024,안양시 동안구,CNG,비사업용,8,1,4,0,no
2024,안양시 동안구,경유,비사업용,27561,1770,8668,279,no
2024,안양시 동안구,경유,사업용,77,557,3478,168,no
2024,안양시 동안구,기타연료,비사업용,1,53,203,69,no
2024,안양시 동안구,기타연료,사업용,0,0,62,0,no
2024,안양시 동안구,수소,비사업용,75,0,0,0,no
2024,안양시 동안구,수소,사업용,3,0,0,0,no
2024,안양시 동안구,수소전기,비사업용,1,0,0,0,no
2024,안양시 동안구,엘피지,비사업용,5239,304,777,5,no
2024,안양시 동안구,엘피지,사업용,1342,0,193,1,no
2024,안양시 동안구,전기,비사업용,2415,5,287,0,yes
2024,안양시 동안구,전기,사업용,332,32,92,1,yes
2024,안양시 동안구,하이브리드(LPG+전기),비사업용,56,0,0,0,no
2024,안양시 동안구,하이브리드(LPG+전기),사업용,1,0,0,0,no
2024,안양시 동안구,하이브리드(경유+전기),비사업용,220,0,0,0,no
2024,안양시 동안구,하이브리드(경유+전기),사업용,1,0,0,0,no
2024,안양시 동안구,하이브리드(휘발유+전기),비사업용,13382,9,23,0,no
2024,안양시 동안구,하이브리드(휘발유+전기),사업용,109,3,0,0,no
2024,안양시 동안구,휘발유,비사업용,21348,10,78,0,no
2024,안양시 동안구,휘발유,사업용,28,1,0,0,no
2024,안양시 동안구,휘발유(무연),비사업용,48112,28,17,0,no
2024,안양시 동안구,휘발유(무연),사업용,406,5,0,0,no
2024,안양시 동안구,휘발유(유연),비사업용,38,0,0,0,no
2023,안양시 동안구,CNG,비사업용,11,2,5,0,no
2023,안양시 동안구,경유,비사업용,28031,1966,8993,285,no
2023,안양시 동안구,경유,사업용,100,590,3550,166,no
2023,안양시 동안구,기타연료,비사업용,1,57,196,57,no
2023,안양시 동안구,기타연료,사업용,0,0,54,0,no
2023,안양시 동안구,수소,비사업용,59,0,0,0,no
2023,안양시 동안구,수소,사업용,3,0,0,0,no
2023,안양시 동안구,엘피지,비사업용,5333,299,504,4,no
2023,안양시 동안구,엘피지,사업용,1380,0,105,0,no
2023,안양시 동안구,전기,비사업용,1691,3,248,0,yes
2023,안양시 동안구,전기,사업용,369,17,89,1,yes
2023,안양시 동안구,하이브리드(LPG+전기),비사업용,59,0,0,0,no
2023,안양시 동안구,하이브리드(경유+전기),비사업용,174,0,0,0,no
2023,안양시 동안구,하이브리드(경유+전기),사업용,2,0,0,0,no
2023,안양시 동안구,하이브리드(휘발유+전기),비사업용,10047,0,0,0,no
2023,안양시 동안구,하이브리드(휘발유+전기),사업용,75,0,0,0,no
2023,안양시 동안구,휘발유,비사업용,21670,8,77,0,no
2023,안양시 동안구,휘발유,사업용,36,1,0,0,no
2023,안양시 동안구,휘발유(무연),비사업용,45042,28,13,0,no
2023,안양시 동안구,휘발유(무연),사업용,436,5,0,0,no
2023,안양시 동안구,휘발유(유연),비사업용,35,0,0,0,no
2022,안양시 동안구,하이브리드(경유+전기),비사업용,130,0,0,0,no
2022,안양시 동안구,하이브리드(경유+전기),사업용,2,0,0,0,no
2022,안양시 동안구,하이브리드(휘발유+전기),비사업용,7839,0,0,0,no
2022,안양시 동안구,하이브리드(휘발유+전기),사업용,17,0,0,0,no
2022,안양시 동안구,휘발유,비사업용,22444,7,0,67,no
2022,안양시 동안구,휘발유,사업용,29,1,0,0,no
2022,안양시 동안구,휘발유(무연),비사업용,43840,18,0,15,no
2022,안양시 동안구,휘발유(무연),사업용,395,4,0,0,no
2022,안양시 동안구,휘발유(유연),비사업용,37,0,0,0,no
2022,안양시 동안구,CNG,비사업용,14,1,0,5,no
2022,안양시 동안구,CNG,사업용,0,2,0,0,no
2022,안양시 동안구,경유,비사업용,29189,2093,240,8637,no
2022,안양시 동안구,경유,사업용,116,624,161,3521,no
2022,안양시 동안구,기타연료,비사업용,1,63,50,190,no
2022,안양시 동안구,기타연료,사업용,0,0,0,51,no
2022,안양시 동안구,수소,비사업용,50,0,0,0,no
2020,성남시 중원구,기타연료,사업용,0,0,0,6,no
2020,성남시 중원구,수소,비사업용,16,0,0,0,no
2020,성남시 중원구,엘피지,비사업용,4179,392,0,547,no
2020,성남시 중원구,엘피지,사업용,1788,0,0,90,no
2020,성남시 중원구,전기,비사업용,246,0,0,12,yes
2020,성남시 중원구,전기,사업용,2,13,0,15,yes
2020,성남시 중원구,하이브리드(LPG+전기),비사업용,50,0,0,0,no
2020,성남시 중원구,하이브리드(경유+전기),비사업용,9,0,0,0,no
2020,성남시 중원구,하이브리드(휘발유+전기),비사업용,2000,0,0,0,no
2020,성남시 중원구,하이브리드(휘발유+전기),사업용,1,0,0,0,no
2020,성남시 중원구,휘발유,비사업용,11928,12,0,34,no
2020,성남시 중원구,휘발유,사업용,5,0,0,0,no
2020,성남시 중원구,휘발유(무연),비사업용,22217,6,0,15,no
2020,성남시 중원구,휘발유(무연),사업용,62,0,0,0,no
2020,성남시 중원구,휘발유(유연),비사업용,31,0,0,0,no
2019,성남시 중원구,CNG,사업용,0,94,0,0,no
2019,성남시 중원구,경유,비사업용,18463,2532,72,9057,no
2019,성남시 중원구,경유,사업용,255,188,147,1438,no
2019,성남시 중원구,기타연료,비사업용,1,22,1,71,no
2019,성남시 중원구,기타연료,사업용,0,0,0,5,no
2019,성남시 중원구,수소,비사업용,10,0,0,0,no
2019,성남시 중원구,엘피지,비사업용,4424,418,0,599,no
2019,성남시 중원구,엘피지,사업용,1848,0,0,95,no
2019,성남시 중원구,전기,비사업용,179,0,0,2,yes
2019,성남시 중원구,전기,사업용,0,13,0,0,yes
2019,성남시 중원구,하이브리드(LPG+전기),비사업용,59,0,0,0,no
2019,성남시 중원구,하이브리드(휘발유+전기),비사업용,1487,0,0,0,no
2019,성남시 중원구,하이브리드(휘발유+전기),사업용,1,0,0,0,no
2019,성남시 중원구,휘발유,비사업용,12142,10,0,20,no
2019,성남시 중원구,휘발유,사업용,9,0,0,0,no
2019,성남시 중원구,휘발유(무연),비사업용,21292,7,0,13,no
2019,성남시 중원구,휘발유(무연),사업용,224,0,0,0,no
2019,성남시 중원구,휘발유(유연),비사업용,31,0,0,0,no
2019,성남시 중원구,CNG,비사업용,16,0,0,1,no
2025,수원시 권선구,CNG,비사업용,9,2,16,0,no
2025,수원시 권선구,CNG,사업용,0,380,0,0,no
2025,수원시 권선구,경유,비사업용,45504,3615,16629,515,no
2025,수원시 권선구,경유,사업용,353,915,2407,546,no
2025,수원시 권선구,기타연료,비사업용,0,108,373,107,no
2025,수원시 권선구,기타연료,사업용,0,0,173,0,no
2025,수원시 권선구,수소,비사업용,277,0,0,0,no
2025,수원시 권선구,수소,사업용,2,0,0,0,no
2025,수원시 권선구,수소전기,비사업용,15,0,0,0,no
2025,수원시 권선구,수소전기,사업용,0,20,0,0,no
2025,수원시 권선구,엘피지,비사업용,10001,621,1929,19,no
2025,수원시 권선구,엘피지,사업용,2972,13,387,1,no
2025,수원시 권선구,전기,비사업용,4894,2,760,7,yes
2025,수원시 권선구,전기,사업용,468,587,216,0,yes
2025,수원시 권선구,하이브리드(LPG+전기),비사업용,90,0,0,0,no
2025,수원시 권선구,하이브리드(LPG+전기),사업용,3,0,0,0,no
2025,수원시 권선구,하이브리드(경유+전기),비사업용,752,0,0,0,no
2025,수원시 권선구,하이브리드(경유+전기),사업용,1,0,0,0,no
2025,수원시 권선구,하이브리드(휘발유+전기),비사업용,21482,27,43,1,no
2025,수원시 권선구,하이브리드(휘발유+전기),사업용,209,2,0,0,no
2025,수원시 권선구,휘발유,비사업용,30806,28,289,6,no
2025,수원시 권선구,휘발유,사업용,254,0,0,1,no
2025,수원시 권선구,휘발유(무연),비사업용,76474,61,111,1,no
2025,수원시 권선구,휘발유(무연),사업용,1111,0,0,0,no
2025,수원시 권선구,휘발유(유연),비사업용,93,0,0,0,no
2024,수원시 권선구,CNG,비사업용,13,6,16,0,no
2024,수원시 권선구,CNG,사업용,0,352,0,0,no
2024,수원시 권선구,경유,비사업용,47888,3913,17344,468,no
2024,수원시 권선구,경유,사업용,343,922,2525,560,no
2024,수원시 권선구,기타연료,비사업용,0,112,371,106,no
2024,수원시 권선구,기타연료,사업용,0,0,184,0,no
2024,수원시 권선구,수소,비사업용,232,0,0,0,no
2024,수원시 권선구,수소,사업용,2,0,0,0,no
2024,수원시 권선구,엘피지,비사업용,10779,612,1425,14,no
2024,수원시 권선구,엘피지,사업용,3047,14,260,0,no
2024,수원시 권선구,전기,비사업용,3164,3,833,8,yes
2024,수원시 권선구,전기,사업용,398,209,164,0,yes
2024,수원시 권선구,하이브리드(CNG+전기),사업용,0,17,0,0,no
2024,수원시 권선구,하이브리드(LPG+전기),비사업용,93,0,0,0,no
2024,수원시 권선구,하이브리드(경유+전기),비사업용,595,0,0,0,no
2024,수원시 권선구,하이브리드(경유+전기),사업용,1,0,0,0,no
2024,수원시 권선구,하이브리드(휘발유+전기),비사업용,17001,11,24,0,no
2024,수원시 권선구,하이브리드(휘발유+전기),사업용,78,1,0,0,no
2024,수원시 권선구,휘발유,비사업용,32541,33,292,4,no
2024,수원시 권선구,휘발유,사업용,209,0,0,0,no
2024,수원시 권선구,휘발유(무연),비사업용,74537,60,51,1,no
2024,수원시 권선구,휘발유(무연),사업용,836,0,0,0,no
2024,수원시 권선구,휘발유(유연),비사업용,93,0,0,0,no
2023,수원시 권선구,CNG,비사업용,23,3,16,0,no
2023,수원시 권선구,CNG,사업용,0,409,0,0,no
2023,수원시 권선구,경유,비사업용,50498,4187,18629,437,no
2023,수원시 권선구,경유,사업용,307,997,2666,562,no
2023,수원시 권선구,기타연료,비사업용,0,124,400,111,no
2023,수원시 권선구,기타연료,사업용,0,0,184,0,no
2023,수원시 권선구,수소,비사업용,223,0,0,0,no
2023,수원시 권선구,수소,사업용,2,0,0,0,no
2023,수원시 권선구,엘피지,비사업용,10926,557,844,13,no
2023,수원시 권선구,엘피지,사업용,3086,6,132,0,no
2023,수원시 권선구,전기,비사업용,2081,2,367,7,yes
2023,수원시 권선구,전기,사업용,361,97,119,0,yes
2023,수원시 권선구,하이브리드(CNG+전기),사업용,0,40,0,0,no
2023,수원시 권선구,하이브리드(LPG+전기),비사업용,93,0,0,0,no
2023,수원시 권선구,하이브리드(경유+전기),비사업용,376,0,0,0,no
2023,수원시 권선구,하이브리드(경유+전기),사업용,3,0,0,0,no
2023,수원시 권선구,하이브리드(휘발유+전기),비사업용,12729,0,0,0,no
2023,수원시 권선구,하이브리드(휘발유+전기),사업용,22,0,0,0,no
2023,수원시 권선구,휘발유,비사업용,33043,20,212,1,no
2023,수원시 권선구,휘발유,사업용,140,0,0,0,no
2023,수원시 권선구,휘발유(무연),비사업용,70766,49,41,0,no
2023,수원시 권선구,휘발유(무연),사업용,646,0,0,0,no
2023,수원시 권선구,휘발유(유연),비사업용,85,0,0,0,no
2022,수원시 권선구,CNG,비사업용,37,2,0,14,no
2022,수원시 권선구,CNG,사업용,0,404,0,0,no
2022,수원시 권선구,경유,비사업용,53995,4561,379,19805,no
2022,수원시 권선구,경유,사업용,295,977,574,2499,no
2022,수원시 권선구,기타연료,비사업용,1,117,95,399,no
2022,수원시 권선구,기타연료,사업용,0,0,0,189,no
2022,수원시 권선구,수소,비사업용,176,0,0,0,no
2022,수원시 권선구,수소,사업용,2,0,0,0,no
2022,수원시 권선구,엘피지,비사업용,11259,508,7,817,no
2022,수원시 권선구,엘피지,사업용,3291,26,0,130,no
2022,수원시 권선구,전기,비사업용,1595,1,2,197,yes
2022,수원시 권선구,전기,사업용,240,19,0,112,yes
2022,수원시 권선구,하이브리드(CNG+전기),사업용,0,42,0,0,no
2022,수원시 권선구,하이브리드(LPG+전기),비사업용,120,0,0,0,no
2022,수원시 권선구,하이브리드(경유+전기),비사업용,213,0,0,0,no
2022,수원시 권선구,하이브리드(경유+전기),사업용,2,0,0,0,no
2022,수원시 권선구,하이브리드(휘발유+전기),비사업용,9442,0,0,1,no
2022,수원시 권선구,하이브리드(휘발유+전기),사업용,12,0,0,0,no
2022,수원시 권선구,휘발유,비사업용,32834,17,0,162,no
2022,수원시 권선구,휘발유,사업용,98,0,0,0,no
2022,수원시 권선구,휘발유(무연),비사업용,66217,39,0,33,no
2022,수원시 권선구,휘발유(무연),사업용,885,0,0,0,no
2022,수원시 권선구,휘발유(유연),비사업용,81,0,0,0,no
2021,수원시 권선구,CNG,비사업용,39,4,0,6,no
2021,수원시 권선구,CNG,사업용,0,389,0,0,no
2024,안산시 상록구,경유,사업용,110,627,2181,364,no
2024,안산시 상록구,기타연료,비사업용,0,79,369,69,no
2024,안산시 상록구,기타연료,사업용,0,0,37,0,no
2024,안산시 상록구,수소,비사업용,207,0,0,0,no
2024,안산시 상록구,수소전기,사업용,0,1,0,0,no
2024,안산시 상록구,엘피지,비사업용,7926,392,1109,8,no
2024,안산시 상록구,엘피지,사업용,1209,2,245,1,no
2024,안산시 상록구,전기,비사업용,1199,1,407,2,yes
2024,안산시 상록구,전기,사업용,454,1,195,0,yes
2024,안산시 상록구,하이브리드(LPG+전기),비사업용,54,0,0,0,no
2024,안산시 상록구,하이브리드(LPG+전기),사업용,1,0,0,0,no
2024,안산시 상록구,하이브리드(경유+전기),비사업용,114,0,0,0,no
2024,안산시 상록구,하이브리드(경유+전기),사업용,3,0,0,0,no
2024,안산시 상록구,하이브리드(휘발유+전기),비사업용,8846,4,17,0,no
2024,안산시 상록구,하이브리드(휘발유+전기),사업용,28,1,2,0,no
2024,안산시 상록구,휘발유,비사업용,19364,19,137,0,no
2024,안산시 상록구,휘발유,사업용,34,0,0,0,no
2024,안산시 상록구,휘발유(무연),비사업용,52804,27,35,0,no
2024,안산시 상록구,휘발유(무연),사업용,474,0,0,0,no
2024,안산시 상록구,휘발유(유연),비사업용,53,0,0,0,no
2023,안산시 상록구,CNG,비사업용,16,4,1,0,no
2023,안산시 상록구,CNG,사업용,0,16,0,0,no
2023,안산시 상록구,경유,비사업용,33062,3618,17105,353,no
2023,안산시 상록구,경유,사업용,233,649,2316,378,no
2023,안산시 상록구,기타연료,비사업용,0,78,355,60,no
2023,안산시 상록구,기타연료,사업용,0,0,32,0,no
2023,안산시 상록구,수소,비사업용,198,0,0,0,no
2023,안산시 상록구,수소,사업용,1,0,0,0,no
2023,안산시 상록구,엘피지,비사업용,8294,401,670,3,no
2023,안산시 상록구,엘피지,사업용,1230,0,89,0,no
2023,안산시 상록구,전기,비사업용,921,2,356,2,yes
2023,안산시 상록구,전기,사업용,444,1,162,0,yes
2023,안산시 상록구,하이브리드(LPG+전기),비사업용,64,0,0,0,no
2023,안산시 상록구,하이브리드(LPG+전기),사업용,1,0,0,0,no
2023,안산시 상록구,하이브리드(경유+전기),비사업용,104,0,0,0,no
2023,안산시 상록구,하이브리드(경유+전기),사업용,2,0,0,0,no
2023,안산시 상록구,하이브리드(휘발유+전기),비사업용,6899,0,0,0,no
2023,안산시 상록구,하이브리드(휘발유+전기),사업용,16,0,0,0,no
2023,안산시 상록구,휘발유,비사업용,20855,17,132,0,no
2023,안산시 상록구,휘발유,사업용,28,0,0,0,no
2023,안산시 상록구,휘발유(무연),비사업용,51689,27,31,0,no
2023,안산시 상록구,휘발유(무연),사업용,377,0,0,0,no
2023,안산시 상록구,휘발유(유연),비사업용,54,0,1,0,no
2022,안산시 상록구,CNG,비사업용,25,4,0,1,no
2022,안산시 상록구,CNG,사업용,74,26,0,0,no
2022,안산시 상록구,경유,비사업용,34473,3865,330,17449,no
2022,안산시 상록구,경유,사업용,323,613,376,2227,no
2022,안산시 상록구,기타연료,비사업용,0,74,58,357,no
2022,안산시 상록구,기타연료,사업용,0,0,0,27,no
2022,안산시 상록구,수소,비사업용,181,0,0,0,no
2022,안산시 상록구,수소,사업용,2,0,0,0,no
2022,안산시 상록구,엘피지,비사업용,8659,417,2,699,no
2022,안산시 상록구,엘피지,사업용,1288,0,0,101,no
2022,안산시 상록구,전기,비사업용,677,0,0,193,yes
2022,안산시 상록구,전기,사업용,399,0,0,133,yes
2022,안산시 상록구,하이브리드(LPG+전기),비사업용,75,0,0,0,no
2022,안산시 상록구,하이브리드(경유+전기),비사업용,82,0,0,0,no
2022,안산시 상록구,하이브리드(경유+전기),사업용,4,0,0,0,no
2022,안산시 상록구,하이브리드(휘발유+전기),비사업용,5451,0,0,0,no
2022,안산시 상록구,하이브리드(휘발유+전기),사업용,9,0,0,0,no
2022,안산시 상록구,휘발유,비사업용,22155,16,0,132,no
2022,안산시 상록구,휘발유,사업용,30,0,0,0,no
2022,안산시 상록구,휘발유(무연),비사업용,50544,20,0,28,no
2022,안산시 상록구,휘발유(무연),사업용,393,0,0,0,no
2022,안산시 상록구,휘발유(유연),비사업용,54,0,0,0,no
2021,안산시 상록구,CNG,비사업용,35,4,0,1,no
2021,안산시 상록구,CNG,사업용,123,26,0,0,no
2021,안산시 상록구,경유,비사업용,35021,4036,284,17669,no
2021,안산시 상록구,경유,사업용,119,603,370,2195,no
2021,안산시 상록구,기타연료,비사업용,0,71,33,311,no
2021,안산시 상록구,기타연료,사업용,0,0,0,24,no
2021,안산시 상록구,수소,비사업용,88,0,0,0,no
2021,안산시 상록구,수소,사업용,1,0,0,0,no
2021,안산시 상록구,엘피지,비사업용,8799,439,1,720,no
2021,안산시 상록구,엘피지,사업용,1259,0,0,109,no
2021,안산시 상록구,전기,비사업용,473,0,0,80,yes
2021,안산시 상록구,전기,사업용,9,0,0,59,yes
2021,안산시 상록구,하이브리드(LPG+전기),비사업용,85,0,0,0,no
2021,안산시 상록구,하이브리드(경유+전기),비사업용,48,0,0,0,no
2021,안산시 상록구,하이브리드(경유+전기),사업용,3,0,0,0,no
2021,안산시 상록구,하이브리드(휘발유+전기),비사업용,4342,0,0,0,no
2021,안산시 상록구,하이브리드(휘발유+전기),사업용,6,0,0,0,no
2021,안산시 상록구,휘발유,비사업용,23009,17,0,103,no
2021,안산시 상록구,휘발유,사업용,25,0,0,0,no
2021,안산시 상록구,휘발유(무연),비사업용,48987,20,0,27,no
2021,안산시 상록구,휘발유(무연),사업용,130,0,0,0,no
2021,안산시 상록구,휘발유(유연),비사업용,49,0,0,0,no
2020,안산시 상록구,휘발유(무연),비사업용,46882,21,0,27,no
2020,안산시 상록구,휘발유(무연),사업용,117,0,0,0,no
2020,안산시 상록구,휘발유(유연),비사업용,40,0,0,0,no
2020,안산시 상록구,CNG,비사업용,38,5,0,1,no
2020,안산시 상록구,CNG,사업용,129,26,0,0,no
2020,안산시 상록구,경유,비사업용,34813,4227,234,17703,no
2020,안산시 상록구,경유,사업용,103,621,340,2209,no
2020,안산시 상록구,기타연료,비사업용,0,76,17,266,no
2020,안산시 상록구,기타연료,사업용,0,0,0,25,no
2020,안산시 상록구,수소,비사업용,23,0,0,0,no
2020,안산시 상록구,엘피지,비사업용,8950,487,1,721,no
2020,안산시 상록구,엘피지,사업용,1219,0,0,126,no
2020,안산시 상록구,전기,비사업용,321,0,0,27,yes
2020,안산시 상록구,전기,사업용,2,0,0,7,yes
2020,안산시 상록구,하이브리드(LPG+전기),비사업용,94,0,0,0,no
2020,안산시 상록구,하이브리드(경유+전기),비사업용,12,0,0,0,no
2020,안산시 상록구,하이브리드(휘발유+전기),비사업용,3302,0,0,0,no
2020,안산시 상록구,하이브리드(휘발유+전기),사업용,6,0,0,0,no
2020,안산시 상록구,휘발유,비사업용,23538,20,0,79,no
2020,안산시 상록구,휘발유,사업용,22,0,0,0,no
2019,안산시 상록구,CNG,비사업용,45,5,0,1,no
2019,안산시 상록구,CNG,사업용,143,27,0,0,no
2019,안산시 상록구,경유,비사업용,33456,4416,191,17408,no
2019,안산시 상록구,경유,사업용,98,631,306,2086,no
2019,안산시 상록구,기타연료,비사업용,0,67,6,225,no
2019,안산시 상록구,기타연료,사업용,0,0,0,21,no
2019,안산시 상록구,엘피지,비사업용,8776,521,1,757,no
2019,안산시 상록구,엘피지,사업용,1194,0,0,129,no
2019,안산시 상록구,전기,비사업용,189,0,0,0,yes
2019,안산시 상록구,전기,사업용,2,0,0,0,yes
2019,안산시 상록구,하이브리드(LPG+전기),비사업용,92,0,0,0,no
2019,안산시 상록구,하이브리드(경유+전기),비사업용,1,0,0,0,no
2019,안산시 상록구,하이브리드(휘발유+전기),비사업용,2349,0,0,0,no
2019,안산시 상록구,하이브리드(휘발유+전기),사업용,3,0,0,0,no
2019,안산시 상록구,휘발유,비사업용,22931,16,0,48,no
2019,안산시 상록구,휘발유,사업용,21,0,0,0,no
2019,안산시 상록구,휘발유(무연),비사업용,42480,24,0,27,no
2019,안산시 상록구,휘발유(무연),사업용,107,0,0,0,no
2019,안산시 상록구,휘발유(유연),비사업용,40,0,0,0,no
2025,안성시,CNG,비사업용,7,2,3,0,no
2025,안성시,CNG,사업용,0,67,0,0,no
2025,안성시,경유,비사업용,24003,2465,16810,723,no
2025,안성시,경유,사업용,57,413,2791,290,no
2025,안성시,기타연료,비사업용,0,104,428,85,no
2025,안성시,기타연료,사업용,0,1,110,0,no
2025,안성시,수소,비사업용,295,0,0,0,no
2025,안성시,수소전기,비사업용,44,0,1,0,no
2025,안성시,수소전기,사업용,1,0,0,0,no
2025,안성시,엘피지,비사업용,6952,318,1431,173,no
2025,안성시,엘피지,사업용,459,3,267,0,no
2025,안성시,전기,비사업용,2064,2,780,4,yes
2025,안성시,전기,사업용,39,75,137,0,yes
2025,안성시,하이브리드(LPG+전기),비사업용,43,0,0,0,no
2025,안성시,하이브리드(경유+전기),비사업용,131,0,0,0,no
2025,안성시,하이브리드(경유+전기),사업용,1,0,0,0,no
2025,안성시,하이브리드(휘발유+전기),비사업용,8466,13,21,0,no
2025,안성시,하이브리드(휘발유+전기),사업용,49,1,0,0,no
2025,안성시,휘발유,비사업용,14887,12,200,2,no
2025,안성시,휘발유,사업용,20,0,0,0,no
2025,안성시,휘발유(무연),비사업용,41273,22,88,0,no
2025,안성시,휘발유(무연),사업용,107,0,0,0,no
2025,안성시,휘발유(유연),비사업용,33,0,0,0,no
2024,안성시,CNG,비사업용,13,2,3,0,no
2024,안성시,CNG,사업용,0,60,0,0,no
2024,안성시,경유,비사업용,24742,2692,17172,915,no
2024,안성시,경유,사업용,67,419,2978,292,no
2024,안성시,기타연료,비사업용,0,108,432,79,no
2024,안성시,기타연료,사업용,0,1,104,0,no
2024,안성시,수소,비사업용,292,0,0,0,no
2024,안성시,수소전기,비사업용,2,0,0,0,no
2024,안성시,엘피지,비사업용,7186,296,1051,12,no
2024,안성시,엘피지,사업용,474,5,147,0,no
2024,안성시,전기,비사업용,1419,0,645,2,yes
2024,안성시,전기,사업용,54,56,105,0,yes
2025,안산시 단원구,수소,사업용,15,2,0,0,no
2025,안산시 단원구,수소전기,비사업용,27,0,0,0,no
2025,안산시 단원구,수소전기,사업용,0,35,0,0,no
2025,안산시 단원구,엘피지,비사업용,6886,436,1774,22,no
2025,안산시 단원구,엘피지,사업용,1607,7,339,0,no
2025,안산시 단원구,전기,비사업용,2746,7,804,1,yes
2025,안산시 단원구,전기,사업용,490,97,211,0,yes
2025,안산시 단원구,하이브리드(CNG+전기),사업용,0,12,0,0,no
2025,안산시 단원구,하이브리드(LPG+전기),비사업용,60,0,0,0,no
2025,안산시 단원구,하이브리드(LPG+전기),사업용,1,0,0,0,no
2025,안산시 단원구,하이브리드(경유+전기),비사업용,237,0,0,0,no
2025,안산시 단원구,하이브리드(경유+전기),사업용,4,0,0,0,no
2025,안산시 단원구,하이브리드(휘발유+전기),비사업용,13721,31,80,0,no
2025,안산시 단원구,하이브리드(휘발유+전기),사업용,891,11,1,0,no
2025,안산시 단원구,휘발유,비사업용,19262,12,141,2,no
2025,안산시 단원구,휘발유,사업용,53,0,0,0,no
2025,안산시 단원구,휘발유(무연),비사업용,61581,35,97,0,no
2025,안산시 단원구,휘발유(무연),사업용,4122,1,0,0,no
2025,안산시 단원구,휘발유(유연),비사업용,50,0,0,0,no
2024,안산시 단원구,CNG,비사업용,18,0,7,0,no
2024,안산시 단원구,CNG,사업용,0,374,0,0,no
2024,안산시 단원구,경유,비사업용,35926,4379,20492,359,no
2024,안산시 단원구,경유,사업용,148,656,3526,325,no
2024,안산시 단원구,기타연료,비사업용,0,70,397,54,no
2024,안산시 단원구,기타연료,사업용,0,0,119,0,no
2024,안산시 단원구,수소,비사업용,242,0,0,0,no
2024,안산시 단원구,수소,사업용,18,2,0,0,no
2024,안산시 단원구,엘피지,비사업용,7385,433,1223,12,no
2024,안산시 단원구,엘피지,사업용,1541,3,212,0,no
2024,안산시 단원구,전기,비사업용,1865,8,693,0,yes
2024,안산시 단원구,전기,사업용,322,80,170,0,yes
2024,안산시 단원구,하이브리드(CNG+전기),사업용,0,17,0,0,no
2024,안산시 단원구,하이브리드(LPG+전기),비사업용,71,0,0,0,no
2024,안산시 단원구,하이브리드(LPG+전기),사업용,1,0,0,0,no
2024,안산시 단원구,하이브리드(경유+전기),비사업용,202,0,0,0,no
2024,안산시 단원구,하이브리드(휘발유+전기),비사업용,11054,18,25,0,no
2024,안산시 단원구,하이브리드(휘발유+전기),사업용,64,1,2,0,no
2024,안산시 단원구,휘발유,비사업용,21151,13,142,1,no
2024,안산시 단원구,휘발유,사업용,22,0,0,0,no
2024,안산시 단원구,휘발유(무연),비사업용,60353,37,42,0,no
2024,안산시 단원구,휘발유(무연),사업용,263,0,0,0,no
2024,안산시 단원구,휘발유(유연),비사업용,54,0,0,0,no
2023,안산시 단원구,CNG,비사업용,22,1,6,0,no
2023,안산시 단원구,CNG,사업용,0,431,0,0,no
2023,안산시 단원구,경유,비사업용,37041,4776,21267,337,no
2023,안산시 단원구,경유,사업용,155,651,3568,321,no
2023,안산시 단원구,기타연료,비사업용,0,75,389,51,no
2023,안산시 단원구,기타연료,사업용,0,0,126,0,no
2023,안산시 단원구,수소,비사업용,234,0,0,0,no
2023,안산시 단원구,수소,사업용,21,1,0,0,no
2023,안산시 단원구,엘피지,비사업용,7649,450,699,9,no
2023,안산시 단원구,엘피지,사업용,1606,2,79,0,no
2023,안산시 단원구,전기,비사업용,1467,5,565,0,yes
2023,안산시 단원구,전기,사업용,297,49,138,0,yes
2023,안산시 단원구,하이브리드(CNG+전기),사업용,0,17,0,0,no
2023,안산시 단원구,하이브리드(LPG+전기),비사업용,82,0,0,0,no
2023,안산시 단원구,하이브리드(LPG+전기),사업용,1,0,0,0,no
2023,안산시 단원구,하이브리드(경유+전기),비사업용,141,0,0,0,no
2023,안산시 단원구,하이브리드(경유+전기),사업용,2,0,0,0,no
2023,안산시 단원구,하이브리드(휘발유+전기),비사업용,8308,0,0,0,no
2023,안산시 단원구,하이브리드(휘발유+전기),사업용,48,0,0,0,no
2023,안산시 단원구,휘발유,비사업용,22187,15,134,0,no
2023,안산시 단원구,휘발유,사업용,35,0,0,0,no
2023,안산시 단원구,휘발유(무연),비사업용,58379,39,31,0,no
2023,안산시 단원구,휘발유(무연),사업용,393,0,0,0,no
2023,안산시 단원구,휘발유(유연),비사업용,63,0,0,0,no
2022,안산시 단원구,CNG,비사업용,32,3,0,5,no
2022,안산시 단원구,CNG,사업용,0,437,0,0,no
2022,안산시 단원구,경유,비사업용,38324,5048,269,21870,no
2022,안산시 단원구,경유,사업용,130,640,351,3460,no
2022,안산시 단원구,기타연료,비사업용,0,76,44,360,no
2022,안산시 단원구,기타연료,사업용,0,0,0,132,no
2022,안산시 단원구,수소,비사업용,230,0,0,0,no
2022,안산시 단원구,수소,사업용,21,1,0,0,no
2022,안산시 단원구,엘피지,비사업용,7880,429,6,681,no
2022,안산시 단원구,엘피지,사업용,1727,0,0,78,no
2022,안산시 단원구,전기,비사업용,1109,1,0,262,yes
2022,안산시 단원구,전기,사업용,241,37,0,121,yes
2024,수원시 장안구,기타연료,비사업용,0,58,211,37,no
2024,수원시 장안구,기타연료,사업용,0,0,17,0,no
2024,수원시 장안구,수소,비사업용,115,0,0,0,no
2024,수원시 장안구,엘피지,비사업용,5546,274,592,18,no
2024,수원시 장안구,엘피지,사업용,767,6,171,1,no
2024,수원시 장안구,전기,비사업용,1516,2,128,2,yes
2024,수원시 장안구,전기,사업용,102,331,86,0,yes
2024,수원시 장안구,하이브리드(LPG+전기),비사업용,50,0,0,0,no
2024,수원시 장안구,하이브리드(경유+전기),비사업용,119,0,0,0,no
2024,수원시 장안구,하이브리드(휘발유+전기),비사업용,10166,8,15,0,no
2024,수원시 장안구,하이브리드(휘발유+전기),사업용,22,0,0,0,no
2024,수원시 장안구,휘발유,비사업용,16243,8,86,2,no
2024,수원시 장안구,휘발유,사업용,9,0,0,0,no
2024,수원시 장안구,휘발유(무연),비사업용,41139,18,19,0,no
2024,수원시 장안구,휘발유(무연),사업용,88,0,0,0,no
2024,수원시 장안구,휘발유(유연),비사업용,44,0,0,0,no
2023,수원시 장안구,CNG,비사업용,16,1,4,0,no
2023,수원시 장안구,CNG,사업용,0,149,0,0,no
2023,수원시 장안구,경유,비사업용,24987,2594,7536,184,no
2023,수원시 장안구,경유,사업용,26,107,1926,124,no
2023,수원시 장안구,기타연료,비사업용,0,59,214,36,no
2023,수원시 장안구,기타연료,사업용,0,0,17,0,no
2023,수원시 장안구,수소,비사업용,94,0,0,0,no
2023,수원시 장안구,엘피지,비사업용,5742,273,385,2,no
2023,수원시 장안구,엘피지,사업용,774,4,89,0,no
2023,수원시 장안구,전기,비사업용,976,1,106,3,yes
2023,수원시 장안구,전기,사업용,92,304,82,0,yes
2023,수원시 장안구,하이브리드(LPG+전기),비사업용,54,0,0,0,no
2023,수원시 장안구,하이브리드(경유+전기),비사업용,89,0,0,0,no
2023,수원시 장안구,하이브리드(휘발유+전기),비사업용,7677,0,1,0,no
2023,수원시 장안구,하이브리드(휘발유+전기),사업용,4,0,0,0,no
2023,수원시 장안구,휘발유,비사업용,16793,6,77,1,no
2023,수원시 장안구,휘발유,사업용,9,0,0,0,no
2023,수원시 장안구,휘발유(무연),비사업용,39165,20,14,0,no
2023,수원시 장안구,휘발유(무연),사업용,63,0,0,0,no
2023,수원시 장안구,휘발유(유연),비사업용,42,0,0,0,no
2022,수원시 장안구,CNG,비사업용,18,1,0,3,no
2022,수원시 장안구,CNG,사업용,0,233,0,0,no
2022,수원시 장안구,경유,비사업용,25824,2736,159,7739,no
2022,수원시 장안구,경유,사업용,53,110,121,1855,no
2022,수원시 장안구,기타연료,비사업용,0,57,33,211,no
2022,수원시 장안구,기타연료,사업용,0,0,0,18,no
2022,수원시 장안구,수소,비사업용,79,0,0,0,no
2022,수원시 장안구,엘피지,비사업용,5849,262,4,390,no
2022,수원시 장안구,엘피지,사업용,801,2,0,94,no
2022,수원시 장안구,전기,비사업용,585,1,1,50,yes
2022,수원시 장안구,전기,사업용,69,271,0,72,yes
2022,수원시 장안구,하이브리드(CNG+전기),사업용,0,4,0,0,no
2022,수원시 장안구,하이브리드(LPG+전기),비사업용,62,0,0,0,no
2022,수원시 장안구,하이브리드(경유+전기),비사업용,61,0,0,0,no
2022,수원시 장안구,하이브리드(휘발유+전기),비사업용,5764,0,0,1,no
2022,수원시 장안구,하이브리드(휘발유+전기),사업용,3,0,0,0,no
2022,수원시 장안구,휘발유,비사업용,17300,5,0,71,no
2022,수원시 장안구,휘발유,사업용,7,0,0,0,no
2022,수원시 장안구,휘발유(무연),비사업용,37375,17,0,15,no
2021,양평군,CNG,비사업용,8,1,0,0,no
2021,양평군,CNG,사업용,0,9,0,0,no
2021,양평군,경유,비사업용,16077,1730,172,11080,no
2021,양평군,경유,사업용,19,672,88,707,no
2021,양평군,기타연료,비사업용,0,71,24,200,no
2021,양평군,기타연료,사업용,0,0,0,13,no
2021,양평군,수소,비사업용,13,0,0,0,no
2021,양평군,엘피지,비사업용,2760,147,1,356,no
2021,양평군,엘피지,사업용,248,1,0,15,no
2021,양평군,전기,비사업용,486,0,0,93,yes
2021,양평군,전기,사업용,19,6,0,20,yes
2021,양평군,하이브리드(LPG+전기),비사업용,43,0,0,0,no
2021,양평군,하이브리드(경유+전기),비사업용,27,0,0,0,no
2021,양평군,하이브리드(경유+전기),사업용,1,0,0,0,no
2021,양평군,하이브리드(휘발유+전기),비사업용,2032,0,0,0,no
2021,양평군,하이브리드(휘발유+전기),사업용,2,0,0,0,no
2021,양평군,휘발유,비사업용,10159,8,0,131,no
2021,양평군,휘발유,사업용,2,0,0,0,no
2021,양평군,휘발유(무연),비사업용,16864,8,0,25,no
2021,양평군,휘발유(무연),사업용,16,0,0,0,no
2021,양평군,휘발유(유연),비사업용,11,0,0,0,no
2020,양평군,CNG,비사업용,8,1,0,0,no
2020,양평군,CNG,사업용,0,3,0,0,no
2020,양평군,경유,비사업용,16112,1772,130,11090,no
2020,양평군,경유,사업용,13,722,84,699,no
2020,양평군,기타연료,비사업용,0,63,9,171,no
2020,양평군,기타연료,사업용,0,0,0,11,no
2020,양평군,수소,비사업용,2,0,0,0,no
2020,양평군,엘피지,비사업용,2759,150,1,328,no
2020,양평군,엘피지,사업용,257,1,0,19,no
2020,양평군,전기,비사업용,298,0,0,18,yes
2020,양평군,전기,사업용,0,0,0,1,yes
2020,양평군,하이브리드(LPG+전기),비사업용,47,0,0,0,no
2020,양평군,하이브리드(경유+전기),비사업용,14,0,0,0,no
2020,양평군,하이브리드(휘발유+전기),비사업용,1589,0,0,0,no
2020,양평군,하이브리드(휘발유+전기),사업용,2,0,0,0,no
2020,양평군,휘발유,비사업용,9941,7,0,84,no
2020,양평군,휘발유,사업용,2,0,0,0,no
2020,양평군,휘발유(무연),비사업용,15677,7,0,24,no
2020,양평군,휘발유(무연),사업용,7,0,0,0,no
2020,양평군,휘발유(유연),비사업용,11,0,0,0,no
2019,양평군,CNG,비사업용,9,1,0,0,no
2019,양평군,경유,비사업용,15939,1812,106,10889,no
2019,양평군,경유,사업용,10,719,83,668,no
2019,양평군,기타연료,비사업용,0,52,5,155,no
2019,양평군,기타연료,사업용,0,0,0,11,no
2019,양평군,엘피지,비사업용,2794,159,2,315,no
2019,양평군,엘피지,사업용,260,0,0,19,no
2019,양평군,전기,비사업용,186,0,0,0,yes
2019,양평군,하이브리드(LPG+전기),비사업용,42,0,0,0,no
2019,양평군,하이브리드(경유+전기),비사업용,3,0,0,0,no
2019,양평군,하이브리드(휘발유+전기),비사업용,1222,0,0,0,no
2019,양평군,하이브리드(휘발유+전기),사업용,2,0,0,0,no
2019,양평군,휘발유,비사업용,9724,7,0,41,no
2019,양평군,휘발유,사업용,2,0,0,0,no
2019,양평군,휘발유(무연),비사업용,14707,9,0,23,no
2019,양평군,휘발유(무연),사업용,4,0,0,0,no
2019,양평군,휘발유(유연),비사업용,12,0,0,0,no
2025,여주군,경유,비사업용,0,0,12,0,no
2025,여주군,엘피지,비사업용,1,0,0,0,no
2025,여주군,휘발유,비사업용,6,0,1,0,no
2024,여주군,경유,비사업용,0,0,12,0,no
2024,여주군,엘피지,비사업용,1,0,0,0,no
2024,여주군,휘발유,비사업용,6,0,1,0,no
2023,여주군,경유,비사업용,0,0,12,0,no
2023,여주군,엘피지,비사업용,1,0,0,0,no
2023,여주군,휘발유,비사업용,6,0,1,0,no
2022,여주군,경유,비사업용,0,0,0,12,no
2022,여주군,엘피지,비사업용,1,0,0,0,no
2022,여주군,휘발유,비사업용,6,0,0,1,no
2021,여주군,경유,비사업용,0,0,0,12,no
2021,여주군,엘피지,비사업용,1,0,0,0,no
2021,여주군,휘발유,비사업용,6,0,0,1,no
2020,여주군,경유,비사업용,0,0,0,12,no
2020,여주군,엘피지,비사업용,1,0,0,0,no
2020,여주군,휘발유,비사업용,6,0,0,1,no
2019,여주군,경유,비사업용,0,0,0,12,no
2019,여주군,엘피지,비사업용,1,0,0,0,no
2019,여주군,휘발유,비사업용,6,0,0,1,no
2025,여주시,CNG,비사업용,1,4,0,0,no
2025,여주시,CNG,사업용,0,2,0,0,no
2025,여주시,경유,비사업용,14010,1677,12365,303,no
2025,여주시,경유,사업용,11,623,5893,352,no
2025,여주시,기타연료,비사업용,0,69,338,45,no
2025,여주시,기타연료,사업용,0,0,215,0,no
2025,여주시,수소,비사업용,55,0,0,0,no
2025,여주시,수소,사업용,1,2,0,0,no
2025,여주시,수소전기,비사업용,11,0,0,0,no
2025,여주시,수소전기,사업용,0,1,0,0,no
2025,여주시,엘피지,비사업용,2964,168,903,9,no
2025,여주시,엘피지,사업용,261,0,270,0,no
2025,여주시,전기,비사업용,1385,5,646,3,yes
2025,여주시,전기,사업용,41,9,77,0,yes
2025,여주시,하이브리드(LPG+전기),비사업용,30,0,0,0,no
2025,여주시,하이브리드(경유+전기),비사업용,80,0,0,0,no
2025,여주시,하이브리드(휘발유+전기),비사업용,4711,21,18,1,no
2025,여주시,하이브리드(휘발유+전기),사업용,1,0,0,0,no
2025,여주시,휘발유,비사업용,7892,13,129,3,no
2025,여주시,휘발유,사업용,4,0,0,2,no
2025,여주시,휘발유(무연),비사업용,23297,23,67,0,no
2025,여주시,휘발유(무연),사업용,45,0,0,0,no
2025,여주시,휘발유(유연),비사업용,15,0,0,0,no
2024,여주시,CNG,비사업용,1,5,0,0,no
2024,여주시,CNG,사업용,0,3,0,0,no
2024,여주시,경유,비사업용,14814,1773,12753,289,no
2024,여주시,경유,사업용,14,633,6023,344,no
2024,여주시,기타연료,비사업용,0,67,334,41,no
2024,여주시,기타연료,사업용,0,0,216,0,no
2024,여주시,수소,비사업용,54,0,0,0,no
2024,여주시,수소,사업용,1,2,0,0,no
2024,여주시,수소전기,사업용,0,1,0,0,no
2024,여주시,엘피지,비사업용,3059,167,687,9,no
2024,여주시,엘피지,사업용,263,0,163,0,no
2024,여주시,전기,비사업용,984,5,533,2,yes
2024,여주시,전기,사업용,38,8,68,0,yes
2024,여주시,하이브리드(LPG+전기),비사업용,27,0,0,0,no
2024,여주시,하이브리드(경유+전기),비사업용,73,0,0,0,no
2024,여주시,하이브리드(휘발유+전기),비사업용,3683,10,10,0,no
2024,여주시,휘발유,비사업용,8566,12,132,1,no
2024,여주시,휘발유,사업용,4,0,0,1,no
2024,여주시,휘발유(무연),비사업용,22575,22,16,0,no
2024,여주시,휘발유(무연),사업용,32,0,0,0,no
2024,여주시,휘발유(유연),비사업용,19,0,0,0,no
2023,여주시,CNG,비사업용,2,1,0,0,no
2023,여주시,CNG,사업용,0,7,0,0,no
2023,여주시,경유,비사업용,15318,1865,13100,257,no
2023,여주시,경유,사업용,20,661,5841,353,no
2023,여주시,기타연료,비사업용,0,72,324,34,no
2023,여주시,기타연료,사업용,0,0,238,0,no
2023,여주시,수소,비사업용,56,0,0,0,no
2023,여주시,수소,사업용,1,0,0,0,no
2023,여주시,엘피지,비사업용,3156,159,382,4,no
2023,여주시,엘피지,사업용,272,0,48,0,no
2023,여주시,전기,비사업용,710,4,455,1,yes
2023,여주시,전기,사업용,30,8,64,0,yes
2023,여주시,하이브리드(LPG+전기),비사업용,31,0,0,0,no
2023,여주시,하이브리드(경유+전기),비사업용,57,0,0,0,no
2023,여주시,하이브리드(휘발유+전기),비사업용,2726,0,0,0,no
2023,여주시,휘발유,비사업용,8885,11,125,2,no
2023,여주시,휘발유,사업용,4,0,0,1,no
2023,여주시,휘발유(무연),비사업용,21631,20,16,0,no
2023,여주시,휘발유(무연),사업용,30,0,0,0,no
2023,여주시,휘발유(유연),비사업용,17,0,0,0,no
2022,여주시,기타연료,사업용,0,0,0,239,no
2022,여주시,수소,비사업용,52,0,0,0,no
2022,여주시,엘피지,비사업용,3141,138,3,396,no
2022,여주시,엘피지,사업용,296,0,0,54,no
2022,여주시,전기,비사업용,489,0,0,280,yes
2022,여주시,전기,사업용,15,3,0,54,yes
2022,여주시,하이브리드(LPG+전기),비사업용,38,0,0,0,no
2022,여주시,하이브리드(경유+전기),비사업용,40,0,0,0,no
2022,여주시,하이브리드(휘발유+전기),비사업용,1967,0,0,0,no
2022,여주시,휘발유,비사업용,9108,10,1,119,no
2022,여주시,휘발유,사업용,5,0,0,0,no
2022,여주시,휘발유(무연),비사업용,20138,15,0,16,no
2022,여주시,휘발유(무연),사업용,30,0,0,0,no
2022,여주시,휘발유(유연),비사업용,13,0,0,0,no
2022,여주시,CNG,비사업용,4,1,0,0,no
2022,여주시,CNG,사업용,0,13,0,0,no
2022,여주시,경유,비사업용,15444,1993,247,13096,no
2022,여주시,경유,사업용,24,696,361,5617,no
2022,여주시,기타연료,비사업용,0,71,26,311,no
2021,여주시,CNG,비사업용,4,2,0,1,no
2021,여주시,CNG,사업용,0,16,0,0,no
2021,여주시,경유,비사업용,15284,2025,222,12950,no
2021,여주시,경유,사업용,49,769,392,5283,no
2021,여주시,기타연료,비사업용,0,68,15,290,no
2021,여주시,기타연료,사업용,0,0,0,254,no
2021,여주시,수소,비사업용,21,0,0,0,no
2021,여주시,엘피지,비사업용,3114,145,1,377,no
2021,여주시,엘피지,사업용,401,1,0,51,no
2021,여주시,전기,비사업용,293,0,0,164,yes
2021,여주시,전기,사업용,9,0,0,42,yes
2021,여주시,하이브리드(LPG+전기),비사업용,38,0,0,0,no
2021,여주시,하이브리드(경유+전기),비사업용,28,0,0,0,no
2021,여주시,하이브리드(휘발유+전기),비사업용,1496,0,0,0,no
2021,여주시,휘발유,비사업용,9086,10,2,96,no
2021,여주시,휘발유,사업용,9,0,2,0,no
2021,여주시,휘발유(무연),비사업용,19002,11,0,15,no
2021,여주시,휘발유(무연),사업용,41,0,0,0,no
2021,여주시,휘발유(유연),비사업용,12,0,0,0,no
2020,여주시,CNG,비사업용,5,2,0,0,no
2020,여주시,CNG,사업용,0,15,0,0,no
2020,여주시,경유,비사업용,15178,2028,195,12927,no
2020,여주시,경유,사업용,50,736,397,5486,no
2020,여주시,기타연료,비사업용,0,69,11,242,no
2020,여주시,기타연료,사업용,0,0,0,268,no
2020,여주시,수소,비사업용,7,0,0,0,no
2020,여주시,엘피지,비사업용,3113,142,1,330,no
2020,여주시,엘피지,사업용,418,1,0,53,no
2020,여주시,전기,비사업용,182,0,0,58,yes
2020,여주시,전기,사업용,2,0,0,8,yes
2020,여주시,하이브리드(LPG+전기),비사업용,41,0,0,0,no
2020,여주시,하이브리드(경유+전기),비사업용,10,0,0,0,no
2020,여주시,하이브리드(휘발유+전기),비사업용,1167,0,0,0,no
2020,여주시,하이브리드(휘발유+전기),사업용,1,0,0,0,no
2020,여주시,휘발유,비사업용,9209,9,2,68,no
2020,여주시,휘발유,사업용,7,0,2,0,no
2020,여주시,휘발유(무연),비사업용,17818,10,0,14,no
2020,여주시,휘발유(무연),사업용,35,0,0,0,no
2020,여주시,휘발유(유연),비사업용,15,0,0,0,no
2019,여주시,CNG,비사업용,6,2,0,1,no
2019,여주시,CNG,사업용,0,10,0,0,no
2019,여주시,경유,비사업용,15102,2077,166,12890,no
2019,여주시,경유,사업용,44,719,464,5407,no
2019,여주시,기타연료,비사업용,0,60,2,220,no
2019,여주시,기타연료,사업용,0,0,0,306,no
2019,여주시,수소,비사업용,2,0,0,0,no
2019,여주시,엘피지,비사업용,3152,140,1,328,no
2019,여주시,엘피지,사업용,408,0,0,47,no
2019,여주시,전기,비사업용,130,0,0,0,yes
2019,여주시,전기,사업용,2,0,0,0,yes
2019,여주시,하이브리드(LPG+전기),비사업용,41,0,0,0,no
2019,여주시,하이브리드(휘발유+전기),비사업용,898,0,0,0,no
2019,여주시,하이브리드(휘발유+전기),사업용,1,0,0,0,no
2019,여주시,휘발유,비사업용,9106,9,0,40,no
2019,여주시,휘발유,사업용,4,0,0,0,no
2019,여주시,휘발유(무연),비사업용,16621,10,0,14,no
2019,여주시,휘발유(무연),사업용,26,0,0,0,no
2019,여주시,휘발유(유연),비사업용,14,0,0,0,no
2025,연천군,CNG,사업용,0,7,0,0,no
2025,연천군,경유,비사업용,5357,632,5785,124,no
2025,연천군,경유,사업용,44,248,3586,486,no
2025,연천군,기타연료,비사업용,0,23,110,24,no
2025,연천군,기타연료,사업용,0,0,450,0,no
2025,연천군,수소,비사업용,11,0,0,0,no
2025,연천군,엘피지,비사업용,969,64,362,4,no
2025,연천군,엘피지,사업용,136,1,69,0,no
2025,연천군,전기,비사업용,510,0,282,2,yes
2025,연천군,전기,사업용,62,4,29,0,yes
2025,연천군,하이브리드(LPG+전기),비사업용,5,0,0,0,no
2025,연천군,하이브리드(경유+전기),비사업용,20,0,0,0,no
2025,연천군,하이브리드(휘발유+전기),비사업용,1658,8,3,0,no
2025,연천군,하이브리드(휘발유+전기),사업용,72,5,0,0,no
2025,연천군,휘발유,비사업용,2703,9,55,0,no
2025,연천군,휘발유,사업용,13,0,0,1,no
2025,연천군,휘발유(무연),비사업용,7602,3,31,0,no
2025,연천군,휘발유(무연),사업용,211,0,0,0,no
2025,연천군,휘발유(유연),비사업용,9,0,0,0,no
2024,연천군,CNG,비사업용,0,0,1,0,no
2024,연천군,CNG,사업용,0,9,0,0,no
2024,연천군,경유,비사업용,5417,686,5858,120,no
2024,연천군,경유,사업용,4,229,3565,493,no
2024,연천군,기타연료,비사업용,0,23,101,22,no
2024,연천군,기타연료,사업용,0,0,467,0,no
2024,연천군,수소,비사업용,9,0,0,0,no
2024,연천군,엘피지,비사업용,972,52,265,1,no
2024,연천군,엘피지,사업용,64,0,35,0,no
2024,연천군,전기,비사업용,347,0,231,2,yes
2024,연천군,전기,사업용,12,2,27,0,yes
2024,연천군,하이브리드(LPG+전기),비사업용,5,0,0,0,no
2024,연천군,하이브리드(경유+전기),비사업용,14,0,0,0,no
2024,연천군,하이브리드(휘발유+전기),비사업용,1221,1,1,0,no
2024,연천군,하이브리드(휘발유+전기),사업용,3,0,0,0,no
2024,연천군,휘발유,비사업용,2661,11,54,2,no
2024,연천군,휘발유,사업용,0,0,0,1,no
2024,연천군,휘발유(무연),비사업용,7027,4,9,0,no
2024,연천군,휘발유(무연),사업용,24,0,0,0,no
2024,연천군,휘발유(유연),비사업용,8,0,0,0,no
2023,연천군,CNG,비사업용,1,0,0,0,no
2023,연천군,CNG,사업용,0,8,0,0,no
2023,연천군,경유,비사업용,5709,730,5976,115,no
2023,연천군,경유,사업용,6,181,3654,494,no
2023,연천군,기타연료,비사업용,0,23,99,22,no
2023,연천군,기타연료,사업용,0,0,505,0,no
2023,연천군,수소,비사업용,6,0,0,0,no
2023,연천군,엘피지,비사업용,1047,55,145,0,no
2023,연천군,엘피지,사업용,58,0,9,0,no
2023,연천군,전기,비사업용,270,0,215,2,yes
2023,연천군,전기,사업용,11,0,29,0,yes
2023,연천군,하이브리드(LPG+전기),비사업용,7,0,0,0,no
2023,연천군,하이브리드(경유+전기),비사업용,12,0,0,0,no
2023,연천군,하이브리드(휘발유+전기),비사업용,965,0,0,0,no
2023,연천군,하이브리드(휘발유+전기),사업용,1,0,0,0,no
2023,연천군,휘발유,비사업용,2758,10,51,1,no
2023,연천군,휘발유,사업용,6,0,0,1,no
2023,연천군,휘발유(무연),비사업용,6885,4,8,0,no
2023,연천군,휘발유(무연),사업용,3,0,0,0,no
2023,연천군,휘발유(유연),비사업용,7,0,0,0,no
2022,연천군,기타연료,비사업용,0,19,20,101,no
2022,연천군,기타연료,사업용,0,0,0,558,no
2022,연천군,수소,비사업용,5,0,0,0,no
2022,연천군,엘피지,비사업용,1089,54,1,146,no
2022,연천군,엘피지,사업용,66,0,0,10,no
2022,연천군,전기,비사업용,199,0,1,151,yes
2022,연천군,전기,사업용,7,0,0,28,yes
2022,연천군,하이브리드(LPG+전기),비사업용,9,0,0,0,no
2022,연천군,하이브리드(경유+전기),비사업용,10,0,0,0,no
2022,연천군,하이브리드(휘발유+전기),비사업용,693,0,0,0,no
2022,연천군,하이브리드(휘발유+전기),사업용,1,0,0,0,no
2022,연천군,휘발유,비사업용,2823,8,0,46,no
2022,연천군,휘발유,사업용,8,0,0,0,no
2022,연천군,휘발유(무연),비사업용,6548,2,0,7,no
2022,연천군,휘발유(무연),사업용,4,0,0,0,no
2022,연천군,휘발유(유연),비사업용,7,0,0,0,no
2021,수원시 권선구,경유,비사업용,51025,4837,318,18175,no
2021,수원시 권선구,경유,사업용,259,939,561,2414,no
2021,수원시 권선구,기타연료,비사업용,0,110,68,387,no
2021,수원시 권선구,기타연료,사업용,0,0,0,197,no
2021,수원시 권선구,등유,비사업용,1,0,0,0,no
2021,수원시 권선구,수소,비사업용,116,0,0,0,no
2021,수원시 권선구,수소,사업용,1,0,0,0,no
2021,수원시 권선구,엘피지,비사업용,11404,554,4,915,no
2021,수원시 권선구,엘피지,사업용,3120,12,0,135,no
2021,수원시 권선구,전기,비사업용,762,0,2,87,yes
2021,수원시 권선구,전기,사업용,75,20,0,77,yes
2021,수원시 권선구,하이브리드(CNG+전기),사업용,0,42,0,0,no
2021,수원시 권선구,하이브리드(LPG+전기),비사업용,126,0,0,0,no
2021,수원시 권선구,하이브리드(경유+전기),비사업용,117,0,0,0,no
2021,수원시 권선구,하이브리드(경유+전기),사업용,1,0,0,0,no
2021,수원시 권선구,하이브리드(휘발유+전기),비사업용,7047,0,0,0,no
2021,수원시 권선구,하이브리드(휘발유+전기),사업용,95,0,0,0,no
2021,수원시 권선구,휘발유,비사업용,33421,22,1,174,no
2021,수원시 권선구,휘발유,사업용,70,0,0,0,no
2021,수원시 권선구,휘발유(무연),비사업용,64180,38,0,42,no
2021,수원시 권선구,휘발유(무연),사업용,664,0,0,0,no
2021,수원시 권선구,휘발유(유연),비사업용,104,0,0,1,no
2020,수원시 권선구,CNG,비사업용,46,1,0,4,no
2020,수원시 권선구,CNG,사업용,0,417,0,0,no
2020,수원시 권선구,경유,비사업용,52466,5697,279,17703,no
2020,수원시 권선구,경유,사업용,240,952,551,2344,no
2020,수원시 권선구,기타연료,비사업용,0,116,28,366,no
2020,수원시 권선구,기타연료,사업용,0,0,0,201,no
2020,수원시 권선구,수소,비사업용,33,0,0,0,no
2020,수원시 권선구,엘피지,비사업용,11688,609,2,899,no
2020,수원시 권선구,엘피지,사업용,3139,10,0,140,no
2020,수원시 권선구,전기,비사업용,535,0,2,32,yes
2020,수원시 권선구,전기,사업용,16,0,0,12,yes
2020,수원시 권선구,하이브리드(CNG+전기),사업용,0,42,0,0,no
2020,수원시 권선구,하이브리드(LPG+전기),비사업용,151,0,0,0,no
2020,수원시 권선구,하이브리드(경유+전기),비사업용,47,0,0,0,no
2020,수원시 권선구,하이브리드(휘발유+전기),비사업용,5807,0,0,0,no
2020,수원시 권선구,하이브리드(휘발유+전기),사업용,73,0,0,0,no
2020,수원시 권선구,휘발유,비사업용,33812,18,1,93,no
2020,수원시 권선구,휘발유,사업용,24,0,0,0,no
2020,수원시 권선구,휘발유(무연),비사업용,62264,28,0,31,no
2020,수원시 권선구,휘발유(무연),사업용,469,0,0,0,no
2020,수원시 권선구,휘발유(유연),비사업용,89,0,0,0,no
2019,수원시 권선구,CNG,비사업용,59,1,0,2,no
2019,수원시 권선구,CNG,사업용,1,462,0,0,no
2019,수원시 권선구,경유,비사업용,48071,4948,223,17074,no
2019,수원시 권선구,경유,사업용,190,958,525,2318,no
2019,수원시 권선구,기타연료,비사업용,0,106,4,287,no
2019,수원시 권선구,기타연료,사업용,0,0,0,196,no
2019,수원시 권선구,수소,비사업용,5,0,0,0,no
2019,수원시 권선구,엘피지,비사업용,10775,523,1,867,no
2019,수원시 권선구,엘피지,사업용,3144,1,0,137,no
2019,수원시 권선구,전기,비사업용,335,0,1,9,yes
2019,수원시 권선구,전기,사업용,18,0,0,0,yes
2019,수원시 권선구,하이브리드(CNG+전기),사업용,0,42,0,0,no
2019,수원시 권선구,하이브리드(LPG+전기),비사업용,143,0,0,0,no
2019,수원시 권선구,하이브리드(LPG+전기),사업용,1,0,0,0,no
2019,수원시 권선구,하이브리드(휘발유+전기),비사업용,4122,0,0,0,no
2019,수원시 권선구,하이브리드(휘발유+전기),사업용,5,0,0,0,no
2019,수원시 권선구,휘발유,비사업용,31725,19,0,55,no
2019,수원시 권선구,휘발유,사업용,19,0,0,0,no
2019,수원시 권선구,휘발유(무연),비사업용,55181,21,0,31,no
2019,수원시 권선구,휘발유(무연),사업용,401,0,0,0,no
2019,수원시 권선구,휘발유(유연),비사업용,93,0,0,0,no
2025,수원시 영통구,CNG,비사업용,15,0,6,0,no
2025,수원시 영통구,경유,비사업용,30131,1604,5213,171,no
2025,수원시 영통구,경유,사업용,81,134,1093,119,no
2025,수원시 영통구,기타연료,비사업용,0,93,270,81,no
2025,수원시 영통구,기타연료,사업용,0,0,50,0,no
2025,수원시 영통구,수소,비사업용,196,0,0,0,no
2025,수원시 영통구,수소,사업용,10,0,0,0,no
2025,수원시 영통구,수소전기,비사업용,16,1,0,0,no
2025,수원시 영통구,엘피지,비사업용,5409,231,696,12,no
2025,수원시 영통구,엘피지,사업용,685,5,189,3,no
2025,수원시 영통구,전기,비사업용,5083,1,229,3,yes
2025,수원시 영통구,전기,사업용,149,12,88,0,yes
2025,수원시 영통구,하이브리드(LPG+전기),비사업용,30,0,0,0,no
2025,수원시 영통구,하이브리드(LPG+전기),사업용,1,0,0,0,no
2025,수원시 영통구,하이브리드(경유+전기),비사업용,327,0,0,0,no
2025,수원시 영통구,하이브리드(경유+전기),사업용,1,0,0,0,no
2025,수원시 영통구,하이브리드(휘발유+전기),비사업용,20030,24,40,2,no
2025,수원시 영통구,하이브리드(휘발유+전기),사업용,150,0,0,0,no
2025,수원시 영통구,휘발유,비사업용,25901,10,94,1,no
2025,수원시 영통구,휘발유,사업용,38,0,0,0,no
2025,수원시 영통구,휘발유(무연),비사업용,58608,16,38,0,no
2025,수원시 영통구,휘발유(무연),사업용,624,0,0,0,no
2025,수원시 영통구,휘발유(유연),비사업용,92,0,0,0,no
2024,수원시 영통구,CNG,비사업용,20,0,5,0,no
2024,수원시 영통구,경유,비사업용,32218,1762,5630,170,no
2024,수원시 영통구,경유,사업용,151,123,1217,133,no
2024,수원시 영통구,기타연료,비사업용,1,105,271,79,no
2024,수원시 영통구,기타연료,사업용,0,0,56,0,no
2024,수원시 영통구,수소,비사업용,201,0,0,0,no
2024,수원시 영통구,수소,사업용,12,0,0,0,no
2024,수원시 영통구,엘피지,비사업용,5767,229,545,10,no
2024,수원시 영통구,엘피지,사업용,748,3,122,1,no
2024,수원시 영통구,전기,비사업용,3607,1,179,3,yes
2024,수원시 영통구,전기,사업용,109,12,70,0,yes
2024,수원시 영통구,하이브리드(LPG+전기),비사업용,48,0,0,0,no
2024,수원시 영통구,하이브리드(경유+전기),비사업용,291,0,0,0,no
2024,수원시 영통구,하이브리드(경유+전기),사업용,3,0,0,0,no
2024,수원시 영통구,하이브리드(휘발유+전기),비사업용,16401,9,18,2,no
2024,수원시 영통구,하이브리드(휘발유+전기),사업용,154,0,0,0,no
2024,수원시 영통구,휘발유,비사업용,27747,8,93,0,no
2024,수원시 영통구,휘발유,사업용,79,0,0,0,no
2024,수원시 영통구,휘발유(무연),비사업용,57412,15,12,0,no
2024,수원시 영통구,휘발유(무연),사업용,824,0,0,0,no
2024,수원시 영통구,휘발유(유연),비사업용,86,0,0,0,no
2023,수원시 영통구,CNG,비사업용,24,0,4,0,no
2023,수원시 영통구,경유,비사업용,34734,1921,5996,161,no
2023,수원시 영통구,경유,사업용,197,88,1338,141,no
2023,수원시 영통구,기타연료,비사업용,1,115,279,86,no
2023,수원시 영통구,기타연료,사업용,0,0,58,0,no
2023,수원시 영통구,수소,비사업용,188,0,0,0,no
2023,수원시 영통구,수소,사업용,12,0,0,0,no
2023,수원시 영통구,엘피지,비사업용,6093,217,353,6,no
2023,수원시 영통구,엘피지,사업용,720,4,56,0,no
2023,수원시 영통구,전기,비사업용,2619,1,130,2,yes
2023,수원시 영통구,전기,사업용,101,12,62,0,yes
2023,수원시 영통구,하이브리드(LPG+전기),비사업용,58,0,0,0,no
2023,수원시 영통구,하이브리드(경유+전기),비사업용,238,0,0,0,no
2023,수원시 영통구,하이브리드(경유+전기),사업용,4,0,0,0,no
2023,수원시 영통구,하이브리드(휘발유+전기),비사업용,12960,0,0,0,no
2023,수원시 영통구,하이브리드(휘발유+전기),사업용,135,0,0,0,no
2023,수원시 영통구,휘발유,비사업용,29420,9,100,0,no
2023,수원시 영통구,휘발유,사업용,84,0,0,0,no
2023,수원시 영통구,휘발유(무연),비사업용,56332,16,13,0,no
2023,수원시 영통구,휘발유(무연),사업용,677,0,0,0,no
2023,수원시 영통구,휘발유(유연),비사업용,96,0,0,0,no
2022,수원시 영통구,CNG,비사업용,29,0,0,5,no
2022,수원시 영통구,경유,비사업용,36033,2117,141,6149,no
2022,수원시 영통구,경유,사업용,215,85,133,1302,no
2022,수원시 영통구,기타연료,비사업용,1,112,78,275,no
2022,수원시 영통구,기타연료,사업용,0,0,0,61,no
2022,수원시 영통구,수소,비사업용,177,0,0,0,no
2022,수원시 영통구,수소,사업용,10,0,0,0,no
2022,수원시 영통구,엘피지,비사업용,6281,204,4,344,no
2022,수원시 영통구,엘피지,사업용,791,0,0,63,no
2022,수원시 영통구,전기,비사업용,1765,1,1,75,yes
2022,수원시 영통구,전기,사업용,75,0,0,46,yes
2022,수원시 영통구,하이브리드(LPG+전기),비사업용,78,0,0,0,no
2022,수원시 영통구,하이브리드(경유+전기),비사업용,167,0,0,0,no
2022,수원시 영통구,하이브리드(경유+전기),사업용,3,0,0,0,no
2022,수원시 영통구,하이브리드(휘발유+전기),비사업용,10245,0,0,1,no
2022,수원시 영통구,하이브리드(휘발유+전기),사업용,115,0,0,0,no
2022,수원시 영통구,휘발유,비사업용,30152,6,0,90,no
2022,수원시 영통구,휘발유,사업용,82,0,0,0,no
2022,수원시 영통구,휘발유(무연),비사업용,54057,13,0,13,no
2022,수원시 영통구,휘발유(무연),사업용,471,0,0,0,no
2022,수원시 영통구,휘발유(유연),비사업용,101,0,0,0,no
2021,수원시 영통구,CNG,비사업용,30,0,0,5,no
2021,수원시 영통구,경유,비사업용,37478,2238,121,6245,no
2021,수원시 영통구,경유,사업용,152,80,131,1321,no
2021,수원시 영통구,기타연료,비사업용,1,126,88,276,no
2021,수원시 영통구,기타연료,사업용,0,0,0,68,no
2021,수원시 영통구,수소,비사업용,114,0,0,0,no
2021,수원시 영통구,수소,사업용,9,0,0,0,no
2021,수원시 영통구,엘피지,비사업용,6450,224,4,332,no
2021,수원시 영통구,엘피지,사업용,895,0,0,66,no
2021,수원시 영통구,전기,비사업용,1044,0,1,50,yes
2021,수원시 영통구,전기,사업용,23,0,0,34,yes
2021,수원시 영통구,하이브리드(LPG+전기),비사업용,88,0,0,0,no
2021,수원시 영통구,하이브리드(경유+전기),비사업용,105,0,0,0,no
2021,수원시 영통구,하이브리드(경유+전기),사업용,2,0,0,0,no
2021,수원시 영통구,하이브리드(휘발유+전기),비사업용,8462,0,0,1,no
2021,수원시 영통구,하이브리드(휘발유+전기),사업용,24,0,0,0,no
2021,수원시 영통구,휘발유,비사업용,30838,6,0,82,no
2021,수원시 영통구,휘발유,사업용,40,0,0,0,no
2021,수원시 영통구,휘발유(무연),비사업용,52953,9,0,14,no
2021,수원시 영통구,휘발유(무연),사업용,237,0,0,0,no
2021,수원시 영통구,휘발유(유연),비사업용,103,0,0,0,no
2020,수원시 영통구,CNG,비사업용,33,0,0,5,no
2020,수원시 영통구,경유,비사업용,39174,2403,101,6501,no
2020,수원시 영통구,경유,사업용,201,92,130,1271,no
2020,수원시 영통구,기타연료,비사업용,1,142,47,245,no
2020,수원시 영통구,기타연료,사업용,0,0,0,76,no
2020,수원시 영통구,수소,비사업용,42,0,0,0,no
2020,수원시 영통구,엘피지,비사업용,6836,251,2,335,no
2020,수원시 영통구,엘피지,사업용,1021,0,0,69,no
2020,수원시 영통구,전기,비사업용,624,0,1,14,yes
2020,수원시 영통구,전기,사업용,8,0,0,9,yes
2020,수원시 영통구,하이브리드(LPG+전기),비사업용,98,0,0,0,no
2020,수원시 영통구,하이브리드(경유+전기),비사업용,43,0,0,0,no
2020,수원시 영통구,하이브리드(경유+전기),사업용,1,0,0,0,no
2020,수원시 영통구,하이브리드(휘발유+전기),비사업용,6741,0,0,1,no
2020,수원시 영통구,하이브리드(휘발유+전기),사업용,16,0,0,0,no
2020,수원시 영통구,휘발유,비사업용,31637,8,0,48,no
2020,수원시 영통구,휘발유,사업용,42,0,0,0,no
2020,수원시 영통구,휘발유(무연),비사업용,51851,7,0,16,no
2020,수원시 영통구,휘발유(무연),사업용,292,0,0,0,no
2020,수원시 영통구,휘발유(유연),비사업용,122,0,0,0,no
2019,수원시 영통구,CNG,비사업용,41,0,0,3,no
2019,수원시 영통구,경유,비사업용,39337,2514,86,6706,no
2019,수원시 영통구,경유,사업용,226,107,135,1196,no
2019,수원시 영통구,기타연료,비사업용,1,132,22,217,no
2019,수원시 영통구,기타연료,사업용,0,0,0,79,no
2019,수원시 영통구,수소,비사업용,15,0,0,0,no
2019,수원시 영통구,엘피지,비사업용,6906,275,2,355,no
2019,수원시 영통구,엘피지,사업용,1100,0,0,70,no
2019,수원시 영통구,전기,비사업용,398,0,1,0,yes
2019,수원시 영통구,전기,사업용,14,0,0,0,yes
2019,수원시 영통구,하이브리드(LPG+전기),비사업용,106,0,0,0,no
2019,수원시 영통구,하이브리드(경유+전기),비사업용,2,0,0,0,no
2019,수원시 영통구,하이브리드(휘발유+전기),비사업용,5183,0,0,0,no
2019,수원시 영통구,하이브리드(휘발유+전기),사업용,11,0,0,0,no
2019,수원시 영통구,휘발유,비사업용,31661,8,0,32,no
2019,수원시 영통구,휘발유,사업용,37,0,0,0,no
2019,수원시 영통구,휘발유(무연),비사업용,49552,10,0,18,no
2019,수원시 영통구,휘발유(무연),사업용,291,0,0,0,no
2019,수원시 영통구,휘발유(유연),비사업용,119,0,0,0,no
2025,수원시 장안구,CNG,비사업용,9,1,5,0,no
2025,수원시 장안구,경유,비사업용,22218,2234,6847,214,no
2025,수원시 장안구,경유,사업용,16,47,1712,113,no
2025,수원시 장안구,기타연료,비사업용,0,61,220,42,no
2025,수원시 장안구,기타연료,사업용,0,0,13,0,no
2025,수원시 장안구,수소,비사업용,107,0,0,0,no
2025,수원시 장안구,수소전기,비사업용,14,0,0,0,no
2025,수원시 장안구,엘피지,비사업용,5254,301,731,27,no
2025,수원시 장안구,엘피지,사업용,784,11,275,1,no
2025,수원시 장안구,전기,비사업용,2142,2,154,4,yes
2025,수원시 장안구,전기,사업용,117,23,112,0,yes
2025,수원시 장안구,하이브리드(LPG+전기),비사업용,40,0,0,0,no
2025,수원시 장안구,하이브리드(경유+전기),비사업용,112,0,0,0,no
2025,수원시 장안구,하이브리드(휘발유+전기),비사업용,12428,25,35,1,no
2025,수원시 장안구,하이브리드(휘발유+전기),사업용,41,1,0,0,no
2025,수원시 장안구,휘발유,비사업용,14791,9,81,2,no
2025,수원시 장안구,휘발유,사업용,7,0,0,0,no
2025,수원시 장안구,휘발유(무연),비사업용,41368,17,47,1,no
2025,수원시 장안구,휘발유(무연),사업용,114,0,0,0,no
2025,수원시 장안구,휘발유(유연),비사업용,54,0,0,0,no
2024,수원시 장안구,CNG,비사업용,14,1,5,0,no
2024,수원시 장안구,CNG,사업용,0,98,0,0,no
2024,수원시 장안구,경유,비사업용,24174,2463,7292,197,no
2024,수원시 장안구,경유,사업용,20,94,1875,123,no
2024,오산시,하이브리드(경유+전기),비사업용,129,0,0,0,no
2024,오산시,하이브리드(경유+전기),사업용,1,0,0,0,no
2024,오산시,하이브리드(휘발유+전기),비사업용,8913,10,16,1,no
2024,오산시,하이브리드(휘발유+전기),사업용,45,7,0,0,no
2024,오산시,휘발유,비사업용,17411,6,102,2,no
2024,오산시,휘발유,사업용,20,0,0,0,no
2024,오산시,휘발유(무연),비사업용,47233,22,18,0,no
2024,오산시,휘발유(무연),사업용,211,0,0,0,no
2024,오산시,휘발유(유연),비사업용,64,0,0,0,no
2023,오산시,CNG,비사업용,12,0,2,0,no
2023,오산시,CNG,사업용,0,21,0,0,no
2023,오산시,경유,비사업용,26330,2560,9270,192,no
2023,오산시,경유,사업용,68,453,1911,166,no
2023,오산시,기타연료,비사업용,0,93,427,94,no
2023,오산시,기타연료,사업용,0,0,378,0,no
2023,오산시,수소,비사업용,119,0,1,0,no
2023,오산시,엘피지,비사업용,6096,234,415,7,no
2023,오산시,엘피지,사업용,781,3,53,0,no
2023,오산시,전기,비사업용,899,0,230,2,yes
2023,오산시,전기,사업용,82,77,102,0,yes
2023,오산시,하이브리드(LPG+전기),비사업용,65,0,0,0,no
2023,오산시,하이브리드(경유+전기),비사업용,95,0,0,0,no
2023,오산시,하이브리드(경유+전기),사업용,1,0,0,0,no
2023,오산시,하이브리드(휘발유+전기),비사업용,6192,0,0,0,no
2023,오산시,하이브리드(휘발유+전기),사업용,22,0,0,0,no
2023,오산시,휘발유,비사업용,17416,5,89,2,no
2023,오산시,휘발유,사업용,21,0,0,0,no
2023,오산시,휘발유(무연),비사업용,42956,22,15,0,no
2023,오산시,휘발유(무연),사업용,179,0,0,0,no
2023,오산시,휘발유(유연),비사업용,53,0,0,0,no
2022,오산시,전기,사업용,53,46,0,75,yes
2022,오산시,하이브리드(LPG+전기),비사업용,64,0,0,0,no
2022,오산시,하이브리드(LPG+전기),사업용,1,0,0,0,no
2022,오산시,하이브리드(경유+전기),비사업용,72,0,0,0,no
2022,오산시,하이브리드(휘발유+전기),비사업용,4679,0,0,0,no
2022,오산시,하이브리드(휘발유+전기),사업용,15,0,0,0,no
2022,오산시,휘발유,비사업용,17941,4,2,89,no
2022,오산시,휘발유,사업용,20,0,0,0,no
2022,오산시,휘발유(무연),비사업용,40755,9,0,15,no
2022,오산시,휘발유(무연),사업용,158,0,0,0,no
2022,오산시,휘발유(유연),비사업용,60,0,0,0,no
2022,오산시,CNG,비사업용,20,0,0,1,no
2022,오산시,CNG,사업용,0,32,0,0,no
2022,오산시,경유,비사업용,27008,2730,177,9316,no
2022,오산시,경유,사업용,82,439,158,1768,no
2022,오산시,기타연료,비사업용,0,101,89,398,no
2022,오산시,기타연료,사업용,0,0,0,299,no
2022,오산시,수소,비사업용,113,0,0,0,no
2022,오산시,엘피지,비사업용,6246,235,6,415,no
2022,오산시,엘피지,사업용,820,1,0,54,no
2022,오산시,전기,비사업용,639,0,2,138,yes
2021,오산시,CNG,비사업용,22,0,0,1,no
2021,오산시,CNG,사업용,0,43,0,0,no
2021,오산시,경유,비사업용,27424,2780,158,9308,no
2021,오산시,경유,사업용,78,453,147,1723,no
2021,오산시,기타연료,비사업용,0,106,73,369,no
2021,오산시,기타연료,사업용,0,0,0,275,no
2021,오산시,수소,비사업용,56,0,0,0,no
2021,오산시,엘피지,비사업용,6290,235,2,439,no
2021,오산시,엘피지,사업용,844,0,0,57,no
2021,오산시,전기,비사업용,373,0,2,59,yes
2021,오산시,전기,사업용,36,16,0,43,yes
2021,오산시,하이브리드(LPG+전기),비사업용,73,0,0,0,no
2021,오산시,하이브리드(LPG+전기),사업용,1,0,0,0,no
2021,오산시,하이브리드(경유+전기),비사업용,43,0,0,0,no
2021,오산시,하이브리드(휘발유+전기),비사업용,3639,0,0,0,no
2021,오산시,하이브리드(휘발유+전기),사업용,7,0,0,0,no
2021,오산시,휘발유,비사업용,18223,7,0,82,no
2021,오산시,휘발유,사업용,8,0,0,0,no
2021,오산시,휘발유(무연),비사업용,39053,8,0,15,no
2021,오산시,휘발유(무연),사업용,146,0,0,0,no
2021,오산시,휘발유(유연),비사업용,58,0,0,0,no
2020,오산시,휘발유(무연),비사업용,36869,3,0,16,no
2020,오산시,휘발유(무연),사업용,127,0,0,0,no
2020,오산시,휘발유(유연),비사업용,57,0,0,0,no
2020,오산시,CNG,비사업용,30,0,0,1,no
2020,오산시,CNG,사업용,0,44,0,0,no
2020,오산시,경유,비사업용,27370,2972,119,9370,no
2020,오산시,경유,사업용,91,453,136,1602,no
2020,오산시,기타연료,비사업용,1,109,26,303,no
2020,오산시,기타연료,사업용,0,0,0,30,no
2020,오산시,수소,비사업용,12,0,0,0,no
2020,오산시,엘피지,비사업용,6253,265,0,443,no
2020,오산시,엘피지,사업용,864,1,0,58,no
2020,오산시,전기,비사업용,239,0,2,15,yes
2020,오산시,전기,사업용,13,6,0,10,yes
2020,오산시,하이브리드(LPG+전기),비사업용,90,0,0,0,no
2020,오산시,하이브리드(경유+전기),비사업용,14,0,0,0,no
2020,용인시 기흥구,휘발유(유연),비사업용,83,0,0,0,no
2019,용인시 기흥구,CNG,비사업용,47,0,0,0,no
2019,용인시 기흥구,CNG,사업용,0,12,0,0,no
2019,용인시 기흥구,경유,비사업용,49759,3818,171,10867,no
2019,용인시 기흥구,경유,사업용,345,685,178,2864,no
2019,용인시 기흥구,기타연료,비사업용,1,199,13,396,no
2019,용인시 기흥구,기타연료,사업용,0,1,0,97,no
2019,용인시 기흥구,수소,비사업용,23,0,0,0,no
2019,용인시 기흥구,엘피지,비사업용,10364,453,1,593,no
2019,용인시 기흥구,엘피지,사업용,1384,7,0,89,no
2019,용인시 기흥구,전기,비사업용,462,1,0,0,yes
2019,용인시 기흥구,전기,사업용,1,1,0,0,yes
2019,용인시 기흥구,하이브리드(LPG+전기),비사업용,139,0,0,0,no
2019,용인시 기흥구,하이브리드(경유+전기),비사업용,4,0,0,0,no
2019,용인시 기흥구,하이브리드(휘발유+전기),비사업용,6115,0,0,0,no
2019,용인시 기흥구,하이브리드(휘발유+전기),사업용,8,0,0,0,no
2019,용인시 기흥구,휘발유,비사업용,40281,18,0,49,no
2019,용인시 기흥구,휘발유,사업용,42,0,0,0,no
2019,용인시 기흥구,휘발유(무연),비사업용,60146,21,0,20,no
2019,용인시 기흥구,휘발유(무연),사업용,322,0,0,0,no
2019,용인시 기흥구,휘발유(유연),비사업용,95,0,0,0,no
2025,용인시 수지구,CNG,비사업용,10,0,0,0,no
2025,용인시 수지구,경유,비사업용,29949,1246,3642,127,no
2025,용인시 수지구,경유,사업용,32,75,1225,49,no
2025,용인시 수지구,기타연료,비사업용,0,103,300,80,no
2025,용인시 수지구,기타연료,사업용,0,0,3,0,no
2025,용인시 수지구,수소,비사업용,144,0,0,0,no
2025,용인시 수지구,수소전기,비사업용,35,0,0,0,no
2025,용인시 수지구,엘피지,비사업용,4609,274,423,8,no
2025,용인시 수지구,엘피지,사업용,344,0,122,1,no
2025,용인시 수지구,전기,비사업용,5557,2,175,0,yes
2025,용인시 수지구,전기,사업용,152,0,70,0,yes
2025,용인시 수지구,하이브리드(LPG+전기),비사업용,40,0,0,0,no
2025,용인시 수지구,하이브리드(LPG+전기),사업용,3,0,0,0,no
2025,용인시 수지구,하이브리드(경유+전기),비사업용,400,0,0,0,no
2025,용인시 수지구,하이브리드(경유+전기),사업용,14,0,0,0,no
2025,용인시 수지구,하이브리드(휘발유+전기),비사업용,20750,14,15,2,no
2025,용인시 수지구,하이브리드(휘발유+전기),사업용,87,0,0,0,no
2025,용인시 수지구,휘발유,비사업용,29516,13,105,3,no
2025,용인시 수지구,휘발유,사업용,71,0,0,1,no
2025,용인시 수지구,휘발유(무연),비사업용,53743,14,39,0,no
2025,용인시 수지구,휘발유(무연),사업용,183,0,0,0,no
2025,용인시 수지구,휘발유(유연),비사업용,73,0,0,0,no
2024,용인시 수지구,CNG,비사업용,10,0,0,0,no
2024,용인시 수지구,경유,비사업용,32559,1383,3990,135,no
2024,용인시 수지구,경유,사업용,60,85,1258,40,no
2024,용인시 수지구,기타연료,비사업용,0,115,301,93,no
2024,용인시 수지구,기타연료,사업용,0,0,4,0,no
2024,용인시 수지구,수소,비사업용,149,0,0,0,no
2024,용인시 수지구,엘피지,비사업용,4955,270,366,6,no
2024,용인시 수지구,엘피지,사업용,312,0,79,1,no
2024,용인시 수지구,전기,비사업용,3907,3,142,3,yes
2024,용인시 수지구,전기,사업용,89,0,65,0,yes
2024,용인시 수지구,하이브리드(LPG+전기),비사업용,46,0,0,0,no
2024,용인시 수지구,하이브리드(LPG+전기),사업용,2,0,0,0,no
2024,용인시 수지구,하이브리드(경유+전기),비사업용,366,0,0,0,no
2024,용인시 수지구,하이브리드(경유+전기),사업용,11,0,0,0,no
2024,용인시 수지구,하이브리드(휘발유+전기),비사업용,17162,3,11,0,no
2024,용인시 수지구,하이브리드(휘발유+전기),사업용,54,0,0,0,no
2024,용인시 수지구,휘발유,비사업용,31800,14,107,2,no
2024,용인시 수지구,휘발유,사업용,43,0,0,1,no
2024,용인시 수지구,휘발유(무연),비사업용,53297,14,17,0,no
2024,용인시 수지구,휘발유(무연),사업용,188,0,0,0,no
2024,용인시 수지구,휘발유(유연),비사업용,77,0,0,0,no
2023,용인시 수지구,CNG,비사업용,14,0,0,0,no
2023,용인시 수지구,경유,비사업용,34918,1567,4219,121,no
2023,용인시 수지구,경유,사업용,62,192,1306,38,no
2023,용인시 수지구,기타연료,비사업용,0,127,286,90,no
2023,용인시 수지구,기타연료,사업용,0,0,4,0,no
2023,용인시 수지구,수소,비사업용,140,0,0,0,no
2023,용인시 수지구,엘피지,비사업용,5318,261,249,5,no
2023,용인시 수지구,엘피지,사업용,362,0,41,0,no
2023,용인시 수지구,전기,비사업용,2806,2,119,2,yes
2023,용인시 수지구,전기,사업용,77,0,58,0,yes
2023,용인시 수지구,하이브리드(LPG+전기),비사업용,51,0,0,0,no
2023,용인시 수지구,하이브리드(LPG+전기),사업용,2,0,0,0,no
2023,용인시 수지구,하이브리드(경유+전기),비사업용,320,0,0,0,no
2023,용인시 수지구,하이브리드(경유+전기),사업용,10,0,0,0,no
2023,용인시 수지구,하이브리드(휘발유+전기),비사업용,13965,0,2,0,no
2023,용인시 수지구,하이브리드(휘발유+전기),사업용,33,0,0,0,no
2023,용인시 수지구,휘발유,비사업용,33608,16,111,1,no
2023,용인시 수지구,휘발유,사업용,47,0,0,0,no
2023,용인시 수지구,휘발유(무연),비사업용,52714,18,17,1,no
2023,용인시 수지구,휘발유(무연),사업용,137,0,0,0,no
2023,용인시 수지구,휘발유(유연),비사업용,82,0,0,0,no
2022,용인시 수지구,CNG,비사업용,16,0,0,0,no
2022,용인시 수지구,경유,비사업용,36786,1667,122,4271,no
2022,용인시 수지구,경유,사업용,65,197,33,1279,no
2022,용인시 수지구,기타연료,비사업용,0,128,90,291,no
2022,용인시 수지구,기타연료,사업용,0,0,0,3,no
2022,용인시 수지구,수소,비사업용,122,0,0,0,no
2022,용인시 수지구,엘피지,비사업용,5590,232,5,255,no
2022,용인시 수지구,엘피지,사업용,387,0,0,50,no
2022,용인시 수지구,전기,비사업용,1891,2,1,59,yes
2022,용인시 수지구,전기,사업용,25,0,0,53,yes
2022,용인시 수지구,하이브리드(LPG+전기),비사업용,54,0,0,0,no
2022,용인시 수지구,하이브리드(LPG+전기),사업용,1,0,0,0,no
2022,용인시 수지구,하이브리드(경유+전기),비사업용,228,0,0,0,no
2022,용인시 수지구,하이브리드(경유+전기),사업용,2,0,0,0,no
2022,용인시 수지구,하이브리드(휘발유+전기),비사업용,11565,0,0,3,no
2022,용인시 수지구,하이브리드(휘발유+전기),사업용,49,0,0,0,no
2022,용인시 수지구,휘발유,비사업용,34601,12,0,95,no
2022,용인시 수지구,휘발유,사업용,42,0,0,0,no
2022,용인시 수지구,휘발유(무연),비사업용,51385,15,1,16,no
2022,용인시 수지구,휘발유(무연),사업용,113,0,0,0,no
2022,용인시 수지구,휘발유(유연),비사업용,83,0,0,0,no
2021,용인시 수지구,CNG,비사업용,15,0,0,0,no
2021,용인시 수지구,경유,비사업용,37577,1736,91,4353,no
2021,용인시 수지구,경유,사업용,71,203,27,1230,no
2021,용인시 수지구,기타연료,비사업용,0,134,69,260,no
2021,용인시 수지구,기타연료,사업용,0,0,0,3,no
2021,용인시 수지구,수소,비사업용,85,0,0,0,no
2021,용인시 수지구,엘피지,비사업용,5727,222,3,261,no
2021,용인시 수지구,엘피지,사업용,454,0,0,43,no
2021,용인시 수지구,전기,비사업용,995,1,0,29,yes
2021,용인시 수지구,전기,사업용,5,0,0,30,yes
2021,용인시 수지구,하이브리드(LPG+전기),비사업용,62,0,0,0,no
2021,용인시 수지구,하이브리드(경유+전기),비사업용,136,0,0,0,no
2021,용인시 수지구,하이브리드(경유+전기),사업용,1,0,0,0,no
2021,용인시 수지구,하이브리드(휘발유+전기),비사업용,9618,0,0,2,no
2021,용인시 수지구,하이브리드(휘발유+전기),사업용,52,0,0,0,no
2021,용인시 수지구,휘발유,비사업용,34757,12,0,74,no
2021,용인시 수지구,휘발유,사업용,38,0,0,0,no
2021,용인시 수지구,휘발유(무연),비사업용,49994,11,0,16,no
2021,용인시 수지구,휘발유(무연),사업용,307,0,0,0,no
2021,용인시 수지구,휘발유(유연),비사업용,86,0,0,0,no
2020,용인시 수지구,기타연료,비사업용,0,145,29,228,no
2020,용인시 수지구,기타연료,사업용,0,0,0,3,no
2020,용인시 수지구,수소,비사업용,45,0,0,0,no
2020,용인시 수지구,엘피지,비사업용,5952,240,2,273,no
2020,용인시 수지구,엘피지,사업용,469,0,0,46,no
2020,용인시 수지구,전기,비사업용,558,0,0,5,yes
2020,용인시 수지구,전기,사업용,1,0,0,7,yes
2020,용인시 수지구,하이브리드(LPG+전기),비사업용,80,0,0,0,no
2020,용인시 수지구,하이브리드(경유+전기),비사업용,59,0,0,0,no
2020,용인시 수지구,하이브리드(휘발유+전기),비사업용,7693,0,0,0,no
2020,용인시 수지구,하이브리드(휘발유+전기),사업용,64,0,0,0,no
2020,용인시 수지구,휘발유,비사업용,35284,10,0,57,no
2020,용인시 수지구,휘발유,사업용,36,0,0,0,no
2020,용인시 수지구,휘발유(무연),비사업용,48852,10,0,15,no
2020,용인시 수지구,휘발유(무연),사업용,261,0,0,0,no
2020,용인시 수지구,휘발유(유연),비사업용,86,0,0,0,no
2020,용인시 수지구,CNG,비사업용,21,0,0,0,no
2020,용인시 수지구,경유,비사업용,38154,1846,59,4451,no
2020,용인시 수지구,경유,사업용,112,208,32,1165,no
2019,용인시 수지구,CNG,비사업용,20,0,0,0,no
2019,용인시 수지구,경유,비사업용,37374,1964,37,4504,no
2019,용인시 수지구,경유,사업용,95,220,32,1191,no
2019,용인시 수지구,기타연료,비사업용,0,139,8,190,no
2019,용인시 수지구,기타연료,사업용,0,0,0,4,no
2019,용인시 수지구,수소,비사업용,19,0,0,0,no
2019,용인시 수지구,엘피지,비사업용,5968,261,1,282,no
2019,용인시 수지구,엘피지,사업용,482,0,0,53,no
2019,용인시 수지구,전기,비사업용,332,0,0,0,yes
2019,용인시 수지구,하이브리드(LPG+전기),비사업용,81,0,0,0,no
2019,용인시 수지구,하이브리드(경유+전기),비사업용,3,0,0,0,no
2019,용인시 수지구,하이브리드(휘발유+전기),비사업용,5898,0,0,0,no
2019,용인시 수지구,하이브리드(휘발유+전기),사업용,8,0,0,0,no
2019,용인시 수지구,휘발유,비사업용,35028,11,0,26,no
2019,용인시 수지구,휘발유,사업용,30,0,0,0,no
2019,용인시 수지구,휘발유(무연),비사업용,46341,12,0,13,no
2019,용인시 수지구,휘발유(무연),사업용,169,0,0,0,no
2019,용인시 수지구,휘발유(유연),비사업용,86,0,0,0,no
2025,용인시 처인구,CNG,비사업용,6,5,11,0,no
2025,용인시 처인구,CNG,사업용,0,191,1,0,no
2025,용인시 처인구,경유,비사업용,32120,3166,18477,597,no
2025,용인시 처인구,경유,사업용,83,1109,3963,445,no
2025,용인시 처인구,기타연료,비사업용,1,115,508,165,no
2025,용인시 처인구,기타연료,사업용,0,1,70,0,no
2025,용인시 처인구,수소,비사업용,197,0,0,0,no
2025,용인시 처인구,수소전기,비사업용,25,0,0,0,no
2025,용인시 처인구,수소전기,사업용,0,8,0,0,no
2025,용인시 처인구,엘피지,비사업용,7312,367,1789,20,no
2025,용인시 처인구,엘피지,사업용,910,3,444,6,no
2025,용인시 처인구,전기,비사업용,3923,40,780,12,yes
2025,용인시 처인구,전기,사업용,185,235,207,0,yes
2025,용인시 처인구,하이브리드(LPG+전기),비사업용,53,0,0,0,no
2025,용인시 처인구,하이브리드(LPG+전기),사업용,3,0,0,0,no
2025,용인시 처인구,하이브리드(경유+전기),비사업용,222,0,0,0,no
2025,용인시 처인구,하이브리드(경유+전기),사업용,4,0,0,0,no
2025,용인시 처인구,하이브리드(휘발유+전기),비사업용,13504,26,35,0,no
2025,용인시 처인구,하이브리드(휘발유+전기),사업용,93,2,0,0,no
2025,용인시 처인구,휘발유,비사업용,19883,16,277,0,no
2025,용인시 처인구,휘발유,사업용,64,5,0,0,no
2025,용인시 처인구,휘발유(무연),비사업용,53088,28,97,0,no
2025,용인시 처인구,휘발유(무연),사업용,377,1,0,0,no
2025,용인시 처인구,휘발유(유연),비사업용,51,0,0,0,no
2024,용인시 처인구,CNG,비사업용,5,5,11,0,no
2024,용인시 처인구,CNG,사업용,0,184,1,0,no
2024,용인시 처인구,경유,비사업용,33093,3429,19080,553,no
2024,용인시 처인구,경유,사업용,106,1059,4293,365,no
2024,용인시 처인구,기타연료,비사업용,1,123,511,150,no
2024,용인시 처인구,기타연료,사업용,0,1,177,0,no
2024,용인시 처인구,수소,비사업용,196,0,0,0,no
2024,용인시 처인구,엘피지,비사업용,7543,363,1309,12,no
2024,용인시 처인구,엘피지,사업용,987,2,243,1,no
2024,용인시 처인구,전기,비사업용,2616,45,673,6,yes
2024,용인시 처인구,전기,사업용,153,216,188,0,yes
2024,용인시 처인구,하이브리드(LPG+전기),비사업용,71,0,0,0,no
2024,용인시 처인구,하이브리드(LPG+전기),사업용,2,0,0,0,no
2024,용인시 처인구,하이브리드(경유+전기),비사업용,177,0,0,0,no
2024,용인시 처인구,하이브리드(경유+전기),사업용,4,0,0,0,no
2024,용인시 처인구,하이브리드(휘발유+전기),비사업용,10231,14,15,0,no
2024,용인시 처인구,하이브리드(휘발유+전기),사업용,60,0,0,0,no
2024,용인시 처인구,휘발유,비사업용,20575,15,253,2,no
2024,용인시 처인구,휘발유,사업용,65,5,0,0,no
2024,용인시 처인구,휘발유(무연),비사업용,50134,29,38,0,no
2024,용인시 처인구,휘발유(무연),사업용,310,1,0,0,no
2024,용인시 처인구,휘발유(유연),비사업용,48,0,0,0,no
2023,용인시 처인구,CNG,비사업용,5,6,11,0,no
2023,용인시 처인구,CNG,사업용,0,167,0,0,no
2023,용인시 처인구,경유,비사업용,33016,3611,19599,512,no
2023,용인시 처인구,경유,사업용,131,932,4401,432,no
2023,용인시 처인구,기타연료,비사업용,1,117,499,142,no
2023,용인시 처인구,기타연료,사업용,0,2,179,0,no
2023,용인시 처인구,수소,비사업용,167,0,0,0,no
2023,용인시 처인구,엘피지,비사업용,7543,350,694,7,no
2023,용인시 처인구,엘피지,사업용,988,0,71,0,no
2023,용인시 처인구,전기,비사업용,1732,61,587,4,yes
2023,용인시 처인구,전기,사업용,130,198,155,0,yes
2023,용인시 처인구,하이브리드(LPG+전기),비사업용,74,0,0,0,no
2023,용인시 처인구,하이브리드(LPG+전기),사업용,2,0,0,0,no
2023,용인시 처인구,하이브리드(경유+전기),비사업용,138,0,0,0,no
2023,용인시 처인구,하이브리드(경유+전기),사업용,4,0,0,0,no
2023,용인시 처인구,하이브리드(휘발유+전기),비사업용,7219,0,0,0,no
2023,용인시 처인구,하이브리드(휘발유+전기),사업용,44,0,0,0,no
2023,용인시 처인구,휘발유,비사업용,20572,16,233,1,no
2023,용인시 처인구,휘발유,사업용,53,5,0,2,no
2023,용인시 처인구,휘발유(무연),비사업용,46186,35,38,0,no
2023,용인시 처인구,휘발유(무연),사업용,219,1,0,0,no
2023,용인시 처인구,휘발유(유연),비사업용,52,0,0,0,no
2022,용인시 처인구,CNG,비사업용,8,6,0,9,no
2022,용인시 처인구,CNG,사업용,0,217,0,0,no
2022,용인시 처인구,경유,비사업용,33534,3822,466,19516,no
2022,용인시 처인구,경유,사업용,205,1026,455,4232,no
2022,용인시 처인구,기타연료,비사업용,1,123,136,467,no
2022,용인시 처인구,기타연료,사업용,0,3,0,278,no
2022,용인시 처인구,수소,비사업용,149,0,0,0,no
2022,용인시 처인구,엘피지,비사업용,7496,328,5,715,no
2022,용인시 처인구,엘피지,사업용,1065,1,0,71,no
2022,용인시 처인구,전기,비사업용,1182,8,0,327,yes
2022,용인시 처인구,전기,사업용,57,46,0,131,yes
2022,용인시 처인구,하이브리드(LPG+전기),비사업용,74,0,0,0,no
2022,용인시 처인구,하이브리드(LPG+전기),사업용,1,0,0,0,no
2022,용인시 처인구,하이브리드(경유+전기),비사업용,102,0,0,0,no
2022,용인시 처인구,하이브리드(경유+전기),사업용,2,0,0,0,no
2022,용인시 처인구,하이브리드(휘발유+전기),비사업용,5429,0,0,0,no
2022,용인시 처인구,하이브리드(휘발유+전기),사업용,38,0,0,0,no
2022,용인시 처인구,휘발유,비사업용,21010,15,0,211,no
2022,용인시 처인구,휘발유,사업용,41,5,2,0,no
2022,용인시 처인구,휘발유(무연),비사업용,43541,28,0,39,no
2022,용인시 처인구,휘발유(무연),사업용,327,1,0,0,no
2022,용인시 처인구,휘발유(유연),비사업용,56,0,0,0,no
2021,용인시 처인구,CNG,비사업용,12,1,0,8,no
2021,용인시 처인구,CNG,사업용,0,229,0,0,no
2021,용인시 처인구,경유,비사업용,33873,3932,408,19266,no
2021,용인시 처인구,경유,사업용,167,1051,450,4135,no
2021,용인시 처인구,기타연료,비사업용,1,137,98,418,no
2021,용인시 처인구,기타연료,사업용,0,4,0,285,no
2021,용인시 처인구,수소,비사업용,92,0,0,0,no
2021,용인시 처인구,엘피지,비사업용,7525,329,2,732,no
2021,용인시 처인구,엘피지,사업용,1083,2,0,70,no
2021,용인시 처인구,전기,비사업용,673,8,0,164,yes
2021,용인시 처인구,전기,사업용,5,11,0,79,yes
2021,용인시 처인구,하이브리드(LPG+전기),비사업용,83,0,0,0,no
2021,용인시 처인구,하이브리드(경유+전기),비사업용,59,0,0,0,no
2021,용인시 처인구,하이브리드(휘발유+전기),비사업용,4327,0,0,0,no
2021,용인시 처인구,하이브리드(휘발유+전기),사업용,2,0,0,0,no
2021,용인시 처인구,휘발유,비사업용,21289,15,0,169,no
2021,용인시 처인구,휘발유,사업용,38,4,2,0,no
2021,용인시 처인구,휘발유(무연),비사업용,41634,22,0,42,no
2021,용인시 처인구,휘발유(무연),사업용,251,1,0,0,no
2021,용인시 처인구,휘발유(유연),비사업용,56,0,0,0,no
2020,용인시 처인구,CNG,비사업용,19,1,0,4,no
2020,용인시 처인구,CNG,사업용,0,215,0,0,no
2020,용인시 처인구,경유,비사업용,33343,4078,380,19104,no
2020,용인시 처인구,경유,사업용,137,1004,432,3929,no
2020,용인시 처인구,기타연료,비사업용,1,145,43,386,no
2022,안양시 동안구,수소,사업용,3,0,0,0,no
2022,안양시 동안구,엘피지,비사업용,5503,279,3,533,no
2022,안양시 동안구,엘피지,사업용,1458,1,0,109,no
2022,안양시 동안구,전기,비사업용,1146,2,0,138,yes
2022,안양시 동안구,전기,사업용,290,0,1,89,yes
2022,안양시 동안구,하이브리드(LPG+전기),비사업용,55,0,0,0,no
2021,안양시 동안구,CNG,비사업용,18,1,0,4,no
2021,안양시 동안구,CNG,사업용,0,2,0,0,no
2021,안양시 동안구,경유,비사업용,29124,2243,168,8597,no
2021,안양시 동안구,경유,사업용,125,661,150,3170,no
2021,안양시 동안구,기타연료,비사업용,1,66,37,167,no
2021,안양시 동안구,기타연료,사업용,0,0,0,46,no
2021,안양시 동안구,수소,비사업용,32,0,0,0,no
2021,안양시 동안구,엘피지,비사업용,5520,300,1,534,no
2021,안양시 동안구,엘피지,사업용,1583,2,0,105,no
2021,안양시 동안구,전기,비사업용,585,0,0,57,yes
2021,안양시 동안구,전기,사업용,143,0,0,66,yes
2021,안양시 동안구,하이브리드(LPG+전기),비사업용,55,0,0,0,no
2021,안양시 동안구,하이브리드(경유+전기),비사업용,79,0,0,0,no
2021,안양시 동안구,하이브리드(경유+전기),사업용,1,0,0,0,no
2021,안양시 동안구,하이브리드(휘발유+전기),비사업용,6088,0,0,0,no
2021,안양시 동안구,하이브리드(휘발유+전기),사업용,4,0,0,0,no
2021,안양시 동안구,휘발유,비사업용,22468,7,0,54,no
2021,안양시 동안구,휘발유,사업용,32,4,0,0,no
2021,안양시 동안구,휘발유(무연),비사업용,41656,19,0,14,no
2021,안양시 동안구,휘발유(무연),사업용,355,5,0,0,no
2021,안양시 동안구,휘발유(유연),비사업용,40,0,0,0,no
2020,안양시 동안구,하이브리드(경유+전기),비사업용,25,0,0,0,no
2020,안양시 동안구,하이브리드(휘발유+전기),비사업용,4726,0,0,0,no
2020,안양시 동안구,하이브리드(휘발유+전기),사업용,5,0,0,0,no
2020,안양시 동안구,휘발유,비사업용,22909,8,0,42,no
2020,안양시 동안구,휘발유,사업용,23,3,0,0,no
2020,안양시 동안구,휘발유(무연),비사업용,40119,14,0,18,no
2020,오산시,하이브리드(휘발유+전기),비사업용,2779,0,0,0,no
2020,오산시,하이브리드(휘발유+전기),사업용,7,0,0,0,no
2020,오산시,휘발유,비사업용,18491,7,0,66,no
2020,오산시,휘발유,사업용,9,1,0,0,no
2019,오산시,CNG,비사업용,26,0,0,0,no
2019,오산시,CNG,사업용,0,28,0,0,no
2019,오산시,경유,비사업용,26988,3070,96,9292,no
2019,오산시,경유,사업용,92,461,125,1546,no
2019,오산시,기타연료,비사업용,0,104,3,287,no
2019,오산시,기타연료,사업용,0,0,0,21,no
2019,오산시,엘피지,비사업용,6113,277,1,417,no
2019,오산시,엘피지,사업용,894,1,0,58,no
2019,오산시,전기,비사업용,144,0,2,0,yes
2019,오산시,전기,사업용,6,0,0,0,yes
2019,오산시,하이브리드(LPG+전기),비사업용,95,0,0,0,no
2019,오산시,하이브리드(경유+전기),비사업용,1,0,0,0,no
2019,오산시,하이브리드(휘발유+전기),비사업용,2104,0,0,0,no
2019,오산시,하이브리드(휘발유+전기),사업용,5,0,0,0,no
2019,오산시,휘발유,비사업용,18553,3,0,29,no
2019,오산시,휘발유,사업용,13,0,0,0,no
2019,오산시,휘발유(무연),비사업용,34104,2,0,13,no
2019,오산시,휘발유(무연),사업용,101,0,0,0,no
2019,오산시,휘발유(유연),비사업용,59,0,0,0,no
2025,용인시 기흥구,CNG,비사업용,8,1,0,0,no
2025,용인시 기흥구,CNG,사업용,0,6,0,0,no
2025,용인시 기흥구,경유,비사업용,40679,2421,9197,384,no
2025,용인시 기흥구,경유,사업용,217,770,3020,388,no
2025,용인시 기흥구,기타연료,비사업용,0,143,445,133,no
2025,용인시 기흥구,기타연료,사업용,0,0,44,0,no
2025,용인시 기흥구,수소,비사업용,302,0,0,0,no
2025,용인시 기흥구,수소전기,비사업용,38,0,0,0,no
2025,용인시 기흥구,엘피지,비사업용,8614,453,1037,18,no
2025,용인시 기흥구,엘피지,사업용,969,7,416,2,no
2025,용인시 기흥구,전기,비사업용,7000,10,465,3,yes
2025,용인시 기흥구,전기,사업용,480,24,188,0,yes
2025,용인시 기흥구,하이브리드(LPG+전기),비사업용,56,0,0,0,no
2025,용인시 기흥구,하이브리드(경유+전기),비사업용,465,0,0,0,no
2025,용인시 기흥구,하이브리드(경유+전기),사업용,10,0,0,0,no
2025,용인시 기흥구,하이브리드(휘발유+전기),비사업용,23516,26,39,2,no
2025,용인시 기흥구,하이브리드(휘발유+전기),사업용,327,1,1,0,no
2025,용인시 기흥구,휘발유,비사업용,33737,12,156,1,no
2025,용인시 기흥구,휘발유,사업용,296,0,0,2,no
2025,용인시 기흥구,휘발유(무연),비사업용,72971,33,113,1,no
2025,용인시 기흥구,휘발유(무연),사업용,1368,0,0,0,no
2025,용인시 기흥구,휘발유(유연),비사업용,79,0,0,0,no
2024,용인시 기흥구,CNG,비사업용,15,1,0,0,no
2024,용인시 기흥구,CNG,사업용,0,1,0,0,no
2024,용인시 기흥구,경유,비사업용,43874,2708,9740,361,no
2024,용인시 기흥구,경유,사업용,238,743,3240,305,no
2024,용인시 기흥구,기타연료,비사업용,0,145,455,135,no
2024,용인시 기흥구,기타연료,사업용,0,0,50,0,no
2024,용인시 기흥구,수소,비사업용,261,0,0,0,no
2024,용인시 기흥구,수소,사업용,37,0,0,0,no
2024,용인시 기흥구,수소전기,비사업용,1,0,0,0,no
2024,용인시 기흥구,엘피지,비사업용,9247,432,791,11,no
2024,용인시 기흥구,엘피지,사업용,984,3,223,2,no
2024,용인시 기흥구,전기,비사업용,4632,10,367,1,yes
2024,용인시 기흥구,전기,사업용,766,10,168,0,yes
2024,용인시 기흥구,하이브리드(LPG+전기),비사업용,73,0,0,0,no
2024,용인시 기흥구,하이브리드(LPG+전기),사업용,1,0,0,0,no
2024,용인시 기흥구,하이브리드(경유+전기),비사업용,407,0,0,0,no
2024,용인시 기흥구,하이브리드(경유+전기),사업용,5,0,0,0,no
2024,용인시 기흥구,하이브리드(휘발유+전기),비사업용,19556,8,20,1,no
2024,용인시 기흥구,하이브리드(휘발유+전기),사업용,162,1,2,0,no
2024,용인시 기흥구,휘발유,비사업용,35922,13,172,0,no
2024,용인시 기흥구,휘발유,사업용,150,0,0,2,no
2024,용인시 기흥구,휘발유(무연),비사업용,71949,32,25,0,no
2024,용인시 기흥구,휘발유(무연),사업용,1001,0,0,0,no
2024,용인시 기흥구,휘발유(유연),비사업용,87,0,0,0,no
2023,용인시 기흥구,CNG,비사업용,18,2,0,0,no
2023,용인시 기흥구,CNG,사업용,0,1,0,0,no
2023,용인시 기흥구,경유,비사업용,46372,2972,10245,341,no
2023,용인시 기흥구,경유,사업용,287,674,3473,174,no
2023,용인시 기흥구,기타연료,비사업용,0,158,469,144,no
2023,용인시 기흥구,기타연료,사업용,0,0,71,0,no
2023,용인시 기흥구,수소,비사업용,239,0,0,0,no
2023,용인시 기흥구,수소,사업용,38,0,0,0,no
2023,용인시 기흥구,엘피지,비사업용,9524,404,515,5,no
2023,용인시 기흥구,엘피지,사업용,1051,2,96,0,no
2023,용인시 기흥구,전기,비사업용,3221,7,302,3,yes
2023,용인시 기흥구,전기,사업용,865,8,150,0,yes
2023,용인시 기흥구,하이브리드(LPG+전기),비사업용,90,0,0,0,no
2023,용인시 기흥구,하이브리드(LPG+전기),사업용,2,0,0,0,no
2023,용인시 기흥구,하이브리드(경유+전기),비사업용,330,0,0,0,no
2023,용인시 기흥구,하이브리드(경유+전기),사업용,4,0,0,0,no
2023,용인시 기흥구,하이브리드(휘발유+전기),비사업용,15327,0,1,0,no
2023,용인시 기흥구,하이브리드(휘발유+전기),사업용,53,0,0,0,no
2023,용인시 기흥구,휘발유,비사업용,37519,10,168,0,no
2023,용인시 기흥구,휘발유,사업용,105,0,0,0,no
2023,용인시 기흥구,휘발유(무연),비사업용,69962,31,22,0,no
2023,용인시 기흥구,휘발유(무연),사업용,728,0,0,0,no
2023,용인시 기흥구,휘발유(유연),비사업용,83,0,0,0,no
2022,용인시 기흥구,하이브리드(LPG+전기),사업용,1,0,0,0,no
2022,용인시 기흥구,하이브리드(경유+전기),비사업용,227,0,0,0,no
2022,용인시 기흥구,하이브리드(경유+전기),사업용,6,0,0,0,no
2022,용인시 기흥구,하이브리드(휘발유+전기),비사업용,11856,0,0,0,no
2022,용인시 기흥구,하이브리드(휘발유+전기),사업용,21,0,0,0,no
2022,용인시 기흥구,휘발유,비사업용,38635,11,0,147,no
2022,용인시 기흥구,휘발유,사업용,76,1,0,0,no
2022,용인시 기흥구,휘발유(무연),비사업용,67018,31,0,25,no
2022,용인시 기흥구,휘발유(무연),사업용,363,0,0,0,no
2022,용인시 기흥구,휘발유(유연),비사업용,81,0,0,0,no
2022,용인시 기흥구,CNG,비사업용,25,1,0,0,no
2022,용인시 기흥구,CNG,사업용,0,1,0,0,no
2022,용인시 기흥구,경유,비사업용,48025,3214,295,10581,no
2022,용인시 기흥구,경유,사업용,268,635,183,3171,no
2022,용인시 기흥구,기타연료,비사업용,1,175,131,491,no
2022,용인시 기흥구,기타연료,사업용,0,0,0,100,no
2022,용인시 기흥구,수소,비사업용,203,0,0,0,no
2022,용인시 기흥구,수소,사업용,10,0,0,0,no
2022,용인시 기흥구,엘피지,비사업용,9889,417,5,526,no
2022,용인시 기흥구,엘피지,사업용,1165,3,0,88,no
2022,용인시 기흥구,전기,비사업용,2267,9,2,202,yes
2022,용인시 기흥구,전기,사업용,803,8,0,142,yes
2022,용인시 기흥구,하이브리드(LPG+전기),비사업용,112,0,0,0,no
2021,용인시 기흥구,CNG,비사업용,32,1,0,1,no
2021,용인시 기흥구,CNG,사업용,0,8,0,0,no
2021,용인시 기흥구,경유,비사업용,48769,3403,256,10556,no
2021,용인시 기흥구,경유,사업용,360,664,180,2960,no
2021,용인시 기흥구,기타연료,비사업용,1,194,95,471,no
2021,용인시 기흥구,기타연료,사업용,0,1,0,89,no
2021,용인시 기흥구,수소,비사업용,119,0,0,0,no
2021,용인시 기흥구,수소,사업용,1,0,0,0,no
2021,용인시 기흥구,엘피지,비사업용,10051,420,1,550,no
2021,용인시 기흥구,엘피지,사업용,1299,3,0,92,no
2021,용인시 기흥구,전기,비사업용,1167,6,2,80,yes
2021,용인시 기흥구,전기,사업용,394,7,0,77,yes
2021,용인시 기흥구,하이브리드(LPG+전기),비사업용,122,0,0,0,no
2021,용인시 기흥구,하이브리드(LPG+전기),사업용,1,0,0,0,no
2021,용인시 기흥구,하이브리드(경유+전기),비사업용,127,0,0,0,no
2021,용인시 기흥구,하이브리드(경유+전기),사업용,6,0,0,0,no
2021,용인시 기흥구,하이브리드(휘발유+전기),비사업용,9817,0,0,0,no
2021,용인시 기흥구,하이브리드(휘발유+전기),사업용,56,0,0,0,no
2021,용인시 기흥구,휘발유,비사업용,39210,13,0,130,no
2021,용인시 기흥구,휘발유,사업용,82,0,0,0,no
2021,용인시 기흥구,휘발유(무연),비사업용,65328,26,0,24,no
2021,용인시 기흥구,휘발유(무연),사업용,405,0,0,0,no
2021,용인시 기흥구,휘발유(유연),비사업용,83,0,0,0,no
2020,용인시 기흥구,CNG,비사업용,39,0,0,1,no
2020,용인시 기흥구,CNG,사업용,0,6,0,0,no
2020,용인시 기흥구,경유,비사업용,49352,3628,205,10666,no
2020,용인시 기흥구,경유,사업용,362,687,178,3023,no
2020,용인시 기흥구,기타연료,비사업용,0,181,60,436,no
2020,용인시 기흥구,기타연료,사업용,0,1,0,155,no
2020,용인시 기흥구,수소,비사업용,53,0,0,0,no
2020,용인시 기흥구,엘피지,비사업용,10263,448,1,567,no
2020,용인시 기흥구,엘피지,사업용,1347,32,0,95,no
2020,용인시 기흥구,전기,비사업용,717,1,0,18,yes
2020,용인시 기흥구,전기,사업용,2,1,0,9,yes
2020,용인시 기흥구,하이브리드(LPG+전기),비사업용,131,0,0,0,no
2020,용인시 기흥구,하이브리드(경유+전기),비사업용,33,0,0,0,no
2020,용인시 기흥구,하이브리드(경유+전기),사업용,3,0,0,0,no
2020,용인시 기흥구,하이브리드(휘발유+전기),비사업용,7741,0,0,0,no
2020,용인시 기흥구,하이브리드(휘발유+전기),사업용,10,0,0,0,no
2020,용인시 기흥구,휘발유,비사업용,39867,13,0,91,no
2020,용인시 기흥구,휘발유,사업용,61,0,0,0,no
2020,용인시 기흥구,휘발유(무연),비사업용,63194,21,0,30,no
2020,용인시 기흥구,휘발유(무연),사업용,304,0,0,0,no
2022,연천군,CNG,비사업용,2,0,0,0,no
2022,연천군,CNG,사업용,0,8,0,1,no
2022,연천군,경유,비사업용,5945,788,107,5949,no
2022,연천군,경유,사업용,10,119,511,3905,no
2021,연천군,CNG,비사업용,3,0,0,0,no
2021,연천군,CNG,사업용,0,7,0,0,no
2021,연천군,경유,비사업용,5997,814,103,5888,no
2021,연천군,경유,사업용,15,103,511,3907,no
2021,연천군,기타연료,비사업용,0,19,13,93,no
2021,연천군,기타연료,사업용,0,0,0,573,no
2021,연천군,엘피지,비사업용,1112,53,1,141,no
2021,연천군,엘피지,사업용,61,0,0,10,no
2021,연천군,전기,비사업용,142,0,0,94,yes
2021,연천군,전기,사업용,8,0,0,21,yes
2021,연천군,하이브리드(LPG+전기),비사업용,9,0,0,0,no
2021,연천군,하이브리드(경유+전기),비사업용,5,0,0,0,no
2021,연천군,하이브리드(휘발유+전기),비사업용,567,0,0,0,no
2021,연천군,휘발유,비사업용,2885,8,0,44,no
2021,연천군,휘발유,사업용,13,4,0,0,no
2021,연천군,휘발유(무연),비사업용,6235,1,0,8,no
2021,연천군,휘발유(무연),사업용,19,0,0,0,no
2021,연천군,휘발유(유연),비사업용,5,0,0,0,no
2020,연천군,휘발유,비사업용,3002,7,0,39,no
2020,연천군,휘발유,사업용,17,4,0,0,no
2020,연천군,휘발유(무연),비사업용,5957,0,0,8,no
2020,연천군,휘발유(무연),사업용,24,0,0,0,no
2020,연천군,휘발유(유연),비사업용,6,0,0,0,no
2020,연천군,전기,사업용,5,0,0,1,yes
2020,연천군,하이브리드(LPG+전기),비사업용,11,0,0,0,no
2020,연천군,하이브리드(경유+전기),비사업용,1,0,0,0,no
2020,연천군,하이브리드(휘발유+전기),비사업용,442,0,0,0,no
2020,연천군,전기,비사업용,85,0,0,25,yes
2020,연천군,CNG,비사업용,2,0,0,0,no
2020,연천군,CNG,사업용,0,7,0,0,no
2020,연천군,경유,비사업용,5998,851,97,6045,no
2020,연천군,경유,사업용,37,113,506,3910,no
2020,연천군,기타연료,비사업용,0,25,12,70,no
2020,연천군,기타연료,사업용,0,0,0,587,no
2020,연천군,엘피지,비사업용,1153,43,1,127,no
2020,연천군,엘피지,사업용,74,0,0,11,no
2019,연천군,CNG,비사업용,5,0,0,0,no
2019,연천군,CNG,사업용,0,1,0,0,no
2019,연천군,경유,비사업용,6060,889,88,6089,no
2019,연천군,경유,사업용,48,115,494,3926,no
2019,연천군,기타연료,비사업용,0,21,10,73,no
2019,연천군,기타연료,사업용,0,0,0,588,no
2019,연천군,엘피지,비사업용,1145,48,1,129,no
2019,연천군,엘피지,사업용,91,0,0,9,no
2019,연천군,전기,비사업용,61,0,0,0,yes
2019,연천군,하이브리드(LPG+전기),비사업용,10,0,0,0,no
2019,연천군,하이브리드(휘발유+전기),비사업용,357,0,0,0,no
2019,연천군,휘발유,비사업용,2978,7,0,22,no
2019,연천군,휘발유,사업용,19,4,0,0,no
2019,연천군,휘발유(무연),비사업용,5544,0,0,7,no
2019,연천군,휘발유(무연),사업용,24,0,0,0,no
2019,연천군,휘발유(유연),비사업용,6,0,0,0,no
2025,오산시,CNG,비사업용,5,4,2,0,no
2025,오산시,CNG,사업용,0,23,0,0,no
2025,오산시,경유,비사업용,25872,2236,8736,229,no
2025,오산시,경유,사업용,59,413,1837,182,no
2025,오산시,기타연료,비사업용,0,94,443,108,no
2025,오산시,기타연료,사업용,0,0,413,0,no
2025,오산시,수소,비사업용,166,0,1,0,no
2025,오산시,수소전기,비사업용,17,0,0,0,no
2025,오산시,엘피지,비사업용,6113,260,921,11,no
2025,오산시,엘피지,사업용,762,14,343,1,no
2025,오산시,전기,비사업용,2691,5,419,5,yes
2025,오산시,전기,사업용,95,112,182,0,yes
2025,오산시,하이브리드(LPG+전기),비사업용,49,0,0,0,no
2025,오산시,하이브리드(경유+전기),비사업용,162,0,0,0,no
2025,오산시,하이브리드(경유+전기),사업용,1,0,0,0,no
2025,오산시,하이브리드(휘발유+전기),비사업용,11673,22,28,1,no
2025,오산시,하이브리드(휘발유+전기),사업용,80,8,1,0,no
2025,오산시,휘발유,비사업용,16539,7,111,2,no
2025,오산시,휘발유,사업용,22,0,0,0,no
2025,오산시,휘발유(무연),비사업용,50132,21,61,0,no
2025,오산시,휘발유(무연),사업용,244,0,0,0,no
2025,오산시,휘발유(유연),비사업용,60,0,0,0,no
2024,오산시,CNG,비사업용,10,0,2,0,no
2024,오산시,CNG,사업용,0,21,0,0,no
2024,오산시,경유,비사업용,26779,2410,9068,219,no
2024,오산시,경유,사업용,67,421,1882,187,no
2024,오산시,기타연료,비사업용,0,88,430,100,no
2024,오산시,기타연료,사업용,0,0,378,0,no
2024,오산시,수소,비사업용,153,0,1,0,no
2024,오산시,엘피지,비사업용,6283,266,666,9,no
2024,오산시,엘피지,사업용,780,12,180,0,no
2024,오산시,전기,비사업용,1587,1,316,3,yes
2024,오산시,전기,사업용,87,103,123,0,yes
2024,오산시,하이브리드(LPG+전기),비사업용,56,0,0,0,no
2023,양주시,하이브리드(LPG+전기),사업용,1,0,0,0,no
2023,양주시,하이브리드(경유+전기),비사업용,121,0,0,0,no
2023,양주시,하이브리드(휘발유+전기),비사업용,6353,0,0,0,no
2023,양주시,하이브리드(휘발유+전기),사업용,11,0,0,0,no
2023,양주시,휘발유,비사업용,19195,16,201,3,no
2023,양주시,휘발유,사업용,9,0,0,0,no
2023,양주시,휘발유(무연),비사업용,43763,19,22,0,no
2023,양주시,휘발유(무연),사업용,93,0,0,0,no
2023,양주시,휘발유(유연),비사업용,53,0,0,0,no
2022,양주시,CNG,비사업용,16,0,0,3,no
2022,양주시,CNG,사업용,0,123,0,0,no
2022,양주시,경유,비사업용,28636,3440,348,17179,no
2022,양주시,경유,사업용,25,287,211,1999,no
2022,양주시,기타연료,비사업용,1,109,64,306,no
2022,양주시,기타연료,사업용,0,0,0,44,no
2022,양주시,수소,비사업용,39,0,0,0,no
2022,양주시,수소,사업용,2,0,0,0,no
2022,양주시,엘피지,비사업용,6217,350,6,617,no
2022,양주시,엘피지,사업용,405,1,0,68,no
2022,양주시,전기,비사업용,856,3,0,308,yes
2022,양주시,전기,사업용,134,28,0,161,yes
2022,양주시,하이브리드(LPG+전기),비사업용,52,0,0,0,no
2022,양주시,하이브리드(경유+전기),비사업용,64,0,0,0,no
2022,양주시,하이브리드(휘발유+전기),비사업용,4259,0,0,0,no
2022,양주시,하이브리드(휘발유+전기),사업용,18,0,0,0,no
2022,양주시,휘발유,비사업용,17953,18,1,180,no
2022,양주시,휘발유,사업용,11,0,0,0,no
2022,양주시,휘발유(무연),비사업용,37712,19,0,18,no
2022,양주시,휘발유(무연),사업용,72,0,0,0,no
2022,양주시,휘발유(유연),비사업용,44,0,0,0,no
2021,양주시,휘발유,비사업용,17492,17,1,141,no
2021,양주시,휘발유,사업용,11,0,0,0,no
2021,양주시,휘발유(무연),비사업용,34605,15,0,21,no
2021,양주시,휘발유(무연),사업용,65,0,0,0,no
2021,양주시,휘발유(유연),비사업용,33,0,0,0,no
2021,양주시,CNG,비사업용,20,6,0,3,no
2021,양주시,CNG,사업용,0,129,0,0,no
2021,양주시,경유,비사업용,27876,3477,295,16475,no
2021,양주시,경유,사업용,22,323,194,1857,no
2021,양주시,기타연료,비사업용,1,102,37,259,no
2021,양주시,기타연료,사업용,0,0,0,44,no
2021,양주시,수소,비사업용,14,0,0,0,no
2021,양주시,수소,사업용,1,0,0,0,no
2021,양주시,엘피지,비사업용,6140,367,5,644,no
2021,양주시,엘피지,사업용,471,1,0,61,no
2021,양주시,전기,비사업용,529,3,0,231,yes
2021,양주시,전기,사업용,40,14,0,137,yes
2021,양주시,하이브리드(LPG+전기),비사업용,57,0,0,0,no
2021,양주시,하이브리드(경유+전기),비사업용,28,0,0,0,no
2021,양주시,하이브리드(휘발유+전기),비사업용,3203,0,0,0,no
2021,양주시,하이브리드(휘발유+전기),사업용,22,0,0,0,no
2020,양주시,전기,비사업용,353,0,0,70,yes
2020,양주시,전기,사업용,4,10,0,20,yes
2020,양주시,하이브리드(LPG+전기),비사업용,56,0,0,0,no
2020,양주시,하이브리드(경유+전기),비사업용,8,0,0,0,no
2020,양주시,하이브리드(휘발유+전기),비사업용,2365,0,0,0,no
2020,양주시,하이브리드(휘발유+전기),사업용,15,0,0,0,no
2020,양주시,휘발유,비사업용,17063,20,1,103,no
2020,양주시,휘발유,사업용,11,0,0,0,no
2020,양주시,휘발유(무연),비사업용,32341,10,0,23,no
2020,양주시,휘발유(무연),사업용,50,0,0,0,no
2020,양주시,휘발유(유연),비사업용,30,0,0,0,no
2020,양주시,CNG,비사업용,27,0,0,1,no
2020,양주시,CNG,사업용,0,117,0,0,no
2020,양주시,경유,비사업용,27045,3542,254,16293,no
2020,양주시,경유,사업용,25,359,168,1757,no
2020,양주시,기타연료,비사업용,1,93,17,211,no
2020,양주시,기타연료,사업용,0,0,0,41,no
2020,양주시,수소,비사업용,8,0,0,0,no
2020,양주시,엘피지,비사업용,6100,363,4,634,no
2020,양주시,엘피지,사업용,499,0,0,69,no
2019,양주시,CNG,비사업용,31,0,0,0,no
2019,양주시,CNG,사업용,0,97,0,0,no
2019,양주시,경유,비사업용,25978,3618,197,16037,no
2019,양주시,경유,사업용,34,431,151,1633,no
2019,양주시,기타연료,비사업용,1,84,7,181,no
2019,양주시,기타연료,사업용,0,0,0,33,no
2019,양주시,수소,비사업용,1,0,0,0,no
2019,양주시,엘피지,비사업용,5825,363,2,660,no
2019,양주시,엘피지,사업용,565,0,0,78,no
2019,양주시,전기,비사업용,232,0,0,1,yes
2019,양주시,전기,사업용,1,0,0,0,yes
2019,양주시,하이브리드(LPG+전기),비사업용,57,0,0,0,no
2019,양주시,하이브리드(휘발유+전기),비사업용,1772,0,0,0,no
2019,양주시,하이브리드(휘발유+전기),사업용,9,0,0,0,no
2019,양주시,휘발유,비사업용,16353,18,0,54,no
2019,양주시,휘발유,사업용,10,0,0,0,no
2019,양주시,휘발유(무연),비사업용,29196,10,0,24,no
2019,양주시,휘발유(무연),사업용,93,0,0,0,no
2019,양주시,휘발유(유연),비사업용,30,0,0,0,no
2025,양평군,CNG,사업용,0,11,1,0,no
2025,양평군,경유,비사업용,14910,1388,10471,218,no
2025,양평군,경유,사업용,17,483,710,79,no
2025,양평군,기타연료,비사업용,0,67,256,69,no
2025,양평군,기타연료,사업용,0,0,11,0,no
2025,양평군,수소,비사업용,36,0,0,0,no
2025,양평군,수소전기,비사업용,8,0,0,0,no
2025,양평군,엘피지,비사업용,2498,136,801,11,no
2025,양평군,엘피지,사업용,215,1,73,0,no
2025,양평군,전기,비사업용,1860,3,524,3,yes
2025,양평군,전기,사업용,79,18,102,0,yes
2025,양평군,하이브리드(LPG+전기),비사업용,21,0,0,0,no
2025,양평군,하이브리드(경유+전기),비사업용,119,0,0,0,no
2025,양평군,하이브리드(경유+전기),사업용,2,0,0,0,no
2025,양평군,하이브리드(휘발유+전기),비사업용,5276,14,15,0,no
2025,양평군,하이브리드(휘발유+전기),사업용,17,1,0,0,no
2025,양평군,휘발유,비사업용,9225,11,166,2,no
2025,양평군,휘발유,사업용,15,0,0,0,no
2025,양평군,휘발유(무연),비사업용,20918,27,71,0,no
2025,양평군,휘발유(무연),사업용,85,0,0,0,no
2025,양평군,휘발유(유연),비사업용,18,0,0,0,no
2024,양평군,CNG,비사업용,3,1,0,0,no
2024,양평군,CNG,사업용,0,8,1,0,no
2024,양평군,경유,비사업용,15643,1505,10898,233,no
2024,양평군,경유,사업용,22,490,744,83,no
2024,양평군,기타연료,비사업용,0,68,251,67,no
2024,양평군,기타연료,사업용,0,0,9,0,no
2024,양평군,수소,비사업용,39,0,0,0,no
2024,양평군,엘피지,비사업용,2661,139,599,8,no
2024,양평군,엘피지,사업용,236,1,58,0,no
2024,양평군,전기,비사업용,1387,2,422,1,yes
2024,양평군,전기,사업용,62,16,88,0,yes
2024,양평군,하이브리드(LPG+전기),비사업용,28,0,0,0,no
2024,양평군,하이브리드(경유+전기),비사업용,88,0,0,0,no
2024,양평군,하이브리드(경유+전기),사업용,2,0,0,0,no
2024,양평군,하이브리드(휘발유+전기),비사업용,4203,4,9,0,no
2024,양평군,하이브리드(휘발유+전기),사업용,8,0,0,0,no
2024,양평군,휘발유,비사업용,9697,10,164,2,no
2024,양평군,휘발유,사업용,14,0,0,0,no
2024,양평군,휘발유(무연),비사업용,20342,27,27,0,no
2024,양평군,휘발유(무연),사업용,67,0,0,0,no
2024,양평군,휘발유(유연),비사업용,15,0,0,0,no
2023,양평군,CNG,비사업용,5,1,0,0,no
2023,양평군,CNG,사업용,0,8,1,0,no
2023,양평군,경유,비사업용,16041,1633,11277,207,no
2023,양평군,경유,사업용,34,543,780,86,no
2023,양평군,기타연료,비사업용,0,68,249,61,no
2023,양평군,기타연료,사업용,0,0,7,0,no
2023,양평군,수소,비사업용,29,0,0,0,no
2023,양평군,엘피지,비사업용,2749,144,370,7,no
2023,양평군,엘피지,사업용,235,1,17,0,no
2023,양평군,전기,비사업용,1017,0,367,1,yes
2023,양평군,전기,사업용,75,10,71,0,yes
2023,양평군,하이브리드(LPG+전기),비사업용,33,0,0,0,no
2023,양평군,하이브리드(경유+전기),비사업용,71,0,0,0,no
2023,양평군,하이브리드(경유+전기),사업용,4,0,0,0,no
2023,양평군,하이브리드(휘발유+전기),비사업용,3289,0,0,0,no
2023,양평군,하이브리드(휘발유+전기),사업용,7,0,0,0,no
2023,양평군,휘발유,비사업용,10032,10,166,1,no
2023,양평군,휘발유,사업용,9,0,0,0,no
2023,양평군,휘발유(무연),비사업용,19108,26,32,0,no
2023,양평군,휘발유(무연),사업용,62,0,0,0,no
2023,양평군,휘발유(유연),비사업용,16,0,0,0,no
2022,양평군,기타연료,비사업용,0,67,54,228,no
2022,양평군,기타연료,사업용,0,0,0,12,no
2022,양평군,수소,비사업용,22,0,0,0,no
2022,양평군,엘피지,비사업용,2768,139,3,371,no
2022,양평군,엘피지,사업용,261,1,0,20,no
2022,양평군,전기,비사업용,794,0,0,211,yes
2022,양평군,전기,사업용,43,6,0,47,yes
2022,양평군,하이브리드(LPG+전기),비사업용,37,0,0,0,no
2022,양평군,하이브리드(경유+전기),비사업용,50,0,0,0,no
2022,양평군,하이브리드(경유+전기),사업용,2,0,0,0,no
2022,양평군,하이브리드(휘발유+전기),비사업용,2503,0,0,0,no
2022,양평군,하이브리드(휘발유+전기),사업용,7,0,0,0,no
2022,양평군,휘발유,비사업용,10223,10,2,155,no
2022,양평군,휘발유,사업용,1,0,0,0,no
2022,양평군,휘발유(무연),비사업용,17693,21,0,36,no
2022,양평군,휘발유(무연),사업용,50,0,0,0,no
2022,양평군,휘발유(유연),비사업용,13,0,0,0,no
2022,양평군,CNG,비사업용,5,1,0,0,no
2022,양평군,CNG,사업용,0,9,0,1,no
2022,양평군,경유,비사업용,16060,1723,190,11257,no
2022,양평군,경유,사업용,23,647,86,722,no
2023,의왕시,휘발유(무연),사업용,5,0,0,0,no
2023,의왕시,휘발유(유연),비사업용,25,0,0,0,no
2022,의왕시,하이브리드(경유+전기),비사업용,65,0,0,0,no
2022,의왕시,하이브리드(휘발유+전기),비사업용,4032,0,0,1,no
2022,의왕시,하이브리드(휘발유+전기),사업용,3,0,0,0,no
2022,의왕시,휘발유,비사업용,11648,2,1,57,no
2022,의왕시,휘발유,사업용,1,0,0,0,no
2022,의왕시,휘발유(무연),비사업용,23009,9,0,12,no
2022,의왕시,휘발유(무연),사업용,9,0,0,0,no
2022,의왕시,휘발유(유연),비사업용,24,0,0,0,no
2022,의왕시,CNG,비사업용,5,1,0,3,no
2022,의왕시,CNG,사업용,0,17,0,0,no
2022,의왕시,경유,비사업용,15961,1379,99,5529,no
2022,의왕시,경유,사업용,0,127,307,1061,no
2022,의왕시,기타연료,비사업용,0,46,31,138,no
2022,의왕시,기타연료,사업용,0,0,0,898,no
2022,의왕시,수소,비사업용,42,0,0,0,no
2022,의왕시,엘피지,비사업용,3243,128,2,275,no
2022,의왕시,엘피지,사업용,231,0,0,69,no
2022,의왕시,전기,비사업용,661,0,0,116,yes
2022,의왕시,전기,사업용,66,20,0,81,yes
2022,의왕시,하이브리드(LPG+전기),비사업용,30,0,0,0,no
2021,의왕시,CNG,비사업용,12,3,0,2,no
2021,의왕시,CNG,사업용,0,20,0,0,no
2021,의왕시,경유,비사업용,16533,1436,84,5617,no
2021,의왕시,경유,사업용,28,110,319,1006,no
2021,의왕시,기타연료,비사업용,0,52,24,132,no
2021,의왕시,기타연료,사업용,0,0,0,890,no
2021,의왕시,수소,비사업용,25,0,0,0,no
2021,의왕시,엘피지,비사업용,3337,138,0,278,no
2021,의왕시,엘피지,사업용,350,0,0,74,no
2021,의왕시,전기,비사업용,408,0,0,54,yes
2021,의왕시,전기,사업용,15,0,0,68,yes
2021,의왕시,하이브리드(LPG+전기),비사업용,33,0,0,0,no
2021,의왕시,하이브리드(경유+전기),비사업용,40,0,0,0,no
2021,의왕시,하이브리드(휘발유+전기),비사업용,3343,0,0,1,no
2021,의왕시,하이브리드(휘발유+전기),사업용,1,0,0,0,no
2021,의왕시,휘발유,비사업용,12011,0,0,45,no
2021,의왕시,휘발유,사업용,3,0,0,0,no
2021,의왕시,휘발유(무연),비사업용,22615,7,0,12,no
2021,의왕시,휘발유(무연),사업용,49,0,0,0,no
2021,의왕시,휘발유(유연),비사업용,26,0,0,0,no
2020,의왕시,CNG,비사업용,13,3,0,2,no
2020,의왕시,CNG,사업용,0,20,0,0,no
2020,의왕시,경유,비사업용,16408,1497,77,5674,no
2020,의왕시,경유,사업용,23,154,323,1030,no
2020,의왕시,기타연료,비사업용,0,48,13,122,no
2020,의왕시,기타연료,사업용,0,0,0,877,no
2020,의왕시,수소,비사업용,10,0,0,0,no
2020,의왕시,엘피지,비사업용,3498,151,0,280,no
2020,의왕시,엘피지,사업용,376,0,0,86,no
2020,의왕시,전기,비사업용,240,0,0,26,yes
2020,의왕시,전기,사업용,0,0,0,17,yes
2020,의왕시,하이브리드(LPG+전기),비사업용,38,0,0,0,no
2020,의왕시,하이브리드(경유+전기),비사업용,19,0,0,0,no
2020,의왕시,하이브리드(휘발유+전기),비사업용,2594,0,0,0,no
2020,의왕시,휘발유,비사업용,12060,0,0,36,no
2020,의왕시,휘발유,사업용,3,0,0,0,no
2020,의왕시,휘발유(무연),비사업용,21804,7,0,10,no
2020,의왕시,휘발유(무연),사업용,44,0,0,0,no
2020,의왕시,휘발유(유연),비사업용,21,0,0,0,no
2019,의왕시,CNG,비사업용,11,3,0,2,no
2019,의왕시,CNG,사업용,1,6,0,0,no
2019,의왕시,경유,비사업용,15888,1544,72,5794,no
2019,의왕시,경유,사업용,85,152,310,1007,no
2019,의왕시,기타연료,비사업용,0,32,6,118,no
2019,의왕시,기타연료,사업용,0,0,0,898,no
2019,의왕시,수소,비사업용,1,0,0,0,no
2019,의왕시,엘피지,비사업용,3515,156,0,299,no
2019,의왕시,엘피지,사업용,506,0,0,88,no
2019,의왕시,전기,비사업용,147,0,0,0,yes
2019,의왕시,하이브리드(LPG+전기),비사업용,50,0,0,0,no
2019,의왕시,하이브리드(경유+전기),비사업용,1,0,0,0,no
2019,의왕시,하이브리드(휘발유+전기),비사업용,1913,0,0,0,no
2019,의왕시,하이브리드(휘발유+전기),사업용,2,0,0,0,no
2019,의왕시,휘발유,비사업용,11972,0,0,20,no
2019,의왕시,휘발유,사업용,2,0,0,0,no
2019,의왕시,휘발유(무연),비사업용,20113,6,0,6,no
2019,의왕시,휘발유(무연),사업용,133,0,0,0,no
2019,의왕시,휘발유(유연),비사업용,20,0,0,0,no
2025,의정부시,CNG,비사업용,4,0,5,0,no
2025,의정부시,CNG,사업용,0,134,0,0,no
2025,의정부시,경유,비사업용,37835,3578,14707,431,no
2025,의정부시,경유,사업용,63,208,2198,266,no
2025,의정부시,기타연료,비사업용,1,120,418,104,no
2025,의정부시,기타연료,사업용,0,0,5,0,no
2025,의정부시,수소,비사업용,72,0,0,0,no
2025,의정부시,수소전기,비사업용,25,0,0,0,no
2025,의정부시,엘피지,비사업용,8824,534,1767,33,no
2025,의정부시,엘피지,사업용,1179,1,624,4,no
2025,의정부시,전기,비사업용,3470,2,606,9,yes
2025,의정부시,전기,사업용,262,100,331,0,yes
2025,의정부시,하이브리드(LPG+전기),비사업용,53,0,0,0,no
2025,의정부시,하이브리드(LPG+전기),사업용,24,0,0,0,no
2025,의정부시,하이브리드(경유+전기),비사업용,218,0,0,0,no
2025,의정부시,하이브리드(경유+전기),사업용,5,0,0,0,no
2025,의정부시,하이브리드(휘발유+전기),비사업용,14906,25,59,1,no
2025,의정부시,하이브리드(휘발유+전기),사업용,46,0,1,0,no
2025,의정부시,휘발유,비사업용,24392,15,164,1,no
2025,의정부시,휘발유,사업용,26,0,0,0,no
2025,의정부시,휘발유(무연),비사업용,64169,30,87,1,no
2025,의정부시,휘발유(무연),사업용,236,0,0,0,no
2020,파주시,CNG,사업용,0,335,0,0,no
2020,파주시,경유,비사업용,52601,5308,259,26336,no
2020,파주시,경유,사업용,1031,2235,247,4844,no
2020,파주시,기타연료,비사업용,1,180,42,587,no
2020,파주시,기타연료,사업용,0,0,0,44,no
2020,파주시,수소,비사업용,12,0,0,0,no
2020,파주시,수소,사업용,1,0,0,0,no
2020,파주시,엘피지,비사업용,13307,658,3,1087,no
2020,파주시,엘피지,사업용,1106,0,0,120,no
2020,파주시,전기,비사업용,583,0,2,69,yes
2020,파주시,전기,사업용,2,17,0,32,yes
2020,파주시,하이브리드(LPG+전기),비사업용,148,0,0,0,no
2020,파주시,하이브리드(경유+전기),비사업용,31,0,0,0,no
2020,파주시,하이브리드(경유+전기),사업용,1,0,0,0,no
2020,파주시,하이브리드(휘발유+전기),비사업용,5889,0,0,0,no
2020,파주시,하이브리드(휘발유+전기),사업용,16,0,0,0,no
2020,파주시,휘발유,비사업용,37367,32,0,139,no
2020,파주시,휘발유,사업용,46,0,0,0,no
2020,파주시,휘발유(무연),비사업용,67347,29,0,48,no
2020,파주시,휘발유(무연),사업용,237,0,0,0,no
2020,파주시,휘발유(유연),비사업용,93,0,0,0,no
2019,파주시,엘피지,사업용,1277,0,0,126,no
2019,파주시,전기,비사업용,385,0,0,1,yes
2019,파주시,전기,사업용,1,11,0,0,yes
2019,파주시,하이브리드(LPG+전기),비사업용,153,0,0,0,no
2019,파주시,하이브리드(경유+전기),비사업용,1,0,0,0,no
2019,파주시,하이브리드(휘발유+전기),비사업용,4428,0,0,0,no
2019,파주시,하이브리드(휘발유+전기),사업용,6,0,0,0,no
2019,파주시,휘발유,비사업용,36084,29,0,73,no
2019,파주시,휘발유,사업용,32,1,0,0,no
2019,파주시,휘발유(무연),비사업용,62629,28,0,45,no
2019,파주시,휘발유(무연),사업용,274,0,0,0,no
2019,파주시,휘발유(유연),비사업용,94,0,0,0,no
2019,파주시,CNG,비사업용,52,1,0,8,no
2019,파주시,CNG,사업용,0,304,0,0,no
2019,파주시,경유,비사업용,51269,5444,206,25766,no
2019,파주시,경유,사업용,179,2283,222,4641,no
2019,파주시,기타연료,비사업용,1,189,6,468,no
2019,파주시,기타연료,사업용,0,0,0,46,no
2019,파주시,엘피지,비사업용,13178,664,2,1127,no
2025,평택시,CNG,비사업용,20,5,16,0,no
2025,평택시,CNG,사업용,0,187,0,0,no
2025,평택시,LNG,사업용,0,0,0,2,no
2025,평택시,경유,비사업용,69714,6075,29887,760,no
2025,평택시,경유,사업용,217,1699,4917,940,no
2025,평택시,기타연료,비사업용,52,255,1375,285,no
2025,평택시,기타연료,사업용,0,0,1926,1,no
2025,평택시,수소,비사업용,990,0,0,0,no
2025,평택시,수소,사업용,5,36,2,0,no
2025,평택시,수소전기,비사업용,214,0,0,0,no
2025,평택시,수소전기,사업용,1,37,0,0,no
2025,평택시,알코올,비사업용,1,0,0,0,no
2025,평택시,엘피지,비사업용,15912,775,2785,37,no
2025,평택시,엘피지,사업용,2098,4,582,3,no
2025,평택시,전기,비사업용,7074,8,1525,6,yes
2025,평택시,전기,사업용,286,208,384,0,yes
2025,평택시,태양열,비사업용,2,0,0,0,no
2025,평택시,하이브리드(LPG+전기),비사업용,116,0,0,0,no
2025,평택시,하이브리드(LPG+전기),사업용,1,0,0,0,no
2025,평택시,하이브리드(경유+전기),비사업용,405,0,0,0,no
2025,평택시,하이브리드(경유+전기),사업용,17,0,0,0,no
2025,평택시,하이브리드(휘발유+전기),비사업용,31505,47,79,3,no
2025,평택시,하이브리드(휘발유+전기),사업용,202,11,1,0,no
2025,평택시,휘발유,비사업용,50331,39,627,4,no
2025,평택시,휘발유,사업용,66,0,0,0,no
2025,평택시,휘발유(무연),비사업용,124838,64,231,1,no
2025,평택시,휘발유(무연),사업용,925,0,0,0,no
2025,평택시,휘발유(유연),비사업용,139,0,0,0,no
2024,평택시,CNG,비사업용,29,5,16,0,no
2024,평택시,CNG,사업용,0,193,0,0,no
2024,평택시,LNG,사업용,0,0,0,2,no
2024,평택시,경유,비사업용,72972,6633,30831,714,no
2024,평택시,경유,사업용,268,1797,5042,1023,no
2024,평택시,기타연료,비사업용,59,263,1329,268,no
2024,평택시,기타연료,사업용,0,0,1906,1,no
2024,평택시,등유,비사업용,1,0,0,0,no
2020,안양시 동안구,휘발유(무연),사업용,299,5,0,0,no
2020,안양시 동안구,휘발유(유연),비사업용,31,0,0,0,no
2020,안양시 동안구,CNG,비사업용,21,1,0,3,no
2020,안양시 동안구,CNG,사업용,0,2,0,0,no
2020,안양시 동안구,경유,비사업용,29137,2404,156,8791,no
2020,안양시 동안구,경유,사업용,146,746,139,3056,no
2020,안양시 동안구,기타연료,비사업용,1,70,13,144,no
2020,안양시 동안구,기타연료,사업용,0,0,0,54,no
2020,안양시 동안구,수소,비사업용,14,0,0,0,no
2020,안양시 동안구,엘피지,비사업용,5716,323,1,537,no
2020,안양시 동안구,엘피지,사업용,1708,1,0,124,no
2020,안양시 동안구,전기,비사업용,325,0,0,30,yes
2020,안양시 동안구,전기,사업용,3,0,0,16,yes
2020,안양시 동안구,하이브리드(LPG+전기),비사업용,61,0,0,0,no
2019,안양시 동안구,경유,비사업용,30142,2613,125,9038,no
2019,안양시 동안구,경유,사업용,155,726,140,2975,no
2019,안양시 동안구,기타연료,비사업용,2,69,3,120,no
2019,안양시 동안구,기타연료,사업용,0,0,0,51,no
2019,안양시 동안구,엘피지,비사업용,6044,368,1,544,no
2019,안양시 동안구,엘피지,사업용,1803,0,0,145,no
2019,안양시 동안구,전기,비사업용,191,0,0,0,yes
2019,안양시 동안구,전기,사업용,1,0,0,0,yes
2019,안양시 동안구,하이브리드(LPG+전기),비사업용,69,0,0,0,no
2019,안양시 동안구,하이브리드(경유+전기),비사업용,2,0,0,0,no
2019,안양시 동안구,하이브리드(휘발유+전기),비사업용,3681,0,0,0,no
2019,안양시 동안구,하이브리드(휘발유+전기),사업용,2,0,0,0,no
2019,안양시 동안구,휘발유,비사업용,23958,9,0,17,no
2019,안양시 동안구,휘발유,사업용,18,3,0,0,no
2019,안양시 동안구,휘발유(무연),비사업용,39353,14,0,20,no
2019,안양시 동안구,휘발유(무연),사업용,268,4,0,0,no
2019,안양시 동안구,휘발유(유연),비사업용,38,0,0,0,no
2019,안양시 동안구,CNG,비사업용,31,1,0,4,no
2019,안양시 동안구,CNG,사업용,0,2,0,0,no
2025,안양시 만안구,CNG,비사업용,4,4,0,0,no
2025,안양시 만안구,CNG,사업용,0,241,0,0,no
2025,안양시 만안구,경유,비사업용,18233,1683,7539,163,no
2025,안양시 만안구,경유,사업용,17,290,1203,119,no
2025,안양시 만안구,기타연료,비사업용,1,33,141,27,no
2025,안양시 만안구,기타연료,사업용,0,0,22,8,no
2025,안양시 만안구,수소,비사업용,62,0,0,0,no
2025,안양시 만안구,수소전기,비사업용,8,0,0,0,no
2025,안양시 만안구,엘피지,비사업용,3958,254,905,12,no
2025,안양시 만안구,엘피지,사업용,948,2,233,1,no
2025,안양시 만안구,전기,비사업용,1720,1,246,3,yes
2025,안양시 만안구,전기,사업용,307,396,139,0,yes
2025,안양시 만안구,하이브리드(CNG+전기),사업용,0,2,0,0,no
2025,안양시 만안구,하이브리드(LPG+전기),비사업용,33,0,0,0,no
2025,안양시 만안구,하이브리드(경유+전기),비사업용,84,0,0,0,no
2025,안양시 만안구,하이브리드(휘발유+전기),비사업용,9107,11,37,1,no
2025,안양시 만안구,하이브리드(휘발유+전기),사업용,27,2,0,0,no
2025,안양시 만안구,휘발유,비사업용,11720,5,74,0,no
2025,안양시 만안구,휘발유,사업용,4,0,0,0,no
2025,안양시 만안구,휘발유(무연),비사업용,32081,11,39,1,no
2025,안양시 만안구,휘발유(무연),사업용,61,0,0,0,no
2025,안양시 만안구,휘발유(유연),비사업용,38,0,0,0,no
2024,안양시 만안구,CNG,비사업용,6,3,0,0,no
2024,안양시 만안구,CNG,사업용,0,288,0,0,no
2024,안양시 만안구,경유,비사업용,19165,1813,7957,163,no
2024,안양시 만안구,경유,사업용,20,370,1295,119,no
2024,안양시 만안구,기타연료,비사업용,1,35,136,24,no
2024,안양시 만안구,기타연료,사업용,0,0,22,8,no
2024,안양시 만안구,수소,비사업용,62,0,0,0,no
2024,안양시 만안구,수소,사업용,1,0,0,0,no
2024,안양시 만안구,수소전기,비사업용,1,0,0,0,no
2024,안양시 만안구,엘피지,비사업용,4106,260,693,7,no
2024,안양시 만안구,엘피지,사업용,976,1,159,0,no
2024,안양시 만안구,전기,비사업용,1055,0,202,2,yes
2024,안양시 만안구,전기,사업용,249,253,124,0,yes
2024,안양시 만안구,하이브리드(CNG+전기),사업용,0,2,0,0,no
2024,안양시 만안구,하이브리드(LPG+전기),비사업용,38,0,0,0,no
2024,안양시 만안구,하이브리드(경유+전기),비사업용,85,0,0,0,no
2024,안양시 만안구,하이브리드(휘발유+전기),비사업용,7173,6,17,0,no
2024,안양시 만안구,하이브리드(휘발유+전기),사업용,17,0,0,0,no
2024,안양시 만안구,휘발유,비사업용,12298,5,70,0,no
2024,안양시 만안구,휘발유,사업용,7,0,0,0,no
2024,안양시 만안구,휘발유(무연),비사업용,31005,12,14,0,no
2024,안양시 만안구,휘발유(무연),사업용,62,0,0,0,no
2024,안양시 만안구,휘발유(유연),비사업용,40,0,0,0,no
2023,안양시 만안구,CNG,비사업용,5,1,0,0,no
2023,안양시 만안구,CNG,사업용,0,341,0,0,no
2023,안양시 만안구,경유,비사업용,20048,1979,8380,151,no
2023,안양시 만안구,경유,사업용,32,417,1386,124,no
2023,안양시 만안구,기타연료,비사업용,1,43,136,24,no
2023,안양시 만안구,기타연료,사업용,0,0,26,8,no
2023,안양시 만안구,수소,비사업용,60,0,0,0,no
2023,안양시 만안구,수소,사업용,1,0,0,0,no
2023,안양시 만안구,엘피지,비사업용,4309,264,428,6,no
2023,안양시 만안구,엘피지,사업용,982,1,106,0,no
2023,안양시 만안구,전기,비사업용,772,1,197,1,yes
2023,안양시 만안구,전기,사업용,193,154,109,0,yes
2023,안양시 만안구,하이브리드(CNG+전기),사업용,0,2,0,0,no
2023,안양시 만안구,하이브리드(LPG+전기),비사업용,43,0,0,0,no
2023,안양시 만안구,하이브리드(경유+전기),비사업용,70,0,0,0,no
2023,안양시 만안구,하이브리드(휘발유+전기),비사업용,5488,0,0,0,no
2023,안양시 만안구,하이브리드(휘발유+전기),사업용,14,0,0,0,no
2023,안양시 만안구,휘발유,비사업용,12898,5,68,0,no
2023,안양시 만안구,휘발유,사업용,10,0,0,0,no
2023,안양시 만안구,휘발유(무연),비사업용,30168,11,10,0,no
2023,안양시 만안구,휘발유(무연),사업용,75,0,0,0,no
2023,안양시 만안구,휘발유(유연),비사업용,41,0,0,0,no
2022,안양시 만안구,CNG,비사업용,8,1,0,0,no
2022,안양시 만안구,CNG,사업용,0,365,0,0,no
2022,안양시 만안구,경유,비사업용,21021,2147,135,8619,no
2022,안양시 만안구,경유,사업용,35,444,127,1391,no
2022,안양시 만안구,기타연료,비사업용,1,46,23,133,no
2022,안양시 만안구,기타연료,사업용,0,0,8,26,no
2022,안양시 만안구,수소,비사업용,49,0,0,0,no
2022,안양시 만안구,수소,사업용,1,0,0,0,no
2022,안양시 만안구,엘피지,비사업용,4501,269,3,444,no
2022,안양시 만안구,엘피지,사업용,1048,1,0,114,no
2022,안양시 만안구,전기,비사업용,535,0,0,123,yes
2022,안양시 만안구,전기,사업용,122,92,0,100,yes
2022,안양시 만안구,하이브리드(CNG+전기),사업용,0,2,0,0,no
2022,안양시 만안구,하이브리드(LPG+전기),비사업용,48,0,0,0,no
2022,안양시 만안구,하이브리드(경유+전기),비사업용,40,0,0,0,no
2022,안양시 만안구,하이브리드(휘발유+전기),비사업용,4216,0,0,0,no
2022,안양시 만안구,하이브리드(휘발유+전기),사업용,13,0,0,0,no
2022,안양시 만안구,휘발유,비사업용,13480,6,0,61,no
2022,안양시 만안구,휘발유,사업용,11,0,0,0,no
2022,안양시 만안구,휘발유(무연),비사업용,29595,11,0,14,no
2022,안양시 만안구,휘발유(무연),사업용,88,0,0,0,no
2022,안양시 만안구,휘발유(유연),비사업용,45,0,0,0,no
2021,안양시 만안구,CNG,비사업용,10,1,0,0,no
2021,안양시 만안구,CNG,사업용,0,366,0,0,no
2021,안양시 만안구,경유,비사업용,21641,2288,99,8628,no
2021,안양시 만안구,경유,사업용,21,472,128,1400,no
2021,안양시 만안구,기타연료,비사업용,1,46,22,135,no
2021,안양시 만안구,기타연료,사업용,0,0,8,28,no
2021,안양시 만안구,수소,비사업용,18,0,0,0,no
2021,안양시 만안구,엘피지,비사업용,4642,306,2,487,no
2021,안양시 만안구,엘피지,사업용,1144,0,0,134,no
2021,안양시 만안구,전기,비사업용,268,0,0,69,yes
2021,안양시 만안구,전기,사업용,22,59,0,78,yes
2021,안양시 만안구,하이브리드(CNG+전기),사업용,0,2,0,0,no
2021,안양시 만안구,하이브리드(LPG+전기),비사업용,55,0,0,0,no
2021,안양시 만안구,하이브리드(경유+전기),비사업용,21,0,0,0,no
2021,안양시 만안구,하이브리드(휘발유+전기),비사업용,3324,0,0,0,no
2021,안양시 만안구,하이브리드(휘발유+전기),사업용,6,0,0,0,no
2021,안양시 만안구,휘발유,비사업용,13734,7,0,52,no
2021,안양시 만안구,휘발유,사업용,7,0,0,0,no
2021,안양시 만안구,휘발유(무연),비사업용,28689,9,0,15,no
2021,안양시 만안구,휘발유(무연),사업용,44,0,0,0,no
2021,안양시 만안구,휘발유(유연),비사업용,40,0,0,0,no
2020,안양시 만안구,CNG,비사업용,15,1,0,0,no
2020,안양시 만안구,CNG,사업용,0,368,0,0,no
2020,안양시 만안구,경유,비사업용,21886,2443,76,8808,no
2020,안양시 만안구,경유,사업용,28,510,121,1414,no
2020,안양시 만안구,기타연료,비사업용,1,49,6,121,no
2020,안양시 만안구,기타연료,사업용,0,0,8,39,no
2020,안양시 만안구,수소,비사업용,4,0,0,0,no
2020,안양시 만안구,엘피지,비사업용,4754,318,1,537,no
2020,안양시 만안구,엘피지,사업용,1193,0,0,135,no
2020,안양시 만안구,전기,비사업용,162,0,0,16,yes
2020,안양시 만안구,전기,사업용,1,19,0,15,yes
2020,안양시 만안구,하이브리드(CNG+전기),사업용,0,2,0,0,no
2020,안양시 만안구,하이브리드(LPG+전기),비사업용,60,0,0,0,no
2020,안양시 만안구,하이브리드(경유+전기),비사업용,13,0,0,0,no
2020,안양시 만안구,하이브리드(휘발유+전기),비사업용,2529,0,0,0,no
2020,안양시 만안구,하이브리드(휘발유+전기),사업용,1,0,0,0,no
2020,안양시 만안구,휘발유,비사업용,13983,6,0,36,no
2020,안양시 만안구,휘발유,사업용,4,0,0,0,no
2020,안양시 만안구,휘발유(무연),비사업용,27550,10,0,16,no
2020,안양시 만안구,휘발유(무연),사업용,35,0,0,0,no
2020,안양시 만안구,휘발유(유연),비사업용,33,0,0,0,no
2019,안양시 만안구,엘피지,사업용,1276,0,0,133,no
2019,안양시 만안구,전기,비사업용,105,0,0,0,yes
2019,안양시 만안구,전기,사업용,1,0,0,0,yes
2019,안양시 만안구,하이브리드(CNG+전기),사업용,0,2,0,0,no
2019,안양시 만안구,하이브리드(LPG+전기),비사업용,58,0,0,0,no
2019,안양시 만안구,하이브리드(경유+전기),비사업용,2,0,0,0,no
2019,안양시 만안구,하이브리드(휘발유+전기),비사업용,1895,0,0,0,no
2019,안양시 만안구,하이브리드(휘발유+전기),사업용,1,0,0,0,no
2019,안양시 만안구,휘발유,비사업용,14356,7,0,21,no
2019,안양시 만안구,휘발유,사업용,5,0,0,0,no
2019,안양시 만안구,휘발유(무연),비사업용,26478,12,0,19,no
2019,안양시 만안구,휘발유(무연),사업용,40,0,0,0,no
2019,안양시 만안구,휘발유(유연),비사업용,43,0,0,0,no
2019,안양시 만안구,CNG,비사업용,15,1,0,0,no
2019,안양시 만안구,CNG,사업용,0,355,0,0,no
2019,안양시 만안구,경유,비사업용,22394,2595,59,9052,no
2019,안양시 만안구,경유,사업용,36,516,120,1399,no
2019,안양시 만안구,기타연료,비사업용,1,47,2,114,no
2019,안양시 만안구,기타연료,사업용,0,0,8,42,no
2019,안양시 만안구,엘피지,비사업용,4938,344,1,557,no
2025,양주시,CNG,비사업용,9,4,5,0,no
2025,양주시,CNG,사업용,0,129,1,0,no
2025,양주시,경유,비사업용,29939,2972,16908,428,no
2025,양주시,경유,사업용,21,290,2226,262,no
2025,양주시,기타연료,비사업용,1,101,385,103,no
2025,양주시,기타연료,사업용,0,0,56,0,no
2025,양주시,수소,비사업용,102,0,0,0,no
2025,양주시,수소,사업용,2,5,0,0,no
2025,양주시,수소전기,비사업용,19,0,0,0,no
2025,양주시,수소전기,사업용,0,16,0,0,no
2025,양주시,엘피지,비사업용,6640,431,1728,12,no
2025,양주시,엘피지,사업용,365,0,442,1,no
2025,양주시,전기,비사업용,3572,8,903,1,yes
2025,양주시,전기,사업용,162,120,379,0,yes
2025,양주시,하이브리드(LPG+전기),비사업용,45,0,0,0,no
2025,양주시,하이브리드(LPG+전기),사업용,1,0,0,0,no
2025,양주시,하이브리드(경유+전기),비사업용,170,0,0,0,no
2025,양주시,하이브리드(휘발유+전기),비사업용,11672,17,41,2,no
2025,양주시,하이브리드(휘발유+전기),사업용,22,1,0,0,no
2025,양주시,휘발유,비사업용,18965,22,217,3,no
2025,양주시,휘발유,사업용,10,0,0,0,no
2025,양주시,휘발유(무연),비사업용,51431,27,95,0,no
2025,양주시,휘발유(무연),사업용,108,0,0,0,no
2025,양주시,휘발유(유연),비사업용,46,0,0,0,no
2024,양주시,CNG,비사업용,10,4,4,0,no
2024,양주시,CNG,사업용,0,122,1,1,no
2024,양주시,경유,비사업용,31144,3203,17610,425,no
2024,양주시,경유,사업용,26,273,2400,253,no
2024,양주시,기타연료,비사업용,1,98,363,89,no
2024,양주시,기타연료,사업용,0,0,55,0,no
2024,양주시,수소,비사업용,86,0,0,0,no
2024,양주시,수소,사업용,3,5,0,0,no
2024,양주시,수소전기,사업용,0,6,0,0,no
2024,양주시,엘피지,비사업용,6856,417,1285,9,no
2024,양주시,엘피지,사업용,385,0,275,0,no
2024,양주시,전기,비사업용,2332,5,698,0,yes
2024,양주시,전기,사업용,172,67,286,0,yes
2024,양주시,하이브리드(LPG+전기),비사업용,52,0,0,0,no
2024,양주시,하이브리드(LPG+전기),사업용,1,0,0,0,no
2024,양주시,하이브리드(경유+전기),비사업용,150,0,0,0,no
2024,양주시,하이브리드(휘발유+전기),비사업용,9139,6,24,1,no
2024,양주시,하이브리드(휘발유+전기),사업용,20,0,1,0,no
2024,양주시,휘발유,비사업용,19797,20,205,2,no
2024,양주시,휘발유,사업용,8,0,0,0,no
2024,양주시,휘발유(무연),비사업용,49058,24,30,0,no
2024,양주시,휘발유(무연),사업용,108,0,0,0,no
2024,양주시,휘발유(유연),비사업용,46,0,0,0,no
2023,양주시,CNG,비사업용,15,8,3,0,no
2023,양주시,CNG,사업용,0,118,0,0,no
2023,양주시,경유,비사업용,30329,3369,17865,400,no
2023,양주시,경유,사업용,33,285,2621,234,no
2023,양주시,기타연료,비사업용,1,104,354,78,no
2023,양주시,기타연료,사업용,0,0,41,0,no
2023,양주시,수소,비사업용,71,0,0,0,no
2023,양주시,수소,사업용,3,5,0,0,no
2023,양주시,엘피지,비사업용,6620,389,676,8,no
2023,양주시,엘피지,사업용,378,1,78,0,no
2023,양주시,전기,사업용,172,50,215,0,yes
2023,양주시,하이브리드(LPG+전기),비사업용,48,0,0,0,no
2022,의정부시,하이브리드(휘발유+전기),비사업용,7081,0,0,0,no
2022,의정부시,하이브리드(휘발유+전기),사업용,18,0,0,0,no
2022,의정부시,휘발유,비사업용,28192,16,0,165,no
2022,의정부시,휘발유,사업용,43,0,0,0,no
2022,의정부시,휘발유(무연),비사업용,58422,24,0,28,no
2022,의정부시,휘발유(무연),사업용,226,0,0,0,no
2022,의정부시,휘발유(유연),비사업용,74,0,0,0,no
2021,의정부시,CNG,비사업용,18,0,0,6,no
2021,의정부시,CNG,사업용,0,141,0,0,no
2021,의정부시,경유,비사업용,42962,4677,309,16538,no
2021,의정부시,경유,사업용,138,273,255,2357,no
2021,의정부시,기타연료,비사업용,2,114,56,324,no
2021,의정부시,기타연료,사업용,0,0,0,9,no
2021,의정부시,수소,비사업용,21,0,0,0,no
2021,의정부시,엘피지,비사업용,9964,573,4,931,no
2021,의정부시,엘피지,사업용,1519,0,0,146,no
2021,의정부시,전기,비사업용,593,0,3,101,yes
2021,의정부시,전기,사업용,174,2,0,82,yes
2021,의정부시,하이브리드(LPG+전기),비사업용,91,0,0,0,no
2021,의정부시,하이브리드(경유+전기),비사업용,56,0,0,0,no
2021,의정부시,하이브리드(경유+전기),사업용,3,0,0,0,no
2021,의정부시,하이브리드(휘발유+전기),비사업용,5598,0,0,0,no
2021,의정부시,하이브리드(휘발유+전기),사업용,3,0,0,0,no
2021,의정부시,휘발유,비사업용,28311,15,0,141,no
2021,의정부시,휘발유,사업용,32,0,0,0,no
2021,의정부시,휘발유(무연),비사업용,55651,22,0,27,no
2021,의정부시,휘발유(무연),사업용,220,0,0,0,no
2021,의정부시,휘발유(유연),비사업용,80,0,0,0,no
2020,의정부시,CNG,비사업용,22,2,0,6,no
2020,의정부시,CNG,사업용,1,165,0,0,no
2020,의정부시,경유,비사업용,42981,4971,257,16525,no
2020,의정부시,경유,사업용,124,279,252,2276,no
2020,의정부시,기타연료,비사업용,2,115,35,259,no
2020,의정부시,기타연료,사업용,0,0,0,10,no
2020,의정부시,수소,비사업용,5,0,0,0,no
2020,의정부시,엘피지,비사업용,10015,603,2,950,no
2020,의정부시,엘피지,사업용,1575,0,0,153,no
2020,의정부시,전기,비사업용,344,0,3,43,yes
2020,의정부시,전기,사업용,5,0,0,28,yes
2020,의정부시,하이브리드(LPG+전기),비사업용,107,0,0,0,no
2020,의정부시,하이브리드(경유+전기),비사업용,24,0,0,0,no
2020,의정부시,하이브리드(휘발유+전기),비사업용,4257,0,0,0,no
2020,의정부시,하이브리드(휘발유+전기),사업용,7,0,0,0,no
2020,의정부시,휘발유,비사업용,28068,16,0,96,no
2020,의정부시,휘발유,사업용,22,0,0,0,no
2020,의정부시,휘발유(무연),비사업용,52552,20,0,26,no
2020,의정부시,휘발유(무연),사업용,190,0,0,0,no
2020,의정부시,휘발유(유연),비사업용,68,0,0,0,no
2019,의정부시,CNG,비사업용,29,0,0,7,no
2019,의정부시,CNG,사업용,1,169,0,0,no
2019,의정부시,경유,비사업용,41505,5093,184,16407,no
2019,의정부시,경유,사업용,121,281,229,2194,no
2019,의정부시,기타연료,비사업용,2,123,10,213,no
2019,의정부시,기타연료,사업용,0,0,0,11,no
2019,의정부시,엘피지,비사업용,9887,636,0,970,no
2019,의정부시,엘피지,사업용,1652,0,0,153,no
2019,의정부시,전기,비사업용,204,0,0,0,yes
2019,의정부시,하이브리드(LPG+전기),비사업용,117,0,0,0,no
2019,의정부시,하이브리드(경유+전기),비사업용,4,0,0,0,no
2019,의정부시,하이브리드(휘발유+전기),비사업용,3130,0,0,0,no
2019,의정부시,하이브리드(휘발유+전기),사업용,4,0,0,0,no
2019,의정부시,휘발유,비사업용,26906,13,0,59,no
2019,의정부시,휘발유,사업용,14,0,0,0,no
2019,의정부시,휘발유(무연),비사업용,48442,16,0,24,no
2019,의정부시,휘발유(무연),사업용,198,0,0,0,no
2019,의정부시,휘발유(유연),비사업용,62,0,0,0,no
2025,이천시,CNG,비사업용,4,1,2,0,no
2025,이천시,CNG,사업용,0,60,0,0,no
2025,이천시,LNG,사업용,0,0,0,2,no
2025,이천시,경유,비사업용,25607,2587,16199,387,no
2025,이천시,경유,사업용,40,678,3378,551,no
2025,이천시,기타연료,비사업용,1,153,495,112,no
2025,이천시,기타연료,사업용,0,1,446,0,no
2025,이천시,수소,비사업용,90,0,0,0,no
2025,이천시,수소,사업용,0,46,0,0,no
2025,이천시,수소전기,비사업용,38,0,0,0,no
2025,이천시,수소전기,사업용,0,68,0,0,no
2025,이천시,엘피지,비사업용,5217,314,1302,16,no
2025,이천시,엘피지,사업용,604,0,256,0,no
2025,이천시,전기,비사업용,2644,4,754,4,yes
2025,이천시,전기,사업용,42,35,162,0,yes
2025,이천시,하이브리드(LPG+전기),비사업용,39,0,0,0,no
2025,이천시,하이브리드(LPG+전기),사업용,2,0,0,0,no
2025,이천시,하이브리드(경유+전기),비사업용,167,0,0,0,no
2025,이천시,하이브리드(경유+전기),사업용,1,0,0,0,no
2024,파주시,하이브리드(휘발유+전기),비사업용,16978,14,36,1,no
2024,파주시,하이브리드(휘발유+전기),사업용,100,0,0,0,no
2024,파주시,휘발유,비사업용,38483,42,315,1,no
2024,파주시,휘발유,사업용,34,0,0,0,no
2024,파주시,휘발유(무연),비사업용,88142,43,51,0,no
2024,파주시,휘발유(무연),사업용,427,0,0,0,no
2024,파주시,휘발유(유연),비사업용,109,0,0,0,no
2023,파주시,CNG,비사업용,22,5,5,0,no
2023,파주시,CNG,사업용,0,251,0,0,no
2023,파주시,경유,비사업용,53710,4765,27617,471,no
2023,파주시,경유,사업용,1122,2276,5891,312,no
2023,파주시,기타연료,비사업용,1,191,780,166,no
2023,파주시,기타연료,사업용,0,0,47,0,no
2023,파주시,수소,비사업용,191,0,0,0,no
2023,파주시,수소,사업용,1,0,0,0,no
2023,파주시,엘피지,비사업용,13824,698,1132,13,no
2023,파주시,엘피지,사업용,1090,0,115,0,no
2023,파주시,전기,비사업용,2475,4,1099,5,yes
2023,파주시,전기,사업용,60,161,315,0,yes
2023,파주시,하이브리드(LPG+전기),비사업용,109,0,0,0,no
2023,파주시,하이브리드(경유+전기),비사업용,214,0,0,0,no
2023,파주시,하이브리드(경유+전기),사업용,3,0,0,0,no
2023,파주시,하이브리드(휘발유+전기),비사업용,12808,0,2,0,no
2023,파주시,하이브리드(휘발유+전기),사업용,76,0,0,0,no
2023,파주시,휘발유,비사업용,39196,44,290,1,no
2023,파주시,휘발유,사업용,41,1,0,0,no
2023,파주시,휘발유(무연),비사업용,82845,42,47,0,no
2023,파주시,휘발유(무연),사업용,471,0,0,0,no
2023,파주시,휘발유(유연),비사업용,95,0,0,0,no
2022,파주시,CNG,비사업용,37,3,0,6,no
2022,파주시,CNG,사업용,0,283,0,0,no
2022,파주시,경유,비사업용,55015,5102,426,27416,no
2022,파주시,경유,사업용,788,2205,300,5256,no
2022,파주시,기타연료,비사업용,1,186,147,771,no
2022,파주시,기타연료,사업용,0,0,0,50,no
2022,파주시,수소,비사업용,145,0,0,0,no
2022,파주시,수소,사업용,1,0,0,0,no
2022,파주시,엘피지,비사업용,14018,659,8,1121,no
2022,파주시,엘피지,사업용,1189,0,0,132,no
2022,파주시,전기,비사업용,1771,2,3,667,yes
2022,파주시,전기,사업용,36,121,0,250,yes
2022,파주시,하이브리드(LPG+전기),비사업용,132,0,0,0,no
2022,파주시,하이브리드(경유+전기),비사업용,164,0,0,0,no
2022,파주시,하이브리드(경유+전기),사업용,2,0,0,0,no
2022,파주시,하이브리드(휘발유+전기),비사업용,10042,0,0,2,no
2022,파주시,하이브리드(휘발유+전기),사업용,116,0,0,0,no
2022,파주시,휘발유,비사업용,39804,41,1,261,no
2022,파주시,휘발유,사업용,45,1,0,0,no
2022,파주시,휘발유(무연),비사업용,78573,40,0,42,no
2022,파주시,휘발유(무연),사업용,497,0,0,0,no
2022,파주시,휘발유(유연),비사업용,96,0,0,0,no
2021,파주시,CNG,비사업용,45,1,0,6,no
2021,파주시,CNG,사업용,0,323,0,0,no
2021,파주시,경유,비사업용,54361,5214,342,26788,no
2021,파주시,경유,사업용,588,2128,269,5013,no
2021,파주시,기타연료,비사업용,1,170,109,705,no
2021,파주시,기타연료,사업용,0,0,0,48,no
2021,파주시,수소,비사업용,46,0,0,0,no
2021,파주시,수소,사업용,1,0,0,0,no
2021,파주시,엘피지,비사업용,13774,662,5,1148,no
2021,파주시,엘피지,사업용,1254,0,0,117,no
2021,파주시,전기,비사업용,1034,1,2,260,yes
2021,파주시,전기,사업용,19,53,0,165,yes
2021,파주시,하이브리드(LPG+전기),비사업용,140,0,0,0,no
2021,파주시,하이브리드(경유+전기),비사업용,82,0,0,0,no
2021,파주시,하이브리드(경유+전기),사업용,1,0,0,0,no
2021,파주시,하이브리드(휘발유+전기),비사업용,7852,0,0,2,no
2021,파주시,하이브리드(휘발유+전기),사업용,166,0,0,0,no
2021,파주시,휘발유,비사업용,39085,34,1,208,no
2021,파주시,휘발유,사업용,64,1,0,0,no
2021,파주시,휘발유(무연),비사업용,73035,34,0,46,no
2021,파주시,휘발유(무연),사업용,484,0,0,0,no
2021,파주시,휘발유(유연),비사업용,85,0,0,0,no
2020,파주시,CNG,비사업용,41,1,0,8,no
2020,용인시 처인구,기타연료,사업용,0,1,0,290,no
2020,용인시 처인구,수소,비사업용,35,0,0,0,no
2020,용인시 처인구,엘피지,비사업용,7591,336,1,703,no
2020,용인시 처인구,엘피지,사업용,1121,2,0,67,no
2020,용인시 처인구,전기,비사업용,498,0,0,32,yes
2020,용인시 처인구,전기,사업용,1,0,0,8,yes
2020,용인시 처인구,하이브리드(LPG+전기),비사업용,84,0,0,0,no
2020,용인시 처인구,하이브리드(경유+전기),비사업용,32,0,0,0,no
2020,용인시 처인구,하이브리드(휘발유+전기),비사업용,3358,0,0,0,no
2020,용인시 처인구,하이브리드(휘발유+전기),사업용,1,0,0,0,no
2020,용인시 처인구,휘발유,비사업용,21042,13,0,110,no
2020,용인시 처인구,휘발유,사업용,32,0,1,0,no
2020,용인시 처인구,휘발유(무연),비사업용,39239,22,0,33,no
2020,용인시 처인구,휘발유(무연),사업용,123,0,0,0,no
2020,용인시 처인구,휘발유(유연),비사업용,56,0,0,0,no
2019,용인시 처인구,CNG,사업용,0,212,0,0,no
2019,용인시 처인구,경유,비사업용,32451,4251,318,18699,no
2019,용인시 처인구,경유,사업용,130,933,423,3839,no
2019,용인시 처인구,기타연료,비사업용,1,128,29,329,no
2019,용인시 처인구,기타연료,사업용,0,1,0,292,no
2019,용인시 처인구,수소,비사업용,12,0,0,0,no
2019,용인시 처인구,엘피지,비사업용,7561,361,3,704,no
2019,용인시 처인구,엘피지,사업용,1129,2,0,62,no
2019,용인시 처인구,전기,비사업용,346,0,0,0,yes
2019,용인시 처인구,전기,사업용,1,0,0,0,yes
2019,용인시 처인구,하이브리드(LPG+전기),비사업용,83,0,0,0,no
2019,용인시 처인구,하이브리드(경유+전기),비사업용,5,0,0,0,no
2019,용인시 처인구,하이브리드(휘발유+전기),비사업용,2660,0,0,0,no
2019,용인시 처인구,하이브리드(휘발유+전기),사업용,1,0,0,0,no
2019,용인시 처인구,휘발유,비사업용,20756,12,0,63,no
2019,용인시 처인구,휘발유,사업용,27,0,0,0,no
2019,용인시 처인구,휘발유(무연),비사업용,36472,20,0,33,no
2019,용인시 처인구,휘발유(무연),사업용,108,0,0,0,no
2019,용인시 처인구,휘발유(유연),비사업용,45,0,0,0,no
2019,용인시 처인구,CNG,비사업용,20,1,0,3,no
2025,의왕시,CNG,비사업용,2,0,2,0,no
2025,의왕시,CNG,사업용,0,16,0,0,no
2025,의왕시,경유,비사업용,13673,1039,4762,126,no
2025,의왕시,경유,사업용,7,129,938,300,no
2025,의왕시,기타연료,비사업용,0,37,132,33,no
2025,의왕시,기타연료,사업용,0,0,852,0,no
2025,의왕시,수소,비사업용,58,0,0,0,no
2025,의왕시,수소전기,비사업용,9,0,0,0,no
2025,의왕시,엘피지,비사업용,2745,122,526,4,no
2025,의왕시,엘피지,사업용,226,0,154,0,no
2025,의왕시,전기,비사업용,1933,4,199,2,yes
2025,의왕시,전기,사업용,107,49,97,0,yes
2025,의왕시,하이브리드(LPG+전기),비사업용,9,0,0,0,no
2025,의왕시,하이브리드(LPG+전기),사업용,1,0,0,0,no
2025,의왕시,하이브리드(경유+전기),비사업용,124,0,0,0,no
2025,의왕시,하이브리드(경유+전기),사업용,1,0,0,0,no
2025,의왕시,하이브리드(휘발유+전기),비사업용,8293,12,20,0,no
2025,의왕시,하이브리드(휘발유+전기),사업용,13,0,0,0,no
2025,의왕시,휘발유,비사업용,10038,0,55,1,no
2025,의왕시,휘발유,사업용,3,0,0,0,no
2025,의왕시,휘발유(무연),비사업용,25247,18,22,1,no
2025,의왕시,휘발유(무연),사업용,58,0,0,0,no
2025,의왕시,휘발유(유연),비사업용,22,0,0,0,no
2024,의왕시,CNG,비사업용,3,0,3,0,no
2024,의왕시,CNG,사업용,0,16,0,0,no
2024,의왕시,경유,비사업용,14046,1143,5025,118,no
2024,의왕시,경유,사업용,11,129,974,316,no
2024,의왕시,기타연료,비사업용,0,39,129,35,no
2024,의왕시,기타연료,사업용,0,0,865,0,no
2024,의왕시,수소,비사업용,49,0,0,0,no
2024,의왕시,엘피지,비사업용,2883,125,407,2,no
2024,의왕시,엘피지,사업용,230,0,106,0,no
2024,의왕시,전기,비사업용,1282,0,160,1,yes
2024,의왕시,전기,사업용,105,46,87,0,yes
2024,의왕시,하이브리드(LPG+전기),비사업용,16,0,0,0,no
2024,의왕시,하이브리드(경유+전기),비사업용,111,0,0,0,no
2024,의왕시,하이브리드(경유+전기),사업용,1,0,0,0,no
2024,의왕시,하이브리드(휘발유+전기),비사업용,6470,5,10,0,no
2024,의왕시,하이브리드(휘발유+전기),사업용,6,0,0,0,no
2024,의왕시,휘발유,비사업용,10304,1,58,1,no
2024,의왕시,휘발유,사업용,3,0,0,0,no
2024,의왕시,휘발유(무연),비사업용,23876,16,10,0,no
2024,의왕시,휘발유(무연),사업용,53,0,0,0,no
2024,의왕시,휘발유(유연),비사업용,26,0,0,0,no
2023,의왕시,CNG,비사업용,6,0,4,0,no
2023,의왕시,CNG,사업용,0,16,0,0,no
2023,의왕시,경유,비사업용,15232,1263,5381,115,no
2023,의왕시,경유,사업용,1,125,1070,308,no
2023,의왕시,기타연료,비사업용,0,40,139,36,no
2023,의왕시,기타연료,사업용,0,0,896,0,no
2023,의왕시,수소,비사업용,44,0,0,0,no
2023,의왕시,엘피지,비사업용,3130,129,259,2,no
2023,의왕시,엘피지,사업용,219,0,66,0,no
2023,의왕시,전기,비사업용,958,0,152,0,yes
2023,의왕시,전기,사업용,90,33,90,0,yes
2023,의왕시,하이브리드(LPG+전기),비사업용,22,0,0,0,no
2023,의왕시,하이브리드(경유+전기),비사업용,91,0,0,0,no
2023,의왕시,하이브리드(휘발유+전기),비사업용,5134,0,1,0,no
2023,의왕시,하이브리드(휘발유+전기),사업용,3,0,0,0,no
2023,의왕시,휘발유,비사업용,11083,1,55,1,no
2023,의왕시,휘발유,사업용,1,0,0,0,no
2023,의왕시,휘발유(무연),비사업용,23807,12,13,0,no
2023,평택시,기타연료,비사업용,75,265,1279,250,no
2023,평택시,기타연료,사업용,0,0,1866,2,no
2023,평택시,등유,비사업용,1,0,0,0,no
2023,평택시,수소,비사업용,975,0,0,0,no
2023,평택시,수소,사업용,6,20,1,0,no
2023,평택시,엘피지,비사업용,17006,726,1160,20,no
2023,평택시,엘피지,사업용,2244,5,88,0,no
2023,평택시,전기,비사업용,3160,1,1053,1,yes
2023,평택시,전기,사업용,183,115,252,0,yes
2023,평택시,태양열,비사업용,1,0,0,0,no
2023,평택시,하이브리드(LPG+전기),비사업용,156,0,0,0,no
2023,평택시,하이브리드(경유+전기),비사업용,306,0,0,0,no
2023,평택시,하이브리드(경유+전기),사업용,18,0,0,0,no
2023,평택시,하이브리드(휘발유+전기),비사업용,18215,0,3,0,no
2023,평택시,하이브리드(휘발유+전기),사업용,39,0,0,0,no
2023,평택시,휘발유,비사업용,53973,32,544,3,no
2023,평택시,휘발유,사업용,77,1,0,1,no
2023,평택시,휘발유(무연),비사업용,114329,64,85,0,no
2023,평택시,휘발유(무연),사업용,817,0,0,0,no
2023,평택시,휘발유(유연),비사업용,133,0,0,0,no
2022,평택시,CNG,비사업용,37,5,0,10,no
2022,평택시,CNG,사업용,0,178,0,0,no
2022,평택시,LNG,사업용,0,0,2,0,no
2022,평택시,경유,비사업용,76066,7440,606,32130,no
2022,평택시,경유,사업용,362,1786,968,4904,no
2022,평택시,기타연료,비사업용,86,269,205,1246,no
2022,평택시,기타연료,사업용,0,0,4,1794,no
2022,평택시,수소,비사업용,855,0,0,0,no
2022,평택시,수소,사업용,5,10,0,0,no
2022,평택시,알코올,비사업용,1,0,0,0,no
2022,평택시,엘피지,비사업용,17233,689,10,1181,no
2022,평택시,엘피지,사업용,2387,4,0,92,no
2022,평택시,전기,비사업용,1751,0,0,473,yes
2022,평택시,전기,사업용,81,44,0,189,yes
2022,평택시,태양열,비사업용,2,0,0,0,no
2022,평택시,하이브리드(LPG+전기),비사업용,188,0,0,0,no
2022,평택시,하이브리드(경유+전기),비사업용,201,0,0,0,no
2022,평택시,하이브리드(경유+전기),사업용,19,0,0,0,no
2022,평택시,하이브리드(휘발유+전기),비사업용,13288,0,0,2,no
2022,평택시,하이브리드(휘발유+전기),사업용,30,0,0,0,no
2022,평택시,휘발유,비사업용,54300,33,4,459,no
2022,평택시,휘발유,사업용,56,1,1,0,no
2022,평택시,휘발유(무연),비사업용,106730,51,0,81,no
2022,평택시,휘발유(무연),사업용,631,0,0,0,no
2022,평택시,휘발유(유연),비사업용,125,0,0,0,no
2021,평택시,휘발유(무연),비사업용,99263,47,0,82,no
2021,평택시,휘발유(무연),사업용,623,0,0,0,no
2021,평택시,휘발유(유연),비사업용,125,0,0,0,no
2021,평택시,CNG,비사업용,40,5,0,4,no
2021,평택시,CNG,사업용,0,186,0,0,no
2021,평택시,LNG,비사업용,1,0,0,0,no
2021,평택시,경유,비사업용,75231,7629,493,31289,no
2021,평택시,경유,사업용,303,1616,921,4730,no
2021,평택시,기타연료,비사업용,111,273,134,1140,no
2021,평택시,기타연료,사업용,0,0,4,1701,no
2021,평택시,수소,비사업용,480,0,0,0,no
2021,평택시,수소,사업용,4,0,0,0,no
2021,평택시,엘피지,비사업용,16712,664,5,1151,no
2021,평택시,엘피지,사업용,2377,6,0,82,no
2021,평택시,전기,비사업용,1024,0,0,330,yes
2021,평택시,전기,사업용,30,4,0,131,yes
2021,평택시,태양열,비사업용,1,0,0,0,no
2021,평택시,하이브리드(LPG+전기),비사업용,198,0,0,0,no
2021,평택시,하이브리드(경유+전기),비사업용,112,0,0,0,no
2021,평택시,하이브리드(경유+전기),사업용,12,0,0,0,no
2021,평택시,하이브리드(휘발유+전기),비사업용,9965,0,0,1,no
2021,평택시,하이브리드(휘발유+전기),사업용,21,0,0,0,no
2021,평택시,휘발유,비사업용,53294,35,1,361,no
2021,평택시,휘발유,사업용,41,1,1,0,no
2020,평택시,CNG,비사업용,47,5,0,3,no
2020,평택시,CNG,사업용,0,171,0,0,no
2020,평택시,LNG,비사업용,1,0,0,0,no
2020,평택시,경유,비사업용,72124,7623,404,30727,no
2020,평택시,경유,사업용,303,1490,857,4585,no
2020,평택시,기타연료,비사업용,140,276,56,993,no
2020,평택시,기타연료,사업용,0,0,5,1671,no
2020,평택시,수소,비사업용,227,0,0,0,no
2020,평택시,수소,사업용,2,0,0,0,no
2020,평택시,엘피지,비사업용,15977,621,3,1119,no
2020,평택시,엘피지,사업용,2442,8,0,84,no
2020,평택시,전기,비사업용,599,0,0,114,yes
2020,평택시,전기,사업용,1,0,0,35,yes
2020,평택시,하이브리드(LPG+전기),비사업용,187,0,0,0,no
2020,평택시,하이브리드(경유+전기),비사업용,24,0,0,0,no
2020,평택시,하이브리드(경유+전기),사업용,1,0,0,0,no
2020,평택시,하이브리드(휘발유+전기),비사업용,7123,0,0,0,no
2020,평택시,하이브리드(휘발유+전기),사업용,14,0,0,0,no
2020,평택시,휘발유,비사업용,50613,37,0,280,no
2020,평택시,휘발유,사업용,30,1,0,0,no
2020,평택시,휘발유(무연),비사업용,89981,34,0,71,no
2020,평택시,휘발유(무연),사업용,500,0,0,0,no
2020,평택시,휘발유(유연),비사업용,126,0,0,0,no
2019,평택시,CNG,비사업용,51,3,0,0,no
2019,평택시,CNG,사업용,0,153,0,0,no
2019,평택시,경유,비사업용,69220,7790,333,30584,no
2019,평택시,경유,사업용,296,1411,834,4398,no
2019,평택시,기타연료,비사업용,132,266,14,929,no
2019,평택시,기타연료,사업용,0,0,4,1417,no
2019,평택시,수소,비사업용,97,0,0,0,no
2019,평택시,수소,사업용,1,0,0,0,no
2019,평택시,엘피지,비사업용,15311,660,3,1140,no
2019,평택시,엘피지,사업용,2608,3,0,81,no
2019,평택시,전기,비사업용,383,0,0,0,yes
2019,평택시,전기,사업용,1,0,0,0,yes
2019,평택시,하이브리드(LPG+전기),비사업용,185,0,0,0,no
2019,평택시,하이브리드(휘발유+전기),비사업용,5118,0,0,0,no
2019,평택시,하이브리드(휘발유+전기),사업용,12,0,0,0,no
2019,평택시,휘발유,비사업용,48100,37,0,151,no
2019,평택시,휘발유,사업용,20,1,0,0,no
2019,평택시,휘발유(무연),비사업용,80670,33,0,60,no
2019,평택시,휘발유(무연),사업용,486,0,0,0,no
2019,평택시,휘발유(유연),비사업용,128,0,0,0,no
2025,포천시,CNG,비사업용,0,2,1,0,no
2025,포천시,CNG,사업용,0,122,1,0,no
2025,포천시,경유,비사업용,17750,2197,18005,323,no
2025,포천시,경유,사업용,93,589,1947,353,no
2025,포천시,기타연료,비사업용,0,66,281,69,no
2025,포천시,기타연료,사업용,0,0,190,0,no
2025,포천시,수소,비사업용,14,0,0,0,no
2025,포천시,수소,사업용,9,0,0,0,no
2025,포천시,수소전기,비사업용,3,0,0,0,no
2025,포천시,엘피지,비사업용,4109,275,1607,12,no
2025,포천시,엘피지,사업용,1486,19,159,1,no
2025,포천시,전기,비사업용,1295,0,791,1,yes
2025,포천시,전기,사업용,229,54,116,0,yes
2025,포천시,하이브리드(LPG+전기),비사업용,33,0,0,0,no
2025,포천시,하이브리드(경유+전기),비사업용,92,0,0,0,no
2025,포천시,하이브리드(경유+전기),사업용,1,0,0,0,no
2025,포천시,하이브리드(휘발유+전기),비사업용,5558,21,27,0,no
2025,포천시,하이브리드(휘발유+전기),사업용,1100,0,1,0,no
2025,포천시,휘발유,비사업용,9999,18,160,2,no
2025,포천시,휘발유,사업용,141,0,0,0,no
2025,포천시,휘발유(무연),비사업용,28493,25,105,0,no
2025,포천시,휘발유(무연),사업용,2659,0,0,0,no
2025,포천시,휘발유(유연),비사업용,16,0,0,0,no
2024,포천시,CNG,비사업용,2,2,1,0,no
2024,포천시,CNG,사업용,0,125,0,0,no
2024,포천시,경유,비사업용,18574,2382,18675,314,no
2024,포천시,경유,사업용,98,585,2035,375,no
2024,포천시,기타연료,비사업용,0,58,270,59,no
2024,포천시,기타연료,사업용,0,0,197,0,no
2024,포천시,수소,비사업용,13,0,0,0,no
2024,포천시,수소,사업용,15,0,0,0,no
2024,포천시,엘피지,비사업용,4313,277,1140,8,no
2024,포천시,엘피지,사업용,1843,13,104,0,no
2024,포천시,전기,비사업용,945,0,688,0,yes
2024,포천시,전기,사업용,94,38,91,0,yes
2024,포천시,하이브리드(CNG+전기),사업용,0,1,0,0,no
2024,포천시,하이브리드(LPG+전기),비사업용,33,0,0,0,no
2024,포천시,하이브리드(경유+전기),비사업용,74,0,0,0,no
2024,포천시,하이브리드(휘발유+전기),비사업용,4390,9,15,0,no
2024,포천시,하이브리드(휘발유+전기),사업용,911,0,0,0,no
2024,포천시,휘발유,비사업용,10737,17,156,1,no
2024,포천시,휘발유,사업용,181,0,0,0,no
2024,포천시,휘발유(무연),비사업용,27638,23,27,0,no
2024,포천시,휘발유(무연),사업용,2735,0,0,0,no
2024,포천시,휘발유(유연),비사업용,24,0,0,0,no
2023,포천시,CNG,비사업용,2,2,2,0,no
2023,포천시,CNG,사업용,0,151,0,0,no
2023,포천시,경유,비사업용,19303,2521,19402,291,no
2023,포천시,경유,사업용,95,598,2453,381,no
2023,포천시,기타연료,비사업용,0,60,273,55,no
2023,포천시,기타연료,사업용,0,0,199,0,no
2023,포천시,수소,비사업용,11,0,0,0,no
2023,포천시,수소,사업용,7,0,0,0,no
2023,포천시,엘피지,비사업용,4441,287,548,1,no
2023,포천시,엘피지,사업용,2171,4,38,0,no
2023,포천시,전기,비사업용,663,0,580,0,yes
2023,포천시,전기,사업용,95,6,71,0,yes
2023,포천시,하이브리드(CNG+전기),사업용,0,1,0,0,no
2023,포천시,하이브리드(LPG+전기),비사업용,39,0,0,0,no
2023,포천시,하이브리드(경유+전기),비사업용,63,0,0,0,no
2023,포천시,하이브리드(휘발유+전기),비사업용,3322,0,2,0,no
2023,포천시,하이브리드(휘발유+전기),사업용,833,0,0,0,no
2023,포천시,휘발유,비사업용,11363,21,142,1,no
2023,포천시,휘발유,사업용,183,0,0,0,no
2023,포천시,휘발유(무연),비사업용,26635,25,24,0,no
2025,이천시,하이브리드(휘발유+전기),비사업용,9971,19,31,2,no
2025,이천시,하이브리드(휘발유+전기),사업용,19,0,1,0,no
2025,이천시,휘발유,비사업용,14927,15,218,0,no
2025,이천시,휘발유,사업용,5,0,0,1,no
2025,이천시,휘발유(무연),비사업용,46322,27,95,1,no
2025,이천시,휘발유(무연),사업용,197,0,1,0,no
2025,이천시,휘발유(유연),비사업용,37,0,0,0,no
2024,이천시,CNG,비사업용,5,2,1,0,no
2024,이천시,CNG,사업용,0,61,0,0,no
2024,이천시,LNG,사업용,0,0,0,2,no
2024,이천시,경유,비사업용,27095,2867,16839,365,no
2024,이천시,경유,사업용,44,672,3542,554,no
2024,이천시,기타연료,비사업용,1,155,464,116,no
2024,이천시,기타연료,사업용,0,1,516,1,no
2024,이천시,수소,비사업용,81,0,0,0,no
2024,이천시,수소,사업용,0,41,0,0,no
2024,이천시,수소전기,비사업용,2,1,0,0,no
2024,이천시,수소전기,사업용,0,24,0,0,no
2024,이천시,엘피지,비사업용,5391,295,944,8,no
2024,이천시,엘피지,사업용,648,0,148,0,no
2024,이천시,전기,비사업용,1785,2,627,1,yes
2024,이천시,전기,사업용,21,16,151,0,yes
2024,이천시,하이브리드(LPG+전기),비사업용,48,0,0,0,no
2024,이천시,하이브리드(LPG+전기),사업용,1,0,0,0,no
2024,이천시,하이브리드(경유+전기),비사업용,148,0,0,0,no
2024,이천시,하이브리드(경유+전기),사업용,1,0,0,0,no
2024,이천시,하이브리드(휘발유+전기),비사업용,7831,15,18,0,no
2024,이천시,하이브리드(휘발유+전기),사업용,14,0,0,0,no
2024,이천시,휘발유,비사업용,15943,14,216,0,no
2024,이천시,휘발유,사업용,14,0,0,1,no
2024,이천시,휘발유(무연),비사업용,44850,28,33,1,no
2024,이천시,휘발유(무연),사업용,203,0,0,0,no
2024,이천시,휘발유(유연),비사업용,37,0,0,0,no
2023,이천시,CNG,비사업용,8,30,1,0,no
2023,이천시,CNG,사업용,0,50,0,0,no
2023,이천시,LNG,사업용,0,0,0,2,no
2023,이천시,경유,비사업용,28111,3093,17296,354,no
2023,이천시,경유,사업용,61,652,3577,537,no
2023,이천시,기타연료,비사업용,1,147,453,100,no
2023,이천시,기타연료,사업용,0,0,515,1,no
2023,이천시,수소,비사업용,76,0,0,0,no
2023,이천시,수소,사업용,0,4,0,0,no
2023,이천시,엘피지,비사업용,5621,279,525,2,no
2023,이천시,엘피지,사업용,671,0,34,0,no
2023,이천시,전기,비사업용,1219,1,558,1,yes
2023,이천시,전기,사업용,37,8,130,0,yes
2023,이천시,하이브리드(LPG+전기),비사업용,44,0,0,0,no
2023,이천시,하이브리드(경유+전기),비사업용,125,0,0,0,no
2023,이천시,하이브리드(경유+전기),사업용,1,0,0,0,no
2023,이천시,하이브리드(휘발유+전기),비사업용,5902,0,2,0,no
2023,이천시,하이브리드(휘발유+전기),사업용,11,0,0,0,no
2023,이천시,휘발유,비사업용,16890,19,208,0,no
2023,이천시,휘발유,사업용,19,0,0,2,no
2023,이천시,휘발유(무연),비사업용,42856,29,28,0,no
2023,이천시,휘발유(무연),사업용,206,0,0,0,no
2023,이천시,휘발유(유연),비사업용,40,0,0,0,no
2022,이천시,전기,사업용,30,3,0,109,yes
2022,이천시,하이브리드(LPG+전기),비사업용,50,0,0,0,no
2022,이천시,하이브리드(경유+전기),비사업용,81,0,0,0,no
2022,이천시,하이브리드(경유+전기),사업용,1,0,0,0,no
2022,이천시,하이브리드(휘발유+전기),비사업용,4391,0,0,2,no
2022,이천시,하이브리드(휘발유+전기),사업용,3,0,0,0,no
2022,이천시,휘발유,비사업용,17388,15,1,183,no
2022,이천시,휘발유,사업용,9,0,3,0,no
2022,이천시,휘발유(무연),비사업용,40539,23,0,31,no
2022,이천시,휘발유(무연),사업용,171,0,0,0,no
2022,이천시,휘발유(유연),비사업용,49,0,0,0,no
2022,이천시,CNG,비사업용,8,0,0,3,no
2022,이천시,CNG,사업용,0,47,0,0,no
2022,이천시,LNG,사업용,0,0,2,0,no
2022,이천시,경유,비사업용,29115,3232,314,17068,no
2022,이천시,경유,사업용,57,612,535,3536,no
2022,이천시,기타연료,비사업용,1,149,98,407,no
2022,이천시,기타연료,사업용,0,0,1,492,no
2022,이천시,수소,비사업용,61,0,0,0,no
2022,이천시,엘피지,비사업용,5717,283,1,570,no
2022,이천시,엘피지,사업용,680,0,0,26,no
2022,이천시,전기,비사업용,847,0,1,302,yes
2021,이천시,CNG,비사업용,12,0,0,3,no
2021,이천시,CNG,사업용,0,30,0,0,no
2021,이천시,경유,비사업용,29353,3276,268,16719,no
2021,이천시,경유,사업용,42,566,497,3764,no
2021,이천시,기타연료,비사업용,1,154,65,363,no
2021,이천시,기타연료,사업용,0,0,1,417,no
2021,이천시,수소,비사업용,37,0,0,0,no
2021,이천시,엘피지,비사업용,5724,263,0,567,no
2021,이천시,엘피지,사업용,678,0,0,29,no
2021,이천시,전기,비사업용,599,0,1,157,yes
2021,이천시,전기,사업용,21,2,0,79,yes
2021,이천시,하이브리드(LPG+전기),비사업용,54,0,0,0,no
2021,이천시,하이브리드(경유+전기),비사업용,45,0,0,0,no
2021,이천시,하이브리드(휘발유+전기),비사업용,3403,0,0,1,no
2021,이천시,하이브리드(휘발유+전기),사업용,2,0,0,0,no
2021,이천시,휘발유,비사업용,17547,12,0,143,no
2021,이천시,휘발유,사업용,7,0,2,0,no
2021,이천시,휘발유(무연),비사업용,38173,16,1,33,no
2021,이천시,휘발유(무연),사업용,131,0,0,0,no
2021,이천시,휘발유(유연),비사업용,51,0,0,0,no
2020,이천시,CNG,비사업용,11,0,0,3,no
2020,이천시,CNG,사업용,0,23,0,0,no
2020,이천시,경유,비사업용,29144,3386,229,16773,no
2020,이천시,경유,사업용,51,553,479,3588,no
2020,이천시,기타연료,비사업용,1,161,29,308,no
2020,이천시,기타연료,사업용,0,0,1,417,no
2020,이천시,수소,비사업용,7,0,0,0,no
2020,이천시,엘피지,비사업용,5695,253,1,544,no
2020,이천시,엘피지,사업용,706,1,0,18,no
2020,이천시,전기,비사업용,300,0,0,32,yes
2020,이천시,전기,사업용,0,0,0,17,yes
2020,이천시,하이브리드(LPG+전기),비사업용,66,0,0,0,no
2020,이천시,하이브리드(경유+전기),비사업용,12,0,0,0,no
2020,이천시,하이브리드(휘발유+전기),비사업용,2525,0,0,0,no
2020,이천시,하이브리드(휘발유+전기),사업용,2,0,0,0,no
2020,이천시,휘발유,비사업용,17456,13,0,100,no
2020,이천시,휘발유,사업용,7,0,1,0,no
2020,이천시,휘발유(무연),비사업용,35516,16,0,30,no
2020,이천시,휘발유(무연),사업용,108,0,0,0,no
2020,이천시,휘발유(유연),비사업용,54,0,0,0,no
2019,이천시,기타연료,비사업용,1,147,8,234,no
2019,이천시,기타연료,사업용,0,0,1,423,no
2019,이천시,수소,비사업용,2,0,0,0,no
2019,이천시,엘피지,비사업용,5704,273,1,557,no
2019,이천시,엘피지,사업용,729,1,0,21,no
2019,이천시,전기,비사업용,208,0,0,0,yes
2019,이천시,하이브리드(LPG+전기),비사업용,72,0,0,0,no
2019,이천시,하이브리드(휘발유+전기),비사업용,1894,0,0,0,no
2019,이천시,하이브리드(휘발유+전기),사업용,1,0,0,0,no
2019,이천시,휘발유,비사업용,17354,13,0,59,no
2019,이천시,휘발유,사업용,3,0,0,0,no
2019,이천시,휘발유(무연),비사업용,32969,15,0,26,no
2019,이천시,휘발유(무연),사업용,90,0,0,0,no
2019,이천시,휘발유(유연),비사업용,49,0,0,0,no
2019,이천시,CNG,비사업용,7,1,0,2,no
2019,이천시,CNG,사업용,0,4,0,0,no
2019,이천시,경유,비사업용,28703,3485,188,16683,no
2019,이천시,경유,사업용,52,475,466,3599,no
2025,파주시,CNG,비사업용,14,2,4,0,no
2025,파주시,CNG,사업용,0,182,0,0,no
2025,파주시,경유,비사업용,51372,4135,25919,555,no
2025,파주시,경유,사업용,1191,2157,5269,300,no
2025,파주시,기타연료,비사업용,1,181,782,161,no
2025,파주시,기타연료,사업용,0,0,46,0,no
2025,파주시,수소,비사업용,244,0,0,0,no
2025,파주시,수소,사업용,0,5,0,0,no
2025,파주시,수소전기,비사업용,82,0,0,0,no
2025,파주시,수소전기,사업용,0,6,0,0,no
2025,파주시,엘피지,비사업용,13510,713,2768,28,no
2025,파주시,엘피지,사업용,922,0,649,4,no
2025,파주시,전기,비사업용,6137,16,1553,11,yes
2025,파주시,전기,사업용,82,275,513,0,yes
2025,파주시,하이브리드(LPG+전기),비사업용,97,0,0,0,no
2025,파주시,하이브리드(경유+전기),비사업용,292,0,0,0,no
2025,파주시,하이브리드(경유+전기),사업용,10,0,0,0,no
2025,파주시,하이브리드(휘발유+전기),비사업용,21675,37,78,1,no
2025,파주시,하이브리드(휘발유+전기),사업용,51,0,1,0,no
2025,파주시,휘발유,비사업용,37172,42,307,2,no
2025,파주시,휘발유,사업용,17,0,0,0,no
2025,파주시,휘발유(무연),비사업용,91936,44,155,0,no
2025,파주시,휘발유(무연),사업용,270,0,0,0,no
2025,파주시,휘발유(유연),비사업용,112,0,0,0,no
2024,파주시,CNG,비사업용,18,2,3,0,no
2024,파주시,CNG,사업용,0,186,0,0,no
2024,파주시,경유,비사업용,53130,4516,26865,511,no
2024,파주시,경유,사업용,1248,2207,5510,300,no
2024,파주시,기타연료,비사업용,1,188,778,173,no
2024,파주시,기타연료,사업용,0,0,46,0,no
2024,파주시,수소,비사업용,221,0,0,0,no
2024,파주시,수소,사업용,0,5,0,0,no
2024,파주시,수소전기,비사업용,1,0,0,0,no
2024,파주시,수소전기,사업용,0,2,0,0,no
2024,파주시,엘피지,비사업용,13740,691,2020,19,no
2024,파주시,엘피지,사업용,1018,1,378,1,no
2024,파주시,전기,비사업용,3867,7,1299,10,yes
2024,파주시,전기,사업용,66,233,423,0,yes
2024,파주시,하이브리드(LPG+전기),비사업용,105,0,0,0,no
2024,파주시,하이브리드(경유+전기),비사업용,260,0,0,0,no
2024,파주시,하이브리드(경유+전기),사업용,7,0,0,0,no
2024,평택시,수소,비사업용,1029,0,0,0,no
2024,평택시,수소,사업용,5,36,2,0,no
2024,평택시,수소전기,비사업용,4,0,0,0,no
2024,평택시,수소전기,사업용,0,10,0,0,no
2024,평택시,엘피지,비사업용,16519,752,2044,23,no
2024,평택시,엘피지,사업용,2214,5,308,1,no
2024,평택시,전기,비사업용,4812,3,1258,6,yes
2024,평택시,전기,사업용,204,163,303,0,yes
2024,평택시,태양열,비사업용,1,0,0,0,no
2024,평택시,하이브리드(LPG+전기),비사업용,135,0,0,0,no
2024,평택시,하이브리드(LPG+전기),사업용,1,0,0,0,no
2024,평택시,하이브리드(경유+전기),비사업용,358,0,0,0,no
2024,평택시,하이브리드(경유+전기),사업용,14,0,0,0,no
2024,평택시,하이브리드(휘발유+전기),비사업용,24004,18,39,2,no
2024,평택시,하이브리드(휘발유+전기),사업용,71,0,0,0,no
2024,평택시,휘발유,비사업용,52217,34,613,5,no
2024,평택시,휘발유,사업용,66,1,0,0,no
2024,평택시,휘발유(무연),비사업용,119553,62,105,0,no
2024,평택시,휘발유(무연),사업용,963,0,0,0,no
2024,평택시,휘발유(유연),비사업용,135,0,0,0,no
2023,평택시,CNG,비사업용,37,5,15,0,no
2023,평택시,CNG,사업용,0,187,0,0,no
2023,평택시,LNG,사업용,0,0,0,2,no
2023,평택시,경유,비사업용,75211,7020,31793,668,no
2023,평택시,경유,사업용,329,1874,5073,1011,no
2025,의정부시,휘발유(유연),비사업용,68,0,0,0,no
2024,의정부시,CNG,비사업용,6,0,5,0,no
2024,의정부시,CNG,사업용,0,142,0,0,no
2024,의정부시,경유,비사업용,39973,3937,15670,453,no
2024,의정부시,경유,사업용,72,228,2385,272,no
2024,의정부시,기타연료,비사업용,2,129,422,100,no
2024,의정부시,기타연료,사업용,0,0,6,0,no
2024,의정부시,수소,비사업용,70,0,0,0,no
2024,의정부시,수소전기,비사업용,1,0,0,0,no
2024,의정부시,엘피지,비사업용,9314,556,1400,25,no
2024,의정부시,엘피지,사업용,1203,1,390,2,no
2024,의정부시,전기,비사업용,2337,2,495,7,yes
2024,의정부시,전기,사업용,423,78,260,0,yes
2024,의정부시,하이브리드(LPG+전기),비사업용,55,0,0,0,no
2024,의정부시,하이브리드(LPG+전기),사업용,25,0,0,0,no
2024,의정부시,하이브리드(경유+전기),비사업용,181,0,0,0,no
2024,의정부시,하이브리드(경유+전기),사업용,5,0,0,0,no
2024,의정부시,하이브리드(휘발유+전기),비사업용,11951,15,28,1,no
2024,의정부시,하이브리드(휘발유+전기),사업용,35,0,2,0,no
2024,의정부시,휘발유,비사업용,25903,15,174,0,no
2024,의정부시,휘발유,사업용,30,0,0,0,no
2024,의정부시,휘발유(무연),비사업용,63019,30,33,0,no
2024,의정부시,휘발유(무연),사업용,221,0,0,0,no
2024,의정부시,휘발유(유연),비사업용,69,0,0,0,no
2023,의정부시,CNG,비사업용,8,0,6,0,no
2023,의정부시,CNG,사업용,0,148,0,0,no
2023,의정부시,경유,비사업용,41639,4151,16600,422,no
2023,의정부시,경유,사업용,80,238,2575,267,no
2023,의정부시,기타연료,비사업용,2,126,392,96,no
2023,의정부시,기타연료,사업용,0,0,8,0,no
2023,의정부시,수소,비사업용,61,0,0,0,no
2023,의정부시,엘피지,비사업용,9711,556,890,10,no
2023,의정부시,엘피지,사업용,1203,1,132,0,no
2023,의정부시,전기,비사업용,1731,1,425,5,yes
2023,의정부시,전기,사업용,452,58,193,0,yes
2023,의정부시,하이브리드(LPG+전기),비사업용,75,0,0,0,no
2023,의정부시,하이브리드(LPG+전기),사업용,21,0,0,0,no
2023,의정부시,하이브리드(경유+전기),비사업용,176,0,0,0,no
2023,의정부시,하이브리드(경유+전기),사업용,6,0,0,0,no
2023,의정부시,하이브리드(휘발유+전기),비사업용,9183,0,0,0,no
2023,의정부시,하이브리드(휘발유+전기),사업용,22,0,0,0,no
2023,의정부시,휘발유,비사업용,27446,15,166,0,no
2023,의정부시,휘발유,사업용,37,0,0,0,no
2023,의정부시,휘발유(무연),비사업용,61356,32,26,0,no
2023,의정부시,휘발유(무연),사업용,219,0,0,0,no
2023,의정부시,휘발유(유연),비사업용,71,0,0,0,no
2022,의정부시,CNG,비사업용,13,1,0,6,no
2022,의정부시,CNG,사업용,0,144,0,0,no
2022,의정부시,경유,비사업용,42755,4429,384,16763,no
2022,의정부시,경유,사업용,142,246,266,2457,no
2022,의정부시,기타연료,비사업용,2,120,84,367,no
2022,의정부시,기타연료,사업용,0,0,0,9,no
2022,의정부시,수소,비사업용,45,0,0,0,no
2022,의정부시,엘피지,비사업용,9979,554,6,890,no
2022,의정부시,엘피지,사업용,1342,0,0,148,no
2022,의정부시,전기,비사업용,1159,1,3,216,yes
2022,의정부시,전기,사업용,554,35,0,145,yes
2022,의정부시,하이브리드(LPG+전기),비사업용,85,0,0,0,no
2022,의정부시,하이브리드(경유+전기),비사업용,110,0,0,0,no
2022,의정부시,하이브리드(경유+전기),사업용,6,0,0,0,no
2024,화성시,경유,사업용,185,2359,6925,695,no
2024,화성시,기타연료,비사업용,2,497,1838,579,no
2024,화성시,기타연료,사업용,0,0,323,0,no
2024,화성시,수소,비사업용,1529,3,1,0,no
2024,화성시,수소,사업용,3,0,0,0,no
2024,화성시,수소전기,비사업용,5,0,0,0,no
2024,화성시,엘피지,비사업용,23309,1014,3566,29,no
2024,화성시,엘피지,사업용,1531,4,601,1,no
2024,화성시,전기,비사업용,10026,15,1748,18,yes
2024,화성시,전기,사업용,435,238,437,0,yes
2024,화성시,하이브리드(CNG+전기),사업용,0,2,0,0,no
2024,화성시,하이브리드(LPG+전기),비사업용,205,0,0,0,no
2024,화성시,하이브리드(LPG+전기),사업용,4,0,0,0,no
2024,화성시,하이브리드(경유+전기),비사업용,810,0,0,0,no
2024,화성시,하이브리드(경유+전기),사업용,4,0,0,0,no
2024,화성시,하이브리드(휘발유+전기),비사업용,47342,33,90,3,no
2024,화성시,하이브리드(휘발유+전기),사업용,83,0,1,0,no
2024,화성시,휘발유,비사업용,74322,51,591,3,no
2024,화성시,휘발유,사업용,26,4,0,0,no
2024,화성시,휘발유(무연),비사업용,186708,81,104,0,no
2024,화성시,휘발유(무연),사업용,509,2,0,0,no
2024,화성시,휘발유(유연),비사업용,238,0,0,0,no
2023,화성시,CNG,비사업용,43,5,0,11,no
2023,화성시,CNG,사업용,0,244,0,0,no
2023,화성시,경유,비사업용,116824,9109,1091,58309,no
2023,화성시,경유,사업용,237,2337,675,7021,no
2023,화성시,기타연료,비사업용,2,511,560,1848,no
2023,화성시,기타연료,사업용,0,0,0,326,no
2023,화성시,수소,비사업용,1513,0,0,0,no
2023,화성시,수소,사업용,2,0,0,0,no
2023,화성시,엘피지,비사업용,23492,947,19,1584,no
2023,화성시,엘피지,사업용,1655,3,0,234,no
2023,화성시,전기,비사업용,6570,14,17,1252,yes
2023,화성시,전기,사업용,349,112,0,312,yes
2023,화성시,하이브리드(CNG+전기),사업용,0,2,0,0,no
2023,화성시,하이브리드(LPG+전기),비사업용,223,0,0,0,no
2023,화성시,하이브리드(LPG+전기),사업용,1,0,0,0,no
2023,화성시,하이브리드(경유+전기),비사업용,660,0,0,0,no
2023,화성시,하이브리드(경유+전기),사업용,5,0,0,0,no
2023,화성시,하이브리드(휘발유+전기),비사업용,35553,0,0,3,no
2023,화성시,하이브리드(휘발유+전기),사업용,84,0,0,0,no
2023,화성시,휘발유,비사업용,76834,52,3,561,no
2023,화성시,휘발유,사업용,55,6,0,0,no
2023,화성시,휘발유(무연),비사업용,177183,88,0,94,no
2023,화성시,휘발유(무연),사업용,727,3,0,0,no
2023,화성시,휘발유(유연),비사업용,245,0,0,0,no
2022,화성시,전기,사업용,265,59,224,0,yes
2022,화성시,하이브리드(CNG+전기),사업용,0,2,0,0,no
2022,화성시,하이브리드(LPG+전기),비사업용,256,0,0,0,no
2022,화성시,하이브리드(경유+전기),비사업용,487,0,0,0,no
2022,화성시,하이브리드(경유+전기),사업용,4,0,0,0,no
2022,화성시,하이브리드(휘발유+전기),비사업용,26388,0,4,0,no
2022,화성시,하이브리드(휘발유+전기),사업용,78,0,0,0,no
2022,화성시,휘발유,비사업용,77093,52,484,3,no
2022,화성시,휘발유,사업용,75,4,0,0,no
2022,화성시,휘발유(무연),비사업용,163980,62,98,0,no
2022,화성시,휘발유(무연),사업용,589,0,0,0,no
2022,화성시,휘발유(유연),비사업용,235,0,0,0,no
2022,화성시,엘피지,사업용,1812,4,239,0,no
2022,화성시,전기,비사업용,3973,12,581,15,yes
2022,화성시,CNG,비사업용,55,6,11,0,no
2022,화성시,CNG,사업용,0,273,0,0,no
2022,화성시,경유,비사업용,117972,9580,57197,1026,no
2022,화성시,경유,사업용,237,2326,6609,579,no
2022,화성시,기타연료,비사업용,2,517,1798,509,no
2022,화성시,기타연료,사업용,0,0,236,0,no
2022,화성시,수소,비사업용,1195,0,0,0,no
2022,화성시,수소,사업용,1,0,0,0,no
2022,화성시,엘피지,비사업용,23154,896,1562,11,no
2021,화성시,CNG,비사업용,74,5,0,11,no
2021,화성시,CNG,사업용,0,248,0,0,no
2021,화성시,경유,비사업용,118239,9857,830,55328,no
2021,화성시,경유,사업용,198,2391,529,6173,no
2021,화성시,기타연료,비사업용,2,531,397,1669,no
2021,화성시,기타연료,사업용,0,0,0,183,no
2021,화성시,수소,비사업용,721,0,0,0,no
2021,화성시,수소,사업용,2,0,0,0,no
2021,화성시,엘피지,비사업용,22697,877,2,1512,no
2021,화성시,엘피지,사업용,1860,34,0,237,no
2021,화성시,전기,비사업용,2048,6,14,229,yes
2021,화성시,전기,사업용,93,25,0,96,yes
2021,화성시,하이브리드(CNG+전기),사업용,0,2,0,0,no
2021,화성시,하이브리드(LPG+전기),비사업용,287,0,0,0,no
2021,화성시,하이브리드(경유+전기),비사업용,298,0,0,0,no
2021,화성시,하이브리드(경유+전기),사업용,2,0,0,0,no
2021,화성시,하이브리드(휘발유+전기),비사업용,20655,0,0,2,no
2021,화성시,하이브리드(휘발유+전기),사업용,40,0,0,0,no
2021,화성시,휘발유,비사업용,76369,50,3,417,no
2021,화성시,휘발유,사업용,66,5,0,0,no
2021,화성시,휘발유(무연),비사업용,153899,52,0,95,no
2021,화성시,휘발유(무연),사업용,544,0,0,0,no
2021,화성시,휘발유(유연),비사업용,245,0,0,0,no
2020,화성시,CNG,비사업용,93,3,0,15,no
2020,화성시,CNG,사업용,0,264,0,1,no
2020,화성시,경유,비사업용,116363,10130,722,53528,no
2020,화성시,경유,사업용,204,2367,490,5916,no
2020,화성시,기타연료,비사업용,1,530,185,1385,no
2020,화성시,기타연료,사업용,0,0,0,169,no
2020,화성시,수소,비사업용,382,0,0,0,no
2020,화성시,수소,사업용,1,0,0,0,no
2020,화성시,엘피지,비사업용,22131,861,3,1428,no
2020,화성시,엘피지,사업용,1847,1,0,225,no
2020,화성시,전기,비사업용,1269,1,4,96,yes
2020,화성시,전기,사업용,6,1,0,24,yes
2020,화성시,하이브리드(CNG+전기),사업용,0,2,0,0,no
2020,화성시,하이브리드(LPG+전기),비사업용,315,0,0,0,no
2020,화성시,하이브리드(경유+전기),비사업용,100,0,0,0,no
2020,화성시,하이브리드(휘발유+전기),비사업용,15450,0,0,0,no
2020,화성시,하이브리드(휘발유+전기),사업용,32,0,0,0,no
2020,화성시,휘발유,비사업용,74734,41,2,275,no
2020,화성시,휘발유,사업용,62,5,0,0,no
2020,화성시,휘발유(무연),비사업용,142726,51,0,99,no
2020,화성시,휘발유(무연),사업용,349,0,0,0,no
2020,화성시,휘발유(유연),비사업용,246,0,0,1,no
2019,화성시,CNG,비사업용,96,3,0,5,no
2019,화성시,CNG,사업용,0,222,0,0,no
2019,화성시,경유,비사업용,112633,10450,542,51704,no
2019,화성시,경유,사업용,219,2164,495,5441,no
2019,화성시,기타연료,비사업용,2,496,37,1132,no
2019,화성시,기타연료,사업용,0,0,0,181,no
2019,화성시,수소,비사업용,162,0,0,0,no
2019,화성시,수소,사업용,1,0,0,0,no
2019,화성시,엘피지,비사업용,21007,875,1,1415,no
2019,화성시,엘피지,사업용,1853,1,0,224,no
2019,화성시,전기,비사업용,718,2,0,1,yes
2019,화성시,전기,사업용,18,0,0,0,yes
2019,화성시,하이브리드(CNG+전기),사업용,0,2,0,0,no
2019,화성시,하이브리드(LPG+전기),비사업용,307,0,0,0,no
2019,화성시,하이브리드(경유+전기),비사업용,3,0,0,0,no
2019,화성시,하이브리드(휘발유+전기),비사업용,11361,0,0,0,no
2019,화성시,하이브리드(휘발유+전기),사업용,9,0,0,0,no
2019,화성시,휘발유,비사업용,72019,35,2,146,no
2019,화성시,휘발유,사업용,24,0,0,0,no
2019,화성시,휘발유(무연),비사업용,129730,40,0,86,no
2019,화성시,휘발유(무연),사업용,340,0,0,0,no
2019,화성시,휘발유(유연),비사업용,219,0,0,0,no
2023,포천시,휘발유(무연),사업용,2432,0,0,0,no
2023,포천시,휘발유(유연),비사업용,23,0,0,0,no
2022,포천시,CNG,비사업용,5,2,0,3,no
2022,포천시,CNG,사업용,0,151,0,0,no
2022,포천시,경유,비사업용,20379,2746,261,19631,no
2022,포천시,경유,사업용,94,640,382,2438,no
2022,포천시,기타연료,비사업용,0,56,54,270,no
2022,포천시,기타연료,사업용,0,0,0,210,no
2022,포천시,수소,비사업용,7,0,0,0,no
2022,포천시,엘피지,비사업용,4603,278,2,577,no
2022,포천시,엘피지,사업용,2417,2,0,34,no
2022,포천시,전기,비사업용,450,0,0,231,yes
2022,포천시,전기,사업용,62,3,0,63,yes
2022,포천시,하이브리드(CNG+전기),사업용,0,1,0,0,no
2022,포천시,하이브리드(LPG+전기),비사업용,46,0,0,0,no
2022,포천시,하이브리드(경유+전기),비사업용,45,0,0,0,no
2022,포천시,하이브리드(휘발유+전기),비사업용,2468,0,0,1,no
2022,포천시,하이브리드(휘발유+전기),사업용,754,0,0,0,no
2022,포천시,휘발유,비사업용,11889,18,0,119,no
2022,포천시,휘발유,사업용,130,0,0,0,no
2022,포천시,휘발유(무연),비사업용,25656,14,0,26,no
2022,포천시,휘발유(무연),사업용,2030,0,0,0,no
2022,포천시,휘발유(유연),비사업용,22,0,0,0,no
2021,포천시,CNG,비사업용,4,0,0,2,no
2021,포천시,CNG,사업용,0,143,0,0,no
2021,포천시,경유,비사업용,20696,2900,225,19434,no
2021,포천시,경유,사업용,76,626,386,2526,no
2021,포천시,기타연료,비사업용,0,61,35,250,no
2021,포천시,기타연료,사업용,0,0,0,161,no
2021,포천시,수소,비사업용,2,0,0,0,no
2021,포천시,엘피지,비사업용,4580,283,1,576,no
2021,포천시,엘피지,사업용,2725,2,0,25,no
2021,포천시,전기,비사업용,259,0,0,37,yes
2021,포천시,전기,사업용,29,3,0,30,yes
2021,포천시,하이브리드(CNG+전기),사업용,0,1,0,0,no
2021,포천시,하이브리드(LPG+전기),비사업용,49,0,0,0,no
2021,포천시,하이브리드(경유+전기),비사업용,32,0,0,0,no
2021,포천시,하이브리드(휘발유+전기),비사업용,1979,0,0,0,no
2021,포천시,하이브리드(휘발유+전기),사업용,816,0,0,0,no
2021,포천시,휘발유,비사업용,12150,15,1,98,no
2021,포천시,휘발유,사업용,128,0,0,0,no
2021,포천시,휘발유(무연),비사업용,24704,10,0,22,no
2021,포천시,휘발유(무연),사업용,2241,0,0,0,no
2021,포천시,휘발유(유연),비사업용,21,0,0,0,no
2021,포천시,휘발유(유연),사업용,1,0,0,0,no
2020,포천시,CNG,비사업용,5,0,0,2,no
2020,포천시,CNG,사업용,0,145,0,0,no
2020,포천시,경유,비사업용,20488,3008,204,19077,no
2020,포천시,경유,사업용,75,657,378,2470,no
2020,포천시,기타연료,비사업용,0,57,20,212,no
2020,포천시,기타연료,사업용,0,0,0,147,no
2020,포천시,수소,비사업용,3,0,0,0,no
2020,포천시,엘피지,비사업용,4622,278,0,543,no
2020,포천시,엘피지,사업용,3086,5,0,25,no
2020,포천시,전기,비사업용,164,0,0,17,yes
2020,포천시,전기,사업용,51,0,0,4,yes
2020,포천시,하이브리드(CNG+전기),사업용,0,1,0,0,no
2020,포천시,하이브리드(LPG+전기),비사업용,54,0,0,0,no
2020,포천시,하이브리드(경유+전기),비사업용,9,0,0,0,no
2020,포천시,하이브리드(휘발유+전기),비사업용,1471,0,0,0,no
2020,포천시,하이브리드(휘발유+전기),사업용,615,0,0,0,no
2020,포천시,휘발유,비사업용,12103,11,1,72,no
2020,포천시,휘발유,사업용,105,1,0,0,no
2020,포천시,휘발유(무연),비사업용,22904,13,0,22,no
2020,포천시,휘발유(무연),사업용,2295,0,0,0,no
2020,포천시,휘발유(유연),비사업용,17,0,0,0,no
2020,포천시,휘발유(유연),사업용,2,0,0,0,no
2019,포천시,CNG,비사업용,9,0,0,1,no
2019,포천시,CNG,사업용,0,145,0,0,no
2019,포천시,경유,비사업용,20456,3091,185,19147,no
2019,포천시,경유,사업용,90,707,375,2450,no
2019,포천시,기타연료,비사업용,0,58,5,184,no
2019,포천시,기타연료,사업용,0,0,0,150,no
2019,포천시,엘피지,비사업용,4504,286,0,513,no
2019,포천시,엘피지,사업용,3566,4,0,28,no
2019,포천시,전기,비사업용,111,0,0,0,yes
2019,포천시,하이브리드(CNG+전기),사업용,0,1,0,0,no
2019,포천시,하이브리드(LPG+전기),비사업용,59,0,0,0,no
2019,포천시,하이브리드(휘발유+전기),비사업용,1127,0,0,0,no
2019,포천시,하이브리드(휘발유+전기),사업용,186,0,0,0,no
2019,포천시,휘발유,비사업용,11802,12,1,34,no
2019,포천시,휘발유,사업용,99,1,0,0,no
2019,포천시,휘발유(무연),비사업용,21427,12,0,20,no
2019,포천시,휘발유(무연),사업용,2237,0,0,0,no
2019,포천시,휘발유(유연),비사업용,14,0,0,0,no
2019,포천시,휘발유(유연),사업용,2,0,0,0,no
2025,하남시,CNG,비사업용,7,1,5,0,no
2025,하남시,CNG,사업용,0,154,0,0,no
2025,하남시,경유,비사업용,28935,1874,12323,244,no
2025,하남시,경유,사업용,76,105,1514,156,no
2025,하남시,기타연료,비사업용,1,78,310,91,no
2025,하남시,기타연료,사업용,0,2,253,0,no
2025,하남시,수소,비사업용,219,0,0,0,no
2025,하남시,수소전기,비사업용,50,0,0,0,no
2025,하남시,엘피지,비사업용,5404,339,1556,10,no
2025,하남시,엘피지,사업용,464,0,334,1,no
2025,하남시,전기,비사업용,4576,12,675,3,yes
2025,하남시,전기,사업용,100,97,288,0,yes
2025,하남시,하이브리드(LPG+전기),비사업용,38,0,0,0,no
2025,하남시,하이브리드(LPG+전기),사업용,1,0,0,0,no
2025,하남시,하이브리드(경유+전기),비사업용,312,0,0,0,no
2025,하남시,하이브리드(경유+전기),사업용,5,0,0,0,no
2025,하남시,하이브리드(휘발유+전기),비사업용,15437,16,50,0,no
2025,하남시,하이브리드(휘발유+전기),사업용,64,0,0,0,no
2025,하남시,휘발유,비사업용,21604,8,147,4,no
2025,하남시,휘발유,사업용,36,0,1,0,no
2025,하남시,휘발유(무연),비사업용,47008,14,69,0,no
2025,하남시,휘발유(무연),사업용,248,0,0,0,no
2025,하남시,휘발유(유연),비사업용,48,0,0,0,no
2024,하남시,CNG,비사업용,10,1,5,0,no
2024,하남시,CNG,사업용,0,161,0,0,no
2024,하남시,경유,비사업용,31251,2075,13432,251,no
2024,하남시,경유,사업용,76,103,1664,154,no
2024,하남시,기타연료,비사업용,1,84,299,84,no
2024,하남시,기타연료,사업용,0,2,129,0,no
2024,하남시,수소,비사업용,226,0,0,0,no
2024,하남시,엘피지,비사업용,5766,347,1132,9,no
2024,하남시,엘피지,사업용,470,0,218,0,no
2024,하남시,전기,비사업용,3292,11,522,2,yes
2024,하남시,전기,사업용,89,90,244,0,yes
2024,하남시,하이브리드(LPG+전기),비사업용,54,0,0,0,no
2024,하남시,하이브리드(LPG+전기),사업용,1,0,0,0,no
2024,하남시,하이브리드(경유+전기),비사업용,284,0,0,0,no
2024,하남시,하이브리드(경유+전기),사업용,6,0,0,0,no
2024,하남시,하이브리드(휘발유+전기),비사업용,12706,3,28,0,no
2024,하남시,하이브리드(휘발유+전기),사업용,50,1,0,0,no
2024,하남시,휘발유,비사업용,23143,7,148,3,no
2024,하남시,휘발유,사업용,48,0,1,0,no
2024,하남시,휘발유(무연),비사업용,46519,15,30,0,no
2024,하남시,휘발유(무연),사업용,249,0,0,0,no
2024,하남시,휘발유(유연),비사업용,53,0,0,0,no
2023,하남시,CNG,비사업용,10,1,5,0,no
2023,하남시,CNG,사업용,0,171,0,0,no
2023,하남시,경유,비사업용,33021,2255,14326,247,no
2023,하남시,경유,사업용,63,111,1869,156,no
2023,하남시,기타연료,비사업용,1,94,330,82,no
2023,하남시,기타연료,사업용,0,2,93,0,no
2023,하남시,수소,비사업용,224,0,0,0,no
2023,하남시,수소,사업용,1,0,0,0,no
2023,하남시,엘피지,비사업용,6141,329,606,8,no
2023,하남시,엘피지,사업용,393,0,102,0,no
2023,하남시,전기,비사업용,2390,8,494,0,yes
2023,하남시,전기,사업용,215,70,229,0,yes
2023,하남시,하이브리드(LPG+전기),비사업용,67,0,0,0,no
2023,하남시,하이브리드(LPG+전기),사업용,1,0,0,0,no
2023,하남시,하이브리드(경유+전기),비사업용,249,0,0,0,no
2023,하남시,하이브리드(경유+전기),사업용,4,0,0,0,no
2023,하남시,하이브리드(휘발유+전기),비사업용,9961,0,0,0,no
2023,하남시,하이브리드(휘발유+전기),사업용,25,0,0,0,no
2023,하남시,휘발유,비사업용,24105,8,143,1,no
2023,하남시,휘발유,사업용,46,0,1,1,no
2023,하남시,휘발유(무연),비사업용,45618,21,25,0,no
2023,하남시,휘발유(무연),사업용,207,0,0,0,no
2023,하남시,휘발유(유연),비사업용,60,0,0,0,no
2022,하남시,CNG,비사업용,11,1,0,5,no
2022,하남시,CNG,사업용,0,175,0,0,no
2022,하남시,경유,비사업용,34169,2423,225,14427,no
2022,하남시,경유,사업용,66,118,157,1795,no
2022,하남시,기타연료,비사업용,1,103,71,326,no
2022,하남시,기타연료,사업용,0,2,0,92,no
2022,하남시,수소,비사업용,232,0,0,0,no
2022,하남시,엘피지,비사업용,6357,331,6,649,no
2022,하남시,엘피지,사업용,421,0,0,119,no
2022,하남시,전기,비사업용,1860,6,0,305,yes
2022,하남시,전기,사업용,174,37,0,204,yes
2022,하남시,하이브리드(LPG+전기),비사업용,71,0,0,0,no
2022,하남시,하이브리드(경유+전기),비사업용,190,0,0,0,no
2022,하남시,하이브리드(경유+전기),사업용,3,0,0,0,no
2022,하남시,하이브리드(휘발유+전기),비사업용,7866,0,0,0,no
2022,하남시,하이브리드(휘발유+전기),사업용,27,0,0,0,no
2022,하남시,휘발유,비사업용,24372,9,1,145,no
2022,하남시,휘발유,사업용,36,0,2,1,no
2022,하남시,휘발유(무연),비사업용,43469,19,0,26,no
2022,하남시,휘발유(무연),사업용,203,0,0,0,no
2022,하남시,휘발유(유연),비사업용,54,0,0,0,no
2021,하남시,CNG,비사업용,18,2,0,3,no
2021,하남시,CNG,사업용,0,183,0,0,no
2021,하남시,경유,비사업용,34514,2497,186,14508,no
2021,하남시,경유,사업용,35,144,151,1794,no
2021,하남시,기타연료,비사업용,1,110,60,292,no
2021,하남시,기타연료,사업용,0,2,0,67,no
2021,하남시,수소,비사업용,189,0,0,0,no
2021,하남시,엘피지,비사업용,6449,336,3,672,no
2021,하남시,엘피지,사업용,413,0,0,130,no
2021,하남시,전기,비사업용,1044,1,0,121,yes
2021,하남시,전기,사업용,20,5,0,148,yes
2021,하남시,하이브리드(LPG+전기),비사업용,80,0,0,0,no
2021,하남시,하이브리드(경유+전기),비사업용,121,0,0,0,no
2021,하남시,하이브리드(경유+전기),사업용,1,0,0,0,no
2021,하남시,하이브리드(휘발유+전기),비사업용,6375,0,0,0,no
2021,하남시,하이브리드(휘발유+전기),사업용,10,0,0,0,no
2021,하남시,휘발유,비사업용,24076,8,0,106,no
2021,하남시,휘발유,사업용,34,0,2,1,no
2021,하남시,휘발유(무연),비사업용,41588,14,0,26,no
2021,하남시,휘발유(무연),사업용,156,0,0,0,no
2021,하남시,휘발유(유연),비사업용,54,0,0,0,no
2020,하남시,CNG,비사업용,18,1,0,2,no
2020,하남시,CNG,사업용,0,197,0,0,no
2020,하남시,경유,비사업용,32063,2490,147,14194,no
2020,하남시,경유,사업용,22,142,138,1624,no
2020,하남시,기타연료,비사업용,2,107,29,235,no
2020,하남시,기타연료,사업용,0,2,0,63,no
2020,하남시,수소,비사업용,122,0,0,0,no
2020,하남시,엘피지,비사업용,6177,345,0,674,no
2020,하남시,엘피지,사업용,410,0,0,143,no
2020,하남시,전기,비사업용,511,1,0,26,yes
2020,하남시,전기,사업용,23,3,0,13,yes
2020,하남시,하이브리드(LPG+전기),비사업용,86,0,0,0,no
2020,하남시,하이브리드(경유+전기),비사업용,42,0,0,0,no
2020,하남시,하이브리드(경유+전기),사업용,1,0,0,0,no
2020,하남시,하이브리드(휘발유+전기),비사업용,4522,0,0,0,no
2020,하남시,휘발유,비사업용,22260,11,0,72,no
2020,하남시,휘발유,사업용,15,0,2,1,no
2020,하남시,휘발유(무연),비사업용,37222,15,0,23,no
2020,하남시,휘발유(무연),사업용,65,0,0,0,no
2020,하남시,휘발유(유연),비사업용,48,0,0,0,no
2019,하남시,CNG,비사업용,20,1,0,2,no
2019,하남시,CNG,사업용,0,190,0,0,no
2019,하남시,경유,비사업용,29720,2510,107,13767,no
2019,하남시,경유,사업용,32,145,147,1493,no
2019,하남시,기타연료,비사업용,2,93,9,192,no
2019,하남시,기타연료,사업용,0,2,0,46,no
2019,하남시,수소,비사업용,61,0,0,0,no
2019,하남시,엘피지,비사업용,5975,336,0,691,no
2019,하남시,엘피지,사업용,441,1,0,141,no
2019,하남시,전기,비사업용,355,0,0,0,yes
2019,하남시,전기,사업용,14,0,0,0,yes
2019,하남시,하이브리드(LPG+전기),비사업용,80,0,0,0,no
2019,하남시,하이브리드(경유+전기),비사업용,2,0,0,0,no
2019,하남시,하이브리드(휘발유+전기),비사업용,3194,0,0,0,no
2019,하남시,하이브리드(휘발유+전기),사업용,1,0,0,0,no
2019,하남시,휘발유,비사업용,20576,11,0,35,no
2019,하남시,휘발유,사업용,15,0,2,2,no
2019,하남시,휘발유(무연),비사업용,33209,12,0,24,no
2019,하남시,휘발유(무연),사업용,37,0,0,0,no
2019,하남시,휘발유(유연),비사업용,50,0,0,0,no
2025,화성시,CNG,비사업용,21,4,15,0,no
2025,화성시,CNG,사업용,0,179,0,0,no
2025,화성시,경유,비사업용,107633,7823,54704,1148,no
2025,화성시,경유,사업용,131,2324,6738,684,no
2025,화성시,기타연료,비사업용,1,488,1879,565,no
2025,화성시,기타연료,사업용,0,0,339,0,no
2025,화성시,수소,비사업용,1463,3,1,0,no
2025,화성시,수소,사업용,3,0,0,0,no
2025,화성시,수소전기,비사업용,225,0,0,0,no
2025,화성시,엘피지,비사업용,22438,1078,5245,53,no
2025,화성시,엘피지,사업용,1400,3,988,17,no
2025,화성시,전기,비사업용,15424,20,2249,28,yes
2025,화성시,전기,사업용,452,370,544,0,yes
2025,화성시,하이브리드(LPG+전기),비사업용,167,0,0,0,no
2025,화성시,하이브리드(LPG+전기),사업용,4,0,0,0,no
2025,화성시,하이브리드(경유+전기),비사업용,903,0,0,0,no
2025,화성시,하이브리드(경유+전기),사업용,3,0,0,0,no
2025,화성시,하이브리드(휘발유+전기),비사업용,59850,76,188,7,no
2025,화성시,하이브리드(휘발유+전기),사업용,114,0,1,0,no
2025,화성시,휘발유,비사업용,70620,53,590,4,no
2025,화성시,휘발유,사업용,36,0,0,0,no
2025,화성시,휘발유(무연),비사업용,194344,78,331,2,no
2025,화성시,휘발유(무연),사업용,446,0,0,0,no
2025,화성시,휘발유(유연),비사업용,224,0,0,0,no
2024,화성시,CNG,비사업용,30,3,15,0,no
2024,화성시,CNG,사업용,0,176,0,0,no
2024,화성시,경유,비사업용,113432,8543,56939,1126,no
