STATS_YM,CTPV_CD,SGG_CD,DONG_CD,FUEL_CD,CTPV_NM,SGG_NM,ADSTRD_NM,FUEL_NM,SUM11,SUM12,SUM13,SUM14,SUM21,SUM22,SUM23,SUM24,SUM31,SUM32,SUM33,SUM34,SUM_TOT,EV
202608,11,11110,1111011700,h,서울,서울특별시 종로구,기타,휘발유(무연),0,0,0,0,1,0,0,0,0,0,0,0,1,no
202608,11,11110,1111011800,a,서울,서울특별시 종로구,기타,휘발유,0,0,0,0,2,0,0,0,0,0,0,0,2,no
202608,11,11110,1111012900,b,서울,서울특별시 종로구,기타,경유,0,0,0,0,0,1,0,0,0,0,0,0,1,no
202608,11,11110,1111012900,h,서울,서울특별시 종로구,기타,휘발유(무연),0,0,0,0,1,0,0,0,0,0,0,0,1,no
202608,11,11110,1111014100,a,서울,서울특별시 종로구,기타,휘발유,0,0,0,0,1,0,0,0,0,0,0,0,1,no
202608,11,11110,1111051500,a,서울,서울특별시 종로구,종로구 청운효자동 ,휘발유,20,10,0,0,636,2,4,0,0,0,0,0,672,no
202608,11,11110,1111051500,b,서울,서울특별시 종로구,종로구 청운효자동 ,경유,5,61,16,1,529,46,128,4,0,25,11,14,840,no
202608,11,11110,1111051500,c,서울,서울특별시 종로구,종로구 청운효자동 ,엘피지,0,0,0,0,101,11,9,4,17,1,3,0,146,no
202608,11,11110,1111051500,e,서울,서울특별시 종로구,종로구 청운효자동 ,전기,27,1,3,0,113,1,9,0,3,3,5,0,165,yes
202608,11,11110,1111051500,g,서울,서울특별시 종로구,종로구 청운효자동 ,휘발유(유연),0,0,0,0,3,0,0,0,0,0,0,0,3,no
202608,11,11110,1111051500,h,서울,서울특별시 종로구,종로구 청운효자동 ,휘발유(무연),50,9,0,0,1054,0,0,0,0,0,0,0,1113,no
202608,11,11110,1111051500,l,서울,서울특별시 종로구,종로구 청운효자동 ,하이브리드(휘발유+전기),16,0,0,0,382,1,1,0,1,0,0,0,401,no
202608,11,11110,1111051500,m,서울,서울특별시 종로구,종로구 청운효자동 ,하이브리드(경유+전기),0,0,0,0,5,0,0,0,0,0,0,0,5,no
202608,11,11110,1111051500,q,서울,서울특별시 종로구,종로구 청운효자동 ,수소,11,0,0,0,4,0,0,0,0,0,0,0,15,no
202608,11,11110,1111051500,z,서울,서울특별시 종로구,종로구 청운효자동 ,기타연료,0,0,0,0,0,1,1,0,0,0,22,0,24,no
202608,11,11110,1111053000,a,서울,서울특별시 종로구,종로구 사직동 ,휘발유,51,2,0,0,994,0,7,0,0,0,0,0,1054,no
202608,11,11110,1111053000,b,서울,서울특별시 종로구,종로구 사직동 ,경유,185,1327,188,65,642,113,249,15,0,4,104,24,2916,no
202608,11,11110,1111053000,c,서울,서울특별시 종로구,종로구 사직동 ,엘피지,0,2,4,0,62,12,27,0,7,0,9,0,123,no
202608,11,11110,1111053000,e,서울,서울특별시 종로구,종로구 사직동 ,전기,322,0,0,0,159,0,11,0,0,0,3,0,495,yes
202608,11,11110,1111053000,g,서울,서울특별시 종로구,종로구 사직동 ,휘발유(유연),0,0,0,0,1,0,0,0,0,0,0,0,1,no
202608,11,11110,1111053000,h,서울,서울특별시 종로구,종로구 사직동 ,휘발유(무연),972,0,0,0,1347,0,7,0,3,0,0,0,2329,no
202608,11,11110,1111053000,j,서울,서울특별시 종로구,종로구 사직동 ,CNG,0,1,0,0,0,1,0,0,0,0,0,0,2,no
202608,11,11110,1111053000,l,서울,서울특별시 종로구,종로구 사직동 ,하이브리드(휘발유+전기),154,11,0,0,581,1,1,0,0,0,0,0,748,no
202608,11,11110,1111053000,m,서울,서울특별시 종로구,종로구 사직동 ,하이브리드(경유+전기),0,0,0,0,10,0,0,0,0,0,0,0,10,no
202608,11,11110,1111053000,n,서울,서울특별시 종로구,종로구 사직동 ,하이브리드(LPG+전기),1,0,0,0,0,0,0,0,0,0,0,0,1,no
202608,11,11110,1111053000,q,서울,서울특별시 종로구,종로구 사직동 ,수소,14,13,0,0,4,0,0,0,0,0,0,0,31,no
202608,11,11110,1111053000,r,서울,서울특별시 종로구,종로구 사직동 ,수소전기,4,0,0,0,1,0,0,0,0,0,0,0,5,no
202608,11,11110,1111053000,z,서울,서울특별시 종로구,종로구 사직동 ,기타연료,0,0,3,22,0,1,16,2,0,0,62,0,106,no
202608,11,11110,1111054000,a,서울,서울특별시 종로구,종로구 삼청동 ,휘발유,2,6,0,1,172,0,1,0,0,0,0,0,182,no
202608,11,11110,1111054000,b,서울,서울특별시 종로구,종로구 삼청동 ,경유,3,14,2,1,119,26,44,0,0,1,2,0,212,no
202608,11,11110,1111054000,c,서울,서울특별시 종로구,종로구 삼청동 ,엘피지,0,1,0,0,15,2,2,0,2,0,0,0,22,no
202608,11,11110,1111054000,e,서울,서울특별시 종로구,종로구 삼청동 ,전기,1,0,0,0,24,0,5,0,0,6,0,0,36,yes
202608,11,11110,1111054000,h,서울,서울특별시 종로구,종로구 삼청동 ,휘발유(무연),8,0,0,0,213,0,0,0,0,0,0,0,221,no
202608,11,11110,1111054000,j,서울,서울특별시 종로구,종로구 삼청동 ,CNG,0,2,0,0,0,0,0,0,0,0,0,0,2,no
202608,11,11110,1111054000,l,서울,서울특별시 종로구,종로구 삼청동 ,하이브리드(휘발유+전기),4,0,0,0,75,1,0,0,0,0,0,0,80,no
202608,11,11110,1111054000,m,서울,서울특별시 종로구,종로구 삼청동 ,하이브리드(경유+전기),0,0,0,0,2,0,0,0,0,0,0,0,2,no
202608,11,11110,1111054000,z,서울,서울특별시 종로구,종로구 삼청동 ,기타연료,0,0,0,0,0,1,2,2,0,0,0,0,5,no
202608,11,11110,1111055000,a,서울,서울특별시 종로구,종로구 부암동 ,휘발유,0,0,0,0,677,0,2,0,0,0,0,0,679,no
202608,11,11110,1111055000,b,서울,서울특별시 종로구,종로구 부암동 ,경유,0,0,0,0,553,46,132,5,0,0,47,0,783,no
202608,11,11110,1111055000,c,서울,서울특별시 종로구,종로구 부암동 ,엘피지,0,0,0,0,78,9,15,0,12,0,5,0,119,no
202608,11,11110,1111055000,e,서울,서울특별시 종로구,종로구 부암동 ,전기,0,0,0,0,97,0,6,0,2,0,3,0,108,yes
202608,11,11110,1111055000,g,서울,서울특별시 종로구,종로구 부암동 ,휘발유(유연),0,0,0,0,1,0,0,0,0,0,0,0,1,no
202608,11,11110,1111055000,h,서울,서울특별시 종로구,종로구 부암동 ,휘발유(무연),0,0,0,0,910,3,2,0,0,0,0,0,915,no
202608,11,11110,1111055000,l,서울,서울특별시 종로구,종로구 부암동 ,하이브리드(휘발유+전기),0,0,0,0,322,0,2,0,1,0,0,0,325,no
202608,11,11110,1111055000,m,서울,서울특별시 종로구,종로구 부암동 ,하이브리드(경유+전기),0,0,0,0,12,0,0,0,0,0,0,0,12,no
202608,11,11110,1111055000,n,서울,서울특별시 종로구,종로구 부암동 ,하이브리드(LPG+전기),0,0,0,0,1,0,0,0,0,0,0,0,1,no
202608,11,11110,1111055000,q,서울,서울특별시 종로구,종로구 부암동 ,수소,0,0,0,0,4,0,0,0,0,0,0,0,4,no
202608,11,11110,1111055000,r,서울,서울특별시 종로구,종로구 부암동 ,수소전기,0,0,0,0,2,0,0,0,0,0,0,0,2,no
202608,11,11110,1111055000,z,서울,서울특별시 종로구,종로구 부암동 ,기타연료,0,0,0,0,0,3,2,0,0,0,0,0,5,no
202608,11,11110,1111056000,a,서울,서울특별시 종로구,종로구 평창동 ,휘발유,0,0,0,0,1652,0,8,0,0,0,0,0,1660,no
202608,11,11110,1111056000,b,서울,서울특별시 종로구,종로구 평창동 ,경유,0,1,0,0,1212,77,196,2,0,0,17,2,1507,no
202608,11,11110,1111056000,c,서울,서울특별시 종로구,종로구 평창동 ,엘피지,0,0,0,0,98,12,22,1,23,0,5,0,161,no
202608,11,11110,1111056000,e,서울,서울특별시 종로구,종로구 평창동 ,전기,0,0,0,0,271,0,31,0,4,0,4,0,310,yes
202608,11,11110,1111056000,g,서울,서울특별시 종로구,종로구 평창동 ,휘발유(유연),0,0,0,0,2,0,0,0,0,0,0,0,2,no
202608,11,11110,1111056000,h,서울,서울특별시 종로구,종로구 평창동 ,휘발유(무연),0,0,0,0,1850,2,1,1,0,0,0,0,1854,no
202608,11,11110,1111056000,j,서울,서울특별시 종로구,종로구 평창동 ,CNG,0,0,0,0,1,0,0,0,0,0,0,0,1,no
202608,11,11110,1111056000,l,서울,서울특별시 종로구,종로구 평창동 ,하이브리드(휘발유+전기),0,0,0,0,908,0,1,0,1,0,0,0,910,no
202608,11,11110,1111056000,m,서울,서울특별시 종로구,종로구 평창동 ,하이브리드(경유+전기),0,0,0,0,19,0,0,0,0,0,0,0,19,no
202608,11,11110,1111056000,n,서울,서울특별시 종로구,종로구 평창동 ,하이브리드(LPG+전기),0,0,0,0,2,0,0,0,0,0,0,0,2,no
202608,11,11110,1111056000,q,서울,서울특별시 종로구,종로구 평창동 ,수소,0,0,0,0,7,0,0,0,0,0,0,0,7,no
202608,11,11110,1111056000,r,서울,서울특별시 종로구,종로구 평창동 ,수소전기,0,0,0,0,5,0,0,0,0,0,0,0,5,no
202608,11,11110,1111056000,z,서울,서울특별시 종로구,종로구 평창동 ,기타연료,0,0,0,0,0,7,13,3,0,0,0,0,23,no
202608,11,11110,1111057000,a,서울,서울특별시 종로구,종로구 무악동 ,휘발유,0,0,0,0,483,1,2,0,0,0,0,0,486,no
202608,11,11110,1111057000,b,서울,서울특별시 종로구,종로구 무악동 ,경유,0,0,0,0,418,16,61,2,0,0,233,4,734,no
202608,11,11110,1111057000,c,서울,서울특별시 종로구,종로구 무악동 ,엘피지,0,0,0,0,58,2,9,0,9,0,100,0,178,no
202608,11,11110,1111057000,e,서울,서울특별시 종로구,종로구 무악동 ,전기,0,0,0,0,74,0,2,0,1,0,26,0,103,yes
202608,11,11110,1111057000,g,서울,서울특별시 종로구,종로구 무악동 ,휘발유(유연),0,0,0,0,2,0,0,0,0,0,0,0,2,no
202608,11,11110,1111057000,h,서울,서울특별시 종로구,종로구 무악동 ,휘발유(무연),0,0,0,0,894,0,1,0,0,0,0,0,895,no
202608,11,11110,1111057000,l,서울,서울특별시 종로구,종로구 무악동 ,하이브리드(휘발유+전기),0,0,0,0,367,0,0,0,0,0,0,0,367,no
202608,11,11110,1111057000,m,서울,서울특별시 종로구,종로구 무악동 ,하이브리드(경유+전기),0,0,0,0,6,0,0,0,0,0,0,0,6,no
202608,11,11110,1111057000,q,서울,서울특별시 종로구,종로구 무악동 ,수소,0,0,0,0,8,0,0,0,0,0,0,0,8,no
202608,11,11110,1111057000,r,서울,서울특별시 종로구,종로구 무악동 ,수소전기,0,0,0,0,2,0,0,0,0,0,0,0,2,no
202608,11,11110,1111057000,z,서울,서울특별시 종로구,종로구 무악동 ,기타연료,0,0,0,0,0,3,3,0,0,0,0,0,6,no
202608,11,11110,1111058000,a,서울,서울특별시 종로구,종로구 교남동 ,휘발유,0,0,0,0,600,1,4,0,0,0,0,0,605,no
202608,11,11110,1111058000,b,서울,서울특별시 종로구,종로구 교남동 ,경유,0,0,0,0,458,48,90,5,0,13,2,0,616,no
202608,11,11110,1111058000,c,서울,서울특별시 종로구,종로구 교남동 ,엘피지,0,0,0,0,69,7,7,1,16,0,2,0,102,no
202608,11,11110,1111058000,e,서울,서울특별시 종로구,종로구 교남동 ,전기,0,0,0,0,117,0,4,0,1,4,3,0,129,yes
202608,11,11110,1111058000,g,서울,서울특별시 종로구,종로구 교남동 ,휘발유(유연),0,0,0,0,1,0,0,0,0,0,0,0,1,no
202608,11,11110,1111058000,h,서울,서울특별시 종로구,종로구 교남동 ,휘발유(무연),0,0,0,0,942,0,2,0,0,0,0,0,944,no
202608,11,11110,1111058000,l,서울,서울특별시 종로구,종로구 교남동 ,하이브리드(휘발유+전기),0,0,0,0,427,0,1,0,0,0,0,0,428,no
202608,11,11110,1111058000,m,서울,서울특별시 종로구,종로구 교남동 ,하이브리드(경유+전기),0,0,0,0,6,0,0,0,0,0,0,0,6,no
202608,11,11110,1111058000,n,서울,서울특별시 종로구,종로구 교남동 ,하이브리드(LPG+전기),0,0,0,0,1,0,0,0,0,0,0,0,1,no
202608,11,11110,1111058000,q,서울,서울특별시 종로구,종로구 교남동 ,수소,0,0,0,0,4,0,0,0,0,0,0,0,4,no
202608,11,11110,1111058000,r,서울,서울특별시 종로구,종로구 교남동 ,수소전기,0,0,0,0,2,0,0,0,0,0,0,0,2,no
202608,11,11110,1111058000,z,서울,서울특별시 종로구,종로구 교남동 ,기타연료,0,0,0,0,0,1,2,1,0,0,0,0,4,no
202608,11,11110,1111060000,a,서울,서울특별시 종로구,종로구 가회동 ,휘발유,0,0,0,0,212,0,3,0,0,0,0,0,215,no
202608,11,11110,1111060000,b,서울,서울특별시 종로구,종로구 가회동 ,경유,1,6,0,0,200,38,161,6,0,0,5,0,417,no
202608,11,11110,1111060000,c,서울,서울특별시 종로구,종로구 가회동 ,엘피지,0,2,0,0,24,3,14,0,3,0,1,0,47,no
202608,11,11110,1111060000,e,서울,서울특별시 종로구,종로구 가회동 ,전기,0,1,0,0,33,0,4,1,1,0,3,0,43,yes
202608,11,11110,1111060000,h,서울,서울특별시 종로구,종로구 가회동 ,휘발유(무연),2,0,0,0,338,1,0,0,0,0,0,0,341,no
202608,11,11110,1111060000,l,서울,서울특별시 종로구,종로구 가회동 ,하이브리드(휘발유+전기),1,0,0,0,111,0,0,0,0,0,0,0,112,no
202608,11,11110,1111060000,m,서울,서울특별시 종로구,종로구 가회동 ,하이브리드(경유+전기),0,0,0,0,3,0,0,0,0,0,0,0,3,no
202608,11,11110,1111060000,q,서울,서울특별시 종로구,종로구 가회동 ,수소,0,0,0,0,8,0,0,0,0,0,0,0,8,no
202608,11,11110,1111060000,r,서울,서울특별시 종로구,종로구 가회동 ,수소전기,0,0,0,0,1,0,0,0,0,0,0,0,1,no
202608,11,11110,1111060000,z,서울,서울특별시 종로구,종로구 가회동 ,기타연료,0,0,0,0,0,2,0,0,0,0,0,0,2,no
202608,11,11110,1111061500,a,서울,서울특별시 종로구,종로구 종로1.2.3.4가동 ,휘발유,1,0,0,0,987,6,13,0,0,0,0,0,1007,no
202608,11,11110,1111061500,b,서울,서울특별시 종로구,종로구 종로1.2.3.4가동 ,경유,7,25,100,9,753,204,518,13,0,73,748,40,2490,no
202608,11,11110,1111061500,c,서울,서울특별시 종로구,종로구 종로1.2.3.4가동 ,엘피지,0,1,11,0,87,23,62,0,4,0,7,0,195,no
202608,11,11110,1111061500,e,서울,서울특별시 종로구,종로구 종로1.2.3.4가동 ,전기,34,0,12,4,138,1,21,1,1,0,96,0,308,yes
202608,11,11110,1111067000,q,서울,서울특별시 종로구,종로구 창신1동 ,수소,0,0,0,0,1,0,0,0,0,0,0,0,1,no
202608,11,11110,1111061500,h,서울,서울특별시 종로구,종로구 종로1.2.3.4가동 ,휘발유(무연),16,0,0,0,1531,1,6,0,0,0,0,0,1554,no
202608,11,11110,1111061500,j,서울,서울특별시 종로구,종로구 종로1.2.3.4가동 ,CNG,0,1,13,0,1,0,0,0,0,6,0,0,21,no
202608,11,11110,1111061500,l,서울,서울특별시 종로구,종로구 종로1.2.3.4가동 ,하이브리드(휘발유+전기),12,2,0,0,509,2,7,0,1,4,0,0,537,no
202608,11,11110,1111061500,m,서울,서울특별시 종로구,종로구 종로1.2.3.4가동 ,하이브리드(경유+전기),0,0,0,0,27,0,0,0,0,0,0,0,27,no
202608,11,11110,1111061500,n,서울,서울특별시 종로구,종로구 종로1.2.3.4가동 ,하이브리드(LPG+전기),2,0,0,0,1,0,0,0,0,0,0,0,3,no
202608,11,11110,1111061500,q,서울,서울특별시 종로구,종로구 종로1.2.3.4가동 ,수소,1,0,0,0,7,0,0,0,0,0,0,0,8,no
202608,11,11110,1111061500,z,서울,서울특별시 종로구,종로구 종로1.2.3.4가동 ,기타연료,0,0,0,0,0,4,5,2,0,0,39,0,50,no
202608,11,11110,1111063000,a,서울,서울특별시 종로구,종로구 종로5.6가동 ,휘발유,0,0,0,0,296,0,2,0,0,0,0,0,298,no
202608,11,11110,1111063000,b,서울,서울특별시 종로구,종로구 종로5.6가동 ,경유,0,1,0,0,315,68,269,2,0,0,3,1,659,no
202608,11,11110,1111063000,c,서울,서울특별시 종로구,종로구 종로5.6가동 ,엘피지,0,0,0,0,54,14,52,1,11,0,3,0,135,no
202608,11,11110,1111063000,e,서울,서울특별시 종로구,종로구 종로5.6가동 ,전기,0,0,0,0,46,0,51,0,0,0,0,0,97,yes
202608,11,11110,1111063000,h,서울,서울특별시 종로구,종로구 종로5.6가동 ,휘발유(무연),0,0,0,0,541,0,0,0,2,0,0,0,543,no
202608,11,11110,1111063000,l,서울,서울특별시 종로구,종로구 종로5.6가동 ,하이브리드(휘발유+전기),0,0,0,0,183,5,4,0,0,0,0,0,192,no
202608,11,11110,1111063000,m,서울,서울특별시 종로구,종로구 종로5.6가동 ,하이브리드(경유+전기),0,0,0,0,8,0,0,0,0,0,0,0,8,no
202608,11,11110,1111063000,q,서울,서울특별시 종로구,종로구 종로5.6가동 ,수소,0,0,0,0,1,0,0,0,0,0,0,0,1,no
202608,11,11110,1111063000,r,서울,서울특별시 종로구,종로구 종로5.6가동 ,수소전기,0,0,0,0,1,0,0,0,0,0,0,0,1,no
202608,11,11110,1111063000,z,서울,서울특별시 종로구,종로구 종로5.6가동 ,기타연료,0,0,0,0,0,0,4,1,0,0,1,0,6,no
202608,11,11110,1111064000,a,서울,서울특별시 종로구,종로구 이화동 ,휘발유,0,0,0,0,305,0,5,0,0,0,0,0,310,no
202608,11,11110,1111064000,b,서울,서울특별시 종로구,종로구 이화동 ,경유,0,2,0,0,298,50,108,6,0,2,13,0,479,no
202608,11,11110,1111064000,c,서울,서울특별시 종로구,종로구 이화동 ,엘피지,0,0,0,0,62,7,11,0,10,0,8,0,98,no
202608,11,11110,1111064000,e,서울,서울특별시 종로구,종로구 이화동 ,전기,0,0,0,0,40,0,15,0,0,5,1,0,61,yes
202608,11,11110,1111064000,h,서울,서울특별시 종로구,종로구 이화동 ,휘발유(무연),0,0,0,0,566,0,0,0,0,0,0,0,566,no
202608,11,11110,1111064000,j,서울,서울특별시 종로구,종로구 이화동 ,CNG,0,0,0,0,0,1,0,0,0,0,0,0,1,no
202608,11,11110,1111064000,l,서울,서울특별시 종로구,종로구 이화동 ,하이브리드(휘발유+전기),0,0,0,0,141,2,3,0,0,0,0,0,146,no
202608,11,11110,1111064000,m,서울,서울특별시 종로구,종로구 이화동 ,하이브리드(경유+전기),0,0,0,0,1,0,0,0,0,0,0,0,1,no
202608,11,11110,1111064000,q,서울,서울특별시 종로구,종로구 이화동 ,수소,0,0,0,0,4,0,0,0,0,0,0,0,4,no
202608,11,11110,1111064000,z,서울,서울특별시 종로구,종로구 이화동 ,기타연료,0,0,0,0,0,0,4,0,0,0,0,0,4,no
202608,11,11110,1111065000,a,서울,서울특별시 종로구,종로구 혜화동 ,휘발유,0,0,0,0,633,1,7,0,0,0,0,0,641,no
202608,11,11110,1111065000,b,서울,서울특별시 종로구,종로구 혜화동 ,경유,0,1,0,0,639,72,161,3,0,12,14,3,905,no
202608,11,11110,1111065000,c,서울,서울특별시 종로구,종로구 혜화동 ,엘피지,0,2,0,0,103,9,33,0,27,0,4,0,178,no
202608,11,11110,1111065000,e,서울,서울특별시 종로구,종로구 혜화동 ,전기,0,0,0,0,82,0,9,0,5,18,2,0,116,yes
202608,11,11110,1111065000,g,서울,서울특별시 종로구,종로구 혜화동 ,휘발유(유연),0,0,0,0,1,0,0,0,0,0,0,0,1,no
202608,11,11110,1111065000,h,서울,서울특별시 종로구,종로구 혜화동 ,휘발유(무연),0,0,0,0,1200,2,1,0,0,0,0,0,1203,no
202608,11,11110,1111065000,j,서울,서울특별시 종로구,종로구 혜화동 ,CNG,0,0,0,0,1,0,0,0,0,62,0,0,63,no
202608,11,11110,1111065000,l,서울,서울특별시 종로구,종로구 혜화동 ,하이브리드(휘발유+전기),1,0,0,0,347,1,2,0,1,0,0,0,352,no
202608,11,11110,1111065000,m,서울,서울특별시 종로구,종로구 혜화동 ,하이브리드(경유+전기),0,0,0,0,6,0,0,0,0,0,0,0,6,no
202608,11,11110,1111065000,q,서울,서울특별시 종로구,종로구 혜화동 ,수소,0,0,0,0,6,0,0,0,0,0,0,0,6,no
202608,11,11110,1111065000,r,서울,서울특별시 종로구,종로구 혜화동 ,수소전기,0,0,0,0,1,0,0,0,0,0,0,0,1,no
202608,11,11110,1111065000,z,서울,서울특별시 종로구,종로구 혜화동 ,기타연료,0,0,0,0,0,2,2,0,0,0,0,0,4,no
202608,11,11110,1111066000,a,서울,서울특별시 종로구,종로구 명륜3가동 ,휘발유,0,0,0,0,2,0,0,0,0,0,0,0,2,no
202608,11,11110,1111066000,b,서울,서울특별시 종로구,종로구 명륜3가동 ,경유,0,0,0,0,2,0,3,0,0,0,0,0,5,no
202608,11,11110,1111066000,h,서울,서울특별시 종로구,종로구 명륜3가동 ,휘발유(무연),0,0,0,0,2,0,0,0,0,0,0,0,2,no
202608,11,11110,1111067000,a,서울,서울특별시 종로구,종로구 창신1동 ,휘발유,0,0,0,0,203,1,3,0,32,0,0,0,239,no
202608,11,11110,1111067000,b,서울,서울특별시 종로구,종로구 창신1동 ,경유,0,0,0,0,206,49,98,2,2,4,7,1,369,no
202608,11,11110,1111067000,c,서울,서울특별시 종로구,종로구 창신1동 ,엘피지,0,0,0,0,33,5,11,2,4,0,2,0,57,no
202608,11,11110,1111067000,e,서울,서울특별시 종로구,종로구 창신1동 ,전기,0,0,0,0,17,0,2,0,32,0,1,0,52,yes
202608,11,11110,1111067000,h,서울,서울특별시 종로구,종로구 창신1동 ,휘발유(무연),1,0,0,0,360,1,0,0,16,0,0,0,378,no
202608,11,11110,1111067000,l,서울,서울특별시 종로구,종로구 창신1동 ,하이브리드(휘발유+전기),0,0,0,0,85,0,2,0,6,0,0,0,93,no
202608,11,11110,1111067000,m,서울,서울특별시 종로구,종로구 창신1동 ,하이브리드(경유+전기),0,0,0,0,1,0,0,0,0,0,0,0,1,no
202608,11,11110,1111067000,n,서울,서울특별시 종로구,종로구 창신1동 ,하이브리드(LPG+전기),0,0,0,0,2,0,0,0,0,0,0,0,2,no
202608,11,11110,1111067000,z,서울,서울특별시 종로구,종로구 창신1동 ,기타연료,0,0,0,0,0,0,1,0,0,0,0,0,1,no
202608,11,11110,1111068000,a,서울,서울특별시 종로구,종로구 창신2동 ,휘발유,0,0,0,0,183,1,1,0,0,0,0,0,185,no
202608,11,11110,1111068000,b,서울,서울특별시 종로구,종로구 창신2동 ,경유,0,0,0,0,303,41,97,2,0,0,14,1,458,no
202608,11,11110,1111068000,c,서울,서울특별시 종로구,종로구 창신2동 ,엘피지,0,0,0,0,76,7,14,0,12,0,9,0,118,no
202608,11,11110,1111068000,e,서울,서울특별시 종로구,종로구 창신2동 ,전기,0,0,0,0,17,0,6,0,1,0,4,0,28,yes
202608,11,11110,1111068000,h,서울,서울특별시 종로구,종로구 창신2동 ,휘발유(무연),1,0,0,0,500,2,1,0,0,0,0,0,504,no
202608,11,11110,1111068000,l,서울,서울특별시 종로구,종로구 창신2동 ,하이브리드(휘발유+전기),0,0,0,0,79,1,1,0,0,0,0,0,81,no
202608,11,11110,1111068000,m,서울,서울특별시 종로구,종로구 창신2동 ,하이브리드(경유+전기),0,0,0,0,3,0,0,0,0,0,0,0,3,no
202608,11,11110,1111068000,n,서울,서울특별시 종로구,종로구 창신2동 ,하이브리드(LPG+전기),0,0,0,0,1,0,0,0,0,0,0,0,1,no
202608,11,11110,1111068000,q,서울,서울특별시 종로구,종로구 창신2동 ,수소,0,0,0,0,1,0,0,0,0,0,0,0,1,no
202608,11,11110,1111068000,z,서울,서울특별시 종로구,종로구 창신2동 ,기타연료,0,0,0,0,0,1,0,0,0,0,0,0,1,no
202608,11,11110,1111069000,a,서울,서울특별시 종로구,종로구 창신3동 ,휘발유,0,0,0,0,261,0,3,0,0,0,0,0,264,no
202608,11,11110,1111069000,b,서울,서울특별시 종로구,종로구 창신3동 ,경유,0,0,0,0,330,24,100,1,0,4,17,1,477,no
202608,11,11110,1111069000,c,서울,서울특별시 종로구,종로구 창신3동 ,엘피지,0,0,0,0,74,3,7,0,15,0,7,0,106,no
202608,11,11110,1111069000,e,서울,서울특별시 종로구,종로구 창신3동 ,전기,0,0,0,0,36,0,4,0,3,3,1,0,47,yes
202608,11,11110,1111069000,h,서울,서울특별시 종로구,종로구 창신3동 ,휘발유(무연),0,0,0,0,567,0,0,0,0,0,0,0,567,no
202608,11,11110,1111069000,j,서울,서울특별시 종로구,종로구 창신3동 ,CNG,0,0,0,0,0,0,0,0,0,1,0,0,1,no
202608,11,11110,1111069000,l,서울,서울특별시 종로구,종로구 창신3동 ,하이브리드(휘발유+전기),0,0,0,0,163,0,0,0,0,0,0,0,163,no
202608,11,11110,1111069000,m,서울,서울특별시 종로구,종로구 창신3동 ,하이브리드(경유+전기),0,0,0,0,2,0,0,0,0,0,0,0,2,no
202608,11,11110,1111069000,z,서울,서울특별시 종로구,종로구 창신3동 ,기타연료,0,0,0,0,0,1,3,0,0,0,0,0,4,no
202608,11,11110,1111070000,a,서울,서울특별시 종로구,종로구 숭인1동 ,휘발유,0,0,0,0,269,0,0,0,0,0,0,0,269,no
202608,11,11110,1111070000,b,서울,서울특별시 종로구,종로구 숭인1동 ,경유,0,0,0,0,344,30,137,3,0,0,9,0,523,no
202608,11,11110,1111070000,c,서울,서울특별시 종로구,종로구 숭인1동 ,엘피지,0,0,0,0,53,8,17,2,8,0,6,0,94,no
202608,11,11110,1111070000,e,서울,서울특별시 종로구,종로구 숭인1동 ,전기,0,0,0,0,37,0,7,0,2,0,3,0,49,yes
202608,11,11110,1111070000,h,서울,서울특별시 종로구,종로구 숭인1동 ,휘발유(무연),0,0,0,0,469,0,1,0,0,0,0,0,470,no
202608,11,11110,1111070000,l,서울,서울특별시 종로구,종로구 숭인1동 ,하이브리드(휘발유+전기),0,0,0,0,141,0,1,0,1,0,0,0,143,no
202608,11,11110,1111070000,m,서울,서울특별시 종로구,종로구 숭인1동 ,하이브리드(경유+전기),0,0,0,0,2,0,0,0,0,0,0,0,2,no
202608,11,11110,1111070000,n,서울,서울특별시 종로구,종로구 숭인1동 ,하이브리드(LPG+전기),0,0,0,0,1,0,0,0,0,0,0,0,1,no
202608,11,11110,1111070000,z,서울,서울특별시 종로구,종로구 숭인1동 ,기타연료,0,0,0,0,0,0,1,1,0,0,0,0,2,no
202608,11,11110,1111071000,a,서울,서울특별시 종로구,종로구 숭인2동 ,휘발유,0,0,0,0,442,2,3,0,0,0,0,0,447,no
202608,11,11110,1111071000,b,서울,서울특별시 종로구,종로구 숭인2동 ,경유,0,0,0,0,342,44,205,4,0,0,12,1,608,no
202608,11,11110,1111071000,c,서울,서울특별시 종로구,종로구 숭인2동 ,엘피지,0,0,0,0,73,22,27,0,17,0,9,0,148,no
202608,11,11110,1111071000,e,서울,서울특별시 종로구,종로구 숭인2동 ,전기,0,0,0,0,40,0,11,0,2,0,5,0,58,yes
202608,11,11110,1111071000,h,서울,서울특별시 종로구,종로구 숭인2동 ,휘발유(무연),0,0,0,0,830,1,1,0,0,0,0,0,832,no
202608,11,11110,1111071000,l,서울,서울특별시 종로구,종로구 숭인2동 ,하이브리드(휘발유+전기),0,0,0,0,171,0,2,0,1,0,0,0,174,no
202608,11,11110,1111071000,m,서울,서울특별시 종로구,종로구 숭인2동 ,하이브리드(경유+전기),0,0,0,0,8,0,0,0,0,0,0,0,8,no
202608,11,11110,1111071000,n,서울,서울특별시 종로구,종로구 숭인2동 ,하이브리드(LPG+전기),0,0,0,0,1,0,0,0,0,0,0,0,1,no
202608,11,11110,1111071000,z,서울,서울특별시 종로구,종로구 숭인2동 ,기타연료,0,0,0,0,0,2,0,0,0,0,0,0,2,no
202608,11,11110,1114055000,b,서울,서울특별시 종로구,중구 명동 ,경유,0,0,0,0,0,1,0,0,0,0,0,0,1,no
202608,11,11140,1114012800,h,서울,서울특별시 중구,기타,휘발유(무연),0,0,0,0,1,0,0,0,0,0,0,0,1,no
202608,11,11140,1114013800,a,서울,서울특별시 중구,기타,휘발유,0,0,0,0,1,0,0,0,0,0,0,0,1,no
202608,11,11140,1114013900,h,서울,서울특별시 중구,기타,휘발유(무연),0,0,0,0,1,0,0,0,0,0,0,0,1,no
202608,11,11140,1114051000,c,서울,서울특별시 중구,중구 태평로1가동 ,엘피지,0,0,0,0,0,1,0,0,0,0,0,0,1,no
202608,11,11140,1114052000,a,서울,서울특별시 중구,중구 소공동 ,휘발유,0,0,0,0,503,0,7,0,25,0,0,0,535,no
202608,11,11140,1114052000,b,서울,서울특별시 중구,중구 소공동 ,경유,0,0,2,0,372,117,198,5,15,175,314,8,1206,no
202608,11,11140,1114052000,c,서울,서울특별시 중구,중구 소공동 ,엘피지,0,5,0,1,18,11,22,0,14,10,33,0,114,no
202608,11,11140,1114052000,e,서울,서울특별시 중구,중구 소공동 ,전기,8,0,1,0,90,1,8,0,15,0,50,0,173,yes
202608,11,11140,1114052000,h,서울,서울특별시 중구,중구 소공동 ,휘발유(무연),0,0,0,0,805,3,2,0,45,0,0,0,855,no
202608,11,11140,1114052000,j,서울,서울특별시 중구,중구 소공동 ,CNG,0,0,0,0,1,0,0,0,0,0,0,0,1,no
202608,11,11140,1114052000,l,서울,서울특별시 중구,중구 소공동 ,하이브리드(휘발유+전기),3,0,0,0,322,1,1,0,18,1,0,0,346,no
202608,11,11140,1114052000,m,서울,서울특별시 중구,중구 소공동 ,하이브리드(경유+전기),0,0,0,0,18,0,0,0,0,0,0,0,18,no
202608,11,11140,1114052000,q,서울,서울특별시 중구,중구 소공동 ,수소,0,0,0,0,1,0,0,0,0,0,0,0,1,no
202608,11,11140,1114052000,r,서울,서울특별시 중구,중구 소공동 ,수소전기,0,0,0,0,3,0,0,0,0,0,0,0,3,no
202608,11,11140,1114052000,z,서울,서울특별시 중구,중구 소공동 ,기타연료,0,0,0,0,1,1,2,3,0,0,3,0,10,no
202608,11,11140,1114053000,b,서울,서울특별시 중구,중구 남대문로5가동 ,경유,0,0,0,0,1,0,0,0,0,0,0,0,1,no
202608,11,11140,1114054000,a,서울,서울특별시 중구,중구 회현동 ,휘발유,0,0,0,0,811,2,3,0,0,0,0,0,816,no
202608,11,11140,1114054000,b,서울,서울특별시 중구,중구 회현동 ,경유,0,6,4,0,520,98,277,64,80,37,70,5,1161,no
202608,11,11140,1114054000,c,서울,서울특별시 중구,중구 회현동 ,엘피지,0,2,0,0,31,11,29,0,7,0,5,0,85,no
202608,11,11140,1114054000,e,서울,서울특별시 중구,중구 회현동 ,전기,0,0,0,0,330,2,19,0,17,0,4,0,372,yes
202608,11,11140,1114054000,g,서울,서울특별시 중구,중구 회현동 ,휘발유(유연),0,0,0,0,1,0,0,0,0,0,0,0,1,no
202608,11,11140,1114054000,h,서울,서울특별시 중구,중구 회현동 ,휘발유(무연),3,0,0,0,718,0,0,0,121,0,0,0,842,no
202608,11,11140,1114054000,l,서울,서울특별시 중구,중구 회현동 ,하이브리드(휘발유+전기),2,1,0,0,571,0,3,0,16,0,0,0,593,no
202608,11,11140,1114054000,m,서울,서울특별시 중구,중구 회현동 ,하이브리드(경유+전기),0,0,0,0,55,0,0,0,0,0,0,0,55,no
202608,11,11140,1114054000,q,서울,서울특별시 중구,중구 회현동 ,수소,0,0,0,0,12,0,0,0,0,0,0,0,12,no
202608,11,11140,1114054000,r,서울,서울특별시 중구,중구 회현동 ,수소전기,0,0,0,0,21,0,0,0,0,0,0,0,21,no
202608,11,11140,1114054000,z,서울,서울특별시 중구,중구 회현동 ,기타연료,0,0,0,0,0,0,1,1,0,0,8,0,10,no
202608,11,11140,1114055000,a,서울,서울특별시 중구,중구 명동 ,휘발유,1,28,0,0,751,3,2,0,4,0,0,0,789,no
202608,11,11140,1114055000,b,서울,서울특별시 중구,중구 명동 ,경유,11,158,52,6,457,355,491,28,38,42,45,56,1739,no
202608,11,11140,1114055000,c,서울,서울특별시 중구,중구 명동 ,엘피지,4,423,16,5,42,31,117,0,5,0,3,0,646,no
202608,11,11140,1114055000,e,서울,서울특별시 중구,중구 명동 ,전기,121,3,5,1,139,7,12,0,38,5,0,0,331,yes
202608,11,11140,1114055000,h,서울,서울특별시 중구,중구 명동 ,휘발유(무연),4,138,0,0,1021,4,3,0,36,0,0,0,1206,no
202608,11,11140,1114055000,j,서울,서울특별시 중구,중구 명동 ,CNG,0,1,0,0,0,0,0,0,0,0,0,0,1,no
202608,11,11140,1114055000,l,서울,서울특별시 중구,중구 명동 ,하이브리드(휘발유+전기),16,2,2,0,537,9,1,0,54,0,0,0,621,no
202608,11,11140,1114055000,m,서울,서울특별시 중구,중구 명동 ,하이브리드(경유+전기),0,0,0,0,18,0,0,0,0,0,0,0,18,no
202608,11,11140,1114055000,q,서울,서울특별시 중구,중구 명동 ,수소,8,0,0,0,5,1,0,0,3,0,0,0,17,no
202608,11,11140,1114055000,z,서울,서울특별시 중구,중구 명동 ,기타연료,0,0,1,1,0,0,38,2,0,0,38,0,80,no
202608,11,11140,1114057000,a,서울,서울특별시 중구,중구 필동 ,휘발유,0,0,0,0,386,3,2,0,0,0,0,0,391,no
202608,11,11140,1114057000,b,서울,서울특별시 중구,중구 필동 ,경유,6,6,1,1,405,60,234,0,2,3,1,1,720,no
202608,11,11140,1114057000,c,서울,서울특별시 중구,중구 필동 ,엘피지,0,0,2,0,53,9,53,2,7,0,4,0,130,no
202608,11,11140,1114057000,e,서울,서울특별시 중구,중구 필동 ,전기,7,0,2,0,68,0,15,0,0,0,0,0,92,yes
202608,11,11140,1114057000,h,서울,서울특별시 중구,중구 필동 ,휘발유(무연),0,0,0,0,724,1,2,0,0,0,0,0,727,no
202608,11,11140,1114057000,l,서울,서울특별시 중구,중구 필동 ,하이브리드(휘발유+전기),3,0,0,0,274,1,0,0,6,0,0,0,284,no
202608,11,11140,1114057000,m,서울,서울특별시 중구,중구 필동 ,하이브리드(경유+전기),0,0,0,0,7,0,0,0,0,0,0,0,7,no
202608,11,11140,1114057000,n,서울,서울특별시 중구,중구 필동 ,하이브리드(LPG+전기),0,0,0,0,1,0,0,0,0,0,0,0,1,no
202608,11,11140,1114057000,q,서울,서울특별시 중구,중구 필동 ,수소,0,0,0,0,2,0,0,0,0,0,0,0,2,no
202608,11,11140,1114057000,z,서울,서울특별시 중구,중구 필동 ,기타연료,0,0,0,0,0,1,2,1,0,0,1,0,5,no
202608,11,11140,1114058000,a,서울,서울특별시 중구,중구 장충동 ,휘발유,0,0,0,0,223,0,0,0,0,0,0,0,223,no
202608,11,11140,1114058000,b,서울,서울특별시 중구,중구 장충동 ,경유,0,0,6,0,220,59,156,0,0,0,4,0,445,no
202608,11,11140,1114058000,c,서울,서울특별시 중구,중구 장충동 ,엘피지,0,1,7,0,48,8,16,0,3,0,1,0,84,no
202608,11,11140,1114058000,e,서울,서울특별시 중구,중구 장충동 ,전기,21,1,1,0,19,0,5,0,2,0,4,0,53,yes
202608,11,11140,1114058000,h,서울,서울특별시 중구,중구 장충동 ,휘발유(무연),5,0,0,0,380,1,4,0,0,0,0,0,390,no
202608,11,11140,1114058000,l,서울,서울특별시 중구,중구 장충동 ,하이브리드(휘발유+전기),1,0,0,0,113,0,0,0,0,0,0,0,114,no
202608,11,11140,1114058000,m,서울,서울특별시 중구,중구 장충동 ,하이브리드(경유+전기),0,0,0,0,2,0,0,0,0,0,0,0,2,no
202608,11,11140,1114058000,q,서울,서울특별시 중구,중구 장충동 ,수소,0,0,0,0,3,0,0,0,0,0,0,0,3,no
202608,11,11140,1114058000,z,서울,서울특별시 중구,중구 장충동 ,기타연료,0,0,0,0,0,1,2,5,0,0,0,0,8,no
202608,11,11140,1114059000,a,서울,서울특별시 중구,중구 광희동 ,휘발유,3,0,0,0,491,1,1,0,7,0,0,0,503,no
202608,11,11140,1114059000,b,서울,서울특별시 중구,중구 광희동 ,경유,10,17,37,2,418,67,239,4,18,5,8,1,826,no
202608,11,11140,1114059000,c,서울,서울특별시 중구,중구 광희동 ,엘피지,2,3,2,1,66,20,44,0,4,0,5,0,147,no
202608,11,11140,1114059000,e,서울,서울특별시 중구,중구 광희동 ,전기,29,0,0,0,73,0,7,0,15,0,0,0,124,yes
202608,11,11140,1114059000,h,서울,서울특별시 중구,중구 광희동 ,휘발유(무연),3,0,0,0,703,0,5,0,133,0,0,0,844,no
202608,11,11140,1114059000,j,서울,서울특별시 중구,중구 광희동 ,CNG,0,0,13,0,0,0,0,0,0,0,0,0,13,no
202608,11,11140,1114059000,l,서울,서울특별시 중구,중구 광희동 ,하이브리드(휘발유+전기),4,0,0,0,233,0,2,0,117,2,0,0,358,no
202608,11,11140,1114059000,m,서울,서울특별시 중구,중구 광희동 ,하이브리드(경유+전기),0,0,0,0,8,0,0,0,1,0,0,0,9,no
202608,11,11140,1114059000,n,서울,서울특별시 중구,중구 광희동 ,하이브리드(LPG+전기),0,0,0,0,1,0,0,0,0,0,0,0,1,no
202608,11,11140,1114059000,q,서울,서울특별시 중구,중구 광희동 ,수소,0,0,0,0,4,0,0,0,0,0,0,0,4,no
202608,11,11140,1114059000,z,서울,서울특별시 중구,중구 광희동 ,기타연료,0,0,0,0,2,0,3,0,0,0,0,0,5,no
202608,11,11140,1114060000,a,서울,서울특별시 중구,중구 을지로3.4.5가동 ,휘발유,0,0,0,0,13,0,0,0,0,0,0,0,13,no
202608,11,11140,1114060000,b,서울,서울특별시 중구,중구 을지로3.4.5가동 ,경유,0,0,0,0,1,2,14,0,0,0,0,0,17,no
202608,11,11140,1114060000,c,서울,서울특별시 중구,중구 을지로3.4.5가동 ,엘피지,0,0,0,0,1,2,0,0,0,0,0,0,3,no
202608,11,11140,1114060000,h,서울,서울특별시 중구,중구 을지로3.4.5가동 ,휘발유(무연),0,0,0,0,7,0,0,0,0,0,0,0,7,no
202608,11,11140,1114060500,a,서울,서울특별시 중구,중구 을지로동 ,휘발유,0,0,0,0,378,0,5,0,0,0,0,0,383,no
202608,11,11140,1114060500,b,서울,서울특별시 중구,중구 을지로동 ,경유,0,0,1,0,324,47,219,2,0,6,4,2,605,no
202608,11,11140,1114060500,c,서울,서울특별시 중구,중구 을지로동 ,엘피지,0,0,0,0,27,13,27,0,1,0,0,0,68,no
202608,11,11140,1114060500,e,서울,서울특별시 중구,중구 을지로동 ,전기,0,0,0,0,66,0,10,0,1,0,2,0,79,yes
202608,11,11140,1114060500,g,서울,서울특별시 중구,중구 을지로동 ,휘발유(유연),0,0,0,0,1,0,0,0,0,0,0,0,1,no
202608,11,11140,1114060500,h,서울,서울특별시 중구,중구 을지로동 ,휘발유(무연),0,0,0,0,598,1,2,0,0,0,0,0,601,no
202608,11,11140,1114060500,l,서울,서울특별시 중구,중구 을지로동 ,하이브리드(휘발유+전기),0,0,0,0,231,0,4,0,0,0,0,0,235,no
202608,11,11140,1114060500,m,서울,서울특별시 중구,중구 을지로동 ,하이브리드(경유+전기),0,0,0,0,4,0,0,0,0,0,0,0,4,no
202608,11,11140,1114060500,n,서울,서울특별시 중구,중구 을지로동 ,하이브리드(LPG+전기),0,0,0,0,1,0,0,0,0,0,0,0,1,no
202608,11,11140,1114060500,r,서울,서울특별시 중구,중구 을지로동 ,수소전기,0,0,0,0,1,0,0,0,0,0,0,0,1,no
202608,11,11140,1114060500,z,서울,서울특별시 중구,중구 을지로동 ,기타연료,0,0,0,0,0,1,3,1,0,0,0,0,5,no
202608,11,11140,1114061000,a,서울,서울특별시 중구,중구 신당1동 ,휘발유,0,0,0,0,6,0,0,0,0,0,0,0,6,no
202608,11,11140,1114061000,b,서울,서울특별시 중구,중구 신당1동 ,경유,0,0,0,0,3,3,3,0,0,0,0,0,9,no
202608,11,11140,1114061000,c,서울,서울특별시 중구,중구 신당1동 ,엘피지,0,0,0,0,0,0,1,0,0,0,0,0,1,no
202608,11,11140,1114061000,h,서울,서울특별시 중구,중구 신당1동 ,휘발유(무연),0,0,0,0,8,0,0,0,0,0,0,0,8,no
202608,11,11140,1114061500,a,서울,서울특별시 중구,중구 신당동 ,휘발유,0,0,0,0,490,0,4,0,3,0,0,0,497,no
202608,11,11140,1114061500,b,서울,서울특별시 중구,중구 신당동 ,경유,0,11,14,8,524,67,296,1,29,9,184,3,1146,no
202608,11,11140,1114061500,c,서울,서울특별시 중구,중구 신당동 ,엘피지,0,3,1,0,53,8,44,0,20,0,8,0,137,no
202608,11,11140,1114061500,e,서울,서울특별시 중구,중구 신당동 ,전기,13,0,2,0,70,0,13,0,1,0,1,0,100,yes
202608,11,11140,1114061500,h,서울,서울특별시 중구,중구 신당동 ,휘발유(무연),1,0,0,0,780,4,1,0,17,0,0,0,803,no
202608,11,11140,1114061500,j,서울,서울특별시 중구,중구 신당동 ,CNG,0,0,0,0,0,0,4,0,0,0,0,0,4,no
202608,11,11140,1114061500,l,서울,서울특별시 중구,중구 신당동 ,하이브리드(휘발유+전기),2,0,0,0,224,3,2,0,11,1,0,0,243,no
202608,11,11140,1114061500,m,서울,서울특별시 중구,중구 신당동 ,하이브리드(경유+전기),0,0,0,0,11,0,0,0,2,0,0,0,13,no
202608,11,11140,1114061500,z,서울,서울특별시 중구,중구 신당동 ,기타연료,0,0,0,0,0,1,2,4,0,0,1,0,8,no
202608,11,11140,1114062000,a,서울,서울특별시 중구,중구 신당2동 ,휘발유,0,0,0,0,4,0,0,0,0,0,0,0,4,no
202608,11,11140,1114062000,b,서울,서울특별시 중구,중구 신당2동 ,경유,0,0,0,0,1,1,3,0,0,0,0,0,5,no
202608,11,11140,1114062000,c,서울,서울특별시 중구,중구 신당2동 ,엘피지,0,0,0,0,0,0,1,0,0,0,0,0,1,no
202608,11,11140,1114062000,h,서울,서울특별시 중구,중구 신당2동 ,휘발유(무연),0,0,0,0,6,0,0,0,0,0,0,0,6,no
202608,11,11140,1114062500,a,서울,서울특별시 중구,중구 다산동 ,휘발유,0,0,0,0,591,0,3,0,0,0,0,0,594,no
202608,11,11140,1114062500,b,서울,서울특별시 중구,중구 다산동 ,경유,0,0,1,0,670,67,210,4,1,0,29,2,984,no
202608,11,11140,1114062500,c,서울,서울특별시 중구,중구 다산동 ,엘피지,0,0,0,0,108,15,27,1,30,0,12,0,193,no
202608,11,11140,1114062500,e,서울,서울특별시 중구,중구 다산동 ,전기,0,0,0,0,83,0,6,0,3,0,6,0,98,yes
202608,11,11140,1114062500,g,서울,서울특별시 중구,중구 다산동 ,휘발유(유연),0,0,0,0,3,0,0,0,0,0,0,0,3,no
202608,11,11140,1114062500,h,서울,서울특별시 중구,중구 다산동 ,휘발유(무연),1,0,0,0,949,1,4,0,0,0,0,0,955,no
202608,11,11140,1114062500,l,서울,서울특별시 중구,중구 다산동 ,하이브리드(휘발유+전기),0,0,0,0,268,0,1,0,1,0,0,0,270,no
202608,11,11140,1114062500,m,서울,서울특별시 중구,중구 다산동 ,하이브리드(경유+전기),0,0,0,0,4,0,0,0,0,0,0,0,4,no
202608,11,11140,1114062500,n,서울,서울특별시 중구,중구 다산동 ,하이브리드(LPG+전기),0,0,0,0,2,0,0,0,0,0,0,0,2,no
202608,11,11140,1114062500,q,서울,서울특별시 중구,중구 다산동 ,수소,0,0,0,0,3,0,0,0,0,0,0,0,3,no
202608,11,11140,1114062500,z,서울,서울특별시 중구,중구 다산동 ,기타연료,0,0,0,0,0,1,4,3,0,0,0,0,8,no
202608,11,11140,1114063000,a,서울,서울특별시 중구,중구 신당3동 ,휘발유,0,0,0,0,7,0,0,0,0,0,0,0,7,no
202608,11,11140,1114063000,b,서울,서울특별시 중구,중구 신당3동 ,경유,0,0,0,0,0,1,1,0,0,0,0,0,2,no
202608,11,11140,1114063000,h,서울,서울특별시 중구,중구 신당3동 ,휘발유(무연),0,0,0,0,1,0,0,0,0,0,0,0,1,no
202608,11,11140,1114063500,a,서울,서울특별시 중구,중구 약수동 ,휘발유,0,0,0,0,950,1,3,0,0,0,0,0,954,no
202608,11,11140,1114063500,b,서울,서울특별시 중구,중구 약수동 ,경유,0,0,2,0,878,79,171,5,0,0,22,3,1160,no
202608,11,11140,1114063500,c,서울,서울특별시 중구,중구 약수동 ,엘피지,0,0,0,0,105,13,20,0,37,0,11,0,186,no
202608,11,11140,1114063500,e,서울,서울특별시 중구,중구 약수동 ,전기,0,0,0,0,165,0,7,1,2,0,5,0,180,yes
202608,11,11140,1114063500,h,서울,서울특별시 중구,중구 약수동 ,휘발유(무연),0,0,0,0,1499,1,0,0,0,0,0,0,1500,no
202608,11,11140,1114063500,l,서울,서울특별시 중구,중구 약수동 ,하이브리드(휘발유+전기),0,0,0,0,560,2,1,0,1,0,0,0,564,no
202608,11,11140,1114063500,m,서울,서울특별시 중구,중구 약수동 ,하이브리드(경유+전기),0,0,0,0,13,0,0,0,0,0,0,0,13,no
202608,11,11140,1114063500,q,서울,서울특별시 중구,중구 약수동 ,수소,0,0,0,0,4,0,0,0,0,0,0,0,4,no
202608,11,11140,1114063500,z,서울,서울특별시 중구,중구 약수동 ,기타연료,0,0,0,0,0,7,5,3,0,0,0,0,15,no
202608,11,11140,1114064000,a,서울,서울특별시 중구,중구 신당4동 ,휘발유,0,0,0,0,2,0,0,0,0,0,0,0,2,no
202608,11,11140,1114064000,b,서울,서울특별시 중구,중구 신당4동 ,경유,0,0,0,0,0,2,0,0,0,0,0,0,2,no
202608,11,11140,1114064000,h,서울,서울특별시 중구,중구 신당4동 ,휘발유(무연),0,0,0,0,1,0,0,0,0,0,0,0,1,no
202608,11,11140,1114064500,a,서울,서울특별시 중구,중구 청구동 ,휘발유,0,0,0,0,584,0,1,0,0,0,0,0,585,no
202608,11,11140,1114064500,b,서울,서울특별시 중구,중구 청구동 ,경유,0,0,1,0,558,38,133,3,0,0,23,0,756,no
202608,11,11140,1114064500,c,서울,서울특별시 중구,중구 청구동 ,엘피지,0,0,0,0,81,5,19,0,19,0,7,0,131,no
202608,11,11140,1114064500,e,서울,서울특별시 중구,중구 청구동 ,전기,0,0,0,0,82,1,10,0,4,0,4,0,101,yes
202608,11,11140,1114064500,g,서울,서울특별시 중구,중구 청구동 ,휘발유(유연),0,0,0,0,1,0,0,0,0,0,0,0,1,no
202608,11,11140,1114064500,h,서울,서울특별시 중구,중구 청구동 ,휘발유(무연),0,0,0,0,1086,0,0,0,0,0,0,0,1086,no
202608,11,11140,1114064500,l,서울,서울특별시 중구,중구 청구동 ,하이브리드(휘발유+전기),0,0,0,0,345,0,1,0,1,0,0,0,347,no
202608,11,11140,1114064500,m,서울,서울특별시 중구,중구 청구동 ,하이브리드(경유+전기),0,0,0,0,6,0,0,0,0,0,0,0,6,no
202608,11,11140,1114064500,n,서울,서울특별시 중구,중구 청구동 ,하이브리드(LPG+전기),0,0,0,0,2,0,0,0,0,0,0,0,2,no
202608,11,11140,1114064500,q,서울,서울특별시 중구,중구 청구동 ,수소,0,0,0,0,3,0,0,0,0,0,0,0,3,no
202608,11,11140,1114064500,z,서울,서울특별시 중구,중구 청구동 ,기타연료,0,0,0,0,0,2,2,0,0,0,0,0,4,no
202608,11,11140,1114065000,a,서울,서울특별시 중구,중구 신당5동 ,휘발유,0,0,0,0,516,0,1,0,0,0,0,0,517,no
202608,11,11140,1114065000,b,서울,서울특별시 중구,중구 신당5동 ,경유,0,0,1,1,540,52,202,4,11,6,17,1,835,no
202608,11,11140,1114065000,c,서울,서울특별시 중구,중구 신당5동 ,엘피지,0,0,0,0,75,17,21,0,30,0,7,0,150,no
202608,11,11140,1114065000,e,서울,서울특별시 중구,중구 신당5동 ,전기,0,0,0,0,81,0,13,0,5,0,8,0,107,yes
202608,11,11140,1114065000,g,서울,서울특별시 중구,중구 신당5동 ,휘발유(유연),0,0,0,0,1,0,0,0,0,0,0,0,1,no
202608,11,11140,1114065000,h,서울,서울특별시 중구,중구 신당5동 ,휘발유(무연),0,0,0,0,891,0,8,0,28,0,0,0,927,no
202608,11,11140,1114065000,l,서울,서울특별시 중구,중구 신당5동 ,하이브리드(휘발유+전기),0,0,0,0,286,0,3,0,8,0,0,0,297,no
202608,11,11140,1114065000,m,서울,서울특별시 중구,중구 신당5동 ,하이브리드(경유+전기),0,0,0,0,7,0,0,0,0,0,0,0,7,no
202608,11,11140,1114065000,q,서울,서울특별시 중구,중구 신당5동 ,수소,0,0,0,0,2,0,0,0,0,0,0,0,2,no
202608,11,11140,1114065000,z,서울,서울특별시 중구,중구 신당5동 ,기타연료,0,0,0,0,0,2,5,0,0,0,1,0,8,no
202608,11,11140,1114066000,a,서울,서울특별시 중구,중구 신당6동 ,휘발유,0,0,0,0,4,0,0,0,0,0,0,0,4,no
202608,11,11140,1114066000,b,서울,서울특별시 중구,중구 신당6동 ,경유,0,0,0,0,0,1,4,0,0,0,0,0,5,no
202608,11,11140,1114066000,h,서울,서울특별시 중구,중구 신당6동 ,휘발유(무연),0,0,0,0,1,0,0,0,0,0,0,0,1,no
202608,11,11140,1114066500,a,서울,서울특별시 중구,중구 동화동 ,휘발유,0,0,0,0,535,0,2,0,0,0,0,0,537,no
202608,11,11140,1114066500,b,서울,서울특별시 중구,중구 동화동 ,경유,0,0,0,0,560,35,101,4,0,0,17,4,721,no
202608,11,11140,1114066500,c,서울,서울특별시 중구,중구 동화동 ,엘피지,0,0,0,0,84,13,21,0,17,0,10,0,145,no
202608,11,11140,1114066500,e,서울,서울특별시 중구,중구 동화동 ,전기,0,0,0,0,54,0,1,0,3,0,4,0,62,yes
202608,11,11140,1114066500,g,서울,서울특별시 중구,중구 동화동 ,휘발유(유연),0,0,0,0,1,0,0,0,0,0,0,0,1,no
202608,11,11140,1114066500,h,서울,서울특별시 중구,중구 동화동 ,휘발유(무연),0,0,0,0,1043,0,0,0,0,0,0,0,1043,no
202608,11,11140,1114066500,l,서울,서울특별시 중구,중구 동화동 ,하이브리드(휘발유+전기),0,0,0,0,294,0,2,0,1,0,0,0,297,no
202608,11,11140,1114066500,m,서울,서울특별시 중구,중구 동화동 ,하이브리드(경유+전기),0,0,0,0,9,0,0,0,0,0,0,0,9,no
202608,11,11140,1114066500,n,서울,서울특별시 중구,중구 동화동 ,하이브리드(LPG+전기),0,0,0,0,1,0,0,0,0,0,0,0,1,no
202608,11,11140,1114066500,q,서울,서울특별시 중구,중구 동화동 ,수소,0,0,0,0,5,0,0,0,0,0,0,0,5,no
202608,11,11140,1114066500,r,서울,서울특별시 중구,중구 동화동 ,수소전기,0,0,0,0,1,0,0,0,0,0,0,0,1,no
202608,11,11140,1114066500,z,서울,서울특별시 중구,중구 동화동 ,기타연료,0,0,0,0,0,0,8,1,0,0,0,0,9,no
202608,11,11140,1114067000,a,서울,서울특별시 중구,중구 황학동 ,휘발유,0,0,0,0,732,0,2,0,0,0,0,0,734,no
202608,11,11140,1114067000,b,서울,서울특별시 중구,중구 황학동 ,경유,0,0,1,0,702,56,260,13,0,0,18,1,1051,no
202608,11,11140,1114067000,c,서울,서울특별시 중구,중구 황학동 ,엘피지,0,0,0,0,82,5,30,0,18,0,9,0,144,no
202608,11,11140,1114067000,e,서울,서울특별시 중구,중구 황학동 ,전기,0,0,0,0,130,0,15,0,3,0,6,0,154,yes
202608,11,11140,1114067000,h,서울,서울특별시 중구,중구 황학동 ,휘발유(무연),0,0,0,0,1134,0,4,0,0,0,0,0,1138,no
202608,11,11140,1114067000,l,서울,서울특별시 중구,중구 황학동 ,하이브리드(휘발유+전기),0,0,0,0,383,0,1,0,0,0,0,0,384,no
202608,11,11140,1114067000,m,서울,서울특별시 중구,중구 황학동 ,하이브리드(경유+전기),0,0,0,0,16,0,0,0,0,0,0,0,16,no
202608,11,11140,1114067000,n,서울,서울특별시 중구,중구 황학동 ,하이브리드(LPG+전기),0,0,0,0,2,0,0,0,0,0,0,0,2,no
202608,11,11140,1114067000,q,서울,서울특별시 중구,중구 황학동 ,수소,0,0,0,0,2,0,0,0,0,0,0,0,2,no
202608,11,11140,1114067000,z,서울,서울특별시 중구,중구 황학동 ,기타연료,0,0,0,0,0,4,3,2,0,0,0,0,9,no
202608,11,11140,1114068000,a,서울,서울특별시 중구,중구 중림동 ,휘발유,0,0,0,0,790,0,1,0,0,0,0,0,791,no
202608,11,11140,1114068000,b,서울,서울특별시 중구,중구 중림동 ,경유,0,0,1,0,683,50,206,2,0,1,62,1,1006,no
202608,11,11140,1114068000,c,서울,서울특별시 중구,중구 중림동 ,엘피지,0,0,0,0,89,6,28,0,12,0,26,0,161,no
202608,11,11140,1114068000,e,서울,서울특별시 중구,중구 중림동 ,전기,0,0,0,0,176,0,10,0,5,0,1,0,192,yes
202608,11,11140,1114068000,h,서울,서울특별시 중구,중구 중림동 ,휘발유(무연),0,0,0,0,1206,2,1,0,0,0,0,0,1209,no
202608,11,11140,1114068000,l,서울,서울특별시 중구,중구 중림동 ,하이브리드(휘발유+전기),0,0,0,0,434,1,4,0,0,0,0,0,439,no
202608,11,11140,1114068000,m,서울,서울특별시 중구,중구 중림동 ,하이브리드(경유+전기),0,0,0,0,5,0,0,0,0,0,0,0,5,no
202608,11,11140,1114068000,n,서울,서울특별시 중구,중구 중림동 ,하이브리드(LPG+전기),0,0,0,0,2,0,0,0,0,0,0,0,2,no
202608,11,11140,1114068000,q,서울,서울특별시 중구,중구 중림동 ,수소,0,0,0,0,3,0,0,0,0,0,0,0,3,no
202608,11,11140,1114068000,z,서울,서울특별시 중구,중구 중림동 ,기타연료,0,0,0,0,0,4,5,1,0,0,0,0,10,no
202608,11,11170,1117011700,h,서울,서울특별시 용산구,기타,휘발유(무연),0,0,0,0,1,0,0,0,0,0,0,0,1,no
202608,11,11170,1117011800,b,서울,서울특별시 용산구,기타,경유,0,0,0,0,0,0,2,0,0,0,0,0,2,no
202608,11,11170,1117011800,h,서울,서울특별시 용산구,기타,휘발유(무연),0,0,0,0,1,0,0,0,0,0,0,0,1,no
202608,11,11170,1117012400,b,서울,서울특별시 용산구,기타,경유,0,0,0,0,1,0,0,0,0,0,0,0,1,no
202608,11,11170,1117051000,a,서울,서울특별시 용산구,용산구 후암동 ,휘발유,0,0,0,0,735,0,6,0,0,0,0,0,741,no
202608,11,11170,1117051000,b,서울,서울특별시 용산구,용산구 후암동 ,경유,0,2,0,0,798,80,201,2,0,0,35,1,1119,no
202608,11,11170,1117051000,c,서울,서울특별시 용산구,용산구 후암동 ,엘피지,0,0,0,0,128,12,32,0,36,0,15,0,223,no
202608,11,11170,1117051000,e,서울,서울특별시 용산구,용산구 후암동 ,전기,4,1,0,0,105,0,4,0,5,0,7,0,126,yes
202608,11,11170,1117051000,g,서울,서울특별시 용산구,용산구 후암동 ,휘발유(유연),0,0,0,0,1,0,0,0,0,0,0,0,1,no
202608,11,11170,1117051000,h,서울,서울특별시 용산구,용산구 후암동 ,휘발유(무연),1,0,0,0,1309,2,1,0,1,0,0,0,1314,no
202608,11,11170,1117051000,j,서울,서울특별시 용산구,용산구 후암동 ,CNG,0,0,0,0,0,0,0,0,0,9,0,0,9,no
202608,11,11170,1117051000,l,서울,서울특별시 용산구,용산구 후암동 ,하이브리드(휘발유+전기),4,0,0,0,386,2,1,1,0,0,0,0,394,no
202608,11,11170,1117051000,m,서울,서울특별시 용산구,용산구 후암동 ,하이브리드(경유+전기),0,0,0,0,6,0,0,0,0,0,0,0,6,no
202608,11,11170,1117051000,n,서울,서울특별시 용산구,용산구 후암동 ,하이브리드(LPG+전기),0,0,0,0,0,0,0,0,1,0,0,0,1,no
202608,11,11170,1117051000,q,서울,서울특별시 용산구,용산구 후암동 ,수소,0,0,0,0,3,0,0,0,0,0,0,0,3,no
202608,11,11170,1117051000,z,서울,서울특별시 용산구,용산구 후암동 ,기타연료,0,0,0,0,0,0,5,0,0,0,0,0,5,no
202608,11,11170,1117052000,a,서울,서울특별시 용산구,용산구 용산2가동 ,휘발유,0,0,0,0,411,1,4,1,0,0,0,0,417,no
202608,11,11170,1117052000,b,서울,서울특별시 용산구,용산구 용산2가동 ,경유,0,4,0,0,396,43,105,1,0,14,16,2,581,no
202608,11,11170,1117052000,c,서울,서울특별시 용산구,용산구 용산2가동 ,엘피지,0,0,0,0,70,12,16,0,23,0,8,0,129,no
202608,11,11170,1117052000,e,서울,서울특별시 용산구,용산구 용산2가동 ,전기,0,0,0,0,45,1,5,0,4,0,2,0,57,yes
202608,11,11170,1117052000,g,서울,서울특별시 용산구,용산구 용산2가동 ,휘발유(유연),0,0,0,0,1,0,0,0,0,0,0,0,1,no
202608,11,11170,1117052000,h,서울,서울특별시 용산구,용산구 용산2가동 ,휘발유(무연),0,0,0,0,649,1,2,0,0,0,0,0,652,no
202608,11,11170,1117052000,l,서울,서울특별시 용산구,용산구 용산2가동 ,하이브리드(휘발유+전기),0,0,0,0,151,2,2,0,1,0,0,0,156,no
202608,11,11170,1117052000,m,서울,서울특별시 용산구,용산구 용산2가동 ,하이브리드(경유+전기),0,0,0,0,3,0,0,0,0,0,0,0,3,no
202608,11,11170,1117052000,q,서울,서울특별시 용산구,용산구 용산2가동 ,수소,1,0,0,0,3,0,0,0,0,0,0,0,4,no
202608,11,11170,1117052000,r,서울,서울특별시 용산구,용산구 용산2가동 ,수소전기,0,0,0,0,1,0,0,0,0,0,0,0,1,no
202608,11,11170,1117052000,z,서울,서울특별시 용산구,용산구 용산2가동 ,기타연료,0,0,0,0,0,1,3,1,0,0,0,0,5,no
202608,11,11170,1117053000,a,서울,서울특별시 용산구,용산구 남영동 ,휘발유,0,0,0,0,420,2,0,0,73,0,0,0,495,no
202608,11,11170,1117053000,b,서울,서울특별시 용산구,용산구 남영동 ,경유,0,0,0,0,368,72,225,4,18,5,195,6,893,no
202608,11,11170,1117053000,c,서울,서울특별시 용산구,용산구 남영동 ,엘피지,0,0,0,0,54,12,23,0,6,0,8,0,103,no
202608,11,11170,1117053000,e,서울,서울특별시 용산구,용산구 남영동 ,전기,0,0,0,0,126,0,33,0,35,0,2,0,196,yes
202608,11,11170,1117053000,h,서울,서울특별시 용산구,용산구 남영동 ,휘발유(무연),0,0,0,0,690,0,0,0,13,0,0,0,703,no
202608,11,11170,1117053000,j,서울,서울특별시 용산구,용산구 남영동 ,CNG,0,0,0,0,0,0,3,0,0,0,0,0,3,no
202608,11,11170,1117053000,l,서울,서울특별시 용산구,용산구 남영동 ,하이브리드(휘발유+전기),0,0,0,0,189,0,0,0,173,1,0,0,363,no
202608,11,11170,1117053000,m,서울,서울특별시 용산구,용산구 남영동 ,하이브리드(경유+전기),0,0,0,0,7,0,0,0,27,0,0,0,34,no
202608,11,11170,1117053000,n,서울,서울특별시 용산구,용산구 남영동 ,하이브리드(LPG+전기),0,0,0,0,1,0,0,0,0,0,0,0,1,no
202608,11,11170,1117053000,q,서울,서울특별시 용산구,용산구 남영동 ,수소,0,0,0,0,3,0,0,0,0,0,0,0,3,no
202608,11,11170,1117053000,r,서울,서울특별시 용산구,용산구 남영동 ,수소전기,0,0,0,0,1,0,0,0,0,0,0,0,1,no
202608,11,11170,1117053000,z,서울,서울특별시 용산구,용산구 남영동 ,기타연료,0,0,0,0,1,1,14,3,0,0,6,0,25,no
202608,11,11170,1117055500,a,서울,서울특별시 용산구,용산구 청파동 ,휘발유,0,0,0,0,671,1,1,0,0,0,0,0,673,no
202608,11,11170,1117055500,b,서울,서울특별시 용산구,용산구 청파동 ,경유,0,1,0,0,758,135,287,5,0,0,68,4,1258,no
202608,11,11170,1117055500,c,서울,서울특별시 용산구,용산구 청파동 ,엘피지,0,1,0,0,132,32,31,1,31,0,17,0,245,no
202608,11,11170,1117055500,e,서울,서울특별시 용산구,용산구 청파동 ,전기,0,0,0,0,84,0,11,0,3,0,11,0,109,yes
202608,11,11170,1117055500,g,서울,서울특별시 용산구,용산구 청파동 ,휘발유(유연),0,0,0,0,1,0,0,0,0,0,0,0,1,no
202608,11,11170,1117055500,h,서울,서울특별시 용산구,용산구 청파동 ,휘발유(무연),0,0,0,0,1441,2,2,0,0,0,0,0,1445,no
202608,11,11170,1117055500,l,서울,서울특별시 용산구,용산구 청파동 ,하이브리드(휘발유+전기),0,0,0,0,372,3,0,0,2,0,0,0,377,no
202608,11,11170,1117055500,m,서울,서울특별시 용산구,용산구 청파동 ,하이브리드(경유+전기),0,0,0,0,5,0,0,0,0,0,0,0,5,no
202608,11,11170,1117055500,n,서울,서울특별시 용산구,용산구 청파동 ,하이브리드(LPG+전기),0,0,0,0,2,0,0,0,0,0,0,0,2,no
202608,11,11170,1117055500,q,서울,서울특별시 용산구,용산구 청파동 ,수소,0,0,0,0,8,0,0,0,0,0,0,0,8,no
202608,11,11170,1117055500,r,서울,서울특별시 용산구,용산구 청파동 ,수소전기,0,0,0,0,1,0,0,0,0,0,0,0,1,no
202608,11,11170,1117055500,z,서울,서울특별시 용산구,용산구 청파동 ,기타연료,0,0,0,0,0,0,5,2,0,0,1,0,8,no
202608,11,11170,1117056000,a,서울,서울특별시 용산구,용산구 원효로1동 ,휘발유,0,0,0,0,1298,1,5,0,0,0,0,0,1304,no
202608,11,11170,1117056000,b,서울,서울특별시 용산구,용산구 원효로1동 ,경유,0,0,0,0,1032,88,357,11,4,6,17,0,1515,no
202608,11,11170,1117056000,c,서울,서울특별시 용산구,용산구 원효로1동 ,엘피지,0,0,0,0,131,10,54,1,15,0,6,0,217,no
202608,11,11170,1117056000,e,서울,서울특별시 용산구,용산구 원효로1동 ,전기,0,0,0,0,259,1,36,1,3,0,4,0,304,yes
202608,11,11170,1117056000,g,서울,서울특별시 용산구,용산구 원효로1동 ,휘발유(유연),0,0,0,0,2,0,0,0,0,0,0,0,2,no
202608,11,11170,1117056000,h,서울,서울특별시 용산구,용산구 원효로1동 ,휘발유(무연),0,0,0,0,1862,4,3,0,24,0,0,0,1893,no
202608,11,11170,1117056000,l,서울,서울특별시 용산구,용산구 원효로1동 ,하이브리드(휘발유+전기),0,0,0,0,763,1,7,0,6,0,0,0,777,no
202608,11,11170,1117056000,m,서울,서울특별시 용산구,용산구 원효로1동 ,하이브리드(경유+전기),0,0,0,0,16,0,0,0,0,0,0,0,16,no
202608,11,11170,1117056000,q,서울,서울특별시 용산구,용산구 원효로1동 ,수소,0,0,0,0,10,0,0,0,0,0,0,0,10,no
202608,11,11170,1117056000,z,서울,서울특별시 용산구,용산구 원효로1동 ,기타연료,0,0,0,0,0,2,5,0,0,0,0,0,7,no
202608,11,11170,1117057000,a,서울,서울특별시 용산구,용산구 원효로2동 ,휘발유,0,0,0,0,902,2,7,0,0,0,0,0,911,no
202608,11,11170,1117057000,b,서울,서울특별시 용산구,용산구 원효로2동 ,경유,0,0,0,0,826,64,323,5,0,0,39,2,1259,no
202608,11,11170,1117057000,c,서울,서울특별시 용산구,용산구 원효로2동 ,엘피지,0,0,0,0,150,13,51,0,21,0,7,0,242,no
202608,11,11170,1117057000,e,서울,서울특별시 용산구,용산구 원효로2동 ,전기,0,0,0,0,153,0,19,0,2,0,4,0,178,yes
202608,11,11170,1117057000,g,서울,서울특별시 용산구,용산구 원효로2동 ,휘발유(유연),0,0,0,0,2,0,0,0,0,0,0,0,2,no
202608,11,11170,1117057000,h,서울,서울특별시 용산구,용산구 원효로2동 ,휘발유(무연),0,0,0,0,1553,0,2,0,1,0,0,0,1556,no
202608,11,11170,1117057000,j,서울,서울특별시 용산구,용산구 원효로2동 ,CNG,0,0,0,0,0,0,5,0,0,0,0,0,5,no
202608,11,11170,1117057000,l,서울,서울특별시 용산구,용산구 원효로2동 ,하이브리드(휘발유+전기),0,0,0,0,588,0,9,0,0,0,0,0,597,no
202608,11,11170,1117057000,m,서울,서울특별시 용산구,용산구 원효로2동 ,하이브리드(경유+전기),0,0,0,0,9,0,0,0,0,0,0,0,9,no
202608,11,11170,1117057000,n,서울,서울특별시 용산구,용산구 원효로2동 ,하이브리드(LPG+전기),0,0,0,0,1,0,0,0,0,0,0,0,1,no
202608,11,11170,1117057000,q,서울,서울특별시 용산구,용산구 원효로2동 ,수소,0,0,0,0,5,0,0,0,0,0,0,0,5,no
202608,11,11170,1117057000,r,서울,서울특별시 용산구,용산구 원효로2동 ,수소전기,0,0,0,0,2,0,0,0,0,0,0,0,2,no
202608,11,11170,1117057000,z,서울,서울특별시 용산구,용산구 원효로2동 ,기타연료,0,0,0,0,0,3,6,3,0,0,0,0,12,no
202608,11,11170,1117058000,a,서울,서울특별시 용산구,용산구 효창동 ,휘발유,0,0,0,0,626,0,0,0,0,0,0,0,626,no
202608,11,11170,1117058000,b,서울,서울특별시 용산구,용산구 효창동 ,경유,0,0,0,0,659,60,171,6,0,1,55,1,953,no
202608,11,11170,1117058000,c,서울,서울특별시 용산구,용산구 효창동 ,엘피지,0,0,0,0,87,6,14,0,16,1,15,0,139,no
202608,11,11170,1117058000,e,서울,서울특별시 용산구,용산구 효창동 ,전기,0,0,0,0,115,0,13,0,2,0,1,0,131,yes
202608,11,11170,1117058000,h,서울,서울특별시 용산구,용산구 효창동 ,휘발유(무연),0,0,0,0,1093,1,1,0,0,0,0,0,1095,no
202608,11,11170,1117058000,l,서울,서울특별시 용산구,용산구 효창동 ,하이브리드(휘발유+전기),1,0,0,0,422,2,1,0,1,0,0,0,427,no
202608,11,11170,1117058000,m,서울,서울특별시 용산구,용산구 효창동 ,하이브리드(경유+전기),0,0,0,0,6,0,0,0,0,0,0,0,6,no
202608,11,11170,1117058000,n,서울,서울특별시 용산구,용산구 효창동 ,하이브리드(LPG+전기),0,0,0,0,1,0,0,0,1,0,0,0,2,no
202608,11,11170,1117058000,q,서울,서울특별시 용산구,용산구 효창동 ,수소,0,0,0,0,7,0,0,0,0,0,0,0,7,no
202608,11,11170,1117058000,r,서울,서울특별시 용산구,용산구 효창동 ,수소전기,0,0,0,0,2,0,0,0,0,0,0,0,2,no
202608,11,11170,1117058000,z,서울,서울특별시 용산구,용산구 효창동 ,기타연료,0,0,0,0,0,0,5,1,0,0,0,0,6,no
202608,11,11170,1117059000,a,서울,서울특별시 용산구,용산구 용문동 ,휘발유,0,0,0,0,602,0,4,0,0,0,0,0,606,no
202608,11,11170,1117059000,b,서울,서울특별시 용산구,용산구 용문동 ,경유,0,0,0,0,570,38,164,6,0,0,25,1,804,no
202608,11,11170,1117059000,c,서울,서울특별시 용산구,용산구 용문동 ,엘피지,0,0,0,0,103,6,27,0,21,0,6,0,163,no
202608,11,11170,1117059000,e,서울,서울특별시 용산구,용산구 용문동 ,전기,0,0,0,0,87,0,12,0,0,0,3,0,102,yes
202608,11,11170,1117059000,g,서울,서울특별시 용산구,용산구 용문동 ,휘발유(유연),0,0,0,0,2,0,0,0,0,0,0,0,2,no
202608,11,11170,1117059000,h,서울,서울특별시 용산구,용산구 용문동 ,휘발유(무연),0,0,0,0,1139,0,2,0,0,0,0,0,1141,no
202608,11,11170,1117059000,l,서울,서울특별시 용산구,용산구 용문동 ,하이브리드(휘발유+전기),0,0,0,0,385,0,0,0,1,0,0,0,386,no
202608,11,11170,1117059000,m,서울,서울특별시 용산구,용산구 용문동 ,하이브리드(경유+전기),0,0,0,0,8,0,0,0,0,0,0,0,8,no
202608,11,11170,1117059000,n,서울,서울특별시 용산구,용산구 용문동 ,하이브리드(LPG+전기),0,0,0,0,2,0,0,0,0,0,0,0,2,no
202608,11,11170,1117059000,q,서울,서울특별시 용산구,용산구 용문동 ,수소,0,0,0,0,4,0,0,0,0,0,0,0,4,no
202608,11,11170,1117059000,z,서울,서울특별시 용산구,용산구 용문동 ,기타연료,0,0,0,0,0,0,2,1,0,0,1,0,4,no
202608,11,11170,1117062500,a,서울,서울특별시 용산구,용산구 한강로동 ,휘발유,2,0,0,0,3240,1,13,0,26,0,0,0,3282,no
202608,11,11170,1117062500,b,서울,서울특별시 용산구,용산구 한강로동 ,경유,11,11,25,7,1615,172,585,38,23,0,293,4,2784,no
202608,11,11170,1117062500,c,서울,서울특별시 용산구,용산구 한강로동 ,엘피지,0,0,10,0,131,27,85,0,30,0,81,0,364,no
202608,11,11170,1117062500,e,서울,서울특별시 용산구,용산구 한강로동 ,전기,5,0,1,0,451,0,43,0,3,0,7,0,510,yes
202608,11,11170,1117062500,g,서울,서울특별시 용산구,용산구 한강로동 ,휘발유(유연),0,0,0,0,5,0,0,0,0,0,0,0,5,no
202608,11,11170,1117062500,h,서울,서울특별시 용산구,용산구 한강로동 ,휘발유(무연),18,0,0,0,3197,2,10,0,125,0,0,0,3352,no
202608,11,11170,1117062500,j,서울,서울특별시 용산구,용산구 한강로동 ,CNG,0,0,0,0,0,0,2,0,0,0,0,0,2,no
202608,11,11170,1117062500,l,서울,서울특별시 용산구,용산구 한강로동 ,하이브리드(휘발유+전기),30,2,0,0,1385,4,3,0,36,0,0,0,1460,no
202608,11,11170,1117062500,m,서울,서울특별시 용산구,용산구 한강로동 ,하이브리드(경유+전기),0,0,0,0,56,0,0,0,1,0,0,0,57,no
202608,11,11170,1117062500,n,서울,서울특별시 용산구,용산구 한강로동 ,하이브리드(LPG+전기),0,0,0,0,2,0,0,0,0,0,0,0,2,no
202608,11,11170,1117062500,q,서울,서울특별시 용산구,용산구 한강로동 ,수소,1,0,0,0,9,0,0,0,0,0,0,0,10,no
202608,11,11170,1117062500,r,서울,서울특별시 용산구,용산구 한강로동 ,수소전기,0,0,0,0,1,0,0,0,0,0,0,0,1,no
202608,11,11170,1117062500,z,서울,서울특별시 용산구,용산구 한강로동 ,기타연료,0,0,1,0,54,6,38,8,0,0,0,0,107,no
202608,11,11170,1117063000,a,서울,서울특별시 용산구,용산구 이촌1동 ,휘발유,0,0,0,0,2582,1,5,0,0,0,0,0,2588,no
202608,11,11170,1117063000,b,서울,서울특별시 용산구,용산구 이촌1동 ,경유,0,0,0,0,1529,57,132,1,0,0,7,0,1726,no
202608,11,11170,1117063000,c,서울,서울특별시 용산구,용산구 이촌1동 ,엘피지,0,0,0,0,87,10,14,0,9,0,1,0,121,no
202608,11,11170,1117063000,e,서울,서울특별시 용산구,용산구 이촌1동 ,전기,0,0,0,0,412,2,8,1,1,0,10,0,434,yes
202608,11,11170,1117063000,g,서울,서울특별시 용산구,용산구 이촌1동 ,휘발유(유연),0,0,0,0,2,0,0,0,0,0,0,0,2,no
202608,11,11170,1117063000,h,서울,서울특별시 용산구,용산구 이촌1동 ,휘발유(무연),0,0,0,0,2545,1,5,0,0,0,0,0,2551,no
202608,11,11170,1117063000,l,서울,서울특별시 용산구,용산구 이촌1동 ,하이브리드(휘발유+전기),0,0,0,0,1465,0,0,0,2,0,0,0,1467,no
202608,11,11170,1117063000,m,서울,서울특별시 용산구,용산구 이촌1동 ,하이브리드(경유+전기),0,0,0,0,49,0,0,0,0,0,0,0,49,no
202608,11,11170,1117063000,n,서울,서울특별시 용산구,용산구 이촌1동 ,하이브리드(LPG+전기),0,0,0,0,3,0,0,0,0,0,0,0,3,no
202608,11,11170,1117063000,q,서울,서울특별시 용산구,용산구 이촌1동 ,수소,0,0,0,0,8,0,0,0,0,0,0,0,8,no
202608,11,11170,1117063000,r,서울,서울특별시 용산구,용산구 이촌1동 ,수소전기,0,0,0,0,3,0,0,0,0,0,0,0,3,no
202608,11,11170,1117063000,z,서울,서울특별시 용산구,용산구 이촌1동 ,기타연료,0,0,0,0,1,2,5,4,0,0,0,0,12,no
202608,11,11170,1117064000,a,서울,서울특별시 용산구,용산구 이촌2동 ,휘발유,0,0,0,0,584,1,0,0,0,0,0,0,585,no
202608,11,11170,1117064000,b,서울,서울특별시 용산구,용산구 이촌2동 ,경유,0,0,0,0,543,29,119,4,0,0,14,3,712,no
202608,11,11170,1117064000,c,서울,서울특별시 용산구,용산구 이촌2동 ,엘피지,0,0,0,0,91,11,15,0,23,0,6,0,146,no
202608,11,11170,1117064000,e,서울,서울특별시 용산구,용산구 이촌2동 ,전기,0,0,0,0,113,1,4,0,3,0,4,0,125,yes
202608,11,11170,1117064000,h,서울,서울특별시 용산구,용산구 이촌2동 ,휘발유(무연),0,0,0,0,795,1,0,0,0,0,0,0,796,no
202608,11,11170,1117064000,l,서울,서울특별시 용산구,용산구 이촌2동 ,하이브리드(휘발유+전기),0,0,0,0,268,0,0,0,2,0,0,0,270,no
202608,11,11170,1117064000,q,서울,서울특별시 용산구,용산구 이촌2동 ,수소,0,0,0,0,2,0,0,0,0,0,0,0,2,no
202608,11,11170,1117064000,r,서울,서울특별시 용산구,용산구 이촌2동 ,수소전기,0,0,0,0,1,0,0,0,0,0,0,0,1,no
202608,11,11170,1117064000,z,서울,서울특별시 용산구,용산구 이촌2동 ,기타연료,0,0,0,0,0,1,2,1,0,0,0,0,4,no
202608,11,11170,1117065000,a,서울,서울특별시 용산구,용산구 이태원1동 ,휘발유,0,0,0,0,518,1,1,0,0,0,0,0,520,no
202608,11,11170,1117065000,b,서울,서울특별시 용산구,용산구 이태원1동 ,경유,5,26,57,2,345,47,111,3,0,7,4,0,607,no
202608,11,11170,1117065000,c,서울,서울특별시 용산구,용산구 이태원1동 ,엘피지,0,0,12,0,48,9,17,0,5,0,2,0,93,no
202608,11,11170,1117065000,e,서울,서울특별시 용산구,용산구 이태원1동 ,전기,53,2,10,0,74,0,2,0,1,0,0,0,142,yes
202608,11,11170,1117065000,h,서울,서울특별시 용산구,용산구 이태원1동 ,휘발유(무연),5,0,0,0,569,2,3,0,0,0,0,0,579,no
202608,11,11170,1117065000,j,서울,서울특별시 용산구,용산구 이태원1동 ,CNG,0,0,4,0,0,0,0,0,0,1,0,0,5,no
202608,11,11170,1117065000,l,서울,서울특별시 용산구,용산구 이태원1동 ,하이브리드(휘발유+전기),3,1,0,0,234,1,0,0,0,0,0,0,239,no
202608,11,11170,1117065000,m,서울,서울특별시 용산구,용산구 이태원1동 ,하이브리드(경유+전기),0,0,0,0,12,0,0,0,0,0,0,0,12,no
202608,11,11170,1117065000,q,서울,서울특별시 용산구,용산구 이태원1동 ,수소,5,0,0,0,1,0,0,0,0,0,0,0,6,no
202608,11,11170,1117065000,z,서울,서울특별시 용산구,용산구 이태원1동 ,기타연료,0,0,0,0,1,1,4,2,0,0,0,0,8,no
202608,11,11170,1117066000,a,서울,서울특별시 용산구,용산구 이태원2동 ,휘발유,0,0,0,0,615,0,4,0,0,0,0,0,619,no
202608,11,11170,1117066000,b,서울,서울특별시 용산구,용산구 이태원2동 ,경유,1,0,1,0,480,39,111,3,1,2,10,1,649,no
202608,11,11170,1117066000,c,서울,서울특별시 용산구,용산구 이태원2동 ,엘피지,0,0,0,0,70,9,13,0,24,0,7,0,123,no
202608,11,11170,1117066000,e,서울,서울특별시 용산구,용산구 이태원2동 ,전기,4,0,0,0,84,0,4,0,8,0,1,0,101,yes
202608,11,11170,1117066000,h,서울,서울특별시 용산구,용산구 이태원2동 ,휘발유(무연),0,0,0,0,748,0,1,0,0,0,0,0,749,no
202608,11,11170,1117066000,l,서울,서울특별시 용산구,용산구 이태원2동 ,하이브리드(휘발유+전기),0,0,0,0,235,0,0,0,1,0,0,0,236,no
202608,11,11170,1117066000,m,서울,서울특별시 용산구,용산구 이태원2동 ,하이브리드(경유+전기),0,0,0,0,12,0,0,0,0,0,0,0,12,no
202608,11,11170,1117066000,q,서울,서울특별시 용산구,용산구 이태원2동 ,수소,0,0,0,0,4,0,0,0,0,0,0,0,4,no
202608,11,11170,1117066000,z,서울,서울특별시 용산구,용산구 이태원2동 ,기타연료,0,0,0,0,0,0,3,1,0,0,0,0,4,no
202608,11,11170,1117068500,a,서울,서울특별시 용산구,용산구 한남동 ,휘발유,0,0,0,0,1947,0,15,1,1,0,0,0,1964,no
202608,11,11170,1117068500,b,서울,서울특별시 용산구,용산구 한남동 ,경유,0,1,0,0,1016,139,239,11,29,14,14,4,1467,no
202608,11,11170,1117068500,c,서울,서울특별시 용산구,용산구 한남동 ,엘피지,0,0,0,0,73,6,41,0,17,0,2,1,140,no
202608,11,11170,1117068500,e,서울,서울특별시 용산구,용산구 한남동 ,전기,0,0,0,0,348,1,17,0,2,0,0,0,368,yes
202608,11,11170,1117068500,g,서울,서울특별시 용산구,용산구 한남동 ,휘발유(유연),0,0,0,0,1,0,0,0,0,0,0,0,1,no
202608,11,11170,1117068500,h,서울,서울특별시 용산구,용산구 한남동 ,휘발유(무연),0,0,0,0,1525,5,2,0,8,0,0,0,1540,no
202608,11,11170,1117068500,l,서울,서울특별시 용산구,용산구 한남동 ,하이브리드(휘발유+전기),0,0,0,0,873,4,3,0,3,1,0,0,884,no
202608,11,11170,1117068500,m,서울,서울특별시 용산구,용산구 한남동 ,하이브리드(경유+전기),0,0,0,0,39,0,0,0,0,0,0,0,39,no
202608,11,11170,1117068500,q,서울,서울특별시 용산구,용산구 한남동 ,수소,0,0,0,0,2,0,0,0,0,0,0,0,2,no
202608,11,11170,1117068500,z,서울,서울특별시 용산구,용산구 한남동 ,기타연료,0,0,0,0,1,3,18,4,0,0,0,0,26,no
202608,11,11170,1117069000,a,서울,서울특별시 용산구,용산구 서빙고동 ,휘발유,0,0,0,0,1045,0,5,0,0,0,0,0,1050,no
202608,11,11170,1117069000,b,서울,서울특별시 용산구,용산구 서빙고동 ,경유,1,2,1,0,885,96,149,4,3,3,16,1,1161,no
202608,11,11170,1117069000,c,서울,서울특별시 용산구,용산구 서빙고동 ,엘피지,0,0,0,0,111,14,28,0,58,7,3,0,221,no
202608,11,11170,1117069000,e,서울,서울특별시 용산구,용산구 서빙고동 ,전기,0,0,0,0,151,1,14,0,2,0,2,0,170,yes
202608,11,11170,1117069000,h,서울,서울특별시 용산구,용산구 서빙고동 ,휘발유(무연),0,0,0,0,1395,3,2,0,0,0,0,0,1400,no
202608,11,11170,1117069000,l,서울,서울특별시 용산구,용산구 서빙고동 ,하이브리드(휘발유+전기),0,0,0,0,672,5,2,0,8,0,0,0,687,no
202608,11,11170,1117069000,m,서울,서울특별시 용산구,용산구 서빙고동 ,하이브리드(경유+전기),0,0,0,0,9,0,0,0,0,0,0,0,9,no
202608,11,11170,1117069000,q,서울,서울특별시 용산구,용산구 서빙고동 ,수소,0,0,0,0,4,0,0,0,0,0,0,0,4,no
202608,11,11170,1117069000,r,서울,서울특별시 용산구,용산구 서빙고동 ,수소전기,0,0,0,0,1,0,0,0,0,0,0,0,1,no
202608,11,11170,1117069000,z,서울,서울특별시 용산구,용산구 서빙고동 ,기타연료,0,0,0,0,0,2,3,0,0,0,0,0,5,no
202608,11,11170,1117070000,a,서울,서울특별시 용산구,용산구 보광동 ,휘발유,0,0,0,0,323,2,3,0,0,0,0,0,328,no
202608,11,11170,1117070000,b,서울,서울특별시 용산구,용산구 보광동 ,경유,0,0,0,0,275,30,105,2,0,0,13,0,425,no
202608,11,11170,1117070000,c,서울,서울특별시 용산구,용산구 보광동 ,엘피지,0,0,0,0,47,13,11,0,13,0,5,0,89,no
202608,11,11170,1117070000,e,서울,서울특별시 용산구,용산구 보광동 ,전기,0,0,0,0,34,0,5,1,1,0,0,0,41,yes
202608,11,11170,1117070000,h,서울,서울특별시 용산구,용산구 보광동 ,휘발유(무연),0,0,0,0,428,0,1,0,0,0,0,0,429,no
202608,11,11170,1117070000,l,서울,서울특별시 용산구,용산구 보광동 ,하이브리드(휘발유+전기),0,0,0,0,105,0,1,0,0,0,0,0,106,no
202608,11,11170,1117070000,q,서울,서울특별시 용산구,용산구 보광동 ,수소,0,0,0,0,4,0,0,0,0,0,0,0,4,no
202608,11,11170,1117070000,r,서울,서울특별시 용산구,용산구 보광동 ,수소전기,0,0,0,0,1,0,0,0,0,0,0,0,1,no
202608,11,11170,1117070000,z,서울,서울특별시 용산구,용산구 보광동 ,기타연료,0,0,0,0,0,1,0,0,0,0,0,0,1,no
202608,11,11200,1120010300,a,서울,서울특별시 성동구,기타,휘발유,0,0,0,0,1,0,0,0,0,0,0,0,1,no
202608,11,11200,1120010500,b,서울,서울특별시 성동구,기타,경유,0,0,0,0,0,0,1,0,0,0,0,0,1,no
202608,11,11200,1120011400,b,서울,서울특별시 성동구,기타,경유,0,0,0,0,2,0,1,0,0,0,0,0,3,no
202608,11,11200,1120011400,h,서울,서울특별시 성동구,기타,휘발유(무연),0,0,0,0,1,0,0,0,0,0,0,0,1,no
202608,11,11200,1120011400,l,서울,서울특별시 성동구,기타,하이브리드(휘발유+전기),0,0,0,0,1,0,0,0,0,0,0,0,1,no
202608,11,11200,1120052000,a,서울,서울특별시 성동구,성동구 왕십리2동 ,휘발유,0,0,0,0,824,0,5,0,0,0,0,0,829,no
202608,11,11200,1120052000,b,서울,서울특별시 성동구,성동구 왕십리2동 ,경유,0,0,0,0,914,60,174,6,0,37,34,5,1230,no
202608,11,11200,1120052000,c,서울,서울특별시 성동구,성동구 왕십리2동 ,엘피지,1,0,0,0,132,12,30,0,32,0,12,0,219,no
202608,11,11200,1120052000,e,서울,서울특별시 성동구,성동구 왕십리2동 ,전기,0,0,0,0,148,0,14,1,6,1,5,0,175,yes
202608,11,11200,1120052000,g,서울,서울특별시 성동구,성동구 왕십리2동 ,휘발유(유연),0,0,0,0,1,0,0,0,0,0,0,0,1,no
202608,11,11200,1120052000,h,서울,서울특별시 성동구,성동구 왕십리2동 ,휘발유(무연),1,0,0,0,1505,0,0,0,0,0,0,0,1506,no
202608,11,11200,1120052000,l,서울,서울특별시 성동구,성동구 왕십리2동 ,하이브리드(휘발유+전기),0,0,0,0,535,0,0,0,2,0,0,0,537,no
202608,11,11200,1120052000,m,서울,서울특별시 성동구,성동구 왕십리2동 ,하이브리드(경유+전기),0,0,0,0,12,0,0,0,0,0,0,0,12,no
202608,11,11200,1120052000,q,서울,서울특별시 성동구,성동구 왕십리2동 ,수소,0,0,0,0,2,0,0,0,0,0,0,0,2,no
202608,11,11200,1120052000,z,서울,서울특별시 성동구,성동구 왕십리2동 ,기타연료,0,0,0,0,1,2,3,2,0,0,0,0,8,no
202608,11,11200,1120053500,a,서울,서울특별시 성동구,성동구 왕십리도선동 ,휘발유,2,0,0,0,1546,1,5,0,1,0,0,0,1555,no
202608,11,11200,1120053500,b,서울,서울특별시 성동구,성동구 왕십리도선동 ,경유,0,5,3,0,1394,98,372,5,0,22,73,0,1972,no
202608,11,11200,1120053500,c,서울,서울특별시 성동구,성동구 왕십리도선동 ,엘피지,0,0,0,0,173,23,63,0,56,0,10,0,325,no
202608,11,11200,1120053500,e,서울,서울특별시 성동구,성동구 왕십리도선동 ,전기,1,0,0,0,272,1,27,2,25,1,14,0,343,yes
202608,11,11200,1120053500,g,서울,서울특별시 성동구,성동구 왕십리도선동 ,휘발유(유연),0,0,0,0,1,0,0,0,0,0,0,0,1,no
202608,11,11200,1120053500,h,서울,서울특별시 성동구,성동구 왕십리도선동 ,휘발유(무연),0,0,0,0,2657,0,4,0,5,0,0,0,2666,no
202608,11,11200,1120053500,j,서울,서울특별시 성동구,성동구 왕십리도선동 ,CNG,0,0,0,0,0,0,0,0,0,9,0,0,9,no
202608,11,11200,1120053500,l,서울,서울특별시 성동구,성동구 왕십리도선동 ,하이브리드(휘발유+전기),1,0,0,0,949,2,2,0,2,0,0,0,956,no
202608,11,11200,1120053500,m,서울,서울특별시 성동구,성동구 왕십리도선동 ,하이브리드(경유+전기),0,0,0,0,26,0,0,0,0,0,0,0,26,no
202608,11,11200,1120053500,q,서울,서울특별시 성동구,성동구 왕십리도선동 ,수소,0,0,0,0,9,0,0,0,0,0,0,0,9,no
202608,11,11200,1120053500,r,서울,서울특별시 성동구,성동구 왕십리도선동 ,수소전기,0,0,0,0,1,0,0,0,0,0,0,0,1,no
202608,11,11200,1120053500,z,서울,서울특별시 성동구,성동구 왕십리도선동 ,기타연료,0,0,0,0,0,3,10,14,0,0,0,0,27,no
202608,11,11200,1120054000,a,서울,서울특별시 성동구,성동구 마장동 ,휘발유,0,0,0,0,915,0,8,1,33,0,0,0,957,no
202608,11,11200,1120054000,b,서울,서울특별시 성동구,성동구 마장동 ,경유,0,0,7,1,1243,105,1349,20,153,12,63,6,2959,no
202608,11,11200,1120054000,c,서울,서울특별시 성동구,성동구 마장동 ,엘피지,0,0,0,0,225,26,253,0,547,3,21,0,1075,no
202608,11,11200,1120054000,e,서울,서울특별시 성동구,성동구 마장동 ,전기,3,0,1,0,284,1,83,0,119,0,11,0,502,yes
202608,11,11200,1120054000,g,서울,서울특별시 성동구,성동구 마장동 ,휘발유(유연),0,0,0,0,3,0,0,0,0,0,0,0,3,no
202608,11,11200,1120054000,h,서울,서울특별시 성동구,성동구 마장동 ,휘발유(무연),0,0,0,0,2025,1,3,1,628,0,0,0,2658,no
202608,11,11200,1120054000,j,서울,서울특별시 성동구,성동구 마장동 ,CNG,0,0,0,0,0,2,3,0,0,0,0,0,5,no
202608,11,11200,1120054000,l,서울,서울특별시 성동구,성동구 마장동 ,하이브리드(휘발유+전기),0,0,0,0,610,4,4,0,129,0,0,0,747,no
202608,11,11200,1120054000,m,서울,서울특별시 성동구,성동구 마장동 ,하이브리드(경유+전기),0,0,0,0,20,0,0,0,12,0,0,0,32,no
202608,11,11200,1120054000,n,서울,서울특별시 성동구,성동구 마장동 ,하이브리드(LPG+전기),0,0,0,0,3,0,0,0,1,0,0,0,4,no
202608,11,11200,1120054000,q,서울,서울특별시 성동구,성동구 마장동 ,수소,0,0,0,0,1,0,0,0,0,0,0,0,1,no
202608,11,11200,1120054000,r,서울,서울특별시 성동구,성동구 마장동 ,수소전기,0,0,0,0,2,0,0,0,0,0,0,0,2,no
202608,11,11200,1120054000,z,서울,서울특별시 성동구,성동구 마장동 ,기타연료,0,0,0,0,1,0,6,2,0,0,0,0,9,no
202608,11,11200,1120055000,a,서울,서울특별시 성동구,성동구 사근동 ,휘발유,0,0,0,0,421,1,0,0,8,0,0,0,430,no
202608,11,11200,1120055000,b,서울,서울특별시 성동구,성동구 사근동 ,경유,0,2,3,2,389,44,141,12,3,5,31,2,634,no
202608,11,11200,1120055000,c,서울,서울특별시 성동구,성동구 사근동 ,엘피지,0,0,0,0,74,8,20,0,27,0,9,0,138,no
202608,11,11200,1120055000,e,서울,서울특별시 성동구,성동구 사근동 ,전기,5,0,0,0,66,0,10,0,15,3,2,0,101,yes
202608,11,11200,1120055000,h,서울,서울특별시 성동구,성동구 사근동 ,휘발유(무연),2,0,0,0,687,1,2,0,1,0,0,0,693,no
202608,11,11200,1120055000,l,서울,서울특별시 성동구,성동구 사근동 ,하이브리드(휘발유+전기),0,0,0,0,224,3,0,0,13,0,0,0,240,no
202608,11,11200,1120055000,m,서울,서울특별시 성동구,성동구 사근동 ,하이브리드(경유+전기),0,0,0,0,7,0,0,0,0,0,0,0,7,no
202608,11,11200,1120055000,n,서울,서울특별시 성동구,성동구 사근동 ,하이브리드(LPG+전기),0,0,0,0,1,0,0,0,0,0,0,0,1,no
202608,11,11200,1120055000,q,서울,서울특별시 성동구,성동구 사근동 ,수소,0,0,0,0,2,0,0,0,0,0,0,0,2,no
202608,11,11200,1120055000,z,서울,서울특별시 성동구,성동구 사근동 ,기타연료,0,0,1,0,0,1,3,0,0,0,0,0,5,no
202608,11,11200,1120056000,a,서울,서울특별시 성동구,성동구 행당1동 ,휘발유,0,0,0,0,950,0,1,0,0,0,0,0,951,no
202608,11,11200,1120056000,b,서울,서울특별시 성동구,성동구 행당1동 ,경유,3,23,91,7,898,50,156,4,0,0,26,3,1261,no
202608,11,11200,1120056000,c,서울,서울특별시 성동구,성동구 행당1동 ,엘피지,0,5,5,0,123,12,25,1,32,0,10,0,213,no
202608,11,11200,1120056000,e,서울,서울특별시 성동구,성동구 행당1동 ,전기,48,0,8,1,206,0,7,0,4,0,5,0,279,yes
202608,11,11200,1120056000,g,서울,서울특별시 성동구,성동구 행당1동 ,휘발유(유연),0,0,0,0,2,0,0,0,0,0,0,0,2,no
202608,11,11200,1120056000,h,서울,서울특별시 성동구,성동구 행당1동 ,휘발유(무연),21,1,0,0,1529,0,0,0,0,0,0,0,1551,no
202608,11,11200,1120056000,j,서울,서울특별시 성동구,성동구 행당1동 ,CNG,0,0,12,0,0,0,1,0,0,0,0,0,13,no
202608,11,11200,1120056000,l,서울,서울특별시 성동구,성동구 행당1동 ,하이브리드(휘발유+전기),5,1,0,0,645,1,4,0,1,0,0,0,657,no
202608,11,11200,1120056000,m,서울,서울특별시 성동구,성동구 행당1동 ,하이브리드(경유+전기),0,0,0,0,8,0,0,0,0,0,0,0,8,no
202608,11,11200,1120056000,n,서울,서울특별시 성동구,성동구 행당1동 ,하이브리드(LPG+전기),0,0,0,0,2,0,0,0,0,0,0,0,2,no
202608,11,11200,1120056000,q,서울,서울특별시 성동구,성동구 행당1동 ,수소,1,0,0,0,4,0,0,0,0,0,0,0,5,no
202608,11,11200,1120056000,z,서울,서울특별시 성동구,성동구 행당1동 ,기타연료,0,0,0,0,0,1,4,4,0,0,0,0,9,no
202608,11,11200,1120057000,a,서울,서울특별시 성동구,성동구 행당2동 ,휘발유,0,0,0,0,1283,0,5,0,0,0,0,0,1288,no
202608,11,11200,1120057000,b,서울,서울특별시 성동구,성동구 행당2동 ,경유,0,0,0,0,1262,67,174,12,0,0,29,3,1547,no
202608,11,11200,1120057000,c,서울,서울특별시 성동구,성동구 행당2동 ,엘피지,0,0,0,0,153,13,33,0,39,0,15,0,253,no
202608,11,11200,1120057000,e,서울,서울특별시 성동구,성동구 행당2동 ,전기,0,0,0,0,216,0,8,0,12,11,4,0,251,yes
202608,11,11200,1120057000,g,서울,서울특별시 성동구,성동구 행당2동 ,휘발유(유연),0,0,0,0,2,0,0,0,0,0,0,0,2,no
202608,11,11200,1120057000,h,서울,서울특별시 성동구,성동구 행당2동 ,휘발유(무연),1,0,0,0,2532,0,2,0,1,0,0,0,2536,no
202608,11,11200,1120057000,l,서울,서울특별시 성동구,성동구 행당2동 ,하이브리드(휘발유+전기),0,0,0,0,846,0,1,0,3,0,0,0,850,no
202608,11,11200,1120057000,m,서울,서울특별시 성동구,성동구 행당2동 ,하이브리드(경유+전기),0,0,0,0,18,0,0,0,0,0,0,0,18,no
202608,11,11200,1120057000,n,서울,서울특별시 성동구,성동구 행당2동 ,하이브리드(LPG+전기),0,0,0,0,2,0,0,0,0,0,0,0,2,no
202608,11,11200,1120057000,q,서울,서울특별시 성동구,성동구 행당2동 ,수소,0,0,0,0,6,0,0,0,0,0,0,0,6,no
202608,11,11200,1120057000,r,서울,서울특별시 성동구,성동구 행당2동 ,수소전기,0,0,0,0,1,0,0,0,0,0,0,0,1,no
202608,11,11200,1120057000,z,서울,서울특별시 성동구,성동구 행당2동 ,기타연료,0,0,0,0,0,1,3,3,0,0,0,0,7,no
202608,11,11200,1120058000,a,서울,서울특별시 성동구,성동구 응봉동 ,휘발유,0,0,0,0,871,0,3,0,0,0,0,0,874,no
202608,11,11200,1120058000,b,서울,서울특별시 성동구,성동구 응봉동 ,경유,0,0,0,0,883,51,137,2,0,0,33,4,1110,no
202608,11,11200,1120058000,c,서울,서울특별시 성동구,성동구 응봉동 ,엘피지,0,0,0,0,113,13,33,1,31,0,12,0,203,no
202608,11,11200,1120058000,e,서울,서울특별시 성동구,성동구 응봉동 ,전기,0,0,0,0,154,0,6,0,6,0,2,0,168,yes
202608,11,11200,1120058000,g,서울,서울특별시 성동구,성동구 응봉동 ,휘발유(유연),0,0,0,0,1,0,0,0,0,0,0,0,1,no
202608,11,11200,1120058000,h,서울,서울특별시 성동구,성동구 응봉동 ,휘발유(무연),0,0,0,0,1537,1,1,0,0,0,0,0,1539,no
202608,11,11200,1120058000,l,서울,서울특별시 성동구,성동구 응봉동 ,하이브리드(휘발유+전기),0,0,0,0,537,1,1,0,2,0,0,0,541,no
202608,11,11200,1120058000,m,서울,서울특별시 성동구,성동구 응봉동 ,하이브리드(경유+전기),0,0,0,0,12,0,0,0,0,0,0,0,12,no
202608,11,11200,1120058000,q,서울,서울특별시 성동구,성동구 응봉동 ,수소,0,0,0,0,4,0,0,0,0,0,0,0,4,no
202608,11,11200,1120058000,r,서울,서울특별시 성동구,성동구 응봉동 ,수소전기,0,0,0,0,1,0,0,0,0,0,0,0,1,no
202608,11,11200,1120058000,z,서울,서울특별시 성동구,성동구 응봉동 ,기타연료,0,0,0,0,0,1,2,6,0,0,0,0,9,no
202608,11,11200,1120059000,a,서울,서울특별시 성동구,성동구 금호1가동 ,휘발유,0,0,0,0,971,0,2,0,1,0,0,0,974,no
202608,11,11200,1120059000,b,서울,서울특별시 성동구,성동구 금호1가동 ,경유,0,0,0,0,890,63,141,4,12,8,26,1,1145,no
202608,11,11200,1120059000,c,서울,서울특별시 성동구,성동구 금호1가동 ,엘피지,0,0,0,0,128,15,28,0,68,0,15,0,254,no
202608,11,11200,1120059000,e,서울,서울특별시 성동구,성동구 금호1가동 ,전기,0,0,0,0,171,0,7,0,6,7,3,0,194,yes
202608,11,11200,1120059000,g,서울,서울특별시 성동구,성동구 금호1가동 ,휘발유(유연),0,0,0,0,3,0,0,0,0,0,0,0,3,no
202608,11,11200,1120059000,h,서울,서울특별시 성동구,성동구 금호1가동 ,휘발유(무연),0,0,0,0,1397,1,1,0,93,0,0,0,1492,no
202608,11,11200,1120059000,j,서울,서울특별시 성동구,성동구 금호1가동 ,CNG,0,0,0,0,1,0,0,0,0,0,0,0,1,no
202608,11,11200,1120059000,l,서울,서울특별시 성동구,성동구 금호1가동 ,하이브리드(휘발유+전기),0,0,0,0,601,1,2,0,10,0,0,0,614,no
202608,11,11200,1120059000,m,서울,서울특별시 성동구,성동구 금호1가동 ,하이브리드(경유+전기),0,0,0,0,16,0,0,0,0,0,0,0,16,no
202608,11,11200,1120059000,n,서울,서울특별시 성동구,성동구 금호1가동 ,하이브리드(LPG+전기),0,0,0,0,1,0,0,0,0,0,0,0,1,no
202608,11,11200,1120059000,q,서울,서울특별시 성동구,성동구 금호1가동 ,수소,0,0,0,0,4,0,0,0,0,0,0,0,4,no
202608,11,11200,1120059000,z,서울,서울특별시 성동구,성동구 금호1가동 ,기타연료,0,0,0,0,0,1,3,0,0,0,0,0,4,no
202608,11,11200,1120061500,a,서울,서울특별시 성동구,성동구 금호2.3가동 ,휘발유,0,0,0,0,1206,0,3,0,0,0,0,0,1209,no
202608,11,11200,1120061500,b,서울,서울특별시 성동구,성동구 금호2.3가동 ,경유,0,0,0,0,1213,61,212,2,0,0,28,8,1524,no
202608,11,11200,1120061500,c,서울,서울특별시 성동구,성동구 금호2.3가동 ,엘피지,0,0,0,0,169,13,40,0,47,0,19,0,288,no
202608,11,11200,1120061500,e,서울,서울특별시 성동구,성동구 금호2.3가동 ,전기,0,0,0,0,230,0,5,0,9,0,6,0,250,yes
202608,11,11200,1120061500,g,서울,서울특별시 성동구,성동구 금호2.3가동 ,휘발유(유연),0,0,0,0,3,0,0,0,0,0,0,0,3,no
202608,11,11200,1120061500,h,서울,서울특별시 성동구,성동구 금호2.3가동 ,휘발유(무연),0,0,0,0,1891,1,1,1,0,0,0,0,1894,no
202608,11,11200,1120061500,l,서울,서울특별시 성동구,성동구 금호2.3가동 ,하이브리드(휘발유+전기),0,0,0,0,735,0,1,0,0,0,0,0,736,no
202608,11,11200,1120061500,m,서울,서울특별시 성동구,성동구 금호2.3가동 ,하이브리드(경유+전기),0,0,0,0,23,0,0,0,0,0,0,0,23,no
202608,11,11200,1120061500,n,서울,서울특별시 성동구,성동구 금호2.3가동 ,하이브리드(LPG+전기),0,0,0,0,1,0,0,0,0,0,0,0,1,no
202608,11,11200,1120061500,q,서울,서울특별시 성동구,성동구 금호2.3가동 ,수소,0,0,0,0,1,0,0,0,0,0,0,0,1,no
202608,11,11200,1120061500,z,서울,서울특별시 성동구,성동구 금호2.3가동 ,기타연료,0,0,0,0,0,6,10,1,0,0,0,0,17,no
202608,11,11200,1120062000,a,서울,서울특별시 성동구,성동구 금호4가동 ,휘발유,0,0,0,0,1023,1,1,0,0,0,0,0,1025,no
202608,11,11200,1120062000,b,서울,서울특별시 성동구,성동구 금호4가동 ,경유,0,0,0,0,852,49,140,1,0,0,11,2,1055,no
202608,11,11200,1120062000,c,서울,서울특별시 성동구,성동구 금호4가동 ,엘피지,0,0,0,0,83,7,22,0,37,0,7,0,156,no
202608,11,11200,1120062000,e,서울,서울특별시 성동구,성동구 금호4가동 ,전기,0,0,0,0,234,0,4,0,5,0,3,0,246,yes
202608,11,11200,1120062000,h,서울,서울특별시 성동구,성동구 금호4가동 ,휘발유(무연),0,0,0,0,1306,1,3,0,0,0,0,0,1310,no
202608,11,11200,1120062000,l,서울,서울특별시 성동구,성동구 금호4가동 ,하이브리드(휘발유+전기),1,0,0,0,649,1,3,0,3,0,0,0,657,no
202608,11,11200,1120062000,m,서울,서울특별시 성동구,성동구 금호4가동 ,하이브리드(경유+전기),0,0,0,0,20,0,0,0,0,0,0,0,20,no
202608,11,11200,1120062000,n,서울,서울특별시 성동구,성동구 금호4가동 ,하이브리드(LPG+전기),0,0,0,0,2,0,0,0,0,0,0,0,2,no
202608,11,11200,1120062000,q,서울,서울특별시 성동구,성동구 금호4가동 ,수소,0,0,0,0,4,0,0,0,0,0,0,0,4,no
202608,11,11200,1120062000,z,서울,서울특별시 성동구,성동구 금호4가동 ,기타연료,0,0,0,0,0,4,6,4,0,0,0,0,14,no
202608,11,11200,1120064500,a,서울,서울특별시 성동구,성동구 옥수동 ,휘발유,0,0,0,0,2158,0,5,1,0,0,0,0,2164,no
202608,11,11200,1120064500,b,서울,서울특별시 성동구,성동구 옥수동 ,경유,0,0,0,0,1611,51,234,7,0,8,23,4,1938,no
202608,11,11200,1120064500,c,서울,서울특별시 성동구,성동구 옥수동 ,엘피지,0,0,0,0,131,16,30,0,26,0,8,0,211,no
202608,11,11200,1120064500,e,서울,서울특별시 성동구,성동구 옥수동 ,전기,0,0,0,0,380,1,10,0,8,17,6,0,422,yes
202608,11,11200,1120064500,g,서울,서울특별시 성동구,성동구 옥수동 ,휘발유(유연),0,0,0,0,3,0,0,0,0,0,0,0,3,no
202608,11,11200,1120064500,h,서울,서울특별시 성동구,성동구 옥수동 ,휘발유(무연),0,0,0,0,2658,0,3,0,1,0,0,0,2662,no
202608,11,11200,1120064500,j,서울,서울특별시 성동구,성동구 옥수동 ,CNG,0,0,0,0,0,0,0,0,0,7,0,0,7,no
202608,11,11200,1120064500,l,서울,서울특별시 성동구,성동구 옥수동 ,하이브리드(휘발유+전기),0,0,0,0,1272,2,0,1,2,0,0,0,1277,no
202608,11,11200,1120064500,m,서울,서울특별시 성동구,성동구 옥수동 ,하이브리드(경유+전기),0,0,0,0,43,0,0,0,0,0,0,0,43,no
202608,11,11200,1120064500,n,서울,서울특별시 성동구,성동구 옥수동 ,하이브리드(LPG+전기),0,0,0,0,1,0,0,0,0,0,0,0,1,no
202608,11,11200,1120064500,q,서울,서울특별시 성동구,성동구 옥수동 ,수소,0,0,0,0,10,0,0,0,0,0,0,0,10,no
202608,11,11200,1120064500,z,서울,서울특별시 성동구,성동구 옥수동 ,기타연료,0,0,0,0,0,6,22,2,0,0,0,0,30,no
202608,11,11200,1120065000,a,서울,서울특별시 성동구,성동구 성수1가1동 ,휘발유,0,0,0,0,1331,0,9,0,78,0,0,0,1418,no
202608,11,11200,1120065000,b,서울,서울특별시 성동구,성동구 성수1가1동 ,경유,0,1,1,0,1125,71,447,8,0,140,220,64,2077,no
202608,11,11200,1120065000,c,서울,서울특별시 성동구,성동구 성수1가1동 ,엘피지,0,5,3,0,138,17,78,2,116,53,17,0,429,no
202608,11,11200,1120065000,e,서울,서울특별시 성동구,성동구 성수1가1동 ,전기,18,0,7,0,302,2,15,0,395,64,8,0,811,yes
202608,11,11200,1120065000,h,서울,서울특별시 성동구,성동구 성수1가1동 ,휘발유(무연),0,0,0,0,1793,1,6,0,2456,0,0,0,4256,no
202608,11,11200,1120065000,j,서울,서울특별시 성동구,성동구 성수1가1동 ,CNG,0,0,0,0,0,0,0,0,0,196,0,0,196,no
202608,11,11200,1120065000,l,서울,서울특별시 성동구,성동구 성수1가1동 ,하이브리드(휘발유+전기),0,0,0,0,817,4,18,0,128,0,0,0,967,no
202608,11,11200,1120065000,m,서울,서울특별시 성동구,성동구 성수1가1동 ,하이브리드(경유+전기),0,0,0,0,32,0,0,0,0,0,0,0,32,no
202608,11,11200,1120065000,n,서울,서울특별시 성동구,성동구 성수1가1동 ,하이브리드(LPG+전기),0,0,0,0,1,0,0,0,0,0,0,0,1,no
202608,11,11200,1120065000,q,서울,서울특별시 성동구,성동구 성수1가1동 ,수소,0,0,0,0,6,0,0,0,0,6,0,0,12,no
202608,11,11200,1120065000,r,서울,서울특별시 성동구,성동구 성수1가1동 ,수소전기,0,0,0,0,1,0,0,0,0,8,0,0,9,no
202608,11,11200,1120065000,z,서울,서울특별시 성동구,성동구 성수1가1동 ,기타연료,0,0,0,0,0,1,11,7,0,0,184,0,203,no
202608,11,11200,1120066000,a,서울,서울특별시 성동구,성동구 성수1가2동 ,휘발유,0,0,0,0,981,0,8,0,6,0,0,0,995,no
202608,11,11200,1120066000,b,서울,서울특별시 성동구,성동구 성수1가2동 ,경유,0,2,13,1,1028,50,303,9,1,15,303,16,1741,no
202608,11,11200,1120066000,c,서울,서울특별시 성동구,성동구 성수1가2동 ,엘피지,1,0,2,0,187,17,47,1,86,25,8,0,374,no
202608,11,11200,1120066000,e,서울,서울특별시 성동구,성동구 성수1가2동 ,전기,11,0,6,0,216,0,32,0,36,57,6,0,364,yes
202608,11,11200,1120066000,g,서울,서울특별시 성동구,성동구 성수1가2동 ,휘발유(유연),0,0,0,0,1,0,0,0,0,0,0,0,1,no
202608,11,11200,1120066000,h,서울,서울특별시 성동구,성동구 성수1가2동 ,휘발유(무연),0,0,0,0,1731,0,2,0,1201,0,0,0,2934,no
202608,11,11200,1120066000,l,서울,서울특별시 성동구,성동구 성수1가2동 ,하이브리드(휘발유+전기),0,0,0,0,597,1,2,0,19,0,0,0,619,no
202608,11,11200,1120066000,m,서울,서울특별시 성동구,성동구 성수1가2동 ,하이브리드(경유+전기),0,0,0,0,18,0,0,0,0,0,0,0,18,no
202608,11,11200,1120066000,n,서울,서울특별시 성동구,성동구 성수1가2동 ,하이브리드(LPG+전기),0,0,0,0,1,0,0,0,0,0,0,0,1,no
202608,11,11200,1120066000,q,서울,서울특별시 성동구,성동구 성수1가2동 ,수소,0,0,0,0,2,0,0,0,0,0,0,0,2,no
202608,11,11200,1120066000,z,서울,서울특별시 성동구,성동구 성수1가2동 ,기타연료,0,0,0,0,0,2,16,0,0,0,64,0,82,no
202608,11,11200,1120067000,a,서울,서울특별시 성동구,성동구 성수2가1동 ,휘발유,0,0,0,0,1082,0,7,0,22,0,0,0,1111,no
202608,11,11200,1120067000,b,서울,서울특별시 성동구,성동구 성수2가1동 ,경유,0,0,0,0,1170,84,638,14,46,72,112,5,2141,no
202608,11,11200,1120067000,c,서울,서울특별시 성동구,성동구 성수2가1동 ,엘피지,0,0,0,0,194,27,114,2,183,1,50,0,571,no
202608,11,11200,1120067000,e,서울,서울특별시 성동구,성동구 성수2가1동 ,전기,0,0,0,0,267,1,48,1,21,38,22,0,398,yes
202608,11,11200,1120067000,g,서울,서울특별시 성동구,성동구 성수2가1동 ,휘발유(유연),0,0,0,0,1,0,0,0,0,0,0,0,1,no
202608,11,11200,1120067000,h,서울,서울특별시 성동구,성동구 성수2가1동 ,휘발유(무연),0,0,0,0,1974,1,4,0,73,0,0,0,2052,no
202608,11,11200,1120067000,j,서울,서울특별시 성동구,성동구 성수2가1동 ,CNG,0,0,0,0,1,4,0,0,0,16,0,0,21,no
202608,11,11200,1120067000,l,서울,서울특별시 성동구,성동구 성수2가1동 ,하이브리드(휘발유+전기),0,0,0,0,747,1,9,0,67,0,0,0,824,no
202608,11,11200,1120067000,m,서울,서울특별시 성동구,성동구 성수2가1동 ,하이브리드(경유+전기),0,0,0,0,28,0,0,0,3,0,0,0,31,no
202608,11,11200,1120067000,q,서울,서울특별시 성동구,성동구 성수2가1동 ,수소,0,0,0,0,6,0,0,0,0,0,0,0,6,no
202608,11,11200,1120067000,r,서울,서울특별시 성동구,성동구 성수2가1동 ,수소전기,0,0,0,0,0,0,0,0,1,0,0,0,1,no
202608,11,11200,1120067000,z,서울,서울특별시 성동구,성동구 성수2가1동 ,기타연료,0,0,0,0,0,1,5,4,0,0,0,0,10,no
202608,11,11200,1120069000,a,서울,서울특별시 성동구,성동구 성수2가3동 ,휘발유,1,0,0,0,868,2,7,1,8,0,0,0,887,no
202608,11,11200,1120069000,b,서울,서울특별시 성동구,성동구 성수2가3동 ,경유,0,0,0,0,970,75,625,13,42,62,121,11,1919,no
202608,11,11200,1120069000,c,서울,서울특별시 성동구,성동구 성수2가3동 ,엘피지,0,0,0,0,158,17,83,1,76,2,66,0,403,no
202608,11,11200,1120069000,e,서울,서울특별시 성동구,성동구 성수2가3동 ,전기,0,0,0,0,170,0,19,0,7,0,9,0,205,yes
202608,11,11200,1120069000,g,서울,서울특별시 성동구,성동구 성수2가3동 ,휘발유(유연),0,0,0,0,2,0,0,0,0,0,0,0,2,no
202608,11,11200,1120069000,h,서울,서울특별시 성동구,성동구 성수2가3동 ,휘발유(무연),0,0,0,0,1724,4,2,0,55,0,0,0,1785,no
202608,11,11200,1120069000,l,서울,서울특별시 성동구,성동구 성수2가3동 ,하이브리드(휘발유+전기),0,0,0,0,595,0,3,0,18,0,0,0,616,no
202608,11,11200,1120069000,m,서울,서울특별시 성동구,성동구 성수2가3동 ,하이브리드(경유+전기),0,0,0,0,12,0,0,0,0,0,0,0,12,no
202608,11,11200,1120069000,q,서울,서울특별시 성동구,성동구 성수2가3동 ,수소,0,0,0,0,10,0,0,0,0,0,0,0,10,no
202608,11,11200,1120069000,r,서울,서울특별시 성동구,성동구 성수2가3동 ,수소전기,0,0,0,0,1,0,0,0,0,0,0,0,1,no
202608,11,11200,1120069000,z,서울,서울특별시 성동구,성동구 성수2가3동 ,기타연료,0,0,0,0,0,3,8,3,0,0,1,0,15,no
202608,11,11200,1120072000,a,서울,서울특별시 성동구,성동구 송정동 ,휘발유,0,0,0,0,351,1,6,1,3,0,0,0,362,no
202608,11,11200,1120072000,b,서울,서울특별시 성동구,성동구 송정동 ,경유,0,0,1,0,500,39,231,3,6,1,27,6,814,no
202608,11,11200,1120072000,c,서울,서울특별시 성동구,성동구 송정동 ,엘피지,0,0,1,0,86,10,43,0,55,2,11,0,208,no
202608,11,11200,1120072000,e,서울,서울특별시 성동구,성동구 송정동 ,전기,4,0,1,0,69,0,19,0,8,0,7,0,108,yes
202608,11,11200,1120072000,g,서울,서울특별시 성동구,성동구 송정동 ,휘발유(유연),0,0,0,0,1,0,0,0,0,0,0,0,1,no
202608,11,11200,1120072000,h,서울,서울특별시 성동구,성동구 송정동 ,휘발유(무연),0,0,0,0,828,1,3,0,23,0,0,0,855,no
202608,11,11200,1120072000,j,서울,서울특별시 성동구,성동구 송정동 ,CNG,0,0,1,0,0,0,0,0,0,0,0,0,1,no
202608,11,11200,1120072000,l,서울,서울특별시 성동구,성동구 송정동 ,하이브리드(휘발유+전기),0,0,0,0,210,1,4,0,18,0,0,0,233,no
202608,11,11200,1120072000,m,서울,서울특별시 성동구,성동구 송정동 ,하이브리드(경유+전기),0,0,0,0,3,0,0,0,2,0,0,0,5,no
202608,11,11200,1120072000,n,서울,서울특별시 성동구,성동구 송정동 ,하이브리드(LPG+전기),0,0,0,0,2,0,0,0,0,0,0,0,2,no
202608,11,11200,1120072000,z,서울,서울특별시 성동구,성동구 송정동 ,기타연료,0,0,0,0,0,3,3,2,0,0,0,0,8,no
202608,11,11200,1120079000,a,서울,서울특별시 성동구,성동구 용답동 ,휘발유,0,0,0,0,1095,2,6,0,58,0,0,0,1161,no
202608,11,11200,1120079000,b,서울,서울특별시 성동구,성동구 용답동 ,경유,0,0,8,5,1332,164,705,12,26,33,82,7,2374,no
202608,11,11200,1120079000,c,서울,서울특별시 성동구,성동구 용답동 ,엘피지,0,4,1,0,482,34,122,1,176,9,16,0,845,no
202608,11,11200,1120079000,e,서울,서울특별시 성동구,성동구 용답동 ,전기,1,0,0,0,199,2,67,1,25,0,6,0,301,yes
202608,11,11200,1120079000,g,서울,서울특별시 성동구,성동구 용답동 ,휘발유(유연),0,0,0,0,2,0,0,0,0,0,0,0,2,no
202608,11,11200,1120079000,h,서울,서울특별시 성동구,성동구 용답동 ,휘발유(무연),0,0,0,0,2248,3,3,0,191,0,0,0,2445,no
202608,11,11200,1120079000,j,서울,서울특별시 성동구,성동구 용답동 ,CNG,0,0,1,0,0,2,0,0,0,1,0,0,4,no
202608,11,11200,1120079000,l,서울,서울특별시 성동구,성동구 용답동 ,하이브리드(휘발유+전기),1,0,0,0,625,0,5,0,15,0,0,0,646,no
202608,11,11200,1120079000,m,서울,서울특별시 성동구,성동구 용답동 ,하이브리드(경유+전기),0,0,0,0,36,0,0,0,4,0,0,0,40,no
202608,11,11200,1120079000,q,서울,서울특별시 성동구,성동구 용답동 ,수소,0,0,0,0,4,0,0,0,0,0,0,0,4,no
202608,11,11200,1120079000,z,서울,서울특별시 성동구,성동구 용답동 ,기타연료,0,0,0,0,1,1,2,3,0,0,1,0,8,no
202608,11,11215,1121510100,b,서울,서울특별시 광진구,기타,경유,0,0,0,0,1,0,0,0,0,0,0,0,1,no
202608,11,11215,1121510300,h,서울,서울특별시 광진구,기타,휘발유(무연),0,0,0,0,1,0,0,0,0,0,0,0,1,no
202608,11,11215,1121510900,b,서울,서울특별시 광진구,기타,경유,0,0,0,0,1,0,0,0,0,0,0,0,1,no
202608,11,11215,1121571000,a,서울,서울특별시 광진구,광진구 화양동 ,휘발유,0,0,0,0,618,0,1,1,4,0,0,0,624,no
202608,11,11215,1121571000,b,서울,서울특별시 광진구,광진구 화양동 ,경유,0,0,0,0,615,58,191,5,59,63,68,1,1060,no
202608,11,11215,1121571000,c,서울,서울특별시 광진구,광진구 화양동 ,엘피지,0,0,1,0,142,15,28,1,186,1,14,0,388,no
202608,11,11215,1121571000,e,서울,서울특별시 광진구,광진구 화양동 ,전기,0,0,0,0,90,0,8,0,36,0,2,0,136,yes
202608,11,11215,1121571000,h,서울,서울특별시 광진구,광진구 화양동 ,휘발유(무연),0,0,0,0,1210,1,6,0,299,0,0,0,1516,no
202608,11,11215,1121571000,l,서울,서울특별시 광진구,광진구 화양동 ,하이브리드(휘발유+전기),0,0,0,0,325,0,1,0,30,18,0,0,374,no
202608,11,11215,1121571000,m,서울,서울특별시 광진구,광진구 화양동 ,하이브리드(경유+전기),0,0,0,0,6,0,0,0,1,0,0,0,7,no
202608,11,11215,1121571000,q,서울,서울특별시 광진구,광진구 화양동 ,수소,0,0,0,0,3,0,0,0,0,0,0,0,3,no
202608,11,11215,1121571000,z,서울,서울특별시 광진구,광진구 화양동 ,기타연료,0,0,0,0,0,2,1,0,0,0,3,0,6,no
202608,11,11215,1121573000,a,서울,서울특별시 광진구,광진구 군자동 ,휘발유,0,0,0,0,702,0,4,0,4,0,0,0,710,no
202608,11,11215,1121573000,b,서울,서울특별시 광진구,광진구 군자동 ,경유,0,0,0,0,869,91,311,12,1,10,65,3,1362,no
202608,11,11215,1121573000,c,서울,서울특별시 광진구,광진구 군자동 ,엘피지,0,0,0,0,192,9,56,1,143,1,18,0,420,no
202608,11,11215,1121573000,e,서울,서울특별시 광진구,광진구 군자동 ,전기,0,0,0,0,102,0,19,0,16,0,6,0,143,yes
202608,11,11215,1121573000,g,서울,서울특별시 광진구,광진구 군자동 ,휘발유(유연),0,0,0,0,2,0,0,0,0,0,0,0,2,no
202608,11,11215,1121573000,h,서울,서울특별시 광진구,광진구 군자동 ,휘발유(무연),0,0,0,0,1464,1,5,0,5,0,0,0,1475,no
202608,11,11215,1121573000,l,서울,서울특별시 광진구,광진구 군자동 ,하이브리드(휘발유+전기),0,0,0,0,384,0,2,0,2,0,0,0,388,no
202608,11,11215,1121573000,m,서울,서울특별시 광진구,광진구 군자동 ,하이브리드(경유+전기),0,0,0,0,2,0,0,0,0,0,0,0,2,no
202608,11,11215,1121573000,q,서울,서울특별시 광진구,광진구 군자동 ,수소,0,0,0,0,3,0,0,0,0,0,0,0,3,no
202608,11,11215,1121573000,z,서울,서울특별시 광진구,광진구 군자동 ,기타연료,0,0,0,0,0,3,5,1,0,0,0,0,9,no
202608,11,11215,1121574000,a,서울,서울특별시 광진구,광진구 중곡1동 ,휘발유,0,0,0,0,610,2,4,0,0,0,0,0,616,no
202608,11,11215,1121574000,b,서울,서울특별시 광진구,광진구 중곡1동 ,경유,1,3,0,0,815,128,461,6,10,3,38,7,1472,no
202608,11,11215,1121574000,c,서울,서울특별시 광진구,광진구 중곡1동 ,엘피지,0,0,0,0,166,25,75,0,201,1,25,0,493,no
202608,11,11215,1121574000,e,서울,서울특별시 광진구,광진구 중곡1동 ,전기,0,0,0,0,70,1,21,0,19,0,8,0,119,yes
202608,11,11215,1121574000,h,서울,서울특별시 광진구,광진구 중곡1동 ,휘발유(무연),0,0,0,0,1375,1,2,0,14,0,0,0,1392,no
202608,11,11215,1121574000,l,서울,서울특별시 광진구,광진구 중곡1동 ,하이브리드(휘발유+전기),1,0,0,0,321,2,5,0,4,0,0,0,333,no
202608,11,11215,1121574000,m,서울,서울특별시 광진구,광진구 중곡1동 ,하이브리드(경유+전기),0,0,0,0,10,0,0,0,0,0,0,0,10,no
202608,11,11215,1121574000,n,서울,서울특별시 광진구,광진구 중곡1동 ,하이브리드(LPG+전기),0,0,0,0,1,0,0,0,0,0,0,0,1,no
202608,11,11215,1121574000,q,서울,서울특별시 광진구,광진구 중곡1동 ,수소,0,0,0,0,1,0,0,0,0,0,0,0,1,no
202608,11,11215,1121574000,r,서울,서울특별시 광진구,광진구 중곡1동 ,수소전기,0,0,0,0,1,0,0,0,0,0,0,0,1,no
202608,11,11215,1121574000,z,서울,서울특별시 광진구,광진구 중곡1동 ,기타연료,0,0,0,0,0,0,2,1,0,0,0,0,3,no
202608,11,11215,1121575000,a,서울,서울특별시 광진구,광진구 중곡2동 ,휘발유,0,0,0,0,748,0,4,0,0,0,0,0,752,no
202608,11,11215,1121575000,b,서울,서울특별시 광진구,광진구 중곡2동 ,경유,1,1,0,0,902,101,389,5,0,28,53,4,1484,no
202608,11,11215,1121575000,c,서울,서울특별시 광진구,광진구 중곡2동 ,엘피지,0,0,0,0,180,32,89,0,69,0,33,0,403,no
202608,11,11215,1121575000,e,서울,서울특별시 광진구,광진구 중곡2동 ,전기,0,0,0,0,69,0,13,1,16,0,9,0,108,yes
202608,11,11215,1121575000,g,서울,서울특별시 광진구,광진구 중곡2동 ,휘발유(유연),0,0,0,0,4,0,0,0,0,0,0,0,4,no
202608,11,11215,1121575000,h,서울,서울특별시 광진구,광진구 중곡2동 ,휘발유(무연),0,0,0,0,1691,1,4,0,0,0,0,0,1696,no
202608,11,11215,1121575000,l,서울,서울특별시 광진구,광진구 중곡2동 ,하이브리드(휘발유+전기),1,0,0,0,400,0,1,0,2,0,0,0,404,no
202608,11,11215,1121575000,m,서울,서울특별시 광진구,광진구 중곡2동 ,하이브리드(경유+전기),0,0,0,0,9,0,0,0,0,0,0,0,9,no
202608,11,11215,1121575000,n,서울,서울특별시 광진구,광진구 중곡2동 ,하이브리드(LPG+전기),0,0,0,0,2,0,0,0,1,0,0,0,3,no
202608,11,11215,1121575000,q,서울,서울특별시 광진구,광진구 중곡2동 ,수소,0,0,0,0,3,0,0,0,0,0,0,0,3,no
202608,11,11215,1121575000,r,서울,서울특별시 광진구,광진구 중곡2동 ,수소전기,0,0,0,0,1,0,0,0,0,0,0,0,1,no
202608,11,11215,1121575000,z,서울,서울특별시 광진구,광진구 중곡2동 ,기타연료,0,0,0,0,0,3,8,0,0,0,0,0,11,no
202608,11,11215,1121576000,a,서울,서울특별시 광진구,광진구 중곡3동 ,휘발유,1,0,0,0,516,0,6,0,0,0,0,0,523,no
202608,11,11215,1121576000,b,서울,서울특별시 광진구,광진구 중곡3동 ,경유,0,0,0,0,723,66,310,8,0,0,38,10,1155,no
202608,11,11215,1121576000,c,서울,서울특별시 광진구,광진구 중곡3동 ,엘피지,0,0,0,0,160,16,51,1,115,0,20,0,363,no
202608,11,11215,1121576000,e,서울,서울특별시 광진구,광진구 중곡3동 ,전기,0,0,0,0,63,0,6,0,33,0,6,0,108,yes
202608,11,11215,1121576000,g,서울,서울특별시 광진구,광진구 중곡3동 ,휘발유(유연),0,0,0,0,3,0,0,0,0,0,0,0,3,no
202608,11,11215,1121576000,h,서울,서울특별시 광진구,광진구 중곡3동 ,휘발유(무연),0,0,0,0,1278,3,2,0,0,0,0,0,1283,no
202608,11,11215,1121576000,l,서울,서울특별시 광진구,광진구 중곡3동 ,하이브리드(휘발유+전기),0,0,0,0,304,3,0,0,0,0,0,0,307,no
202608,11,11215,1121576000,m,서울,서울특별시 광진구,광진구 중곡3동 ,하이브리드(경유+전기),0,0,0,0,5,0,0,0,0,0,0,0,5,no
202608,11,11215,1121576000,q,서울,서울특별시 광진구,광진구 중곡3동 ,수소,0,0,0,0,2,0,0,0,0,0,0,0,2,no
202608,11,11215,1121576000,z,서울,서울특별시 광진구,광진구 중곡3동 ,기타연료,0,0,0,0,0,1,6,0,0,0,0,0,7,no
202608,11,11215,1121577000,a,서울,서울특별시 광진구,광진구 중곡4동 ,휘발유,0,0,0,0,978,0,4,0,0,0,0,0,982,no
202608,11,11215,1121577000,b,서울,서울특별시 광진구,광진구 중곡4동 ,경유,0,0,0,0,1353,135,583,9,1,2,92,12,2187,no
202608,11,11215,1121577000,c,서울,서울특별시 광진구,광진구 중곡4동 ,엘피지,0,0,0,0,341,22,80,2,133,0,43,0,621,no
202608,11,11215,1121577000,e,서울,서울특별시 광진구,광진구 중곡4동 ,전기,0,0,0,0,119,0,16,0,21,0,12,0,168,yes
202608,11,11215,1121577000,g,서울,서울특별시 광진구,광진구 중곡4동 ,휘발유(유연),0,0,0,0,2,0,0,0,0,0,0,0,2,no
202608,11,11215,1121577000,h,서울,서울특별시 광진구,광진구 중곡4동 ,휘발유(무연),0,0,0,0,2386,1,9,0,0,0,0,0,2396,no
202608,11,11215,1121577000,l,서울,서울특별시 광진구,광진구 중곡4동 ,하이브리드(휘발유+전기),0,0,0,0,570,1,5,1,2,0,0,0,579,no
202608,11,11215,1121577000,m,서울,서울특별시 광진구,광진구 중곡4동 ,하이브리드(경유+전기),0,0,0,0,6,0,0,0,0,0,0,0,6,no
202608,11,11215,1121577000,n,서울,서울특별시 광진구,광진구 중곡4동 ,하이브리드(LPG+전기),0,0,0,0,3,0,0,0,0,0,0,0,3,no
202608,11,11215,1121577000,q,서울,서울특별시 광진구,광진구 중곡4동 ,수소,0,0,0,0,4,0,0,0,0,0,0,0,4,no
202608,11,11215,1121577000,r,서울,서울특별시 광진구,광진구 중곡4동 ,수소전기,0,0,0,0,1,0,0,0,0,0,0,0,1,no
202608,11,11215,1121577000,z,서울,서울특별시 광진구,광진구 중곡4동 ,기타연료,0,0,0,0,1,2,7,1,0,0,0,0,11,no
202608,11,11215,1121578000,a,서울,서울특별시 광진구,광진구 능동 ,휘발유,0,0,0,0,420,0,3,1,0,0,0,0,424,no
202608,11,11215,1121578000,b,서울,서울특별시 광진구,광진구 능동 ,경유,1,0,0,0,558,47,216,3,0,0,19,1,845,no
202608,11,11215,1121578000,c,서울,서울특별시 광진구,광진구 능동 ,엘피지,0,0,0,0,103,11,36,0,29,0,5,0,184,no
202608,11,11215,1121578000,e,서울,서울특별시 광진구,광진구 능동 ,전기,0,0,0,0,63,1,10,0,4,0,3,0,81,yes
202608,11,11215,1121578000,g,서울,서울특별시 광진구,광진구 능동 ,휘발유(유연),0,0,0,0,2,0,0,0,0,0,0,0,2,no
202608,11,11215,1121578000,h,서울,서울특별시 광진구,광진구 능동 ,휘발유(무연),0,0,0,0,986,2,3,0,1,0,0,0,992,no
202608,11,11215,1121578000,l,서울,서울특별시 광진구,광진구 능동 ,하이브리드(휘발유+전기),0,0,0,0,268,0,4,0,0,0,0,0,272,no
202608,11,11215,1121578000,m,서울,서울특별시 광진구,광진구 능동 ,하이브리드(경유+전기),0,0,0,0,4,0,0,0,0,0,0,0,4,no
202608,11,11215,1121578000,n,서울,서울특별시 광진구,광진구 능동 ,하이브리드(LPG+전기),0,0,0,0,2,0,0,0,0,0,0,0,2,no
202608,11,11215,1121578000,q,서울,서울특별시 광진구,광진구 능동 ,수소,0,0,0,0,1,0,0,0,0,0,0,0,1,no
202608,11,11215,1121578000,r,서울,서울특별시 광진구,광진구 능동 ,수소전기,0,0,0,0,1,0,0,0,0,0,0,0,1,no
202608,11,11215,1121578000,z,서울,서울특별시 광진구,광진구 능동 ,기타연료,0,0,0,0,0,2,6,2,0,0,0,0,10,no
202608,11,11215,1121581000,a,서울,서울특별시 광진구,광진구 광장동 ,휘발유,0,0,0,0,2425,2,6,0,4,0,0,0,2437,no
202608,11,11215,1121581000,b,서울,서울특별시 광진구,광진구 광장동 ,경유,0,1,1,0,2103,77,368,7,48,18,31,9,2663,no
202608,11,11215,1121581000,c,서울,서울특별시 광진구,광진구 광장동 ,엘피지,0,0,0,0,248,19,48,0,52,4,11,0,382,no
202608,11,11215,1121581000,e,서울,서울특별시 광진구,광진구 광장동 ,전기,0,0,0,0,335,1,13,0,9,0,4,0,362,yes
202608,11,11215,1121581000,g,서울,서울특별시 광진구,광진구 광장동 ,휘발유(유연),0,0,0,0,2,0,0,0,0,0,0,0,2,no
202608,11,11215,1121581000,h,서울,서울특별시 광진구,광진구 광장동 ,휘발유(무연),0,0,0,0,3882,2,4,0,10,0,0,0,3898,no
202608,11,11215,1121581000,j,서울,서울특별시 광진구,광진구 광장동 ,CNG,0,0,0,0,0,0,0,0,0,5,0,0,5,no
202608,11,11215,1121581000,l,서울,서울특별시 광진구,광진구 광장동 ,하이브리드(휘발유+전기),0,0,0,0,1619,2,1,0,2,0,0,0,1624,no
202608,11,11215,1121581000,m,서울,서울특별시 광진구,광진구 광장동 ,하이브리드(경유+전기),0,0,0,0,38,0,0,0,1,0,0,0,39,no
202608,11,11215,1121581000,n,서울,서울특별시 광진구,광진구 광장동 ,하이브리드(LPG+전기),0,0,0,0,2,0,0,0,0,0,0,0,2,no
202608,11,11215,1121581000,q,서울,서울특별시 광진구,광진구 광장동 ,수소,0,0,0,0,9,0,0,0,0,0,0,0,9,no
202608,11,11215,1121581000,r,서울,서울특별시 광진구,광진구 광장동 ,수소전기,0,0,0,0,3,0,0,0,0,0,0,0,3,no
202608,11,11215,1121581000,z,서울,서울특별시 광진구,광진구 광장동 ,기타연료,0,0,0,0,0,7,14,3,0,0,0,0,24,no
202608,11,11215,1121582000,a,서울,서울특별시 광진구,광진구 자양1동 ,휘발유,0,0,0,0,862,0,5,0,44,0,0,0,911,no
202608,11,11215,1121582000,b,서울,서울특별시 광진구,광진구 자양1동 ,경유,0,3,0,0,1080,98,1323,6,27,5,62,12,2616,no
202608,11,11215,1121582000,c,서울,서울특별시 광진구,광진구 자양1동 ,엘피지,0,0,1,0,245,25,87,0,92,0,27,1,478,no
202608,11,11215,1121582000,e,서울,서울특별시 광진구,광진구 자양1동 ,전기,0,0,0,0,148,0,21,0,24,13,11,0,217,yes
202608,11,11215,1121582000,g,서울,서울특별시 광진구,광진구 자양1동 ,휘발유(유연),0,0,0,0,1,0,0,0,0,0,0,0,1,no
202608,11,11215,1121582000,h,서울,서울특별시 광진구,광진구 자양1동 ,휘발유(무연),2,0,0,0,1965,2,8,0,177,0,0,0,2154,no
202608,11,11215,1121582000,j,서울,서울특별시 광진구,광진구 자양1동 ,CNG,0,0,0,0,0,0,0,0,0,110,0,0,110,no
202608,11,11215,1121582000,l,서울,서울특별시 광진구,광진구 자양1동 ,하이브리드(휘발유+전기),1,0,0,0,513,4,0,0,97,0,0,0,615,no
202608,11,11215,1121582000,m,서울,서울특별시 광진구,광진구 자양1동 ,하이브리드(경유+전기),0,0,0,0,16,0,0,0,3,0,0,0,19,no
202608,11,11215,1121582000,n,서울,서울특별시 광진구,광진구 자양1동 ,하이브리드(LPG+전기),0,0,0,0,2,0,0,0,0,0,0,0,2,no
202608,11,11215,1121582000,q,서울,서울특별시 광진구,광진구 자양1동 ,수소,0,0,0,0,2,0,0,0,0,0,0,0,2,no
202608,11,11215,1121582000,z,서울,서울특별시 광진구,광진구 자양1동 ,기타연료,0,0,0,0,0,2,15,1,0,0,0,0,18,no
202608,11,11215,1121583000,a,서울,서울특별시 광진구,광진구 자양2동 ,휘발유,1,0,0,0,1323,1,3,0,0,0,0,0,1328,no
202608,11,11215,1121583000,b,서울,서울특별시 광진구,광진구 자양2동 ,경유,5,12,87,0,1624,115,650,7,1,3,77,9,2590,no
202608,11,11215,1121583000,c,서울,서울특별시 광진구,광진구 자양2동 ,엘피지,1,4,0,0,286,22,51,0,88,0,29,0,481,no
202608,11,11215,1121583000,e,서울,서울특별시 광진구,광진구 자양2동 ,전기,31,0,7,3,197,0,14,0,14,0,7,0,273,yes
202608,11,11215,1121583000,g,서울,서울특별시 광진구,광진구 자양2동 ,휘발유(유연),0,0,0,0,1,0,0,0,0,0,0,0,1,no
202608,11,11215,1121583000,h,서울,서울특별시 광진구,광진구 자양2동 ,휘발유(무연),16,0,0,0,2529,1,4,0,1,0,0,0,2551,no
202608,11,11215,1121583000,j,서울,서울특별시 광진구,광진구 자양2동 ,CNG,0,2,9,0,1,0,0,0,0,0,0,0,12,no
202608,11,11215,1121583000,l,서울,서울특별시 광진구,광진구 자양2동 ,하이브리드(휘발유+전기),1,0,0,0,904,2,1,0,2,0,0,0,910,no
202608,11,11215,1121583000,m,서울,서울특별시 광진구,광진구 자양2동 ,하이브리드(경유+전기),0,0,0,0,31,0,0,0,0,0,0,0,31,no
202608,11,11215,1121583000,n,서울,서울특별시 광진구,광진구 자양2동 ,하이브리드(LPG+전기),1,0,0,0,3,0,0,0,0,0,0,0,4,no
202608,11,11215,1121583000,q,서울,서울특별시 광진구,광진구 자양2동 ,수소,1,0,2,0,4,0,0,0,0,0,0,0,7,no
202608,11,11215,1121583000,z,서울,서울특별시 광진구,광진구 자양2동 ,기타연료,0,0,0,0,0,5,5,4,0,0,0,0,14,no
202608,11,11215,1121584000,a,서울,서울특별시 광진구,광진구 자양3동 ,휘발유,0,0,0,0,1848,1,7,0,0,0,0,0,1856,no
202608,11,11215,1121584000,b,서울,서울특별시 광진구,광진구 자양3동 ,경유,0,0,0,0,1572,74,283,3,0,0,66,8,2006,no
202608,11,11215,1121584000,c,서울,서울특별시 광진구,광진구 자양3동 ,엘피지,0,0,0,0,194,12,56,0,72,0,19,0,353,no
202608,11,11215,1121584000,e,서울,서울특별시 광진구,광진구 자양3동 ,전기,0,0,0,0,277,1,30,1,10,16,5,0,340,yes
202608,11,11215,1121584000,g,서울,서울특별시 광진구,광진구 자양3동 ,휘발유(유연),0,0,0,0,1,0,0,0,0,0,0,0,1,no
202608,11,11215,1121584000,h,서울,서울특별시 광진구,광진구 자양3동 ,휘발유(무연),2,0,0,0,2859,1,2,0,0,0,0,0,2864,no
202608,11,11215,1121584000,j,서울,서울특별시 광진구,광진구 자양3동 ,CNG,0,0,0,0,0,0,0,0,0,5,0,0,5,no
202608,11,11215,1121584000,l,서울,서울특별시 광진구,광진구 자양3동 ,하이브리드(휘발유+전기),0,0,0,0,1089,0,2,0,3,0,0,0,1094,no
202608,11,11215,1121584000,m,서울,서울특별시 광진구,광진구 자양3동 ,하이브리드(경유+전기),0,0,0,0,29,0,0,0,0,0,0,0,29,no
202608,11,11215,1121584000,q,서울,서울특별시 광진구,광진구 자양3동 ,수소,0,0,0,0,7,0,0,0,0,0,0,0,7,no
202608,11,11215,1121584000,z,서울,서울특별시 광진구,광진구 자양3동 ,기타연료,0,0,0,0,0,5,15,1,0,0,1,0,22,no
202608,11,11215,1121584700,a,서울,서울특별시 광진구,광진구 자양4동 ,휘발유,0,0,0,0,954,0,5,0,5,0,0,0,964,no
202608,11,11215,1121584700,b,서울,서울특별시 광진구,광진구 자양4동 ,경유,0,0,0,0,1015,67,334,6,9,0,42,3,1476,no
202608,11,11215,1121584700,c,서울,서울특별시 광진구,광진구 자양4동 ,엘피지,0,0,0,0,164,21,33,0,63,2,17,0,300,no
202608,11,11215,1121584700,e,서울,서울특별시 광진구,광진구 자양4동 ,전기,0,0,0,0,163,1,10,1,15,0,4,0,194,yes
202608,11,11215,1121584700,g,서울,서울특별시 광진구,광진구 자양4동 ,휘발유(유연),0,0,0,0,3,0,0,0,0,0,0,0,3,no
202608,11,11215,1121584700,h,서울,서울특별시 광진구,광진구 자양4동 ,휘발유(무연),0,0,0,0,1808,2,4,0,41,0,0,0,1855,no
202608,11,11215,1121584700,j,서울,서울특별시 광진구,광진구 자양4동 ,CNG,0,0,0,0,1,0,0,0,0,0,0,0,1,no
202608,11,11215,1121584700,l,서울,서울특별시 광진구,광진구 자양4동 ,하이브리드(휘발유+전기),0,0,0,0,544,1,2,0,56,0,0,0,603,no
202608,11,11215,1121584700,m,서울,서울특별시 광진구,광진구 자양4동 ,하이브리드(경유+전기),0,0,0,0,13,0,0,0,0,0,0,0,13,no
202608,11,11215,1121584700,q,서울,서울특별시 광진구,광진구 자양4동 ,수소,0,0,0,0,3,0,0,0,0,0,0,0,3,no
202608,11,11215,1121584700,z,서울,서울특별시 광진구,광진구 자양4동 ,기타연료,0,0,0,0,0,3,5,1,0,0,0,0,9,no
202608,11,11215,1121585000,a,서울,서울특별시 광진구,광진구 구의1동 ,휘발유,0,0,0,0,1076,0,8,0,11,0,0,0,1095,no
202608,11,11215,1121585000,b,서울,서울특별시 광진구,광진구 구의1동 ,경유,2,10,15,5,1247,114,537,14,27,20,145,2,2138,no
202608,11,11215,1121585000,c,서울,서울특별시 광진구,광진구 구의1동 ,엘피지,0,1,3,0,196,23,113,0,129,0,21,1,487,no
202608,11,11215,1121585000,e,서울,서울특별시 광진구,광진구 구의1동 ,전기,6,0,1,0,175,0,27,0,12,0,3,0,224,yes
202608,11,11215,1121585000,g,서울,서울특별시 광진구,광진구 구의1동 ,휘발유(유연),0,0,0,0,3,0,0,0,0,0,0,0,3,no
202608,11,11215,1121585000,h,서울,서울특별시 광진구,광진구 구의1동 ,휘발유(무연),0,0,0,0,2187,1,5,0,70,0,0,0,2263,no
202608,11,11215,1121585000,l,서울,서울특별시 광진구,광진구 구의1동 ,하이브리드(휘발유+전기),1,0,0,0,664,6,2,0,23,0,0,0,696,no
202608,11,11215,1121585000,m,서울,서울특별시 광진구,광진구 구의1동 ,하이브리드(경유+전기),0,0,0,0,13,0,0,0,2,0,0,0,15,no
202608,11,11215,1121585000,n,서울,서울특별시 광진구,광진구 구의1동 ,하이브리드(LPG+전기),1,0,0,0,1,0,0,0,0,0,0,0,2,no
202608,11,11215,1121585000,q,서울,서울특별시 광진구,광진구 구의1동 ,수소,0,0,0,0,4,0,0,0,0,0,0,0,4,no
202608,11,11215,1121585000,r,서울,서울특별시 광진구,광진구 구의1동 ,수소전기,0,0,0,0,2,0,0,0,0,0,0,0,2,no
202608,11,11215,1121585000,z,서울,서울특별시 광진구,광진구 구의1동 ,기타연료,0,0,1,0,0,5,8,0,0,0,0,0,14,no
202608,11,11215,1121586000,a,서울,서울특별시 광진구,광진구 구의2동 ,휘발유,1,0,0,0,1077,0,7,0,0,0,0,0,1085,no
202608,11,11215,1121586000,b,서울,서울특별시 광진구,광진구 구의2동 ,경유,0,0,4,1,1286,102,448,13,2,0,107,6,1969,no
202608,11,11215,1121586000,c,서울,서울특별시 광진구,광진구 구의2동 ,엘피지,0,0,2,0,264,26,81,0,103,0,33,0,509,no
202608,11,11215,1121586000,e,서울,서울특별시 광진구,광진구 구의2동 ,전기,3,0,0,0,128,1,18,0,21,0,13,0,184,yes
202608,11,11215,1121586000,g,서울,서울특별시 광진구,광진구 구의2동 ,휘발유(유연),0,0,0,0,1,0,0,0,0,0,0,0,1,no
202608,11,11215,1121586000,h,서울,서울특별시 광진구,광진구 구의2동 ,휘발유(무연),1,1,0,0,2367,2,6,0,2,0,0,0,2379,no
202608,11,11215,1121586000,l,서울,서울특별시 광진구,광진구 구의2동 ,하이브리드(휘발유+전기),0,0,0,0,748,0,3,0,2,0,0,0,753,no
202608,11,11215,1121586000,m,서울,서울특별시 광진구,광진구 구의2동 ,하이브리드(경유+전기),0,0,0,0,6,0,0,0,0,0,0,0,6,no
202608,11,11215,1121586000,n,서울,서울특별시 광진구,광진구 구의2동 ,하이브리드(LPG+전기),0,0,0,0,1,0,0,0,0,0,0,0,1,no
202608,11,11215,1121586000,q,서울,서울특별시 광진구,광진구 구의2동 ,수소,0,0,0,0,4,0,0,0,0,0,0,0,4,no
202608,11,11215,1121586000,z,서울,서울특별시 광진구,광진구 구의2동 ,기타연료,0,0,0,0,0,4,5,2,0,0,0,0,11,no
202608,11,11215,1121587000,a,서울,서울특별시 광진구,광진구 구의3동 ,휘발유,0,0,0,0,1709,0,9,0,4,0,0,0,1722,no
202608,11,11215,1121587000,b,서울,서울특별시 광진구,광진구 구의3동 ,경유,0,4,19,0,1545,77,334,6,4,3,94,2,2088,no
202608,11,11215,1121587000,c,서울,서울특별시 광진구,광진구 구의3동 ,엘피지,0,0,8,0,252,23,642,0,53,0,21,0,999,no
202608,11,11215,1121587000,e,서울,서울특별시 광진구,광진구 구의3동 ,전기,0,0,0,0,244,0,15,0,10,0,5,0,274,yes
202608,11,11215,1121587000,g,서울,서울특별시 광진구,광진구 구의3동 ,휘발유(유연),0,0,0,0,4,0,0,0,0,0,0,0,4,no
202608,11,11215,1121587000,h,서울,서울특별시 광진구,광진구 구의3동 ,휘발유(무연),2,0,0,0,3154,4,4,0,20,0,0,0,3184,no
202608,11,11215,1121587000,j,서울,서울특별시 광진구,광진구 구의3동 ,CNG,0,0,0,0,0,0,0,0,0,2,0,0,2,no
202608,11,11215,1121587000,l,서울,서울특별시 광진구,광진구 구의3동 ,하이브리드(휘발유+전기),0,0,0,0,1110,2,0,0,14,0,0,0,1126,no
202608,11,11215,1121587000,m,서울,서울특별시 광진구,광진구 구의3동 ,하이브리드(경유+전기),0,0,0,0,18,0,0,0,4,0,0,0,22,no
202608,11,11215,1121587000,n,서울,서울특별시 광진구,광진구 구의3동 ,하이브리드(LPG+전기),0,0,0,0,1,0,0,0,1,0,0,0,2,no
202608,11,11215,1121587000,q,서울,서울특별시 광진구,광진구 구의3동 ,수소,0,0,0,0,8,0,0,0,0,0,0,0,8,no
202608,11,11215,1121587000,r,서울,서울특별시 광진구,광진구 구의3동 ,수소전기,0,0,0,0,2,0,0,0,0,0,0,0,2,no
202608,11,11215,1121587000,z,서울,서울특별시 광진구,광진구 구의3동 ,기타연료,0,0,0,0,0,1,5,1,0,0,0,0,7,no
202608,11,11230,1123010200,h,서울,서울특별시 동대문구,기타,휘발유(무연),0,0,0,0,1,0,0,0,0,0,0,0,1,no
202608,11,11230,1123010600,b,서울,서울특별시 동대문구,기타,경유,0,0,0,0,1,0,1,0,0,0,0,0,2,no
202608,11,11230,1123051500,a,서울,서울특별시 동대문구,동대문구 신설동 ,휘발유,0,0,0,0,176,0,1,0,0,0,0,0,177,no
202608,11,11230,1123051500,b,서울,서울특별시 동대문구,동대문구 신설동 ,경유,0,0,1,0,150,5,45,0,0,1,1,0,203,no
202608,11,11230,1123051500,c,서울,서울특별시 동대문구,동대문구 신설동 ,엘피지,0,0,0,0,25,0,8,2,4,1,3,0,43,no
202608,11,11230,1123051500,e,서울,서울특별시 동대문구,동대문구 신설동 ,전기,0,0,0,0,36,1,1,0,4,0,0,0,42,yes
202608,11,11230,1123051500,g,서울,서울특별시 동대문구,동대문구 신설동 ,휘발유(유연),0,0,0,0,1,0,0,0,0,0,0,0,1,no
202608,11,11230,1123051500,h,서울,서울특별시 동대문구,동대문구 신설동 ,휘발유(무연),0,0,0,0,313,0,1,0,1,0,0,0,315,no
202608,11,11230,1123051500,l,서울,서울특별시 동대문구,동대문구 신설동 ,하이브리드(휘발유+전기),0,0,0,0,116,0,1,0,0,0,3,0,120,no
202608,11,11230,1123051500,m,서울,서울특별시 동대문구,동대문구 신설동 ,하이브리드(경유+전기),0,0,0,0,2,0,0,0,0,0,0,0,2,no
202608,11,11230,1123051500,n,서울,서울특별시 동대문구,동대문구 신설동 ,하이브리드(LPG+전기),0,0,0,0,1,0,0,0,0,0,0,0,1,no
202608,11,11230,1123051500,z,서울,서울특별시 동대문구,동대문구 신설동 ,기타연료,0,0,0,0,0,0,0,2,0,0,0,0,2,no
202608,11,11230,1123053300,a,서울,서울특별시 동대문구,동대문구 용두동 ,휘발유,0,0,0,0,208,0,3,0,0,0,0,0,211,no
202608,11,11230,1123053300,b,서울,서울특별시 동대문구,동대문구 용두동 ,경유,0,0,1,0,247,14,55,0,0,0,3,0,320,no
202608,11,11230,1123053300,c,서울,서울특별시 동대문구,동대문구 용두동 ,엘피지,0,0,0,0,44,0,8,0,8,0,4,0,64,no
202608,11,11230,1123053300,e,서울,서울특별시 동대문구,동대문구 용두동 ,전기,0,0,0,0,59,0,7,0,2,0,3,0,71,yes
202608,11,11230,1123053300,g,서울,서울특별시 동대문구,동대문구 용두동 ,휘발유(유연),0,0,0,0,1,0,0,0,0,0,0,0,1,no
202608,11,11230,1123053300,h,서울,서울특별시 동대문구,동대문구 용두동 ,휘발유(무연),0,0,0,0,488,0,0,0,0,0,0,0,488,no
202608,11,11230,1123053300,l,서울,서울특별시 동대문구,동대문구 용두동 ,하이브리드(휘발유+전기),0,0,0,0,149,0,0,0,0,0,0,0,149,no
202608,11,11230,1123053300,m,서울,서울특별시 동대문구,동대문구 용두동 ,하이브리드(경유+전기),0,0,0,0,1,0,0,0,0,0,0,0,1,no
202608,11,11230,1123053300,z,서울,서울특별시 동대문구,동대문구 용두동 ,기타연료,0,0,0,0,0,0,3,1,0,0,0,0,4,no
202608,11,11230,1123053600,a,서울,서울특별시 동대문구,동대문구 용신동 ,휘발유,7,0,0,0,1653,2,11,0,0,0,0,0,1673,no
202608,11,11230,1123053600,b,서울,서울특별시 동대문구,동대문구 용신동 ,경유,9,27,76,4,1747,211,928,13,4,34,171,5,3229,no
202608,11,11230,1123053600,c,서울,서울특별시 동대문구,동대문구 용신동 ,엘피지,0,0,10,0,274,43,174,0,76,2,31,0,610,no
202608,11,11230,1123053600,e,서울,서울특별시 동대문구,동대문구 용신동 ,전기,33,0,13,0,251,0,34,1,6,0,10,0,348,yes
202608,11,11230,1123053600,g,서울,서울특별시 동대문구,동대문구 용신동 ,휘발유(유연),0,0,0,0,5,0,0,0,0,0,0,0,5,no
202608,11,11230,1123053600,h,서울,서울특별시 동대문구,동대문구 용신동 ,휘발유(무연),18,0,0,0,3218,6,6,0,4,0,0,0,3252,no
202608,11,11230,1123053600,j,서울,서울특별시 동대문구,동대문구 용신동 ,CNG,0,1,8,0,1,0,0,0,0,0,0,0,10,no
202608,11,11230,1123053600,l,서울,서울특별시 동대문구,동대문구 용신동 ,하이브리드(휘발유+전기),8,0,0,0,985,1,6,0,6,0,0,0,1006,no
202608,11,11230,1123053600,m,서울,서울특별시 동대문구,동대문구 용신동 ,하이브리드(경유+전기),0,0,0,0,14,0,0,0,0,0,0,0,14,no
202608,11,11230,1123053600,n,서울,서울특별시 동대문구,동대문구 용신동 ,하이브리드(LPG+전기),0,0,0,0,2,0,0,0,0,0,0,0,2,no
202608,11,11230,1123053600,q,서울,서울특별시 동대문구,동대문구 용신동 ,수소,0,0,0,0,4,0,0,0,0,0,0,0,4,no
202608,11,11230,1123053600,z,서울,서울특별시 동대문구,동대문구 용신동 ,기타연료,0,0,0,0,0,6,8,5,0,0,4,0,23,no
202608,11,11230,1123054500,a,서울,서울특별시 동대문구,동대문구 제기동 ,휘발유,0,0,0,0,909,1,2,0,3,0,0,0,915,no
202608,11,11230,1123054500,b,서울,서울특별시 동대문구,동대문구 제기동 ,경유,0,0,0,0,1091,108,659,12,0,11,56,3,1940,no
202608,11,11230,1123054500,c,서울,서울특별시 동대문구,동대문구 제기동 ,엘피지,0,0,0,0,251,29,137,0,47,0,15,0,479,no
202608,11,11230,1123054500,e,서울,서울특별시 동대문구,동대문구 제기동 ,전기,0,0,0,0,99,0,49,0,8,0,10,0,166,yes
202608,11,11230,1123054500,h,서울,서울특별시 동대문구,동대문구 제기동 ,휘발유(무연),0,0,0,0,1942,3,4,0,1,0,0,0,1950,no
202608,11,11230,1123054500,l,서울,서울특별시 동대문구,동대문구 제기동 ,하이브리드(휘발유+전기),0,0,0,0,493,1,1,0,0,0,0,0,495,no
202608,11,11230,1123054500,m,서울,서울특별시 동대문구,동대문구 제기동 ,하이브리드(경유+전기),0,0,0,0,8,0,0,0,0,0,0,0,8,no
202608,11,11230,1123054500,n,서울,서울특별시 동대문구,동대문구 제기동 ,하이브리드(LPG+전기),0,0,0,0,1,0,0,0,0,0,0,0,1,no
202608,11,11230,1123054500,q,서울,서울특별시 동대문구,동대문구 제기동 ,수소,0,0,0,0,2,0,0,0,0,0,0,0,2,no
202608,11,11230,1123054500,r,서울,서울특별시 동대문구,동대문구 제기동 ,수소전기,0,0,0,0,2,0,0,0,0,0,0,0,2,no
202608,11,11230,1123054500,z,서울,서울특별시 동대문구,동대문구 제기동 ,기타연료,0,0,0,0,1,4,3,3,0,0,0,0,11,no
202608,11,11230,1123056000,a,서울,서울특별시 동대문구,동대문구 전농1동 ,휘발유,0,0,0,0,1588,0,11,0,0,0,0,0,1599,no
202608,11,11230,1123056000,b,서울,서울특별시 동대문구,동대문구 전농1동 ,경유,0,0,0,0,1704,137,620,11,0,36,59,4,2571,no
202608,11,11230,1123056000,c,서울,서울특별시 동대문구,동대문구 전농1동 ,엘피지,0,0,0,0,331,27,102,1,90,0,41,0,592,no
202608,11,11230,1123056000,e,서울,서울특별시 동대문구,동대문구 전농1동 ,전기,0,0,0,0,276,1,25,0,15,0,11,0,328,yes
202608,11,11230,1123056000,g,서울,서울특별시 동대문구,동대문구 전농1동 ,휘발유(유연),0,0,0,0,4,0,0,0,0,0,0,0,4,no
202608,11,11230,1123056000,h,서울,서울특별시 동대문구,동대문구 전농1동 ,휘발유(무연),0,0,0,0,3042,6,4,0,1,0,0,0,3053,no
202608,11,11230,1123056000,l,서울,서울특별시 동대문구,동대문구 전농1동 ,하이브리드(휘발유+전기),0,1,0,0,1026,3,3,0,0,0,0,0,1033,no
202608,11,11230,1123056000,m,서울,서울특별시 동대문구,동대문구 전농1동 ,하이브리드(경유+전기),0,0,0,0,20,0,0,0,0,0,0,0,20,no
202608,11,11230,1123056000,n,서울,서울특별시 동대문구,동대문구 전농1동 ,하이브리드(LPG+전기),0,0,0,0,2,0,0,0,0,0,0,0,2,no
202608,11,11230,1123056000,q,서울,서울특별시 동대문구,동대문구 전농1동 ,수소,0,0,0,0,5,0,0,0,0,0,0,0,5,no
202608,11,11230,1123056000,r,서울,서울특별시 동대문구,동대문구 전농1동 ,수소전기,0,0,0,0,3,0,0,0,0,0,0,0,3,no
202608,11,11230,1123056000,z,서울,서울특별시 동대문구,동대문구 전농1동 ,기타연료,0,0,0,0,0,2,15,4,0,0,0,0,21,no
202608,11,11230,1123057000,a,서울,서울특별시 동대문구,동대문구 전농2동 ,휘발유,0,0,0,0,833,1,5,0,0,0,0,0,839,no
202608,11,11230,1123057000,b,서울,서울특별시 동대문구,동대문구 전농2동 ,경유,0,2,1,0,1029,90,323,7,0,0,41,7,1500,no
202608,11,11230,1123057000,c,서울,서울특별시 동대문구,동대문구 전농2동 ,엘피지,0,1,1,0,201,19,55,1,75,0,19,0,372,no
202608,11,11230,1123057000,e,서울,서울특별시 동대문구,동대문구 전농2동 ,전기,2,1,1,0,117,0,12,0,14,0,10,0,157,yes
202608,11,11230,1123057000,g,서울,서울특별시 동대문구,동대문구 전농2동 ,휘발유(유연),0,0,0,0,2,0,0,0,0,0,0,0,2,no
202608,11,11230,1123057000,h,서울,서울특별시 동대문구,동대문구 전농2동 ,휘발유(무연),2,0,0,0,1913,0,2,0,1,0,0,0,1918,no
202608,11,11230,1123057000,l,서울,서울특별시 동대문구,동대문구 전농2동 ,하이브리드(휘발유+전기),0,0,0,0,593,2,0,0,3,0,0,0,598,no
202608,11,11230,1123057000,m,서울,서울특별시 동대문구,동대문구 전농2동 ,하이브리드(경유+전기),0,0,0,0,10,0,0,0,0,0,0,0,10,no
202608,11,11230,1123057000,n,서울,서울특별시 동대문구,동대문구 전농2동 ,하이브리드(LPG+전기),0,0,0,0,1,0,0,0,0,0,0,0,1,no
202608,11,11230,1123057000,q,서울,서울특별시 동대문구,동대문구 전농2동 ,수소,0,0,0,0,8,0,0,0,1,0,0,0,9,no
202608,11,11230,1123057000,z,서울,서울특별시 동대문구,동대문구 전농2동 ,기타연료,0,0,0,0,0,1,8,1,0,0,0,0,10,no
202608,11,11230,1123060000,a,서울,서울특별시 동대문구,동대문구 답십리1동 ,휘발유,0,0,0,0,1491,1,8,0,251,0,0,0,1751,no
202608,11,11230,1123060000,b,서울,서울특별시 동대문구,동대문구 답십리1동 ,경유,1,0,0,0,1654,133,631,11,55,6,69,2,2562,no
202608,11,11230,1123060000,c,서울,서울특별시 동대문구,동대문구 답십리1동 ,엘피지,0,0,0,0,276,26,87,3,281,1,26,0,700,no
202608,11,11230,1123060000,e,서울,서울특별시 동대문구,동대문구 답십리1동 ,전기,0,0,0,0,270,0,34,0,94,4,7,0,409,yes
202608,11,11230,1123060000,g,서울,서울특별시 동대문구,동대문구 답십리1동 ,휘발유(유연),0,0,0,0,2,0,0,0,0,0,0,0,2,no
202608,11,11230,1123060000,h,서울,서울특별시 동대문구,동대문구 답십리1동 ,휘발유(무연),1,0,0,0,3102,2,3,0,28,0,0,0,3136,no
202608,11,11230,1123060000,j,서울,서울특별시 동대문구,동대문구 답십리1동 ,CNG,0,0,0,0,0,0,0,0,0,6,0,0,6,no
202608,11,11230,1123060000,l,서울,서울특별시 동대문구,동대문구 답십리1동 ,하이브리드(휘발유+전기),0,0,0,0,1045,1,9,0,153,0,0,0,1208,no
202608,11,11230,1123060000,m,서울,서울특별시 동대문구,동대문구 답십리1동 ,하이브리드(경유+전기),0,0,0,0,15,0,0,0,50,0,0,0,65,no
202608,11,11230,1123060000,n,서울,서울특별시 동대문구,동대문구 답십리1동 ,하이브리드(LPG+전기),0,0,0,0,1,0,0,0,1,0,0,0,2,no
202608,11,11230,1123060000,q,서울,서울특별시 동대문구,동대문구 답십리1동 ,수소,0,0,0,0,7,0,0,0,0,0,0,0,7,no
202608,11,11230,1123060000,z,서울,서울특별시 동대문구,동대문구 답십리1동 ,기타연료,0,0,0,0,0,2,8,3,0,0,0,0,13,no
202608,11,11230,1123061000,a,서울,서울특별시 동대문구,동대문구 답십리2동 ,휘발유,0,0,0,0,1293,0,11,0,0,0,0,0,1304,no
202608,11,11230,1123061000,b,서울,서울특별시 동대문구,동대문구 답십리2동 ,경유,0,0,0,0,1601,120,584,13,0,2,80,6,2406,no
202608,11,11230,1123061000,c,서울,서울특별시 동대문구,동대문구 답십리2동 ,엘피지,0,0,0,0,333,26,117,0,126,0,31,0,633,no
202608,11,11230,1123061000,e,서울,서울특별시 동대문구,동대문구 답십리2동 ,전기,0,0,0,0,202,0,23,1,29,0,15,0,270,yes
202608,11,11230,1123061000,g,서울,서울특별시 동대문구,동대문구 답십리2동 ,휘발유(유연),0,0,0,0,2,0,0,0,0,0,0,0,2,no
202608,11,11230,1123061000,h,서울,서울특별시 동대문구,동대문구 답십리2동 ,휘발유(무연),0,0,0,0,2951,0,8,0,0,0,0,0,2959,no
202608,11,11230,1123061000,l,서울,서울특별시 동대문구,동대문구 답십리2동 ,하이브리드(휘발유+전기),0,0,0,0,852,1,4,0,2,0,0,0,859,no
202608,11,11230,1123061000,m,서울,서울특별시 동대문구,동대문구 답십리2동 ,하이브리드(경유+전기),0,0,0,0,13,0,0,0,0,0,0,0,13,no
202608,11,11230,1123061000,n,서울,서울특별시 동대문구,동대문구 답십리2동 ,하이브리드(LPG+전기),0,0,0,0,2,0,0,0,0,0,0,0,2,no
202608,11,11230,1123061000,q,서울,서울특별시 동대문구,동대문구 답십리2동 ,수소,0,0,0,0,6,0,0,0,0,0,0,0,6,no
202608,11,11230,1123061000,r,서울,서울특별시 동대문구,동대문구 답십리2동 ,수소전기,0,0,0,0,1,0,0,0,0,0,0,0,1,no
202608,11,11230,1123061000,z,서울,서울특별시 동대문구,동대문구 답십리2동 ,기타연료,0,0,0,0,0,3,7,1,0,0,0,0,11,no
202608,11,11230,1123065000,a,서울,서울특별시 동대문구,동대문구 장안1동 ,휘발유,0,0,0,0,1983,0,11,0,9,0,0,0,2003,no
202608,11,11230,1123065000,b,서울,서울특별시 동대문구,동대문구 장안1동 ,경유,3,16,9,8,2341,195,1121,29,3,0,229,18,3972,no
202608,11,11230,1123065000,c,서울,서울특별시 동대문구,동대문구 장안1동 ,엘피지,0,1,1,0,504,47,223,2,370,31,61,2,1242,no
202608,11,11230,1123065000,e,서울,서울특별시 동대문구,동대문구 장안1동 ,전기,6,0,1,0,276,0,40,1,33,0,20,0,377,yes
202608,11,11230,1123065000,g,서울,서울특별시 동대문구,동대문구 장안1동 ,휘발유(유연),0,0,0,0,3,0,0,0,0,0,0,0,3,no
202608,11,11230,1123065000,h,서울,서울특별시 동대문구,동대문구 장안1동 ,휘발유(무연),0,0,0,0,4127,2,5,1,19,0,0,0,4154,no
202608,11,11230,1123065000,j,서울,서울특별시 동대문구,동대문구 장안1동 ,CNG,0,0,0,0,1,0,0,0,0,0,0,0,1,no
202608,11,11230,1123065000,l,서울,서울특별시 동대문구,동대문구 장안1동 ,하이브리드(휘발유+전기),1,0,0,0,1179,6,9,0,44,0,0,0,1239,no
202608,11,11230,1123065000,m,서울,서울특별시 동대문구,동대문구 장안1동 ,하이브리드(경유+전기),0,0,0,0,28,0,0,0,6,0,0,0,34,no
202608,11,11230,1123065000,n,서울,서울특별시 동대문구,동대문구 장안1동 ,하이브리드(LPG+전기),0,0,0,0,4,0,0,0,0,0,0,0,4,no
202608,11,11230,1123065000,q,서울,서울특별시 동대문구,동대문구 장안1동 ,수소,0,0,0,0,7,0,0,0,0,0,0,0,7,no
202608,11,11230,1123065000,z,서울,서울특별시 동대문구,동대문구 장안1동 ,기타연료,0,0,1,0,1,3,16,5,0,0,0,0,26,no
202608,11,11230,1123066000,a,서울,서울특별시 동대문구,동대문구 장안2동 ,휘발유,0,0,0,0,1733,2,8,0,0,0,0,0,1743,no
202608,11,11230,1123066000,b,서울,서울특별시 동대문구,동대문구 장안2동 ,경유,0,1,0,0,2041,165,808,12,0,0,209,7,3243,no
202608,11,11230,1123066000,c,서울,서울특별시 동대문구,동대문구 장안2동 ,엘피지,0,0,0,0,403,39,114,2,217,0,55,0,830,no
202608,11,11230,1123066000,e,서울,서울특별시 동대문구,동대문구 장안2동 ,전기,0,0,0,0,248,0,26,0,39,0,21,0,334,yes
202608,11,11230,1123066000,g,서울,서울특별시 동대문구,동대문구 장안2동 ,휘발유(유연),0,0,0,0,2,0,0,0,0,0,0,0,2,no
202608,11,11230,1123066000,h,서울,서울특별시 동대문구,동대문구 장안2동 ,휘발유(무연),0,0,0,0,3525,2,5,0,0,0,0,0,3532,no
202608,11,11230,1123066000,j,서울,서울특별시 동대문구,동대문구 장안2동 ,CNG,0,0,0,0,1,0,0,0,0,0,0,0,1,no
202608,11,11230,1123066000,l,서울,서울특별시 동대문구,동대문구 장안2동 ,하이브리드(휘발유+전기),0,0,0,0,1027,0,3,0,2,0,0,0,1032,no
202608,11,11230,1123066000,m,서울,서울특별시 동대문구,동대문구 장안2동 ,하이브리드(경유+전기),0,0,0,0,26,0,0,0,0,0,0,0,26,no
202608,11,11230,1123066000,n,서울,서울특별시 동대문구,동대문구 장안2동 ,하이브리드(LPG+전기),0,0,0,0,2,0,0,0,0,0,0,0,2,no
202608,11,11230,1123066000,q,서울,서울특별시 동대문구,동대문구 장안2동 ,수소,0,0,0,0,6,0,0,0,0,0,0,0,6,no
202608,11,11230,1123066000,r,서울,서울특별시 동대문구,동대문구 장안2동 ,수소전기,0,0,0,0,1,0,0,0,0,0,0,0,1,no
202608,11,11230,1123066000,z,서울,서울특별시 동대문구,동대문구 장안2동 ,기타연료,0,0,0,0,0,4,23,11,0,0,1,0,39,no
202608,11,11230,1123070500,a,서울,서울특별시 동대문구,동대문구 청량리동 ,휘발유,0,0,0,0,801,1,4,0,0,0,0,0,806,no
202608,11,11230,1123070500,b,서울,서울특별시 동대문구,동대문구 청량리동 ,경유,0,3,2,2,915,107,366,11,6,6,47,2,1467,no
202608,11,11230,1123070500,c,서울,서울특별시 동대문구,동대문구 청량리동 ,엘피지,0,0,1,0,222,25,70,0,111,0,19,0,448,no
202608,11,11230,1123070500,e,서울,서울특별시 동대문구,동대문구 청량리동 ,전기,0,0,0,0,106,0,22,0,15,0,7,0,150,yes
202608,11,11230,1123070500,h,서울,서울특별시 동대문구,동대문구 청량리동 ,휘발유(무연),0,0,0,0,1686,3,4,0,5,0,0,0,1698,no
202608,11,11230,1123070500,l,서울,서울특별시 동대문구,동대문구 청량리동 ,하이브리드(휘발유+전기),1,0,0,0,436,2,1,0,3,0,0,0,443,no
202608,11,11230,1123070500,m,서울,서울특별시 동대문구,동대문구 청량리동 ,하이브리드(경유+전기),0,0,0,0,12,0,0,0,0,0,0,0,12,no
202608,11,11230,1123070500,n,서울,서울특별시 동대문구,동대문구 청량리동 ,하이브리드(LPG+전기),0,0,0,0,1,0,0,0,5,0,0,0,6,no
202608,11,11230,1123070500,q,서울,서울특별시 동대문구,동대문구 청량리동 ,수소,0,0,0,0,4,0,0,0,0,0,0,0,4,no
202608,11,11230,1123070500,z,서울,서울특별시 동대문구,동대문구 청량리동 ,기타연료,0,0,0,0,0,1,7,2,0,0,0,0,10,no
202608,11,11230,1123071000,a,서울,서울특별시 동대문구,동대문구 회기동 ,휘발유,0,0,0,0,360,0,1,0,0,0,0,0,361,no
202608,11,11230,1123071000,b,서울,서울특별시 동대문구,동대문구 회기동 ,경유,0,0,0,0,357,51,89,4,0,0,17,1,519,no
202608,11,11230,1123071000,c,서울,서울특별시 동대문구,동대문구 회기동 ,엘피지,0,0,0,0,80,10,14,0,10,0,9,0,123,no
202608,11,11230,1123071000,e,서울,서울특별시 동대문구,동대문구 회기동 ,전기,0,0,0,0,58,2,7,0,6,0,2,0,75,yes
202608,11,11230,1123071000,g,서울,서울특별시 동대문구,동대문구 회기동 ,휘발유(유연),0,0,0,0,1,0,0,0,0,0,0,0,1,no
202608,11,11230,1123071000,h,서울,서울특별시 동대문구,동대문구 회기동 ,휘발유(무연),0,0,0,0,727,0,2,0,0,0,0,0,729,no
202608,11,11230,1123071000,l,서울,서울특별시 동대문구,동대문구 회기동 ,하이브리드(휘발유+전기),0,0,0,0,222,2,0,0,0,0,0,0,224,no
202608,11,11230,1123071000,m,서울,서울특별시 동대문구,동대문구 회기동 ,하이브리드(경유+전기),0,0,0,0,5,0,0,0,0,0,0,0,5,no
202608,11,11230,1123071000,n,서울,서울특별시 동대문구,동대문구 회기동 ,하이브리드(LPG+전기),0,0,0,0,1,0,0,0,0,0,0,0,1,no
202608,11,11230,1123071000,q,서울,서울특별시 동대문구,동대문구 회기동 ,수소,0,0,0,0,3,0,0,0,0,0,0,0,3,no
202608,11,11230,1123071000,z,서울,서울특별시 동대문구,동대문구 회기동 ,기타연료,0,0,0,0,0,2,2,0,0,0,0,0,4,no
202608,11,11230,1123072000,a,서울,서울특별시 동대문구,동대문구 휘경1동 ,휘발유,0,0,0,0,766,0,5,0,0,0,0,0,771,no
202608,11,11230,1123072000,b,서울,서울특별시 동대문구,동대문구 휘경1동 ,경유,1,6,1,0,817,80,222,9,4,7,248,18,1413,no
202608,11,11230,1123072000,c,서울,서울특별시 동대문구,동대문구 휘경1동 ,엘피지,1,0,1,0,180,11,32,0,51,0,117,0,393,no
202608,11,11230,1123072000,e,서울,서울특별시 동대문구,동대문구 휘경1동 ,전기,1,0,0,0,162,0,17,0,13,0,35,0,228,yes
202608,11,11230,1123072000,g,서울,서울특별시 동대문구,동대문구 휘경1동 ,휘발유(유연),0,0,0,0,1,0,0,0,0,0,0,0,1,no
202608,11,11230,1123072000,h,서울,서울특별시 동대문구,동대문구 휘경1동 ,휘발유(무연),5,0,0,0,1708,1,3,0,11,0,0,0,1728,no
202608,11,11230,1123072000,j,서울,서울특별시 동대문구,동대문구 휘경1동 ,CNG,0,0,1,0,0,0,0,0,0,5,0,0,6,no
202608,11,11230,1123072000,l,서울,서울특별시 동대문구,동대문구 휘경1동 ,하이브리드(휘발유+전기),7,1,0,0,510,2,1,0,5,0,0,0,526,no
202608,11,11230,1123072000,m,서울,서울특별시 동대문구,동대문구 휘경1동 ,하이브리드(경유+전기),0,0,0,0,11,0,0,0,0,0,0,0,11,no
202608,11,11230,1123072000,n,서울,서울특별시 동대문구,동대문구 휘경1동 ,하이브리드(LPG+전기),1,0,0,0,1,0,0,0,0,0,0,0,2,no
202608,11,11230,1123072000,q,서울,서울특별시 동대문구,동대문구 휘경1동 ,수소,0,0,0,0,2,0,0,0,0,0,0,0,2,no
202608,11,11230,1123072000,z,서울,서울특별시 동대문구,동대문구 휘경1동 ,기타연료,0,0,0,0,0,0,3,1,0,0,0,0,4,no
202608,11,11230,1123073000,a,서울,서울특별시 동대문구,동대문구 휘경2동 ,휘발유,0,0,0,0,913,1,2,0,1,0,0,0,917,no
202608,11,11230,1123073000,b,서울,서울특별시 동대문구,동대문구 휘경2동 ,경유,0,1,0,0,1145,98,325,12,3,1,108,6,1699,no
202608,11,11230,1123073000,c,서울,서울특별시 동대문구,동대문구 휘경2동 ,엘피지,0,0,0,0,226,22,50,0,93,0,58,0,449,no
202608,11,11230,1123073000,e,서울,서울특별시 동대문구,동대문구 휘경2동 ,전기,0,0,0,0,127,1,17,1,20,0,11,0,177,yes
202608,11,11230,1123073000,g,서울,서울특별시 동대문구,동대문구 휘경2동 ,휘발유(유연),0,0,0,0,1,0,0,0,0,0,0,0,1,no
202608,11,11230,1123073000,h,서울,서울특별시 동대문구,동대문구 휘경2동 ,휘발유(무연),0,0,0,0,2201,1,4,0,0,0,0,0,2206,no
202608,11,11230,1123073000,j,서울,서울특별시 동대문구,동대문구 휘경2동 ,CNG,0,0,5,0,0,0,0,0,0,8,0,0,13,no
202608,11,11230,1123073000,l,서울,서울특별시 동대문구,동대문구 휘경2동 ,하이브리드(휘발유+전기),0,0,0,0,659,0,6,0,1,0,1,0,667,no
202608,11,11230,1123073000,m,서울,서울특별시 동대문구,동대문구 휘경2동 ,하이브리드(경유+전기),0,0,0,0,15,0,0,0,0,0,0,0,15,no
202608,11,11230,1123073000,n,서울,서울특별시 동대문구,동대문구 휘경2동 ,하이브리드(LPG+전기),0,0,0,0,1,0,0,0,1,0,0,0,2,no
202608,11,11230,1123073000,q,서울,서울특별시 동대문구,동대문구 휘경2동 ,수소,0,0,0,0,3,0,0,0,0,0,0,0,3,no
202608,11,11230,1123073000,r,서울,서울특별시 동대문구,동대문구 휘경2동 ,수소전기,0,0,0,0,2,0,0,0,0,0,0,0,2,no
202608,11,11230,1123073000,z,서울,서울특별시 동대문구,동대문구 휘경2동 ,기타연료,0,0,0,0,1,2,6,0,0,0,1,0,10,no
202608,11,11230,1123074000,a,서울,서울특별시 동대문구,동대문구 이문1동 ,휘발유,0,0,0,0,1503,0,3,1,0,0,0,0,1507,no
202608,11,11230,1123074000,b,서울,서울특별시 동대문구,동대문구 이문1동 ,경유,0,0,0,0,1539,96,301,4,0,0,101,3,2044,no
202608,11,11230,1123074000,c,서울,서울특별시 동대문구,동대문구 이문1동 ,엘피지,0,0,0,0,264,13,31,0,112,0,26,0,446,no
202608,11,11230,1123074000,e,서울,서울특별시 동대문구,동대문구 이문1동 ,전기,0,0,0,0,378,1,11,1,9,0,11,0,411,yes
202608,11,11230,1123074000,g,서울,서울특별시 동대문구,동대문구 이문1동 ,휘발유(유연),0,0,0,0,4,0,0,0,0,0,0,0,4,no
202608,11,11230,1123074000,h,서울,서울특별시 동대문구,동대문구 이문1동 ,휘발유(무연),0,0,0,0,3053,0,3,0,0,0,0,0,3056,no
202608,11,11230,1123074000,l,서울,서울특별시 동대문구,동대문구 이문1동 ,하이브리드(휘발유+전기),0,0,0,0,1141,0,1,0,2,0,0,0,1144,no
202608,11,11230,1123074000,m,서울,서울특별시 동대문구,동대문구 이문1동 ,하이브리드(경유+전기),0,0,0,0,17,0,0,0,0,0,0,0,17,no
202608,11,11230,1123074000,n,서울,서울특별시 동대문구,동대문구 이문1동 ,하이브리드(LPG+전기),0,0,0,0,3,0,0,0,0,0,0,0,3,no
202608,11,11230,1123074000,q,서울,서울특별시 동대문구,동대문구 이문1동 ,수소,0,0,0,0,9,0,0,0,0,0,0,0,9,no
202608,11,11230,1123074000,r,서울,서울특별시 동대문구,동대문구 이문1동 ,수소전기,0,0,0,0,2,0,0,0,0,0,0,0,2,no
202608,11,11230,1123074000,z,서울,서울특별시 동대문구,동대문구 이문1동 ,기타연료,0,0,0,0,0,2,10,2,0,0,0,0,14,no
202608,11,11230,1123075000,a,서울,서울특별시 동대문구,동대문구 이문2동 ,휘발유,0,0,0,0,772,0,2,0,0,0,0,0,774,no
202608,11,11230,1123075000,b,서울,서울특별시 동대문구,동대문구 이문2동 ,경유,0,0,0,0,982,76,260,6,0,0,56,6,1386,no
202608,11,11230,1123075000,c,서울,서울특별시 동대문구,동대문구 이문2동 ,엘피지,0,0,0,0,219,17,36,0,84,0,14,0,370,no
202608,11,11230,1123075000,e,서울,서울특별시 동대문구,동대문구 이문2동 ,전기,0,0,0,0,118,0,13,1,11,0,11,0,154,yes
202608,11,11230,1123075000,g,서울,서울특별시 동대문구,동대문구 이문2동 ,휘발유(유연),0,0,0,0,1,0,0,0,0,0,0,0,1,no
202608,11,11230,1123075000,h,서울,서울특별시 동대문구,동대문구 이문2동 ,휘발유(무연),0,0,0,0,1827,0,2,0,0,0,0,0,1829,no
202608,11,11230,1123075000,l,서울,서울특별시 동대문구,동대문구 이문2동 ,하이브리드(휘발유+전기),0,0,0,0,526,0,1,0,1,0,0,0,528,no
202608,11,11230,1123075000,m,서울,서울특별시 동대문구,동대문구 이문2동 ,하이브리드(경유+전기),0,0,0,0,12,0,0,0,0,0,0,0,12,no
202608,11,11230,1123075000,n,서울,서울특별시 동대문구,동대문구 이문2동 ,하이브리드(LPG+전기),0,0,0,0,1,0,0,0,0,0,0,0,1,no
202608,11,11230,1123075000,q,서울,서울특별시 동대문구,동대문구 이문2동 ,수소,0,0,0,0,3,0,0,0,0,0,0,0,3,no
202608,11,11230,1123075000,z,서울,서울특별시 동대문구,동대문구 이문2동 ,기타연료,0,0,0,0,0,3,6,1,0,0,1,0,11,no
202608,11,11260,1126010500,a,서울,서울특별시 중랑구,기타,휘발유,0,0,0,0,2,0,0,0,0,0,0,0,2,no
202608,11,11260,1126010500,b,서울,서울특별시 중랑구,기타,경유,0,0,0,0,0,0,1,0,0,0,0,0,1,no
202608,11,11260,1126010500,l,서울,서울특별시 중랑구,기타,하이브리드(휘발유+전기),0,0,0,0,1,0,0,0,0,0,0,0,1,no
202608,11,11260,1126052000,a,서울,서울특별시 중랑구,중랑구 면목2동 ,휘발유,0,0,0,0,913,0,11,0,1,0,0,0,925,no
202608,11,11260,1126052000,b,서울,서울특별시 중랑구,중랑구 면목2동 ,경유,0,0,0,0,1262,158,692,20,15,52,149,30,2378,no
202608,11,11260,1126052000,c,서울,서울특별시 중랑구,중랑구 면목2동 ,엘피지,0,0,0,0,307,39,122,0,351,16,50,2,887,no
202608,11,11260,1126052000,e,서울,서울특별시 중랑구,중랑구 면목2동 ,전기,0,0,0,0,83,0,18,1,58,45,14,0,219,yes
202608,11,11260,1126052000,g,서울,서울특별시 중랑구,중랑구 면목2동 ,휘발유(유연),0,0,0,0,1,0,0,0,0,0,0,0,1,no
202608,11,11260,1126052000,h,서울,서울특별시 중랑구,중랑구 면목2동 ,휘발유(무연),0,0,0,0,2212,0,4,0,55,0,0,0,2271,no
202608,11,11260,1126052000,j,서울,서울특별시 중랑구,중랑구 면목2동 ,CNG,0,0,0,0,0,1,0,0,0,0,0,0,1,no
202608,11,11260,1126052000,l,서울,서울특별시 중랑구,중랑구 면목2동 ,하이브리드(휘발유+전기),0,0,0,0,460,2,4,1,28,0,0,0,495,no
202608,11,11260,1126052000,m,서울,서울특별시 중랑구,중랑구 면목2동 ,하이브리드(경유+전기),0,0,0,0,6,0,0,0,1,0,0,0,7,no
202608,11,11260,1126052000,n,서울,서울특별시 중랑구,중랑구 면목2동 ,하이브리드(LPG+전기),0,0,0,0,3,0,0,0,0,0,0,0,3,no
202608,11,11260,1126052000,q,서울,서울특별시 중랑구,중랑구 면목2동 ,수소,0,0,0,0,4,0,0,0,0,0,0,0,4,no
202608,11,11260,1126052000,z,서울,서울특별시 중랑구,중랑구 면목2동 ,기타연료,0,0,0,0,0,1,6,2,0,0,1,0,10,no
202608,11,11260,1126054000,a,서울,서울특별시 중랑구,중랑구 면목4동 ,휘발유,0,0,0,0,661,0,8,0,0,0,0,0,669,no
202608,11,11260,1126054000,b,서울,서울특별시 중랑구,중랑구 면목4동 ,경유,0,0,0,0,935,88,359,9,0,4,69,5,1469,no
202608,11,11260,1126054000,c,서울,서울특별시 중랑구,중랑구 면목4동 ,엘피지,0,0,0,0,224,24,65,0,105,0,39,1,458,no
202608,11,11260,1126054000,e,서울,서울특별시 중랑구,중랑구 면목4동 ,전기,0,0,0,0,104,0,13,1,17,1,9,0,145,yes
202608,11,11260,1126054000,g,서울,서울특별시 중랑구,중랑구 면목4동 ,휘발유(유연),0,0,0,0,3,0,0,0,0,0,0,0,3,no
202608,11,11260,1126054000,h,서울,서울특별시 중랑구,중랑구 면목4동 ,휘발유(무연),0,0,0,0,1577,0,0,0,0,0,0,0,1577,no
202608,11,11260,1126054000,j,서울,서울특별시 중랑구,중랑구 면목4동 ,CNG,0,0,0,0,0,0,0,0,0,149,0,0,149,no
202608,11,11260,1126054000,l,서울,서울특별시 중랑구,중랑구 면목4동 ,하이브리드(휘발유+전기),0,0,0,0,440,2,4,0,5,0,0,0,451,no
202608,11,11260,1126054000,m,서울,서울특별시 중랑구,중랑구 면목4동 ,하이브리드(경유+전기),0,0,0,0,7,0,0,0,0,0,0,0,7,no
202608,11,11260,1126054000,n,서울,서울특별시 중랑구,중랑구 면목4동 ,하이브리드(LPG+전기),0,0,0,0,2,0,0,0,0,0,0,0,2,no
202608,11,11260,1126054000,q,서울,서울특별시 중랑구,중랑구 면목4동 ,수소,0,0,0,0,4,0,0,0,0,0,0,0,4,no
202608,11,11260,1126054000,z,서울,서울특별시 중랑구,중랑구 면목4동 ,기타연료,0,0,0,0,0,1,3,0,0,0,0,0,4,no
202608,11,11260,1126055000,a,서울,서울특별시 중랑구,중랑구 면목5동 ,휘발유,0,0,0,0,669,1,3,0,0,0,0,0,673,no
202608,11,11260,1126055000,b,서울,서울특별시 중랑구,중랑구 면목5동 ,경유,0,0,0,0,881,72,306,7,0,0,54,9,1329,no
202608,11,11260,1126055000,c,서울,서울특별시 중랑구,중랑구 면목5동 ,엘피지,0,0,0,0,174,14,52,2,71,0,29,0,342,no
202608,11,11260,1126055000,e,서울,서울특별시 중랑구,중랑구 면목5동 ,전기,0,0,0,0,101,0,10,0,15,0,8,0,134,yes
202608,11,11260,1126055000,g,서울,서울특별시 중랑구,중랑구 면목5동 ,휘발유(유연),0,0,0,0,4,0,0,0,0,0,0,0,4,no
202608,11,11260,1126055000,h,서울,서울특별시 중랑구,중랑구 면목5동 ,휘발유(무연),0,0,0,0,1524,1,3,0,0,0,0,0,1528,no
202608,11,11260,1126055000,l,서울,서울특별시 중랑구,중랑구 면목5동 ,하이브리드(휘발유+전기),0,0,0,0,458,1,2,0,1,0,0,0,462,no
202608,11,11260,1126055000,m,서울,서울특별시 중랑구,중랑구 면목5동 ,하이브리드(경유+전기),0,0,0,0,9,0,0,0,0,0,0,0,9,no
202608,11,11260,1126055000,q,서울,서울특별시 중랑구,중랑구 면목5동 ,수소,0,0,0,0,3,0,0,0,0,0,0,0,3,no
202608,11,11260,1126055000,z,서울,서울특별시 중랑구,중랑구 면목5동 ,기타연료,0,0,0,0,0,1,2,0,0,0,0,0,3,no
202608,11,11260,1126056500,a,서울,서울특별시 중랑구,중랑구 면목본동 ,휘발유,0,0,0,0,1023,2,7,0,0,0,0,0,1032,no
202608,11,11260,1126056500,b,서울,서울특별시 중랑구,중랑구 면목본동 ,경유,1,0,0,0,1531,142,710,11,0,1,140,12,2548,no
202608,11,11260,1126056500,c,서울,서울특별시 중랑구,중랑구 면목본동 ,엘피지,0,0,0,0,371,36,92,1,127,0,60,0,687,no
202608,11,11260,1126056500,e,서울,서울특별시 중랑구,중랑구 면목본동 ,전기,0,0,0,0,92,0,33,0,20,1,12,0,158,yes
202608,11,11260,1126056500,g,서울,서울특별시 중랑구,중랑구 면목본동 ,휘발유(유연),0,0,0,0,4,0,0,0,0,0,0,0,4,no
202608,11,11260,1126056500,h,서울,서울특별시 중랑구,중랑구 면목본동 ,휘발유(무연),0,0,0,0,2714,3,11,0,0,0,0,0,2728,no
202608,11,11260,1126056500,l,서울,서울특별시 중랑구,중랑구 면목본동 ,하이브리드(휘발유+전기),0,0,0,0,614,2,3,0,2,0,1,0,622,no
202608,11,11260,1126056500,m,서울,서울특별시 중랑구,중랑구 면목본동 ,하이브리드(경유+전기),0,0,0,0,6,0,0,0,0,0,0,0,6,no
202608,11,11260,1126056500,n,서울,서울특별시 중랑구,중랑구 면목본동 ,하이브리드(LPG+전기),0,0,0,0,1,0,0,0,0,0,0,0,1,no
202608,11,11260,1126056500,q,서울,서울특별시 중랑구,중랑구 면목본동 ,수소,0,0,0,0,4,0,0,0,0,0,0,0,4,no
202608,11,11260,1126056500,r,서울,서울특별시 중랑구,중랑구 면목본동 ,수소전기,0,0,0,0,1,0,0,0,0,0,0,0,1,no
202608,11,11260,1126056500,z,서울,서울특별시 중랑구,중랑구 면목본동 ,기타연료,0,0,0,0,0,3,7,0,0,0,0,0,10,no
202608,11,11260,1126057000,a,서울,서울특별시 중랑구,중랑구 면목7동 ,휘발유,0,0,0,0,790,0,3,0,0,0,0,0,793,no
202608,11,11260,1126057000,b,서울,서울특별시 중랑구,중랑구 면목7동 ,경유,0,0,0,0,1131,97,400,7,0,0,69,6,1710,no
202608,11,11260,1126057000,c,서울,서울특별시 중랑구,중랑구 면목7동 ,엘피지,0,0,0,0,251,19,53,1,85,0,25,0,434,no
202608,11,11260,1126057000,e,서울,서울특별시 중랑구,중랑구 면목7동 ,전기,0,0,0,0,108,0,12,0,21,0,8,0,149,yes
202608,11,11260,1126057000,g,서울,서울특별시 중랑구,중랑구 면목7동 ,휘발유(유연),0,0,0,0,1,0,0,0,0,0,0,0,1,no
202608,11,11260,1126057000,h,서울,서울특별시 중랑구,중랑구 면목7동 ,휘발유(무연),0,0,0,0,2060,1,3,0,0,0,0,0,2064,no
202608,11,11260,1126057000,l,서울,서울특별시 중랑구,중랑구 면목7동 ,하이브리드(휘발유+전기),0,0,0,0,489,1,1,0,1,0,0,0,492,no
202608,11,11260,1126057000,m,서울,서울특별시 중랑구,중랑구 면목7동 ,하이브리드(경유+전기),0,0,0,0,4,0,0,0,0,0,0,0,4,no
202608,11,11260,1126057000,n,서울,서울특별시 중랑구,중랑구 면목7동 ,하이브리드(LPG+전기),0,0,0,0,1,0,0,0,0,0,0,0,1,no
202608,11,11260,1126057000,q,서울,서울특별시 중랑구,중랑구 면목7동 ,수소,0,0,0,0,6,0,0,0,0,0,0,0,6,no
202608,11,11260,1126057000,r,서울,서울특별시 중랑구,중랑구 면목7동 ,수소전기,0,0,0,0,1,0,0,0,0,0,0,0,1,no
202608,11,11260,1126057000,z,서울,서울특별시 중랑구,중랑구 면목7동 ,기타연료,0,0,0,0,0,2,5,1,0,0,0,0,8,no
202608,11,11260,1126057100,c,서울,서울특별시 중랑구,중랑구 면목8동 ,엘피지,0,0,0,0,0,0,0,0,1,0,0,0,1,no
202608,11,11260,1126057500,a,서울,서울특별시 중랑구,중랑구 면목3.8동 ,휘발유,0,0,0,0,770,2,5,0,0,0,0,0,777,no
202608,11,11260,1126057500,b,서울,서울특별시 중랑구,중랑구 면목3.8동 ,경유,0,0,0,0,1152,112,475,5,1,20,99,12,1876,no
202608,11,11260,1126057500,c,서울,서울특별시 중랑구,중랑구 면목3.8동 ,엘피지,0,0,0,0,288,36,71,0,136,0,45,1,577,no
202608,11,11260,1126057500,e,서울,서울특별시 중랑구,중랑구 면목3.8동 ,전기,0,0,0,0,80,0,14,0,25,29,15,0,163,yes
202608,11,11260,1126057500,g,서울,서울특별시 중랑구,중랑구 면목3.8동 ,휘발유(유연),0,0,0,0,1,0,0,0,0,0,0,0,1,no
202608,11,11260,1126057500,h,서울,서울특별시 중랑구,중랑구 면목3.8동 ,휘발유(무연),0,0,0,0,2013,2,3,0,0,0,0,0,2018,no
202608,11,11260,1126057500,j,서울,서울특별시 중랑구,중랑구 면목3.8동 ,CNG,0,0,0,0,1,0,0,0,0,62,0,0,63,no
202608,11,11260,1126057500,l,서울,서울특별시 중랑구,중랑구 면목3.8동 ,하이브리드(휘발유+전기),0,0,0,0,453,1,3,1,1,0,0,0,459,no
202608,11,11260,1126057500,m,서울,서울특별시 중랑구,중랑구 면목3.8동 ,하이브리드(경유+전기),0,0,0,0,6,0,0,0,0,0,0,0,6,no
202608,11,11260,1126057500,n,서울,서울특별시 중랑구,중랑구 면목3.8동 ,하이브리드(LPG+전기),0,0,0,0,1,0,0,0,1,0,0,0,2,no
202608,11,11260,1126057500,q,서울,서울특별시 중랑구,중랑구 면목3.8동 ,수소,0,0,0,0,6,0,0,0,0,0,0,0,6,no
202608,11,11260,1126057500,z,서울,서울특별시 중랑구,중랑구 면목3.8동 ,기타연료,0,0,0,0,0,3,3,1,0,0,0,0,7,no
202608,11,11260,1126058000,a,서울,서울특별시 중랑구,중랑구 상봉1동 ,휘발유,0,0,0,0,929,1,5,0,5,0,0,0,940,no
202608,11,11260,1126058000,b,서울,서울특별시 중랑구,중랑구 상봉1동 ,경유,0,0,10,0,1355,95,470,21,236,11,73,65,2336,no
202608,11,11260,1126058000,c,서울,서울특별시 중랑구,중랑구 상봉1동 ,엘피지,0,0,3,0,334,11,78,1,518,9,31,14,999,no
202608,11,11260,1126058000,e,서울,서울특별시 중랑구,중랑구 상봉1동 ,전기,0,0,0,0,159,0,19,0,41,0,14,0,233,yes
202608,11,11260,1126058000,g,서울,서울특별시 중랑구,중랑구 상봉1동 ,휘발유(유연),0,0,0,0,4,0,0,0,0,0,0,0,4,no
202608,11,11260,1126058000,h,서울,서울특별시 중랑구,중랑구 상봉1동 ,휘발유(무연),0,0,0,0,2536,0,3,0,226,0,0,0,2765,no
202608,11,11260,1126058000,j,서울,서울특별시 중랑구,중랑구 상봉1동 ,CNG,0,0,0,0,1,0,0,0,0,0,0,0,1,no
202608,11,11260,1126058000,l,서울,서울특별시 중랑구,중랑구 상봉1동 ,하이브리드(휘발유+전기),1,0,0,0,713,0,3,1,111,0,1,0,830,no
202608,11,11260,1126058000,m,서울,서울특별시 중랑구,중랑구 상봉1동 ,하이브리드(경유+전기),0,0,0,0,10,0,0,0,1,0,0,0,11,no
202608,11,11260,1126058000,n,서울,서울특별시 중랑구,중랑구 상봉1동 ,하이브리드(LPG+전기),0,0,0,0,2,0,0,0,1,0,0,0,3,no
202608,11,11260,1126058000,q,서울,서울특별시 중랑구,중랑구 상봉1동 ,수소,0,0,0,0,5,0,0,0,0,0,0,0,5,no
202608,11,11260,1126058000,z,서울,서울특별시 중랑구,중랑구 상봉1동 ,기타연료,0,0,0,0,0,1,10,2,0,0,0,0,13,no
202608,11,11260,1126059000,a,서울,서울특별시 중랑구,중랑구 상봉2동 ,휘발유,0,0,0,0,829,1,6,0,2,0,0,0,838,no
202608,11,11260,1126059000,b,서울,서울특별시 중랑구,중랑구 상봉2동 ,경유,0,0,0,0,987,96,337,15,4,11,48,7,1505,no
202608,11,11260,1126059000,c,서울,서울특별시 중랑구,중랑구 상봉2동 ,엘피지,0,0,0,0,249,31,63,1,220,1,17,6,588,no
202608,11,11260,1126059000,e,서울,서울특별시 중랑구,중랑구 상봉2동 ,전기,0,0,0,0,103,0,22,1,11,0,14,0,151,yes
202608,11,11260,1126059000,g,서울,서울특별시 중랑구,중랑구 상봉2동 ,휘발유(유연),0,0,0,0,2,0,0,0,0,0,0,0,2,no
202608,11,11260,1126059000,h,서울,서울특별시 중랑구,중랑구 상봉2동 ,휘발유(무연),0,0,0,0,2069,2,3,0,23,0,0,0,2097,no
202608,11,11260,1126059000,l,서울,서울특별시 중랑구,중랑구 상봉2동 ,하이브리드(휘발유+전기),0,0,0,0,449,3,4,0,21,0,0,0,477,no
202608,11,11260,1126059000,m,서울,서울특별시 중랑구,중랑구 상봉2동 ,하이브리드(경유+전기),0,0,0,0,4,0,0,0,0,0,0,0,4,no
202608,11,11260,1126059000,n,서울,서울특별시 중랑구,중랑구 상봉2동 ,하이브리드(LPG+전기),0,0,0,0,1,0,0,0,0,0,0,0,1,no
202608,11,11260,1126059000,q,서울,서울특별시 중랑구,중랑구 상봉2동 ,수소,0,0,0,0,3,0,0,0,0,0,0,0,3,no
202608,11,11260,1126059000,z,서울,서울특별시 중랑구,중랑구 상봉2동 ,기타연료,0,0,0,0,0,1,6,1,0,0,0,0,8,no
202608,11,11260,1126060000,a,서울,서울특별시 중랑구,중랑구 중화1동 ,휘발유,0,0,0,0,711,0,6,0,1,0,1,0,719,no
202608,11,11260,1126060000,b,서울,서울특별시 중랑구,중랑구 중화1동 ,경유,0,0,0,0,1030,101,425,8,2,1,72,7,1646,no
202608,11,11260,1126060000,c,서울,서울특별시 중랑구,중랑구 중화1동 ,엘피지,0,0,0,0,240,21,69,1,161,0,17,0,509,no
202608,11,11260,1126060000,e,서울,서울특별시 중랑구,중랑구 중화1동 ,전기,0,0,0,0,88,0,19,0,30,0,9,0,146,yes
202608,11,11260,1126060000,g,서울,서울특별시 중랑구,중랑구 중화1동 ,휘발유(유연),0,0,0,0,1,0,0,0,0,0,0,0,1,no
202608,11,11260,1126060000,h,서울,서울특별시 중랑구,중랑구 중화1동 ,휘발유(무연),0,0,0,0,1811,1,2,0,0,0,0,0,1814,no
202608,11,11260,1126060000,l,서울,서울특별시 중랑구,중랑구 중화1동 ,하이브리드(휘발유+전기),0,0,0,0,411,2,4,0,2,0,0,0,419,no
202608,11,11260,1126060000,m,서울,서울특별시 중랑구,중랑구 중화1동 ,하이브리드(경유+전기),0,0,0,0,7,0,0,0,0,0,0,0,7,no
202608,11,11260,1126060000,n,서울,서울특별시 중랑구,중랑구 중화1동 ,하이브리드(LPG+전기),0,0,0,0,0,0,0,0,1,0,0,0,1,no
202608,11,11260,1126060000,q,서울,서울특별시 중랑구,중랑구 중화1동 ,수소,0,0,0,0,4,0,0,0,0,0,0,0,4,no
202608,11,11260,1126060000,z,서울,서울특별시 중랑구,중랑구 중화1동 ,기타연료,0,0,0,0,1,1,4,2,0,0,0,0,8,no
202608,11,11260,1126061000,a,서울,서울특별시 중랑구,중랑구 중화2동 ,휘발유,0,0,0,0,932,0,7,0,0,0,0,0,939,no
202608,11,11260,1126061000,b,서울,서울특별시 중랑구,중랑구 중화2동 ,경유,0,0,0,0,1302,121,599,7,0,0,70,12,2111,no
202608,11,11260,1126061000,c,서울,서울특별시 중랑구,중랑구 중화2동 ,엘피지,0,0,0,0,339,32,97,2,111,0,35,0,616,no
202608,11,11260,1126061000,e,서울,서울특별시 중랑구,중랑구 중화2동 ,전기,0,0,0,0,120,0,15,0,21,0,16,0,172,yes
202608,11,11260,1126061000,g,서울,서울특별시 중랑구,중랑구 중화2동 ,휘발유(유연),0,0,0,0,4,0,0,0,0,0,0,0,4,no
202608,11,11260,1126061000,h,서울,서울특별시 중랑구,중랑구 중화2동 ,휘발유(무연),1,0,0,0,2311,2,3,0,0,0,0,0,2317,no
202608,11,11260,1126061000,l,서울,서울특별시 중랑구,중랑구 중화2동 ,하이브리드(휘발유+전기),0,0,0,0,478,1,7,0,3,0,0,0,489,no
202608,11,11260,1126061000,m,서울,서울특별시 중랑구,중랑구 중화2동 ,하이브리드(경유+전기),0,0,0,0,7,0,0,0,0,0,0,0,7,no
202608,11,11260,1126061000,n,서울,서울특별시 중랑구,중랑구 중화2동 ,하이브리드(LPG+전기),0,0,0,0,1,0,0,0,0,0,0,0,1,no
202608,11,11260,1126061000,q,서울,서울특별시 중랑구,중랑구 중화2동 ,수소,0,0,0,0,3,0,0,0,0,0,0,0,3,no
202608,11,11260,1126061000,z,서울,서울특별시 중랑구,중랑구 중화2동 ,기타연료,0,0,0,0,0,2,6,3,0,0,0,0,11,no
202608,11,11260,1126062000,a,서울,서울특별시 중랑구,중랑구 묵1동 ,휘발유,0,0,0,0,1631,2,8,0,2,0,0,0,1643,no
202608,11,11260,1126062000,b,서울,서울특별시 중랑구,중랑구 묵1동 ,경유,0,0,0,0,1878,162,660,22,0,6,274,23,3025,no
202608,11,11260,1126062000,c,서울,서울특별시 중랑구,중랑구 묵1동 ,엘피지,0,0,0,0,454,30,86,2,142,0,57,0,771,no
202608,11,11260,1126062000,e,서울,서울특별시 중랑구,중랑구 묵1동 ,전기,0,0,0,0,252,1,38,0,25,0,21,0,337,yes
202608,11,11260,1126062000,g,서울,서울특별시 중랑구,중랑구 묵1동 ,휘발유(유연),0,0,0,0,5,0,0,0,0,0,0,0,5,no
202608,11,11260,1126062000,h,서울,서울특별시 중랑구,중랑구 묵1동 ,휘발유(무연),0,0,0,0,3539,0,7,0,5,0,0,0,3551,no
202608,11,11260,1126062000,l,서울,서울특별시 중랑구,중랑구 묵1동 ,하이브리드(휘발유+전기),0,0,0,0,1021,0,6,0,4,0,0,0,1031,no
202608,11,11260,1126062000,m,서울,서울특별시 중랑구,중랑구 묵1동 ,하이브리드(경유+전기),0,0,0,0,22,0,0,0,0,0,0,0,22,no
202608,11,11260,1126062000,n,서울,서울특별시 중랑구,중랑구 묵1동 ,하이브리드(LPG+전기),0,0,0,0,4,0,0,0,0,0,0,0,4,no
202608,11,11260,1126062000,q,서울,서울특별시 중랑구,중랑구 묵1동 ,수소,0,0,0,0,4,0,0,0,0,0,0,0,4,no
202608,11,11260,1126062000,z,서울,서울특별시 중랑구,중랑구 묵1동 ,기타연료,0,0,0,0,0,6,13,4,0,0,6,0,29,no
202608,11,11260,1126063000,a,서울,서울특별시 중랑구,중랑구 묵2동 ,휘발유,0,0,0,0,703,1,2,0,0,0,0,0,706,no
202608,11,11260,1126063000,b,서울,서울특별시 중랑구,중랑구 묵2동 ,경유,0,0,0,0,962,107,411,11,6,6,230,43,1776,no
202608,11,11260,1126063000,c,서울,서울특별시 중랑구,중랑구 묵2동 ,엘피지,0,0,0,0,270,34,59,1,146,0,24,0,534,no
202608,11,11260,1126063000,e,서울,서울특별시 중랑구,중랑구 묵2동 ,전기,0,0,0,0,74,0,12,0,12,0,15,0,113,yes
202608,11,11260,1126063000,g,서울,서울특별시 중랑구,중랑구 묵2동 ,휘발유(유연),0,0,0,0,1,0,0,0,0,0,0,0,1,no
202608,11,11260,1126063000,h,서울,서울특별시 중랑구,중랑구 묵2동 ,휘발유(무연),0,0,0,0,1724,0,4,0,7,0,0,0,1735,no
202608,11,11260,1126063000,j,서울,서울특별시 중랑구,중랑구 묵2동 ,CNG,0,0,0,0,2,0,0,0,0,0,0,0,2,no
202608,11,11260,1126063000,l,서울,서울특별시 중랑구,중랑구 묵2동 ,하이브리드(휘발유+전기),0,0,0,0,389,0,3,1,3,0,0,0,396,no
202608,11,11260,1126063000,m,서울,서울특별시 중랑구,중랑구 묵2동 ,하이브리드(경유+전기),0,0,0,0,5,0,0,0,0,0,0,0,5,no
202608,11,11260,1126063000,n,서울,서울특별시 중랑구,중랑구 묵2동 ,하이브리드(LPG+전기),0,0,0,0,1,0,0,0,1,0,0,0,2,no
202608,11,11260,1126063000,q,서울,서울특별시 중랑구,중랑구 묵2동 ,수소,0,0,0,0,2,0,0,0,0,0,0,0,2,no
202608,11,11260,1126063000,z,서울,서울특별시 중랑구,중랑구 묵2동 ,기타연료,0,0,0,0,0,0,4,1,0,0,0,0,5,no
202608,11,11260,1126065500,a,서울,서울특별시 중랑구,중랑구 망우본동 ,휘발유,0,0,0,0,1561,2,10,0,0,0,0,0,1573,no
202608,11,11260,1126065500,b,서울,서울특별시 중랑구,중랑구 망우본동 ,경유,0,0,0,0,2308,217,1034,17,1,0,151,19,3747,no
202608,11,11260,1126065500,c,서울,서울특별시 중랑구,중랑구 망우본동 ,엘피지,0,0,0,0,585,40,142,3,946,1,66,0,1783,no
202608,11,11260,1126065500,e,서울,서울특별시 중랑구,중랑구 망우본동 ,전기,0,0,0,0,305,0,52,0,254,0,41,0,652,yes
202608,11,11260,1126065500,g,서울,서울특별시 중랑구,중랑구 망우본동 ,휘발유(유연),0,0,0,0,4,0,0,0,0,0,0,0,4,no
202608,11,11260,1126065500,h,서울,서울특별시 중랑구,중랑구 망우본동 ,휘발유(무연),0,0,0,0,3856,3,6,0,3,0,0,0,3868,no
202608,11,11260,1126065500,j,서울,서울특별시 중랑구,중랑구 망우본동 ,CNG,0,0,0,0,1,0,0,0,0,0,0,0,1,no
202608,11,11260,1126065500,l,서울,서울특별시 중랑구,중랑구 망우본동 ,하이브리드(휘발유+전기),0,0,0,0,1091,1,6,0,28,0,0,0,1126,no
202608,11,11260,1126065500,m,서울,서울특별시 중랑구,중랑구 망우본동 ,하이브리드(경유+전기),0,0,0,0,20,0,0,0,0,0,0,0,20,no
202608,11,11260,1126065500,n,서울,서울특별시 중랑구,중랑구 망우본동 ,하이브리드(LPG+전기),0,0,0,0,1,0,0,0,5,0,0,0,6,no
202608,11,11260,1126065500,q,서울,서울특별시 중랑구,중랑구 망우본동 ,수소,0,0,0,0,10,0,0,0,0,0,0,0,10,no
202608,11,11260,1126065500,r,서울,서울특별시 중랑구,중랑구 망우본동 ,수소전기,0,0,0,0,1,0,0,0,0,0,0,0,1,no
202608,11,11260,1126065500,z,서울,서울특별시 중랑구,중랑구 망우본동 ,기타연료,0,0,0,0,0,6,9,4,0,0,0,0,19,no
202608,11,11260,1126066000,a,서울,서울특별시 중랑구,중랑구 망우3동 ,휘발유,0,0,0,0,552,0,6,0,0,0,0,0,558,no
202608,11,11260,1126066000,b,서울,서울특별시 중랑구,중랑구 망우3동 ,경유,0,0,0,0,800,97,485,9,0,2,86,18,1497,no
202608,11,11260,1126066000,c,서울,서울특별시 중랑구,중랑구 망우3동 ,엘피지,0,0,0,0,233,24,64,1,619,2,35,0,978,no
202608,11,11260,1126066000,e,서울,서울특별시 중랑구,중랑구 망우3동 ,전기,0,0,0,0,38,0,14,0,113,0,8,0,173,yes
202608,11,11260,1126066000,g,서울,서울특별시 중랑구,중랑구 망우3동 ,휘발유(유연),0,0,0,0,1,0,0,0,0,0,0,0,1,no
202608,11,11260,1126066000,h,서울,서울특별시 중랑구,중랑구 망우3동 ,휘발유(무연),0,0,0,0,1412,0,1,0,6,0,0,0,1419,no
202608,11,11260,1126066000,j,서울,서울특별시 중랑구,중랑구 망우3동 ,CNG,0,0,0,0,1,0,0,0,0,0,0,0,1,no
202608,11,11260,1126066000,l,서울,서울특별시 중랑구,중랑구 망우3동 ,하이브리드(휘발유+전기),0,0,0,0,288,1,3,0,5,0,0,0,297,no
202608,11,11260,1126066000,m,서울,서울특별시 중랑구,중랑구 망우3동 ,하이브리드(경유+전기),0,0,0,0,6,0,0,0,0,0,0,0,6,no
202608,11,11260,1126066000,n,서울,서울특별시 중랑구,중랑구 망우3동 ,하이브리드(LPG+전기),0,0,0,0,3,0,0,0,1,0,0,0,4,no
202608,11,11260,1126066000,q,서울,서울특별시 중랑구,중랑구 망우3동 ,수소,0,0,0,0,2,0,0,0,0,0,0,0,2,no
202608,11,11260,1126066000,r,서울,서울특별시 중랑구,중랑구 망우3동 ,수소전기,0,0,0,0,1,0,0,0,0,0,0,0,1,no
202608,11,11260,1126066000,z,서울,서울특별시 중랑구,중랑구 망우3동 ,기타연료,0,0,0,0,1,2,3,1,0,0,11,0,18,no
202608,11,11260,1126068000,a,서울,서울특별시 중랑구,중랑구 신내1동 ,휘발유,0,0,0,0,1617,0,8,0,0,0,0,0,1625,no
202608,11,11260,1126068000,b,서울,서울특별시 중랑구,중랑구 신내1동 ,경유,3,3,44,1,2432,209,1014,23,0,33,166,28,3956,no
202608,11,11260,1126068000,c,서울,서울특별시 중랑구,중랑구 신내1동 ,엘피지,0,0,1,0,635,44,176,1,316,0,64,0,1237,no
202608,11,11260,1126068000,e,서울,서울특별시 중랑구,중랑구 신내1동 ,전기,5,0,0,0,292,2,45,1,63,50,18,0,476,yes
202608,11,11260,1126068000,g,서울,서울특별시 중랑구,중랑구 신내1동 ,휘발유(유연),0,0,0,0,3,0,0,0,0,0,0,0,3,no
202608,11,11260,1126068000,h,서울,서울특별시 중랑구,중랑구 신내1동 ,휘발유(무연),2,0,0,0,4221,0,6,0,0,0,0,0,4229,no
202608,11,11260,1126068000,j,서울,서울특별시 중랑구,중랑구 신내1동 ,CNG,0,0,5,0,0,0,0,0,0,46,0,0,51,no
202608,11,11260,1126068000,l,서울,서울특별시 중랑구,중랑구 신내1동 ,하이브리드(휘발유+전기),6,0,0,0,1140,5,6,0,8,0,1,0,1166,no
202608,11,11260,1126068000,m,서울,서울특별시 중랑구,중랑구 신내1동 ,하이브리드(경유+전기),0,0,0,0,20,0,0,0,0,0,0,0,20,no
202608,11,11260,1126068000,n,서울,서울특별시 중랑구,중랑구 신내1동 ,하이브리드(LPG+전기),0,0,0,0,0,0,0,0,2,0,0,0,2,no
202608,11,11260,1126068000,q,서울,서울특별시 중랑구,중랑구 신내1동 ,수소,0,0,0,0,6,0,0,0,0,0,0,0,6,no
202608,11,11260,1126068000,z,서울,서울특별시 중랑구,중랑구 신내1동 ,기타연료,0,0,0,0,0,8,17,4,0,0,0,0,29,no
202608,11,11260,1126069000,a,서울,서울특별시 중랑구,중랑구 신내2동 ,휘발유,3,0,0,0,856,1,4,0,0,0,0,0,864,no
202608,11,11260,1126069000,b,서울,서울특별시 중랑구,중랑구 신내2동 ,경유,9,26,52,11,1133,92,479,10,1,18,72,7,1910,no
202608,11,11260,1126069000,c,서울,서울특별시 중랑구,중랑구 신내2동 ,엘피지,0,1,2,0,324,23,82,0,359,0,24,0,815,no
202608,11,11260,1126069000,e,서울,서울특별시 중랑구,중랑구 신내2동 ,전기,35,0,3,1,130,0,27,0,25,0,9,0,230,yes
202608,11,11260,1126069000,g,서울,서울특별시 중랑구,중랑구 신내2동 ,휘발유(유연),0,0,0,0,4,0,0,0,0,0,0,0,4,no
202608,11,11260,1126069000,h,서울,서울특별시 중랑구,중랑구 신내2동 ,휘발유(무연),9,0,0,0,2232,0,2,0,1,0,0,0,2244,no
202608,11,11260,1126069000,j,서울,서울특별시 중랑구,중랑구 신내2동 ,CNG,0,2,3,0,0,0,0,0,0,0,0,0,5,no
202608,11,11260,1126069000,l,서울,서울특별시 중랑구,중랑구 신내2동 ,하이브리드(휘발유+전기),4,0,0,0,549,0,3,0,5,0,0,0,561,no
202608,11,11260,1126069000,m,서울,서울특별시 중랑구,중랑구 신내2동 ,하이브리드(경유+전기),0,0,0,0,9,0,0,0,0,0,0,0,9,no
202608,11,11260,1126069000,n,서울,서울특별시 중랑구,중랑구 신내2동 ,하이브리드(LPG+전기),0,0,0,0,1,0,0,0,0,0,0,0,1,no
202608,11,11260,1126069000,q,서울,서울특별시 중랑구,중랑구 신내2동 ,수소,0,0,0,0,3,0,0,0,0,0,0,0,3,no
202608,11,11260,1126069000,r,서울,서울특별시 중랑구,중랑구 신내2동 ,수소전기,0,0,0,0,1,0,0,0,0,0,0,0,1,no
202608,11,11260,1126069000,z,서울,서울특별시 중랑구,중랑구 신내2동 ,기타연료,0,0,1,0,0,1,4,0,0,0,0,0,6,no
202608,11,11290,1129013300,b,서울,서울특별시 성북구,기타,경유,0,0,0,0,1,0,0,0,0,0,0,0,1,no
202608,11,11290,1129052500,a,서울,서울특별시 성북구,성북구 성북동 ,휘발유,0,0,0,0,1004,1,8,0,0,0,0,0,1013,no
202608,11,11290,1129052500,b,서울,서울특별시 성북구,성북구 성북동 ,경유,0,2,0,0,839,102,223,8,0,0,10,2,1186,no
202608,11,11290,1129052500,c,서울,서울특별시 성북구,성북구 성북동 ,엘피지,0,1,0,0,125,12,41,0,30,1,12,0,222,no
202608,11,11290,1129052500,e,서울,서울특별시 성북구,성북구 성북동 ,전기,0,0,0,0,130,0,7,0,5,0,2,0,144,yes
202608,11,11290,1129052500,g,서울,서울특별시 성북구,성북구 성북동 ,휘발유(유연),0,0,0,0,1,0,0,0,0,0,0,0,1,no
202608,11,11290,1129052500,h,서울,서울특별시 성북구,성북구 성북동 ,휘발유(무연),0,0,0,0,1509,1,1,0,0,0,0,0,1511,no
202608,11,11290,1129052500,j,서울,서울특별시 성북구,성북구 성북동 ,CNG,0,1,0,0,0,0,0,0,0,0,0,0,1,no
202608,11,11290,1129052500,l,서울,서울특별시 성북구,성북구 성북동 ,하이브리드(휘발유+전기),0,0,0,0,513,4,6,0,4,0,0,0,527,no
202608,11,11290,1129052500,m,서울,서울특별시 성북구,성북구 성북동 ,하이브리드(경유+전기),0,0,0,0,19,0,0,0,0,0,0,0,19,no
202608,11,11290,1129052500,n,서울,서울특별시 성북구,성북구 성북동 ,하이브리드(LPG+전기),0,0,0,0,1,0,0,0,1,0,0,0,2,no
202608,11,11290,1129052500,q,서울,서울특별시 성북구,성북구 성북동 ,수소,0,0,0,0,2,0,0,0,0,0,0,0,2,no
202608,11,11290,1129052500,r,서울,서울특별시 성북구,성북구 성북동 ,수소전기,0,0,0,0,1,0,0,0,0,0,0,0,1,no
202608,11,11290,1129052500,z,서울,서울특별시 성북구,성북구 성북동 ,기타연료,0,0,0,0,0,3,4,0,0,0,0,0,7,no
202608,11,11290,1129055500,a,서울,서울특별시 성북구,성북구 삼선동 ,휘발유,0,0,0,0,919,0,5,0,0,0,0,0,924,no
202608,11,11290,1129055500,b,서울,서울특별시 성북구,성북구 삼선동 ,경유,10,13,66,0,1050,87,285,9,0,3,43,1,1567,no
202608,11,11290,1129055500,c,서울,서울특별시 성북구,성북구 삼선동 ,엘피지,0,0,7,0,152,16,56,1,47,1,17,0,297,no
202608,11,11290,1129055500,e,서울,서울특별시 성북구,성북구 삼선동 ,전기,45,0,3,1,111,0,24,0,11,6,10,0,211,yes
202608,11,11290,1129055500,g,서울,서울특별시 성북구,성북구 삼선동 ,휘발유(유연),0,0,0,0,1,0,0,0,0,0,0,0,1,no
202608,11,11290,1129055500,h,서울,서울특별시 성북구,성북구 삼선동 ,휘발유(무연),13,1,0,0,1892,1,3,0,1,0,0,0,1911,no
202608,11,11290,1129055500,j,서울,서울특별시 성북구,성북구 삼선동 ,CNG,0,2,15,0,0,0,0,0,0,0,0,0,17,no
202608,11,11290,1129055500,l,서울,서울특별시 성북구,성북구 삼선동 ,하이브리드(휘발유+전기),1,0,0,0,528,6,3,0,2,0,0,0,540,no
202608,11,11290,1129055500,m,서울,서울특별시 성북구,성북구 삼선동 ,하이브리드(경유+전기),0,0,0,0,12,0,0,0,0,0,0,0,12,no
202608,11,11290,1129055500,n,서울,서울특별시 성북구,성북구 삼선동 ,하이브리드(LPG+전기),0,0,0,0,2,0,0,0,0,0,0,0,2,no
202608,11,11290,1129055500,q,서울,서울특별시 성북구,성북구 삼선동 ,수소,0,0,0,0,8,0,0,0,0,0,0,0,8,no
202608,11,11290,1129055500,r,서울,서울특별시 성북구,성북구 삼선동 ,수소전기,0,0,0,0,1,0,0,0,0,0,0,0,1,no
202608,11,11290,1129055500,z,서울,서울특별시 성북구,성북구 삼선동 ,기타연료,0,0,0,0,0,2,8,0,0,0,0,0,10,no
202608,11,11290,1129057500,a,서울,서울특별시 성북구,성북구 동선동 ,휘발유,0,0,0,0,542,0,2,0,0,0,0,0,544,no
202608,11,11290,1129057500,b,서울,서울특별시 성북구,성북구 동선동 ,경유,0,1,0,0,605,67,180,2,0,124,14,1,994,no
202608,11,11290,1129057500,c,서울,서울특별시 성북구,성북구 동선동 ,엘피지,0,0,0,0,122,14,26,0,21,0,5,0,188,no
202608,11,11290,1129057500,e,서울,서울특별시 성북구,성북구 동선동 ,전기,0,0,0,0,55,0,8,0,4,4,3,0,74,yes
202608,11,11290,1129057500,h,서울,서울특별시 성북구,성북구 동선동 ,휘발유(무연),0,0,0,0,1119,2,1,0,0,0,0,0,1122,no
202608,11,11290,1129057500,j,서울,서울특별시 성북구,성북구 동선동 ,CNG,0,0,0,0,0,0,0,0,0,5,0,0,5,no
202608,11,11290,1129057500,l,서울,서울특별시 성북구,성북구 동선동 ,하이브리드(휘발유+전기),0,0,0,0,292,1,1,0,0,0,0,0,294,no
202608,11,11290,1129057500,m,서울,서울특별시 성북구,성북구 동선동 ,하이브리드(경유+전기),0,0,0,0,6,0,0,0,0,0,0,0,6,no
202608,11,11290,1129057500,n,서울,서울특별시 성북구,성북구 동선동 ,하이브리드(LPG+전기),1,0,0,0,0,0,0,0,0,0,0,0,1,no
202608,11,11290,1129057500,q,서울,서울특별시 성북구,성북구 동선동 ,수소,0,0,0,0,1,0,0,0,0,0,0,0,1,no
202608,11,11290,1129057500,r,서울,서울특별시 성북구,성북구 동선동 ,수소전기,0,0,0,0,1,0,0,0,0,0,0,0,1,no
202608,11,11290,1129057500,z,서울,서울특별시 성북구,성북구 동선동 ,기타연료,0,0,0,0,0,4,6,1,0,0,0,0,11,no
202608,11,11290,1129058000,a,서울,서울특별시 성북구,성북구 돈암1동 ,휘발유,0,0,0,0,682,0,5,0,1,0,0,0,688,no
202608,11,11290,1129058000,b,서울,서울특별시 성북구,성북구 돈암1동 ,경유,0,0,0,0,759,63,152,2,0,0,22,1,999,no
202608,11,11290,1129058000,c,서울,서울특별시 성북구,성북구 돈암1동 ,엘피지,0,0,0,0,145,14,32,1,40,0,8,0,240,no
202608,11,11290,1129058000,e,서울,서울특별시 성북구,성북구 돈암1동 ,전기,0,0,0,0,108,0,11,0,8,0,3,0,130,yes
202608,11,11290,1129058000,g,서울,서울특별시 성북구,성북구 돈암1동 ,휘발유(유연),0,0,0,0,2,0,0,0,0,0,0,0,2,no
202608,11,11290,1129058000,h,서울,서울특별시 성북구,성북구 돈암1동 ,휘발유(무연),0,0,0,0,1473,0,0,0,0,0,0,0,1473,no
202608,11,11290,1129058000,j,서울,서울특별시 성북구,성북구 돈암1동 ,CNG,0,0,0,0,0,3,0,0,0,0,0,0,3,no
202608,11,11290,1129058000,l,서울,서울특별시 성북구,성북구 돈암1동 ,하이브리드(휘발유+전기),0,0,0,0,462,0,3,0,2,0,0,0,467,no
202608,11,11290,1129058000,m,서울,서울특별시 성북구,성북구 돈암1동 ,하이브리드(경유+전기),0,0,0,0,7,0,0,0,0,0,0,0,7,no
202608,11,11290,1129058000,n,서울,서울특별시 성북구,성북구 돈암1동 ,하이브리드(LPG+전기),0,0,0,0,1,0,0,0,0,0,0,0,1,no
202608,11,11290,1129058000,q,서울,서울특별시 성북구,성북구 돈암1동 ,수소,0,0,0,0,2,0,0,0,0,0,0,0,2,no
202608,11,11290,1129058000,z,서울,서울특별시 성북구,성북구 돈암1동 ,기타연료,0,0,0,0,0,4,6,0,0,0,0,0,10,no
202608,11,11290,1129059000,a,서울,서울특별시 성북구,성북구 돈암2동 ,휘발유,0,0,0,0,1459,2,4,0,0,0,0,0,1465,no
202608,11,11290,1129059000,b,서울,서울특별시 성북구,성북구 돈암2동 ,경유,0,0,0,0,1376,53,202,5,0,0,23,4,1663,no
202608,11,11290,1129059000,c,서울,서울특별시 성북구,성북구 돈암2동 ,엘피지,0,0,0,0,179,14,33,0,46,0,12,0,284,no
202608,11,11290,1129059000,e,서울,서울특별시 성북구,성북구 돈암2동 ,전기,0,0,0,0,260,0,17,1,12,0,3,0,293,yes
202608,11,11290,1129059000,h,서울,서울특별시 성북구,성북구 돈암2동 ,휘발유(무연),0,0,0,0,2744,0,4,0,0,0,0,0,2748,no
202608,11,11290,1129059000,l,서울,서울특별시 성북구,성북구 돈암2동 ,하이브리드(휘발유+전기),0,0,0,0,985,0,0,0,2,0,0,0,987,no
202608,11,11290,1129059000,m,서울,서울특별시 성북구,성북구 돈암2동 ,하이브리드(경유+전기),0,0,0,0,18,0,0,0,0,0,0,0,18,no
202608,11,11290,1129059000,n,서울,서울특별시 성북구,성북구 돈암2동 ,하이브리드(LPG+전기),0,0,0,0,1,0,0,0,0,0,0,0,1,no
202608,11,11290,1129059000,q,서울,서울특별시 성북구,성북구 돈암2동 ,수소,0,0,0,0,1,0,0,0,0,0,0,0,1,no
202608,11,11290,1129059000,z,서울,서울특별시 성북구,성북구 돈암2동 ,기타연료,0,0,0,0,0,4,15,5,0,0,0,0,24,no
202608,11,11290,1129060000,a,서울,서울특별시 성북구,성북구 안암동 ,휘발유,0,0,0,0,530,0,5,0,0,0,0,0,535,no
202608,11,11290,1129060000,b,서울,서울특별시 성북구,성북구 안암동 ,경유,0,0,0,0,597,86,221,8,0,0,16,2,930,no
202608,11,11290,1129060000,c,서울,서울특별시 성북구,성북구 안암동 ,엘피지,0,0,0,0,122,13,33,0,20,0,12,0,200,no
202608,11,11290,1129060000,e,서울,서울특별시 성북구,성북구 안암동 ,전기,0,0,0,0,60,1,12,0,4,0,3,0,80,yes
202608,11,11290,1129060000,g,서울,서울특별시 성북구,성북구 안암동 ,휘발유(유연),0,0,0,0,2,0,0,0,0,0,0,0,2,no
202608,11,11290,1129060000,h,서울,서울특별시 성북구,성북구 안암동 ,휘발유(무연),0,0,0,0,997,1,2,0,0,0,0,0,1000,no
202608,11,11290,1129060000,l,서울,서울특별시 성북구,성북구 안암동 ,하이브리드(휘발유+전기),0,0,0,0,290,1,1,0,3,0,0,0,295,no
202608,11,11290,1129060000,m,서울,서울특별시 성북구,성북구 안암동 ,하이브리드(경유+전기),0,0,0,0,10,0,0,0,0,0,0,0,10,no
202608,11,11290,1129060000,q,서울,서울특별시 성북구,성북구 안암동 ,수소,0,0,0,0,2,0,0,0,0,0,0,0,2,no
202608,11,11290,1129060000,z,서울,서울특별시 성북구,성북구 안암동 ,기타연료,0,0,0,0,0,2,1,1,0,0,0,0,4,no
202608,11,11290,1129061000,a,서울,서울특별시 성북구,성북구 보문동 ,휘발유,0,0,0,0,775,2,5,0,0,0,0,0,782,no
202608,11,11290,1129061000,b,서울,서울특별시 성북구,성북구 보문동 ,경유,0,0,1,0,833,86,270,7,0,43,22,2,1264,no
202608,11,11290,1129061000,c,서울,서울특별시 성북구,성북구 보문동 ,엘피지,0,0,0,0,139,10,35,0,145,0,17,0,346,no
202608,11,11290,1129061000,e,서울,서울특별시 성북구,성북구 보문동 ,전기,0,0,0,0,131,1,13,0,38,0,10,0,193,yes
202608,11,11290,1129061000,h,서울,서울특별시 성북구,성북구 보문동 ,휘발유(무연),0,0,0,0,1509,0,2,0,1,0,0,0,1512,no
202608,11,11290,1129061000,j,서울,서울특별시 성북구,성북구 보문동 ,CNG,0,0,0,0,0,1,0,0,0,0,0,0,1,no
202608,11,11290,1129061000,l,서울,서울특별시 성북구,성북구 보문동 ,하이브리드(휘발유+전기),0,0,0,0,480,1,0,0,3,0,0,0,484,no
202608,11,11290,1129061000,m,서울,서울특별시 성북구,성북구 보문동 ,하이브리드(경유+전기),0,0,0,0,7,0,0,0,0,0,0,0,7,no
202608,11,11290,1129061000,n,서울,서울특별시 성북구,성북구 보문동 ,하이브리드(LPG+전기),0,0,0,0,2,0,0,0,1,0,0,0,3,no
202608,11,11290,1129061000,q,서울,서울특별시 성북구,성북구 보문동 ,수소,0,0,0,0,4,0,0,0,0,0,0,0,4,no
202608,11,11290,1129061000,r,서울,서울특별시 성북구,성북구 보문동 ,수소전기,0,0,0,0,0,0,0,0,0,4,0,0,4,no
202608,11,11290,1129061000,z,서울,서울특별시 성북구,성북구 보문동 ,기타연료,0,0,0,0,0,1,10,4,0,0,0,0,15,no
202608,11,11290,1129062000,a,서울,서울특별시 성북구,성북구 정릉1동 ,휘발유,0,0,0,0,808,0,0,1,0,0,0,0,809,no
202608,11,11290,1129062000,b,서울,서울특별시 성북구,성북구 정릉1동 ,경유,0,0,0,0,1050,94,265,6,0,23,92,4,1534,no
202608,11,11290,1129062000,c,서울,서울특별시 성북구,성북구 정릉1동 ,엘피지,0,0,0,0,210,15,42,1,115,3,11,0,397,no
202608,11,11290,1129062000,e,서울,서울특별시 성북구,성북구 정릉1동 ,전기,0,0,0,0,134,2,11,1,28,135,9,0,320,yes
202608,11,11290,1129062000,h,서울,서울특별시 성북구,성북구 정릉1동 ,휘발유(무연),0,0,0,0,1931,0,3,0,1,0,0,0,1935,no
202608,11,11290,1129062000,j,서울,서울특별시 성북구,성북구 정릉1동 ,CNG,0,0,0,0,1,0,0,0,0,476,0,0,477,no
202608,11,11290,1129062000,l,서울,서울특별시 성북구,성북구 정릉1동 ,하이브리드(휘발유+전기),0,0,0,0,611,4,1,0,1,0,0,0,617,no
202608,11,11290,1129062000,m,서울,서울특별시 성북구,성북구 정릉1동 ,하이브리드(경유+전기),0,0,0,0,8,0,0,0,0,0,0,0,8,no
202608,11,11290,1129062000,n,서울,서울특별시 성북구,성북구 정릉1동 ,하이브리드(LPG+전기),0,0,0,0,3,0,0,0,10,0,0,0,13,no
202608,11,11290,1129062000,q,서울,서울특별시 성북구,성북구 정릉1동 ,수소,0,0,0,0,4,0,0,0,0,0,0,0,4,no
202608,11,11290,1129062000,z,서울,서울특별시 성북구,성북구 정릉1동 ,기타연료,0,0,0,0,0,1,4,1,0,0,0,0,6,no
202608,11,11290,1129063000,a,서울,서울특별시 성북구,성북구 정릉2동 ,휘발유,0,0,0,0,1036,0,7,1,0,0,0,0,1044,no
202608,11,11290,1129063000,b,서울,서울특별시 성북구,성북구 정릉2동 ,경유,0,0,0,0,1270,84,298,5,0,0,76,8,1741,no
202608,11,11290,1129063000,c,서울,서울특별시 성북구,성북구 정릉2동 ,엘피지,0,0,0,0,254,22,50,0,88,1,28,0,443,no
202608,11,11290,1129063000,e,서울,서울특별시 성북구,성북구 정릉2동 ,전기,0,0,0,0,146,0,22,0,11,0,14,0,193,yes
202608,11,11290,1129063000,g,서울,서울특별시 성북구,성북구 정릉2동 ,휘발유(유연),0,0,0,0,1,0,0,0,0,0,0,0,1,no
202608,11,11290,1129063000,h,서울,서울특별시 성북구,성북구 정릉2동 ,휘발유(무연),0,0,0,0,2174,1,3,0,0,0,0,0,2178,no
202608,11,11290,1129063000,j,서울,서울특별시 성북구,성북구 정릉2동 ,CNG,0,0,0,0,1,0,0,0,0,0,0,0,1,no
202608,11,11290,1129063000,l,서울,서울특별시 성북구,성북구 정릉2동 ,하이브리드(휘발유+전기),0,0,0,0,557,1,4,0,5,0,0,0,567,no
202608,11,11290,1129063000,m,서울,서울특별시 성북구,성북구 정릉2동 ,하이브리드(경유+전기),0,0,0,0,4,0,0,0,0,0,0,0,4,no
202608,11,11290,1129063000,n,서울,서울특별시 성북구,성북구 정릉2동 ,하이브리드(LPG+전기),0,0,0,0,4,0,0,0,2,0,0,0,6,no
202608,11,11290,1129063000,q,서울,서울특별시 성북구,성북구 정릉2동 ,수소,0,0,0,0,2,0,0,0,0,0,0,0,2,no
202608,11,11290,1129063000,r,서울,서울특별시 성북구,성북구 정릉2동 ,수소전기,0,0,0,0,1,0,0,0,0,0,0,0,1,no
202608,11,11290,1129063000,z,서울,서울특별시 성북구,성북구 정릉2동 ,기타연료,0,0,0,0,0,2,12,0,0,0,0,0,14,no
202608,11,11290,1129064000,a,서울,서울특별시 성북구,성북구 정릉3동 ,휘발유,0,0,0,0,485,1,7,0,0,0,0,0,493,no
202608,11,11290,1129064000,b,서울,서울특별시 성북구,성북구 정릉3동 ,경유,0,0,0,0,593,67,218,1,0,0,28,5,912,no
202608,11,11290,1129064000,c,서울,서울특별시 성북구,성북구 정릉3동 ,엘피지,0,0,0,0,130,6,24,0,116,0,11,0,287,no
202608,11,11290,1129064000,e,서울,서울특별시 성북구,성북구 정릉3동 ,전기,0,0,0,0,46,0,7,0,8,0,6,0,67,yes
202608,11,11290,1129064000,g,서울,서울특별시 성북구,성북구 정릉3동 ,휘발유(유연),0,0,0,0,1,0,0,0,0,0,0,0,1,no
202608,11,11290,1129064000,h,서울,서울특별시 성북구,성북구 정릉3동 ,휘발유(무연),0,0,0,0,1169,0,3,0,0,0,0,0,1172,no
202608,11,11290,1129064000,l,서울,서울특별시 성북구,성북구 정릉3동 ,하이브리드(휘발유+전기),0,0,0,0,279,3,1,0,0,0,0,0,283,no
202608,11,11290,1129064000,m,서울,서울특별시 성북구,성북구 정릉3동 ,하이브리드(경유+전기),0,0,0,0,1,0,0,0,0,0,0,0,1,no
202608,11,11290,1129064000,n,서울,서울특별시 성북구,성북구 정릉3동 ,하이브리드(LPG+전기),0,0,0,0,1,0,0,0,0,0,0,0,1,no
202608,11,11290,1129064000,z,서울,서울특별시 성북구,성북구 정릉3동 ,기타연료,0,0,0,0,0,0,4,2,0,0,0,0,6,no
202608,11,11290,1129065000,a,서울,서울특별시 성북구,성북구 정릉4동 ,휘발유,0,0,0,0,1169,3,10,0,0,0,0,0,1182,no
202608,11,11290,1129065000,b,서울,서울특별시 성북구,성북구 정릉4동 ,경유,0,0,0,0,1370,103,335,13,0,0,45,4,1870,no
202608,11,11290,1129065000,c,서울,서울특별시 성북구,성북구 정릉4동 ,엘피지,0,0,0,0,277,25,49,0,133,2,21,0,507,no
202608,11,11290,1129065000,e,서울,서울특별시 성북구,성북구 정릉4동 ,전기,0,0,0,0,170,0,16,0,30,26,9,0,251,yes
202608,11,11290,1129065000,g,서울,서울특별시 성북구,성북구 정릉4동 ,휘발유(유연),0,0,0,0,5,0,0,0,0,0,0,0,5,no
202608,11,11290,1129065000,h,서울,서울특별시 성북구,성북구 정릉4동 ,휘발유(무연),1,0,0,0,2410,0,5,0,0,0,0,0,2416,no
202608,11,11290,1129065000,j,서울,서울특별시 성북구,성북구 정릉4동 ,CNG,0,0,0,0,1,0,0,0,0,47,0,0,48,no
202608,11,11290,1129065000,l,서울,서울특별시 성북구,성북구 정릉4동 ,하이브리드(휘발유+전기),0,0,0,0,721,1,5,0,6,0,0,0,733,no
202608,11,11290,1129065000,m,서울,서울특별시 성북구,성북구 정릉4동 ,하이브리드(경유+전기),0,0,0,0,9,0,0,0,0,0,0,0,9,no
202608,11,11290,1129065000,q,서울,서울특별시 성북구,성북구 정릉4동 ,수소,0,0,0,0,5,0,0,0,0,0,0,0,5,no
202608,11,11290,1129065000,r,서울,서울특별시 성북구,성북구 정릉4동 ,수소전기,0,0,0,0,1,0,0,0,0,0,0,0,1,no
202608,11,11290,1129065000,z,서울,서울특별시 성북구,성북구 정릉4동 ,기타연료,0,0,0,0,1,3,12,0,0,0,0,0,16,no
202608,11,11290,1129066000,a,서울,서울특별시 성북구,성북구 길음1동 ,휘발유,0,0,0,0,1929,2,6,0,0,0,0,0,1937,no
202608,11,11290,1129066000,b,서울,서울특별시 성북구,성북구 길음1동 ,경유,0,0,0,0,2207,101,266,12,0,0,39,6,2631,no
202608,11,11290,1129066000,c,서울,서울특별시 성북구,성북구 길음1동 ,엘피지,0,0,0,0,340,27,53,0,65,0,23,0,508,no
202608,11,11290,1129066000,e,서울,서울특별시 성북구,성북구 길음1동 ,전기,0,0,0,0,370,0,23,0,14,0,9,0,416,yes
202608,11,11290,1129066000,g,서울,서울특별시 성북구,성북구 길음1동 ,휘발유(유연),0,0,0,0,7,0,0,0,0,0,0,0,7,no
202608,11,11290,1129066000,h,서울,서울특별시 성북구,성북구 길음1동 ,휘발유(무연),0,0,0,0,4120,3,7,0,0,0,0,0,4130,no
202608,11,11290,1129066000,j,서울,서울특별시 성북구,성북구 길음1동 ,CNG,0,0,0,0,1,0,0,0,0,9,0,0,10,no
202608,11,11290,1129066000,l,서울,서울특별시 성북구,성북구 길음1동 ,하이브리드(휘발유+전기),0,0,0,0,1468,6,4,0,0,0,0,0,1478,no
202608,11,11290,1129066000,m,서울,서울특별시 성북구,성북구 길음1동 ,하이브리드(경유+전기),0,0,0,0,27,0,0,0,0,0,0,0,27,no
202608,11,11290,1129066000,n,서울,서울특별시 성북구,성북구 길음1동 ,하이브리드(LPG+전기),0,0,0,0,3,0,0,0,1,0,0,0,4,no
202608,11,11290,1129066000,q,서울,서울특별시 성북구,성북구 길음1동 ,수소,0,0,0,0,6,0,0,0,0,0,0,0,6,no
202608,11,11290,1129066000,r,서울,서울특별시 성북구,성북구 길음1동 ,수소전기,0,0,0,0,1,0,0,0,0,0,0,0,1,no
202608,11,11290,1129066000,z,서울,서울특별시 성북구,성북구 길음1동 ,기타연료,0,0,0,0,0,10,17,5,0,0,0,0,32,no
202608,11,11290,1129068500,a,서울,서울특별시 성북구,성북구 길음2동 ,휘발유,0,0,0,0,1149,1,3,0,3,0,0,0,1156,no
202608,11,11290,1129068500,b,서울,서울특별시 성북구,성북구 길음2동 ,경유,0,5,7,0,1281,104,266,10,1,0,29,0,1703,no
202608,11,11290,1129068500,c,서울,서울특별시 성북구,성북구 길음2동 ,엘피지,0,0,8,0,210,22,38,0,52,0,13,1,344,no
202608,11,11290,1129068500,e,서울,서울특별시 성북구,성북구 길음2동 ,전기,5,0,0,0,213,1,16,0,15,0,5,0,255,yes
202608,11,11290,1129068500,g,서울,서울특별시 성북구,성북구 길음2동 ,휘발유(유연),0,0,0,0,2,0,0,0,0,0,0,0,2,no
202608,11,11290,1129068500,h,서울,서울특별시 성북구,성북구 길음2동 ,휘발유(무연),1,0,0,0,2328,1,1,0,8,0,0,0,2339,no
202608,11,11290,1129068500,j,서울,서울특별시 성북구,성북구 길음2동 ,CNG,0,0,0,0,1,0,0,0,0,0,0,0,1,no
202608,11,11290,1129068500,l,서울,서울특별시 성북구,성북구 길음2동 ,하이브리드(휘발유+전기),0,0,0,0,815,4,3,0,3,0,0,0,825,no
202608,11,11290,1129068500,m,서울,서울특별시 성북구,성북구 길음2동 ,하이브리드(경유+전기),0,0,0,0,17,0,0,0,0,0,0,0,17,no
202608,11,11290,1129068500,n,서울,서울특별시 성북구,성북구 길음2동 ,하이브리드(LPG+전기),0,0,0,0,2,0,0,0,0,0,0,0,2,no
202608,11,11290,1129068500,q,서울,서울특별시 성북구,성북구 길음2동 ,수소,0,0,0,0,7,0,0,0,0,0,0,0,7,no
202608,11,11290,1129068500,r,서울,서울특별시 성북구,성북구 길음2동 ,수소전기,0,0,0,0,2,0,0,0,0,0,0,0,2,no
202608,11,11290,1129068500,z,서울,서울특별시 성북구,성북구 길음2동 ,기타연료,0,0,0,0,0,2,8,6,0,0,0,0,16,no
202608,11,11290,1129070500,a,서울,서울특별시 성북구,성북구 종암동 ,휘발유,0,0,0,0,1753,1,5,0,0,0,0,0,1759,no
202608,11,11290,1129070500,b,서울,서울특별시 성북구,성북구 종암동 ,경유,1,10,10,6,2059,159,532,13,0,14,107,8,2919,no
202608,11,11290,1129070500,c,서울,서울특별시 성북구,성북구 종암동 ,엘피지,0,0,0,0,397,26,69,1,92,0,56,0,641,no
202608,11,11290,1129070500,e,서울,서울특별시 성북구,성북구 종암동 ,전기,5,0,2,0,238,0,17,0,26,0,16,0,304,yes
202608,11,11290,1129070500,g,서울,서울특별시 성북구,성북구 종암동 ,휘발유(유연),0,0,0,0,5,0,0,0,0,0,0,0,5,no
202608,11,11290,1129070500,h,서울,서울특별시 성북구,성북구 종암동 ,휘발유(무연),2,0,0,0,3495,1,6,0,0,0,0,0,3504,no
202608,11,11290,1129070500,j,서울,서울특별시 성북구,성북구 종암동 ,CNG,0,0,0,0,1,0,0,0,0,0,0,0,1,no
202608,11,11290,1129070500,l,서울,서울특별시 성북구,성북구 종암동 ,하이브리드(휘발유+전기),2,3,0,0,1099,1,4,0,3,0,0,0,1112,no
202608,11,11290,1129070500,m,서울,서울특별시 성북구,성북구 종암동 ,하이브리드(경유+전기),0,0,0,0,13,0,0,0,0,0,0,0,13,no
202608,11,11290,1129070500,n,서울,서울특별시 성북구,성북구 종암동 ,하이브리드(LPG+전기),0,0,0,0,6,0,0,0,1,0,0,0,7,no
202608,11,11290,1129070500,q,서울,서울특별시 성북구,성북구 종암동 ,수소,0,0,0,0,3,0,0,0,0,0,0,0,3,no
202608,11,11290,1129070500,r,서울,서울특별시 성북구,성북구 종암동 ,수소전기,0,0,0,0,2,0,0,0,0,0,0,0,2,no
202608,11,11290,1129070500,z,서울,서울특별시 성북구,성북구 종암동 ,기타연료,0,0,0,0,0,4,21,3,0,0,2,0,30,no
202608,11,11290,1129071500,a,서울,서울특별시 성북구,성북구 월곡1동 ,휘발유,0,0,0,0,1119,1,2,0,0,0,0,0,1122,no
202608,11,11290,1129071500,b,서울,서울특별시 성북구,성북구 월곡1동 ,경유,1,0,7,0,1354,110,375,19,0,1,88,8,1963,no
202608,11,11290,1129071500,c,서울,서울특별시 성북구,성북구 월곡1동 ,엘피지,0,0,0,0,313,19,63,1,87,0,28,1,512,no
202608,11,11290,1129071500,e,서울,서울특별시 성북구,성북구 월곡1동 ,전기,0,0,0,0,173,0,18,0,8,0,8,0,207,yes
202608,11,11290,1129071500,g,서울,서울특별시 성북구,성북구 월곡1동 ,휘발유(유연),0,0,0,0,2,0,0,0,0,0,0,0,2,no
202608,11,11290,1129071500,h,서울,서울특별시 성북구,성북구 월곡1동 ,휘발유(무연),1,0,0,0,2519,1,2,0,2,0,0,0,2525,no
202608,11,11290,1129071500,l,서울,서울특별시 성북구,성북구 월곡1동 ,하이브리드(휘발유+전기),0,0,0,0,777,0,2,0,5,0,0,0,784,no
202608,11,11290,1129071500,m,서울,서울특별시 성북구,성북구 월곡1동 ,하이브리드(경유+전기),0,0,0,0,12,0,0,0,0,0,0,0,12,no
202608,11,11290,1129071500,n,서울,서울특별시 성북구,성북구 월곡1동 ,하이브리드(LPG+전기),0,0,0,0,3,0,0,0,0,0,0,0,3,no
202608,11,11290,1129071500,q,서울,서울특별시 성북구,성북구 월곡1동 ,수소,0,0,0,0,6,0,0,0,0,0,0,0,6,no
202608,11,11290,1129071500,r,서울,서울특별시 성북구,성북구 월곡1동 ,수소전기,0,0,0,0,3,0,0,0,0,0,0,0,3,no
202608,11,11290,1129071500,z,서울,서울특별시 성북구,성북구 월곡1동 ,기타연료,0,0,0,0,0,4,9,3,0,0,0,0,16,no
202608,11,11290,1129072500,a,서울,서울특별시 성북구,성북구 월곡2동 ,휘발유,1,0,0,0,765,0,6,0,0,0,0,0,772,no
202608,11,11290,1129072500,b,서울,서울특별시 성북구,성북구 월곡2동 ,경유,2,4,12,2,945,69,327,5,0,0,46,10,1422,no
202608,11,11290,1129072500,c,서울,서울특별시 성북구,성북구 월곡2동 ,엘피지,0,0,1,1,215,11,47,1,67,0,27,0,370,no
202608,11,11290,1129072500,e,서울,서울특별시 성북구,성북구 월곡2동 ,전기,0,0,1,0,132,0,13,1,15,0,13,0,175,yes
202608,11,11290,1129072500,h,서울,서울특별시 성북구,성북구 월곡2동 ,휘발유(무연),4,0,0,0,1704,1,1,0,0,0,0,0,1710,no
202608,11,11290,1129072500,l,서울,서울특별시 성북구,성북구 월곡2동 ,하이브리드(휘발유+전기),0,0,0,0,482,3,1,0,2,0,0,0,488,no
202608,11,11290,1129072500,m,서울,서울특별시 성북구,성북구 월곡2동 ,하이브리드(경유+전기),0,0,0,0,3,0,0,0,0,0,0,0,3,no
202608,11,11290,1129072500,n,서울,서울특별시 성북구,성북구 월곡2동 ,하이브리드(LPG+전기),0,0,0,0,2,0,0,0,0,0,0,0,2,no
202608,11,11290,1129072500,q,서울,서울특별시 성북구,성북구 월곡2동 ,수소,0,0,0,0,6,0,0,0,0,0,0,0,6,no
202608,11,11290,1129072500,r,서울,서울특별시 성북구,성북구 월곡2동 ,수소전기,0,0,0,0,1,0,0,0,0,0,0,0,1,no
202608,11,11290,1129072500,z,서울,서울특별시 성북구,성북구 월곡2동 ,기타연료,0,0,0,0,0,3,4,1,0,0,1,0,9,no
202608,11,11290,1129076000,a,서울,서울특별시 성북구,성북구 장위1동 ,휘발유,0,0,0,0,876,0,7,1,2,0,0,0,886,no
202608,11,11290,1129076000,b,서울,서울특별시 성북구,성북구 장위1동 ,경유,0,0,0,0,1275,127,474,8,0,6,77,8,1975,no
202608,11,11290,1129076000,c,서울,서울특별시 성북구,성북구 장위1동 ,엘피지,0,0,0,0,292,22,78,2,85,0,27,0,506,no
202608,11,11290,1129076000,e,서울,서울특별시 성북구,성북구 장위1동 ,전기,0,0,0,0,171,1,30,0,11,0,20,0,233,yes
202608,11,11290,1129076000,g,서울,서울특별시 성북구,성북구 장위1동 ,휘발유(유연),0,0,0,0,4,0,0,0,0,0,0,0,4,no
202608,11,11290,1129076000,h,서울,서울특별시 성북구,성북구 장위1동 ,휘발유(무연),0,0,0,0,2128,3,5,0,2,0,0,0,2138,no
202608,11,11290,1129076000,j,서울,서울특별시 성북구,성북구 장위1동 ,CNG,0,0,0,0,0,1,0,0,0,4,0,0,5,no
202608,11,11290,1129076000,l,서울,서울특별시 성북구,성북구 장위1동 ,하이브리드(휘발유+전기),0,0,0,0,586,5,4,0,1,0,0,0,596,no
202608,11,11290,1129076000,m,서울,서울특별시 성북구,성북구 장위1동 ,하이브리드(경유+전기),0,0,0,0,11,0,0,0,0,0,0,0,11,no
202608,11,11290,1129076000,n,서울,서울특별시 성북구,성북구 장위1동 ,하이브리드(LPG+전기),0,0,0,0,4,0,0,0,0,0,0,0,4,no
202608,11,11290,1129076000,q,서울,서울특별시 성북구,성북구 장위1동 ,수소,0,0,0,0,4,0,0,0,0,0,0,0,4,no
202608,11,11290,1129076000,z,서울,서울특별시 성북구,성북구 장위1동 ,기타연료,0,0,0,0,0,0,5,0,0,0,0,0,5,no
202608,11,11290,1129077000,a,서울,서울특별시 성북구,성북구 장위2동 ,휘발유,0,0,0,0,627,0,3,0,0,0,0,0,630,no
202608,11,11290,1129077000,b,서울,서울특별시 성북구,성북구 장위2동 ,경유,0,0,0,0,795,67,300,6,2,0,32,8,1210,no
202608,11,11290,1129077000,c,서울,서울특별시 성북구,성북구 장위2동 ,엘피지,0,0,0,0,180,15,46,0,68,0,20,0,329,no
202608,11,11290,1129077000,e,서울,서울특별시 성북구,성북구 장위2동 ,전기,0,0,0,0,96,0,10,0,9,0,6,0,121,yes
202608,11,11290,1129077000,g,서울,서울특별시 성북구,성북구 장위2동 ,휘발유(유연),0,0,0,0,1,0,0,0,0,0,0,0,1,no
202608,11,11290,1129077000,h,서울,서울특별시 성북구,성북구 장위2동 ,휘발유(무연),0,0,0,0,1449,0,0,0,0,0,0,0,1449,no
202608,11,11290,1129077000,l,서울,서울특별시 성북구,성북구 장위2동 ,하이브리드(휘발유+전기),0,0,0,0,381,0,0,0,1,0,0,0,382,no
202608,11,11290,1129077000,m,서울,서울특별시 성북구,성북구 장위2동 ,하이브리드(경유+전기),0,0,0,0,8,0,0,0,0,0,0,0,8,no
202608,11,11290,1129077000,n,서울,서울특별시 성북구,성북구 장위2동 ,하이브리드(LPG+전기),0,0,0,0,1,0,0,0,0,0,0,0,1,no
202608,11,11290,1129077000,q,서울,서울특별시 성북구,성북구 장위2동 ,수소,0,0,0,0,1,0,0,0,0,0,0,0,1,no
202608,11,11290,1129077000,z,서울,서울특별시 성북구,성북구 장위2동 ,기타연료,0,0,0,0,0,0,5,0,0,0,0,0,5,no
202608,11,11290,1129078000,a,서울,서울특별시 성북구,성북구 장위3동 ,휘발유,0,0,0,0,971,0,9,0,0,0,0,0,980,no
202608,11,11290,1129078000,b,서울,서울특별시 성북구,성북구 장위3동 ,경유,0,0,0,0,1221,74,279,5,0,0,35,7,1621,no
202608,11,11290,1129078000,c,서울,서울특별시 성북구,성북구 장위3동 ,엘피지,0,0,0,0,228,13,47,0,69,0,12,0,369,no
202608,11,11290,1129078000,e,서울,서울특별시 성북구,성북구 장위3동 ,전기,0,0,0,0,229,1,18,0,15,6,7,0,276,yes
202608,11,11290,1129078000,g,서울,서울특별시 성북구,성북구 장위3동 ,휘발유(유연),0,0,0,0,2,0,0,0,0,0,0,0,2,no
202608,11,11290,1129078000,h,서울,서울특별시 성북구,성북구 장위3동 ,휘발유(무연),0,0,0,0,2204,0,2,0,0,0,0,0,2206,no
202608,11,11290,1129078000,l,서울,서울특별시 성북구,성북구 장위3동 ,하이브리드(휘발유+전기),0,0,0,0,800,0,1,0,6,0,1,0,808,no
202608,11,11290,1129078000,m,서울,서울특별시 성북구,성북구 장위3동 ,하이브리드(경유+전기),0,0,0,0,13,0,0,0,0,0,0,0,13,no
202608,11,11290,1129078000,n,서울,서울특별시 성북구,성북구 장위3동 ,하이브리드(LPG+전기),0,0,0,0,1,0,0,0,0,0,0,0,1,no
202608,11,11290,1129078000,q,서울,서울특별시 성북구,성북구 장위3동 ,수소,0,0,0,0,6,0,0,0,0,0,0,0,6,no
202608,11,11290,1129078000,r,서울,서울특별시 성북구,성북구 장위3동 ,수소전기,0,0,0,0,1,0,0,0,0,0,0,0,1,no
202608,11,11290,1129078000,z,서울,서울특별시 성북구,성북구 장위3동 ,기타연료,0,0,0,0,0,2,12,5,0,0,0,0,19,no
202608,11,11290,1129081000,a,서울,서울특별시 성북구,성북구 석관동 ,휘발유,0,0,0,0,1244,1,9,0,0,0,0,0,1254,no
202608,11,11290,1129081000,b,서울,서울특별시 성북구,성북구 석관동 ,경유,1,3,3,0,1735,160,814,12,0,43,223,10,3004,no
202608,11,11290,1129081000,c,서울,서울특별시 성북구,성북구 석관동 ,엘피지,0,0,0,0,390,26,108,3,239,0,41,0,807,no
202608,11,11290,1129081000,e,서울,서울특별시 성북구,성북구 석관동 ,전기,0,0,0,0,189,0,37,0,15,0,18,0,259,yes
202608,11,11290,1129081000,g,서울,서울특별시 성북구,성북구 석관동 ,휘발유(유연),0,0,0,0,2,0,0,0,0,0,0,0,2,no
202608,11,11290,1129081000,h,서울,서울특별시 성북구,성북구 석관동 ,휘발유(무연),1,0,0,0,3176,0,6,0,0,0,0,0,3183,no
202608,11,11290,1129081000,j,서울,서울특별시 성북구,성북구 석관동 ,CNG,0,0,0,0,0,0,0,0,0,83,0,0,83,no
202608,11,11290,1129081000,l,서울,서울특별시 성북구,성북구 석관동 ,하이브리드(휘발유+전기),0,0,0,0,766,2,5,0,5,0,0,0,778,no
202608,11,11290,1129081000,m,서울,서울특별시 성북구,성북구 석관동 ,하이브리드(경유+전기),0,0,0,0,10,0,0,0,0,0,0,0,10,no
202608,11,11290,1129081000,n,서울,서울특별시 성북구,성북구 석관동 ,하이브리드(LPG+전기),0,0,0,0,2,0,0,0,0,0,0,0,2,no
202608,11,11290,1129081000,q,서울,서울특별시 성북구,성북구 석관동 ,수소,0,0,0,0,4,0,0,0,0,0,0,0,4,no
202608,11,11290,1129081000,r,서울,서울특별시 성북구,성북구 석관동 ,수소전기,0,0,0,0,2,0,0,0,0,0,0,0,2,no
202608,11,11290,1129081000,z,서울,서울특별시 성북구,성북구 석관동 ,기타연료,0,0,0,0,0,3,11,6,0,0,0,0,20,no
202608,11,11305,1130553400,a,서울,서울특별시 강북구,강북구 삼양동 ,휘발유,0,0,0,0,903,2,7,1,0,0,0,0,913,no
202608,11,11305,1130553400,b,서울,서울특별시 강북구,강북구 삼양동 ,경유,0,0,3,0,1306,121,419,17,1,7,70,9,1953,no
202608,11,11305,1130553400,c,서울,서울특별시 강북구,강북구 삼양동 ,엘피지,0,0,0,0,291,22,65,1,188,0,47,1,615,no
202608,11,11305,1130553400,e,서울,서울특별시 강북구,강북구 삼양동 ,전기,1,0,0,0,140,2,17,0,35,8,20,0,223,yes
202608,11,11305,1130553400,g,서울,서울특별시 강북구,강북구 삼양동 ,휘발유(유연),0,0,0,0,3,0,0,0,0,0,0,0,3,no
202608,11,11305,1130553400,h,서울,서울특별시 강북구,강북구 삼양동 ,휘발유(무연),0,0,0,0,2211,2,7,0,0,0,0,0,2220,no
202608,11,11305,1130553400,j,서울,서울특별시 강북구,강북구 삼양동 ,CNG,0,0,0,0,0,1,0,0,0,0,0,0,1,no
202608,11,11305,1130553400,l,서울,서울특별시 강북구,강북구 삼양동 ,하이브리드(휘발유+전기),0,0,0,0,607,3,2,0,4,0,0,0,616,no
202608,11,11305,1130553400,m,서울,서울특별시 강북구,강북구 삼양동 ,하이브리드(경유+전기),0,0,0,0,10,0,0,0,0,0,0,0,10,no
202608,11,11305,1130553400,n,서울,서울특별시 강북구,강북구 삼양동 ,하이브리드(LPG+전기),0,0,0,0,3,0,0,0,0,0,0,0,3,no
202608,11,11305,1130553400,q,서울,서울특별시 강북구,강북구 삼양동 ,수소,0,0,0,0,6,0,0,0,0,0,0,0,6,no
202608,11,11305,1130553400,z,서울,서울특별시 강북구,강북구 삼양동 ,기타연료,0,0,0,0,0,2,12,0,0,0,0,0,14,no
202608,11,11305,1130553500,a,서울,서울특별시 강북구,강북구 미아동 ,휘발유,0,0,0,0,570,0,7,0,0,0,0,0,577,no
202608,11,11305,1130553500,b,서울,서울특별시 강북구,강북구 미아동 ,경유,2,0,6,1,821,120,364,9,0,0,47,1,1371,no
202608,11,11305,1130553500,c,서울,서울특별시 강북구,강북구 미아동 ,엘피지,0,1,0,0,190,16,54,0,100,2,24,0,387,no
202608,11,11305,1130553500,e,서울,서울특별시 강북구,강북구 미아동 ,전기,4,0,0,0,69,0,10,0,19,0,14,0,116,yes
202608,11,11305,1130553500,g,서울,서울특별시 강북구,강북구 미아동 ,휘발유(유연),0,0,0,0,2,0,0,0,0,0,0,0,2,no
202608,11,11305,1130553500,h,서울,서울특별시 강북구,강북구 미아동 ,휘발유(무연),3,0,0,0,1593,0,4,0,0,0,0,0,1600,no
202608,11,11305,1130553500,l,서울,서울특별시 강북구,강북구 미아동 ,하이브리드(휘발유+전기),0,0,0,0,369,2,2,0,1,0,1,0,375,no
202608,11,11305,1130553500,m,서울,서울특별시 강북구,강북구 미아동 ,하이브리드(경유+전기),0,0,0,0,4,0,0,0,0,0,0,0,4,no
202608,11,11305,1130553500,n,서울,서울특별시 강북구,강북구 미아동 ,하이브리드(LPG+전기),1,0,0,0,3,0,0,0,6,0,0,0,10,no
202608,11,11305,1130553500,q,서울,서울특별시 강북구,강북구 미아동 ,수소,0,0,0,0,4,0,0,0,0,0,0,0,4,no
202608,11,11305,1130553500,r,서울,서울특별시 강북구,강북구 미아동 ,수소전기,0,0,0,0,1,0,0,0,0,0,0,0,1,no
202608,11,11305,1130553500,z,서울,서울특별시 강북구,강북구 미아동 ,기타연료,0,0,0,0,0,1,2,0,0,0,0,0,3,no
202608,11,11305,1130554500,a,서울,서울특별시 강북구,강북구 송중동 ,휘발유,0,0,0,0,954,1,10,0,0,0,0,0,965,no
202608,11,11305,1130554500,b,서울,서울특별시 강북구,강북구 송중동 ,경유,1,0,1,0,1323,112,446,8,1,0,62,6,1960,no
202608,11,11305,1130554500,c,서울,서울특별시 강북구,강북구 송중동 ,엘피지,0,0,0,0,325,33,51,1,110,0,23,1,544,no
202608,11,11305,1130554500,e,서울,서울특별시 강북구,강북구 송중동 ,전기,1,0,0,0,133,0,14,0,21,0,6,0,175,yes
202608,11,11305,1130554500,h,서울,서울특별시 강북구,강북구 송중동 ,휘발유(무연),1,0,0,0,2431,0,4,0,1,0,0,0,2437,no
202608,11,11305,1130554500,l,서울,서울특별시 강북구,강북구 송중동 ,하이브리드(휘발유+전기),0,0,0,0,604,2,2,0,3,0,0,0,611,no
202608,11,11305,1130554500,m,서울,서울특별시 강북구,강북구 송중동 ,하이브리드(경유+전기),0,0,0,0,7,0,0,0,0,0,0,0,7,no
202608,11,11305,1130554500,n,서울,서울특별시 강북구,강북구 송중동 ,하이브리드(LPG+전기),0,0,0,0,3,0,0,0,0,0,0,0,3,no
202608,11,11305,1130554500,q,서울,서울특별시 강북구,강북구 송중동 ,수소,0,0,0,0,3,0,0,0,0,0,0,0,3,no
202608,11,11305,1130554500,z,서울,서울특별시 강북구,강북구 송중동 ,기타연료,0,0,0,0,0,2,7,0,0,0,0,0,9,no
202608,11,11305,1130555500,a,서울,서울특별시 강북구,강북구 송천동 ,휘발유,0,0,0,0,751,1,7,0,0,0,0,0,759,no
202608,11,11305,1130555500,b,서울,서울특별시 강북구,강북구 송천동 ,경유,0,0,1,0,1045,110,419,6,7,1,60,5,1654,no
202608,11,11305,1130555500,c,서울,서울특별시 강북구,강북구 송천동 ,엘피지,0,0,0,0,207,23,65,0,85,0,24,1,405,no
202608,11,11305,1130555500,e,서울,서울특별시 강북구,강북구 송천동 ,전기,1,0,0,0,75,0,15,0,10,0,10,0,111,yes
202608,11,11305,1130555500,h,서울,서울특별시 강북구,강북구 송천동 ,휘발유(무연),0,0,0,0,1785,2,0,0,2,0,0,0,1789,no
202608,11,11305,1130555500,l,서울,서울특별시 강북구,강북구 송천동 ,하이브리드(휘발유+전기),1,0,0,0,422,0,2,0,3,0,0,0,428,no
202608,11,11305,1130555500,m,서울,서울특별시 강북구,강북구 송천동 ,하이브리드(경유+전기),0,0,0,0,3,0,0,0,0,0,0,0,3,no
202608,11,11305,1130555500,n,서울,서울특별시 강북구,강북구 송천동 ,하이브리드(LPG+전기),0,0,0,0,2,0,0,0,0,0,0,0,2,no
202608,11,11305,1130555500,q,서울,서울특별시 강북구,강북구 송천동 ,수소,0,0,0,0,3,0,0,0,0,0,0,0,3,no
202608,11,11305,1130555500,r,서울,서울특별시 강북구,강북구 송천동 ,수소전기,0,0,0,0,1,0,0,0,0,0,0,0,1,no
202608,11,11305,1130555500,z,서울,서울특별시 강북구,강북구 송천동 ,기타연료,0,0,0,0,0,0,3,1,0,0,0,0,4,no
202608,11,11305,1130557500,a,서울,서울특별시 강북구,강북구 삼각산동 ,휘발유,0,0,0,0,1489,2,6,0,0,0,0,0,1497,no
202608,11,11305,1130557500,b,서울,서울특별시 강북구,강북구 삼각산동 ,경유,0,0,0,0,1793,104,300,7,0,0,53,7,2264,no
202608,11,11305,1130557500,c,서울,서울특별시 강북구,강북구 삼각산동 ,엘피지,0,0,0,0,367,25,58,1,75,0,18,0,544,no
202608,11,11305,1130557500,e,서울,서울특별시 강북구,강북구 삼각산동 ,전기,1,0,0,0,267,1,20,1,32,0,18,0,340,yes
202608,11,11305,1130557500,g,서울,서울특별시 강북구,강북구 삼각산동 ,휘발유(유연),0,0,0,0,7,0,0,0,0,0,0,0,7,no
202608,11,11305,1130557500,h,서울,서울특별시 강북구,강북구 삼각산동 ,휘발유(무연),0,0,0,0,3476,1,7,0,1,0,0,0,3485,no
202608,11,11305,1130557500,l,서울,서울특별시 강북구,강북구 삼각산동 ,하이브리드(휘발유+전기),0,0,0,0,1123,1,6,0,2,0,1,0,1133,no
202608,11,11305,1130557500,m,서울,서울특별시 강북구,강북구 삼각산동 ,하이브리드(경유+전기),0,0,0,0,18,0,0,0,0,0,0,0,18,no
202608,11,11305,1130557500,q,서울,서울특별시 강북구,강북구 삼각산동 ,수소,0,0,0,0,6,0,0,0,0,0,0,0,6,no
202608,11,11305,1130557500,z,서울,서울특별시 강북구,강북구 삼각산동 ,기타연료,0,0,0,0,0,3,13,5,0,0,0,0,21,no
202608,11,11305,1130559000,a,서울,서울특별시 강북구,강북구 번1동 ,휘발유,0,0,0,0,6,0,0,0,0,0,0,0,6,no
202608,11,11305,1130559000,b,서울,서울특별시 강북구,강북구 번1동 ,경유,0,0,0,0,0,2,6,0,0,0,0,0,8,no
202608,11,11305,1130559000,h,서울,서울특별시 강북구,강북구 번1동 ,휘발유(무연),0,0,0,0,3,0,0,0,0,0,0,0,3,no
202608,11,11305,1130559500,a,서울,서울특별시 강북구,강북구 번1동 ,휘발유,1,0,0,0,574,0,1,0,2,0,0,0,578,no
202608,11,11305,1130559500,b,서울,서울특별시 강북구,강북구 번1동 ,경유,0,7,48,7,678,69,366,6,5,5,42,2,1235,no
202608,11,11305,1130559500,c,서울,서울특별시 강북구,강북구 번1동 ,엘피지,0,12,3,0,201,18,71,2,194,2,17,0,520,no
202608,11,11305,1130559500,e,서울,서울특별시 강북구,강북구 번1동 ,전기,12,0,1,0,54,7,24,0,29,7,7,0,141,yes
202608,11,11305,1130559500,g,서울,서울특별시 강북구,강북구 번1동 ,휘발유(유연),0,0,0,0,1,0,0,0,0,0,0,0,1,no
202608,11,11305,1130559500,h,서울,서울특별시 강북구,강북구 번1동 ,휘발유(무연),1,0,0,0,1309,0,3,0,15,0,0,0,1328,no
202608,11,11305,1130559500,j,서울,서울특별시 강북구,강북구 번1동 ,CNG,0,0,9,0,0,0,0,0,0,4,0,0,13,no
202608,11,11305,1130559500,l,서울,서울특별시 강북구,강북구 번1동 ,하이브리드(휘발유+전기),1,0,0,0,271,1,2,0,2,0,0,0,277,no
202608,11,11305,1130559500,m,서울,서울특별시 강북구,강북구 번1동 ,하이브리드(경유+전기),0,0,0,0,3,0,0,0,0,0,0,0,3,no
202608,11,11305,1130559500,q,서울,서울특별시 강북구,강북구 번1동 ,수소,1,0,0,0,1,0,0,0,0,0,0,0,2,no
202608,11,11305,1130559500,z,서울,서울특별시 강북구,강북구 번1동 ,기타연료,0,0,0,1,0,1,3,0,0,0,0,0,5,no
202608,11,11305,1130560000,a,서울,서울특별시 강북구,강북구 번2동 ,휘발유,0,0,0,0,5,0,0,0,0,0,0,0,5,no
202608,11,11305,1130560000,b,서울,서울특별시 강북구,강북구 번2동 ,경유,0,0,0,0,0,1,1,0,0,0,0,0,2,no
202608,11,11305,1130560000,h,서울,서울특별시 강북구,강북구 번2동 ,휘발유(무연),0,0,0,0,6,0,0,0,0,0,0,0,6,no
202608,11,11305,1130560300,a,서울,서울특별시 강북구,강북구 번2동 ,휘발유,0,0,0,0,454,2,3,0,0,0,0,0,459,no
202608,11,11305,1130560300,b,서울,서울특별시 강북구,강북구 번2동 ,경유,1,15,14,7,596,73,257,4,0,0,51,7,1025,no
202608,11,11305,1130560300,c,서울,서울특별시 강북구,강북구 번2동 ,엘피지,2,3,5,0,203,14,45,0,82,1,16,0,371,no
202608,11,11305,1130560300,e,서울,서울특별시 강북구,강북구 번2동 ,전기,22,0,3,0,40,0,15,0,11,35,7,0,133,yes
202608,11,11305,1130560300,g,서울,서울특별시 강북구,강북구 번2동 ,휘발유(유연),0,0,0,0,1,0,0,0,0,0,0,0,1,no
202608,11,11305,1130560300,h,서울,서울특별시 강북구,강북구 번2동 ,휘발유(무연),10,1,0,0,1134,1,0,0,0,0,0,0,1146,no
202608,11,11305,1130560300,j,서울,서울특별시 강북구,강북구 번2동 ,CNG,0,0,0,0,0,0,0,0,0,15,0,0,15,no
202608,11,11305,1130560300,l,서울,서울특별시 강북구,강북구 번2동 ,하이브리드(휘발유+전기),1,1,0,0,238,0,0,0,1,0,0,0,241,no
202608,11,11305,1130560300,m,서울,서울특별시 강북구,강북구 번2동 ,하이브리드(경유+전기),0,0,0,0,6,0,0,0,0,0,0,0,6,no
202608,11,11305,1130560300,r,서울,서울특별시 강북구,강북구 번2동 ,수소전기,0,0,0,0,1,0,0,0,0,0,0,0,1,no
202608,11,11305,1130560300,z,서울,서울특별시 강북구,강북구 번2동 ,기타연료,0,0,0,1,0,0,4,0,0,0,0,0,5,no
202608,11,11305,1130560600,a,서울,서울특별시 강북구,강북구 번3동 ,휘발유,0,0,0,0,9,0,0,0,0,0,0,0,9,no
202608,11,11305,1130560600,b,서울,서울특별시 강북구,강북구 번3동 ,경유,0,0,0,0,2,1,3,0,0,0,0,0,6,no
202608,11,11305,1130560600,c,서울,서울특별시 강북구,강북구 번3동 ,엘피지,0,0,0,0,0,1,0,0,0,0,0,0,1,no
202608,11,11305,1130560800,a,서울,서울특별시 강북구,강북구 번3동 ,휘발유,0,0,0,0,481,1,2,0,1,0,0,0,485,no
202608,11,11305,1130560800,b,서울,서울특별시 강북구,강북구 번3동 ,경유,0,0,6,0,736,83,282,5,1,0,48,4,1165,no
202608,11,11305,1130560800,c,서울,서울특별시 강북구,강북구 번3동 ,엘피지,0,2,1,0,258,17,44,0,209,0,13,1,545,no
202608,11,11305,1130560800,e,서울,서울특별시 강북구,강북구 번3동 ,전기,2,0,3,0,78,20,13,0,44,44,11,0,215,yes
202608,11,11305,1130560800,g,서울,서울특별시 강북구,강북구 번3동 ,휘발유(유연),0,0,0,0,3,0,0,0,0,0,0,0,3,no
202608,11,11305,1130560800,h,서울,서울특별시 강북구,강북구 번3동 ,휘발유(무연),0,0,0,0,1426,2,1,0,0,0,0,0,1429,no
202608,11,11305,1130560800,j,서울,서울특별시 강북구,강북구 번3동 ,CNG,0,0,0,0,0,1,0,0,0,138,0,0,139,no
202608,11,11305,1130560800,l,서울,서울특별시 강북구,강북구 번3동 ,하이브리드(휘발유+전기),0,0,0,0,309,0,4,0,6,0,0,0,319,no
202608,11,11305,1130560800,m,서울,서울특별시 강북구,강북구 번3동 ,하이브리드(경유+전기),0,0,0,0,3,0,0,0,0,0,0,0,3,no
202608,11,11305,1130560800,n,서울,서울특별시 강북구,강북구 번3동 ,하이브리드(LPG+전기),0,0,0,0,0,0,0,0,1,0,0,0,1,no
202608,11,11305,1130560800,q,서울,서울특별시 강북구,강북구 번3동 ,수소,0,0,0,0,1,0,0,0,0,0,0,0,1,no
202608,11,11305,1130560800,z,서울,서울특별시 강북구,강북구 번3동 ,기타연료,0,0,0,0,0,0,2,1,0,0,0,0,3,no
202608,11,11305,1130561000,a,서울,서울특별시 강북구,강북구 수유1동 ,휘발유,0,0,0,0,46,0,0,0,0,0,0,0,46,no
202608,11,11305,1130561000,b,서울,서울특별시 강북구,강북구 수유1동 ,경유,0,3,2,0,54,26,46,1,0,3,1,0,136,no
202608,11,11305,1130561000,c,서울,서울특별시 강북구,강북구 수유1동 ,엘피지,0,0,0,0,5,4,1,0,3,0,0,0,13,no
202608,11,11305,1130561000,h,서울,서울특별시 강북구,강북구 수유1동 ,휘발유(무연),3,0,0,0,56,0,0,0,0,0,0,0,59,no
202608,11,11305,1130561000,j,서울,서울특별시 강북구,강북구 수유1동 ,CNG,0,0,0,0,0,0,0,0,0,150,0,0,150,no
202608,11,11305,1130561000,l,서울,서울특별시 강북구,강북구 수유1동 ,하이브리드(휘발유+전기),0,0,0,0,4,0,0,0,0,0,0,0,4,no
202608,11,11305,1130561500,a,서울,서울특별시 강북구,강북구 수유1동 ,휘발유,0,0,0,0,642,0,6,0,0,0,0,0,648,no
202608,11,11305,1130561500,b,서울,서울특별시 강북구,강북구 수유1동 ,경유,0,0,3,0,853,111,407,4,0,4,64,6,1452,no
202608,11,11305,1130561500,c,서울,서울특별시 강북구,강북구 수유1동 ,엘피지,1,1,1,0,233,25,84,1,161,0,32,0,539,no
202608,11,11305,1130561500,e,서울,서울특별시 강북구,강북구 수유1동 ,전기,1,0,0,0,71,1,20,0,13,47,13,0,166,yes
202608,11,11305,1130561500,h,서울,서울특별시 강북구,강북구 수유1동 ,휘발유(무연),1,0,0,0,1594,1,1,0,0,0,0,0,1597,no
202608,11,11305,1130561500,j,서울,서울특별시 강북구,강북구 수유1동 ,CNG,0,0,0,0,1,1,0,0,0,50,0,0,52,no
202608,11,11305,1130561500,l,서울,서울특별시 강북구,강북구 수유1동 ,하이브리드(휘발유+전기),2,1,0,0,348,2,5,0,2,0,0,0,360,no
202608,11,11305,1130561500,m,서울,서울특별시 강북구,강북구 수유1동 ,하이브리드(경유+전기),0,0,0,0,4,0,0,0,0,0,0,0,4,no
202608,11,11305,1130561500,n,서울,서울특별시 강북구,강북구 수유1동 ,하이브리드(LPG+전기),0,0,0,0,2,0,0,0,0,0,0,0,2,no
202608,11,11305,1130561500,q,서울,서울특별시 강북구,강북구 수유1동 ,수소,0,0,0,0,3,0,0,0,0,0,0,0,3,no
202608,11,11305,1130561500,z,서울,서울특별시 강북구,강북구 수유1동 ,기타연료,0,0,0,0,0,0,3,1,0,0,0,0,4,no
202608,11,11305,1130562000,a,서울,서울특별시 강북구,강북구 수유2동 ,휘발유,0,0,0,0,5,0,0,0,0,0,0,0,5,no
202608,11,11305,1130562000,b,서울,서울특별시 강북구,강북구 수유2동 ,경유,0,0,0,0,3,4,6,0,0,0,0,0,13,no
202608,11,11305,1130562000,c,서울,서울특별시 강북구,강북구 수유2동 ,엘피지,0,0,0,0,1,0,0,0,0,0,0,0,1,no
202608,11,11305,1130562000,e,서울,서울특별시 강북구,강북구 수유2동 ,전기,0,0,0,0,1,0,0,0,0,0,0,0,1,yes
202608,11,11305,1130562000,h,서울,서울특별시 강북구,강북구 수유2동 ,휘발유(무연),0,0,0,0,4,0,0,0,0,0,0,0,4,no
202608,11,11305,1130562500,a,서울,서울특별시 강북구,강북구 수유2동 ,휘발유,0,0,0,0,750,1,3,0,0,0,0,0,754,no
202608,11,11305,1130562500,b,서울,서울특별시 강북구,강북구 수유2동 ,경유,0,0,1,0,958,106,403,12,0,0,58,17,1555,no
202608,11,11305,1130562500,c,서울,서울특별시 강북구,강북구 수유2동 ,엘피지,0,0,0,0,247,24,79,1,78,0,29,0,458,no
202608,11,11305,1130562500,e,서울,서울특별시 강북구,강북구 수유2동 ,전기,1,0,0,0,79,0,18,0,13,0,6,0,117,yes
202608,11,11305,1130562500,h,서울,서울특별시 강북구,강북구 수유2동 ,휘발유(무연),0,0,0,0,1818,1,5,0,0,0,0,0,1824,no
202608,11,11305,1130562500,l,서울,서울특별시 강북구,강북구 수유2동 ,하이브리드(휘발유+전기),0,0,0,0,430,1,1,0,3,0,0,0,435,no
202608,11,11305,1130562500,m,서울,서울특별시 강북구,강북구 수유2동 ,하이브리드(경유+전기),0,0,0,0,4,0,0,0,0,0,0,0,4,no
202608,11,11305,1130562500,n,서울,서울특별시 강북구,강북구 수유2동 ,하이브리드(LPG+전기),0,0,0,0,1,0,0,0,0,0,0,0,1,no
202608,11,11305,1130562500,q,서울,서울특별시 강북구,강북구 수유2동 ,수소,0,0,0,0,1,0,0,0,0,0,0,0,1,no
202608,11,11305,1130562500,r,서울,서울특별시 강북구,강북구 수유2동 ,수소전기,0,0,0,0,1,0,0,0,0,0,0,0,1,no
202608,11,11305,1130562500,z,서울,서울특별시 강북구,강북구 수유2동 ,기타연료,0,0,0,0,0,0,3,1,0,0,0,0,4,no
202608,11,11305,1130563000,a,서울,서울특별시 강북구,강북구 수유3동 ,휘발유,0,0,0,0,3,0,0,0,0,0,0,0,3,no
202608,11,11305,1130563000,b,서울,서울특별시 강북구,강북구 수유3동 ,경유,0,0,0,0,0,1,7,0,0,0,0,0,8,no
202608,11,11305,1130563000,h,서울,서울특별시 강북구,강북구 수유3동 ,휘발유(무연),0,0,0,0,3,0,0,0,0,0,0,0,3,no
202608,11,11305,1130563000,z,서울,서울특별시 강북구,강북구 수유3동 ,기타연료,0,0,0,0,0,0,1,0,0,0,0,0,1,no
202608,11,11305,1130563500,a,서울,서울특별시 강북구,강북구 수유3동 ,휘발유,0,0,0,0,684,1,4,0,0,0,0,0,689,no
202608,11,11305,1130563500,b,서울,서울특별시 강북구,강북구 수유3동 ,경유,1,0,7,0,886,110,399,7,0,0,39,13,1462,no
202608,11,11305,1130563500,c,서울,서울특별시 강북구,강북구 수유3동 ,엘피지,0,0,1,0,234,32,66,1,74,0,16,0,424,no
202608,11,11305,1130563500,e,서울,서울특별시 강북구,강북구 수유3동 ,전기,3,0,1,0,68,0,17,0,12,0,7,0,108,yes
202608,11,11305,1130563500,h,서울,서울특별시 강북구,강북구 수유3동 ,휘발유(무연),0,0,0,0,1633,2,4,0,0,0,0,0,1639,no
202608,11,11305,1130563500,j,서울,서울특별시 강북구,강북구 수유3동 ,CNG,0,0,0,0,0,0,0,0,0,3,0,0,3,no
202608,11,11305,1130563500,l,서울,서울특별시 강북구,강북구 수유3동 ,하이브리드(휘발유+전기),0,0,0,0,355,1,1,0,0,0,0,0,357,no
202608,11,11305,1130563500,m,서울,서울특별시 강북구,강북구 수유3동 ,하이브리드(경유+전기),0,0,0,0,6,0,0,0,0,0,0,0,6,no
202608,11,11305,1130563500,n,서울,서울특별시 강북구,강북구 수유3동 ,하이브리드(LPG+전기),0,0,0,0,3,0,0,0,0,0,0,0,3,no
202608,11,11305,1130563500,q,서울,서울특별시 강북구,강북구 수유3동 ,수소,0,0,0,0,3,0,0,0,0,0,0,0,3,no
202608,11,11305,1130563500,z,서울,서울특별시 강북구,강북구 수유3동 ,기타연료,0,0,0,0,0,1,4,1,0,0,0,0,6,no
202608,11,11305,1130564500,a,서울,서울특별시 강북구,강북구 우이동 ,휘발유,1,0,0,0,825,1,4,0,0,0,0,0,831,no
202608,11,11305,1130564500,b,서울,서울특별시 강북구,강북구 우이동 ,경유,1,4,5,0,1111,114,417,12,0,0,66,15,1745,no
202608,11,11305,1130564500,c,서울,서울특별시 강북구,강북구 우이동 ,엘피지,1,0,0,0,265,30,70,0,164,0,18,1,549,no
202608,11,11305,1130564500,e,서울,서울특별시 강북구,강북구 우이동 ,전기,1,0,1,0,70,1,21,0,22,26,9,0,151,yes
202608,11,11305,1130564500,g,서울,서울특별시 강북구,강북구 우이동 ,휘발유(유연),0,0,0,0,2,0,0,0,0,0,0,0,2,no
202608,11,11305,1130564500,h,서울,서울특별시 강북구,강북구 우이동 ,휘발유(무연),4,0,0,0,1848,1,4,0,1,0,0,0,1858,no
202608,11,11305,1130564500,j,서울,서울특별시 강북구,강북구 우이동 ,CNG,0,5,0,0,1,0,0,0,0,148,0,0,154,no
202608,11,11305,1130564500,l,서울,서울특별시 강북구,강북구 우이동 ,하이브리드(휘발유+전기),5,0,0,0,365,1,3,0,3,0,0,0,377,no
202608,11,11305,1130564500,m,서울,서울특별시 강북구,강북구 우이동 ,하이브리드(경유+전기),0,0,0,0,5,0,0,0,0,0,0,0,5,no
202608,11,11305,1130564500,n,서울,서울특별시 강북구,강북구 우이동 ,하이브리드(LPG+전기),0,0,0,0,2,0,0,0,1,0,0,0,3,no
202608,11,11305,1130564500,q,서울,서울특별시 강북구,강북구 우이동 ,수소,0,0,0,0,2,0,0,0,0,0,0,0,2,no
202608,11,11305,1130564500,z,서울,서울특별시 강북구,강북구 우이동 ,기타연료,0,0,0,0,0,0,2,1,0,0,0,0,3,no
202608,11,11305,1130566000,a,서울,서울특별시 강북구,강북구 인수동 ,휘발유,0,0,0,0,941,0,11,0,0,0,0,0,952,no
202608,11,11305,1130566000,b,서울,서울특별시 강북구,강북구 인수동 ,경유,1,8,4,0,1385,134,545,14,0,0,91,12,2194,no
202608,11,11305,1130566000,c,서울,서울특별시 강북구,강북구 인수동 ,엘피지,0,0,0,0,366,35,90,1,223,2,43,0,760,no
202608,11,11305,1130566000,e,서울,서울특별시 강북구,강북구 인수동 ,전기,2,0,0,0,95,0,22,1,35,11,19,0,185,yes
202608,11,11305,1130566000,g,서울,서울특별시 강북구,강북구 인수동 ,휘발유(유연),0,0,0,0,2,0,0,0,0,0,0,0,2,no
202608,11,11305,1130566000,h,서울,서울특별시 강북구,강북구 인수동 ,휘발유(무연),15,0,0,0,2437,4,6,0,0,0,0,0,2462,no
202608,11,11305,1130566000,j,서울,서울특별시 강북구,강북구 인수동 ,CNG,0,1,0,0,0,0,0,0,0,0,0,0,1,no
202608,11,11305,1130566000,l,서울,서울특별시 강북구,강북구 인수동 ,하이브리드(휘발유+전기),1,0,0,0,503,3,3,0,4,0,0,0,514,no
202608,11,11305,1130566000,m,서울,서울특별시 강북구,강북구 인수동 ,하이브리드(경유+전기),0,0,0,0,4,0,0,0,0,0,0,0,4,no
202608,11,11305,1130566000,n,서울,서울특별시 강북구,강북구 인수동 ,하이브리드(LPG+전기),1,0,0,0,1,0,0,0,0,0,0,0,2,no
202608,11,11305,1130566000,q,서울,서울특별시 강북구,강북구 인수동 ,수소,0,0,0,0,5,0,0,0,0,0,0,0,5,no
202608,11,11305,1130566000,z,서울,서울특별시 강북구,강북구 인수동 ,기타연료,0,0,0,0,0,2,10,3,0,0,0,0,15,no
202608,11,11320,1132010600,b,서울,서울특별시 도봉구,기타,경유,0,0,0,0,0,0,1,0,0,0,0,0,1,no
202608,11,11320,1132051100,a,서울,서울특별시 도봉구,도봉구 창1동 ,휘발유,0,0,0,0,969,1,7,0,4,0,0,0,981,no
202608,11,11320,1132051100,b,서울,서울특별시 도봉구,도봉구 창1동 ,경유,0,0,1,0,1303,114,453,12,14,53,383,21,2354,no
202608,11,11320,1132051100,c,서울,서울특별시 도봉구,도봉구 창1동 ,엘피지,0,0,0,0,351,23,89,1,417,52,160,1,1094,no
202608,11,11320,1132051100,e,서울,서울특별시 도봉구,도봉구 창1동 ,전기,0,0,0,0,136,1,19,0,65,0,39,0,260,yes
202608,11,11320,1132051100,h,서울,서울특별시 도봉구,도봉구 창1동 ,휘발유(무연),0,0,0,0,2570,1,0,0,57,0,0,0,2628,no
202608,11,11320,1132051100,j,서울,서울특별시 도봉구,도봉구 창1동 ,CNG,0,0,0,0,0,0,0,0,0,31,0,0,31,no
202608,11,11320,1132051100,l,서울,서울특별시 도봉구,도봉구 창1동 ,하이브리드(휘발유+전기),2,0,0,0,685,2,5,0,26,1,2,0,723,no
202608,11,11320,1132051100,m,서울,서울특별시 도봉구,도봉구 창1동 ,하이브리드(경유+전기),0,0,0,0,3,0,0,0,0,0,0,0,3,no
202608,11,11320,1132051100,n,서울,서울특별시 도봉구,도봉구 창1동 ,하이브리드(LPG+전기),0,0,0,0,2,0,0,0,2,0,0,0,4,no
202608,11,11320,1132051100,q,서울,서울특별시 도봉구,도봉구 창1동 ,수소,0,0,0,0,4,0,0,0,0,0,0,0,4,no
202608,11,11320,1132051100,z,서울,서울특별시 도봉구,도봉구 창1동 ,기타연료,0,0,0,0,0,3,9,2,0,0,0,0,14,no
202608,11,11320,1132051200,a,서울,서울특별시 도봉구,도봉구 창2동 ,휘발유,0,0,0,0,1048,0,14,0,0,0,0,0,1062,no
202608,11,11320,1132051200,b,서울,서울특별시 도봉구,도봉구 창2동 ,경유,0,0,1,0,1507,139,601,14,0,0,94,7,2363,no
202608,11,11320,1132051200,c,서울,서울특별시 도봉구,도봉구 창2동 ,엘피지,0,0,0,0,345,25,75,1,139,0,42,0,627,no
202608,11,11320,1132051200,e,서울,서울특별시 도봉구,도봉구 창2동 ,전기,0,0,0,0,127,0,27,0,32,0,23,0,209,yes
202608,11,11320,1132051200,g,서울,서울특별시 도봉구,도봉구 창2동 ,휘발유(유연),0,0,0,0,1,0,0,0,0,0,0,0,1,no
202608,11,11320,1132051200,h,서울,서울특별시 도봉구,도봉구 창2동 ,휘발유(무연),0,0,0,0,2697,1,4,0,0,0,0,0,2702,no
202608,11,11320,1132051200,l,서울,서울특별시 도봉구,도봉구 창2동 ,하이브리드(휘발유+전기),0,0,0,0,670,1,4,0,2,0,0,0,677,no
202608,11,11320,1132051200,m,서울,서울특별시 도봉구,도봉구 창2동 ,하이브리드(경유+전기),0,0,0,0,12,0,0,0,0,0,0,0,12,no
202608,11,11320,1132051200,n,서울,서울특별시 도봉구,도봉구 창2동 ,하이브리드(LPG+전기),0,0,0,0,4,0,0,0,0,0,0,0,4,no
202608,11,11320,1132051200,q,서울,서울특별시 도봉구,도봉구 창2동 ,수소,0,0,0,0,6,0,0,0,0,0,0,0,6,no
202608,11,11320,1132051200,r,서울,서울특별시 도봉구,도봉구 창2동 ,수소전기,0,0,0,0,1,0,0,0,0,0,0,0,1,no
202608,11,11320,1132051200,z,서울,서울특별시 도봉구,도봉구 창2동 ,기타연료,0,0,0,0,0,4,8,2,0,0,0,0,14,no
202608,11,11320,1132051300,a,서울,서울특별시 도봉구,도봉구 창3동 ,휘발유,0,0,0,0,432,0,6,0,0,0,0,0,438,no
202608,11,11320,1132051300,b,서울,서울특별시 도봉구,도봉구 창3동 ,경유,0,0,1,0,661,74,314,7,0,0,72,11,1140,no
202608,11,11320,1132051300,c,서울,서울특별시 도봉구,도봉구 창3동 ,엘피지,0,0,0,0,190,17,40,0,78,0,25,0,350,no
202608,11,11320,1132051300,e,서울,서울특별시 도봉구,도봉구 창3동 ,전기,0,0,0,0,60,0,14,0,18,0,7,0,99,yes
202608,11,11320,1132051300,g,서울,서울특별시 도봉구,도봉구 창3동 ,휘발유(유연),0,0,0,0,1,0,0,0,0,0,0,0,1,no
202608,11,11320,1132051300,h,서울,서울특별시 도봉구,도봉구 창3동 ,휘발유(무연),0,0,0,0,1121,0,3,0,0,0,0,0,1124,no
202608,11,11320,1132051300,l,서울,서울특별시 도봉구,도봉구 창3동 ,하이브리드(휘발유+전기),0,0,0,0,242,1,3,0,0,0,0,0,246,no
202608,11,11320,1132051300,m,서울,서울특별시 도봉구,도봉구 창3동 ,하이브리드(경유+전기),0,0,0,0,4,0,0,0,0,0,0,0,4,no
202608,11,11320,1132051300,n,서울,서울특별시 도봉구,도봉구 창3동 ,하이브리드(LPG+전기),0,0,0,0,3,0,0,0,0,0,0,0,3,no
202608,11,11320,1132051300,q,서울,서울특별시 도봉구,도봉구 창3동 ,수소,0,0,0,0,7,0,0,0,0,0,0,0,7,no
202608,11,11320,1132051300,z,서울,서울특별시 도봉구,도봉구 창3동 ,기타연료,0,0,0,0,0,0,4,0,0,0,0,0,4,no
202608,11,11320,1132051400,a,서울,서울특별시 도봉구,도봉구 창4동 ,휘발유,0,0,0,0,1347,0,5,0,0,0,0,0,1352,no
202608,11,11320,1132051400,b,서울,서울특별시 도봉구,도봉구 창4동 ,경유,0,0,1,0,1543,88,299,14,12,10,57,3,2027,no
202608,11,11320,1132051400,c,서울,서울특별시 도봉구,도봉구 창4동 ,엘피지,0,0,0,0,351,10,61,2,170,40,18,1,653,no
202608,11,11320,1132051400,e,서울,서울특별시 도봉구,도봉구 창4동 ,전기,0,0,0,0,183,0,18,0,37,0,11,0,249,yes
202608,11,11320,1132051400,g,서울,서울특별시 도봉구,도봉구 창4동 ,휘발유(유연),0,0,0,0,1,0,0,0,0,0,0,0,1,no
202608,11,11320,1132051400,h,서울,서울특별시 도봉구,도봉구 창4동 ,휘발유(무연),0,0,0,0,3170,3,0,0,6,0,0,0,3179,no
202608,11,11320,1132051400,l,서울,서울특별시 도봉구,도봉구 창4동 ,하이브리드(휘발유+전기),0,0,0,0,1001,0,1,0,4,0,0,0,1006,no
202608,11,11320,1132051400,m,서울,서울특별시 도봉구,도봉구 창4동 ,하이브리드(경유+전기),0,0,0,0,12,0,0,0,0,0,0,0,12,no
202608,11,11320,1132051400,n,서울,서울특별시 도봉구,도봉구 창4동 ,하이브리드(LPG+전기),0,0,0,0,3,0,0,0,0,0,0,0,3,no
202608,11,11320,1132051400,q,서울,서울특별시 도봉구,도봉구 창4동 ,수소,0,0,0,0,4,0,0,0,0,0,0,0,4,no
202608,11,11320,1132051400,z,서울,서울특별시 도봉구,도봉구 창4동 ,기타연료,0,0,0,0,0,6,16,2,0,0,0,0,24,no
202608,11,11320,1132051500,a,서울,서울특별시 도봉구,도봉구 창5동 ,휘발유,0,0,0,0,1260,1,1,0,0,0,0,0,1262,no
202608,11,11320,1132051500,b,서울,서울특별시 도봉구,도봉구 창5동 ,경유,0,1,0,0,1315,104,360,13,0,0,58,5,1856,no
202608,11,11320,1132051500,c,서울,서울특별시 도봉구,도봉구 창5동 ,엘피지,0,0,0,0,293,28,70,0,122,0,27,0,540,no
202608,11,11320,1132051500,e,서울,서울특별시 도봉구,도봉구 창5동 ,전기,1,0,0,0,131,0,16,1,18,0,6,0,173,yes
202608,11,11320,1132051500,g,서울,서울특별시 도봉구,도봉구 창5동 ,휘발유(유연),0,0,0,0,1,0,0,0,0,0,0,0,1,no
202608,11,11320,1132051500,h,서울,서울특별시 도봉구,도봉구 창5동 ,휘발유(무연),0,0,0,0,2836,1,1,0,6,0,0,0,2844,no
202608,11,11320,1132051500,l,서울,서울특별시 도봉구,도봉구 창5동 ,하이브리드(휘발유+전기),0,0,0,0,724,2,3,0,2,0,1,0,732,no
202608,11,11320,1132051500,m,서울,서울특별시 도봉구,도봉구 창5동 ,하이브리드(경유+전기),0,0,0,0,11,0,0,0,0,0,0,0,11,no
202608,11,11320,1132051500,n,서울,서울특별시 도봉구,도봉구 창5동 ,하이브리드(LPG+전기),0,0,0,0,4,0,0,0,0,0,0,0,4,no
202608,11,11320,1132051500,q,서울,서울특별시 도봉구,도봉구 창5동 ,수소,0,0,0,0,4,0,0,0,0,0,0,0,4,no
202608,11,11320,1132051500,z,서울,서울특별시 도봉구,도봉구 창5동 ,기타연료,0,0,0,0,0,2,5,0,0,0,0,0,7,no
202608,11,11320,1132052100,a,서울,서울특별시 도봉구,도봉구 도봉1동 ,휘발유,0,0,0,0,777,0,8,0,1,0,0,0,786,no
202608,11,11320,1132052100,b,서울,서울특별시 도봉구,도봉구 도봉1동 ,경유,1,7,0,0,1057,150,682,16,6,11,72,32,2034,no
202608,11,11320,1132052100,c,서울,서울특별시 도봉구,도봉구 도봉1동 ,엘피지,0,0,0,0,352,23,90,0,333,40,32,0,870,no
202608,11,11320,1132052100,e,서울,서울특별시 도봉구,도봉구 도봉1동 ,전기,0,0,0,0,82,0,25,0,64,171,16,0,358,yes
202608,11,11320,1132052100,g,서울,서울특별시 도봉구,도봉구 도봉1동 ,휘발유(유연),0,0,0,0,2,0,0,0,0,0,0,0,2,no
202608,11,11320,1132052100,h,서울,서울특별시 도봉구,도봉구 도봉1동 ,휘발유(무연),1,0,0,0,1741,0,7,0,54,0,0,0,1803,no
202608,11,11320,1132052100,j,서울,서울특별시 도봉구,도봉구 도봉1동 ,CNG,0,2,0,0,0,0,0,0,0,127,0,0,129,no
202608,11,11320,1132052100,l,서울,서울특별시 도봉구,도봉구 도봉1동 ,하이브리드(휘발유+전기),0,0,0,0,367,3,2,0,20,0,0,0,392,no
202608,11,11320,1132052100,m,서울,서울특별시 도봉구,도봉구 도봉1동 ,하이브리드(경유+전기),0,0,0,0,4,0,0,0,0,0,0,0,4,no
202608,11,11320,1132052100,n,서울,서울특별시 도봉구,도봉구 도봉1동 ,하이브리드(LPG+전기),0,0,0,0,1,0,0,0,5,0,0,0,6,no
202608,11,11320,1132052100,o,서울,서울특별시 도봉구,도봉구 도봉1동 ,하이브리드(CNG+전기),0,0,0,0,0,0,0,0,0,3,0,0,3,no
202608,11,11320,1132052100,q,서울,서울특별시 도봉구,도봉구 도봉1동 ,수소,0,0,0,0,6,0,0,0,0,0,0,0,6,no
202608,11,11320,1132052100,r,서울,서울특별시 도봉구,도봉구 도봉1동 ,수소전기,0,0,0,0,1,0,0,0,0,0,0,0,1,no
202608,11,11320,1132052100,z,서울,서울특별시 도봉구,도봉구 도봉1동 ,기타연료,0,0,0,0,0,2,5,1,0,0,2,0,10,no
202608,11,11320,1132052200,a,서울,서울특별시 도봉구,도봉구 도봉2동 ,휘발유,0,0,0,0,1183,0,3,0,2,0,0,0,1188,no
202608,11,11320,1132052200,b,서울,서울특별시 도봉구,도봉구 도봉2동 ,경유,0,1,0,0,1606,107,479,15,13,0,99,9,2329,no
202608,11,11320,1132052200,c,서울,서울특별시 도봉구,도봉구 도봉2동 ,엘피지,0,0,0,0,469,35,80,0,222,2,36,0,844,no
202608,11,11320,1132052200,e,서울,서울특별시 도봉구,도봉구 도봉2동 ,전기,0,0,0,0,174,1,22,0,46,0,9,0,252,yes
202608,11,11320,1132052200,g,서울,서울특별시 도봉구,도봉구 도봉2동 ,휘발유(유연),0,0,0,0,4,0,0,0,0,0,0,0,4,no
202608,11,11320,1132052200,h,서울,서울특별시 도봉구,도봉구 도봉2동 ,휘발유(무연),1,0,0,0,2906,1,8,0,13,0,0,0,2929,no
202608,11,11320,1132052200,l,서울,서울특별시 도봉구,도봉구 도봉2동 ,하이브리드(휘발유+전기),0,0,0,0,751,2,2,0,4,0,0,0,759,no
202608,11,11320,1132052200,m,서울,서울특별시 도봉구,도봉구 도봉2동 ,하이브리드(경유+전기),0,0,0,0,7,0,0,0,0,0,0,0,7,no
202608,11,11320,1132052200,n,서울,서울특별시 도봉구,도봉구 도봉2동 ,하이브리드(LPG+전기),0,0,0,0,2,1,0,0,0,0,0,0,3,no
202608,11,11320,1132052200,q,서울,서울특별시 도봉구,도봉구 도봉2동 ,수소,0,0,0,0,4,0,0,0,0,0,0,0,4,no
202608,11,11320,1132052200,z,서울,서울특별시 도봉구,도봉구 도봉2동 ,기타연료,0,0,0,0,0,3,11,1,0,0,1,0,16,no
202608,11,11320,1132066000,a,서울,서울특별시 도봉구,도봉구 쌍문1동 ,휘발유,0,0,0,0,835,0,6,0,0,0,0,0,841,no
202608,11,11320,1132066000,b,서울,서울특별시 도봉구,도봉구 쌍문1동 ,경유,0,4,10,0,1086,130,548,9,2,9,61,10,1869,no
202608,11,11320,1132066000,c,서울,서울특별시 도봉구,도봉구 쌍문1동 ,엘피지,0,0,9,0,313,20,100,0,214,0,28,0,684,no
202608,11,11320,1132066000,e,서울,서울특별시 도봉구,도봉구 쌍문1동 ,전기,0,0,0,0,101,1,29,0,40,6,14,0,191,yes
202608,11,11320,1132066000,g,서울,서울특별시 도봉구,도봉구 쌍문1동 ,휘발유(유연),0,0,0,0,4,0,0,0,0,0,0,0,4,no
202608,11,11320,1132066000,h,서울,서울특별시 도봉구,도봉구 쌍문1동 ,휘발유(무연),8,0,0,0,2072,4,8,0,3,0,0,0,2095,no
202608,11,11320,1132066000,j,서울,서울특별시 도봉구,도봉구 쌍문1동 ,CNG,0,0,0,0,1,0,0,0,0,7,0,0,8,no
202608,11,11320,1132066000,l,서울,서울특별시 도봉구,도봉구 쌍문1동 ,하이브리드(휘발유+전기),0,0,0,0,468,0,5,0,1,0,0,0,474,no
202608,11,11320,1132066000,m,서울,서울특별시 도봉구,도봉구 쌍문1동 ,하이브리드(경유+전기),0,0,0,0,6,0,0,0,0,0,0,0,6,no
202608,11,11320,1132066000,n,서울,서울특별시 도봉구,도봉구 쌍문1동 ,하이브리드(LPG+전기),0,0,0,0,1,0,0,0,0,0,0,0,1,no
202608,11,11320,1132066000,q,서울,서울특별시 도봉구,도봉구 쌍문1동 ,수소,0,0,0,0,4,0,0,0,0,0,0,0,4,no
202608,11,11320,1132066000,r,서울,서울특별시 도봉구,도봉구 쌍문1동 ,수소전기,0,0,0,0,1,0,0,0,0,0,0,0,1,no
202608,11,11320,1132066000,z,서울,서울특별시 도봉구,도봉구 쌍문1동 ,기타연료,0,0,0,0,0,2,13,0,0,0,0,0,15,no
202608,11,11320,1132067000,a,서울,서울특별시 도봉구,도봉구 쌍문2동 ,휘발유,0,0,0,0,638,1,3,0,0,0,0,0,642,no
202608,11,11320,1132067000,b,서울,서울특별시 도봉구,도봉구 쌍문2동 ,경유,0,0,2,0,911,109,346,14,0,0,61,5,1448,no
202608,11,11320,1132067000,c,서울,서울특별시 도봉구,도봉구 쌍문2동 ,엘피지,0,0,0,0,250,19,46,0,113,0,23,0,451,no
202608,11,11320,1132067000,e,서울,서울특별시 도봉구,도봉구 쌍문2동 ,전기,3,0,0,0,64,0,19,0,24,0,7,0,117,yes
202608,11,11320,1132067000,h,서울,서울특별시 도봉구,도봉구 쌍문2동 ,휘발유(무연),1,0,0,0,1711,3,2,0,1,0,0,0,1718,no
202608,11,11320,1132067000,l,서울,서울특별시 도봉구,도봉구 쌍문2동 ,하이브리드(휘발유+전기),0,0,0,0,304,2,2,0,6,0,0,0,314,no
202608,11,11320,1132067000,m,서울,서울특별시 도봉구,도봉구 쌍문2동 ,하이브리드(경유+전기),0,0,0,0,5,0,0,0,0,0,0,0,5,no
202608,11,11320,1132067000,n,서울,서울특별시 도봉구,도봉구 쌍문2동 ,하이브리드(LPG+전기),0,0,0,0,2,0,0,0,0,0,0,0,2,no
202608,11,11320,1132067000,q,서울,서울특별시 도봉구,도봉구 쌍문2동 ,수소,0,0,0,0,3,0,0,0,0,0,0,0,3,no
202608,11,11320,1132067000,r,서울,서울특별시 도봉구,도봉구 쌍문2동 ,수소전기,0,0,0,0,1,0,0,0,0,0,0,0,1,no
202608,11,11320,1132067000,z,서울,서울특별시 도봉구,도봉구 쌍문2동 ,기타연료,0,0,0,0,0,0,7,1,0,0,0,0,8,no
202608,11,11320,1132068000,a,서울,서울특별시 도봉구,도봉구 쌍문3동 ,휘발유,0,0,0,0,528,0,1,0,0,0,0,0,529,no
202608,11,11320,1132068000,b,서울,서울특별시 도봉구,도봉구 쌍문3동 ,경유,0,0,1,0,794,63,235,9,0,0,40,0,1142,no
202608,11,11320,1132068000,c,서울,서울특별시 도봉구,도봉구 쌍문3동 ,엘피지,0,0,0,0,187,17,53,0,60,1,21,0,339,no
202608,11,11320,1132068000,e,서울,서울특별시 도봉구,도봉구 쌍문3동 ,전기,0,0,0,0,49,0,15,2,14,0,11,0,91,yes
202608,11,11320,1132068000,g,서울,서울특별시 도봉구,도봉구 쌍문3동 ,휘발유(유연),0,0,0,0,1,0,0,0,0,0,0,0,1,no
202608,11,11320,1132068000,h,서울,서울특별시 도봉구,도봉구 쌍문3동 ,휘발유(무연),0,0,0,0,1389,0,2,0,0,0,0,0,1391,no
202608,11,11320,1132068000,j,서울,서울특별시 도봉구,도봉구 쌍문3동 ,CNG,0,0,0,0,1,0,0,0,0,0,0,0,1,no
202608,11,11320,1132068000,l,서울,서울특별시 도봉구,도봉구 쌍문3동 ,하이브리드(휘발유+전기),0,0,0,0,325,0,1,0,0,0,0,0,326,no
202608,11,11320,1132068000,m,서울,서울특별시 도봉구,도봉구 쌍문3동 ,하이브리드(경유+전기),0,0,0,0,4,0,0,0,0,0,0,0,4,no
202608,11,11320,1132068000,n,서울,서울특별시 도봉구,도봉구 쌍문3동 ,하이브리드(LPG+전기),0,0,0,0,1,0,0,0,0,0,0,0,1,no
202608,11,11320,1132068000,q,서울,서울특별시 도봉구,도봉구 쌍문3동 ,수소,0,0,0,0,1,0,0,0,0,0,0,0,1,no
202608,11,11320,1132068000,z,서울,서울특별시 도봉구,도봉구 쌍문3동 ,기타연료,0,0,0,0,0,2,1,1,0,0,0,0,4,no
202608,11,11320,1132068100,a,서울,서울특별시 도봉구,도봉구 쌍문4동 ,휘발유,0,0,0,0,734,0,3,0,0,0,0,0,737,no
202608,11,11320,1132068100,b,서울,서울특별시 도봉구,도봉구 쌍문4동 ,경유,0,1,1,0,1026,69,267,9,0,0,47,4,1424,no
202608,11,11320,1132068100,c,서울,서울특별시 도봉구,도봉구 쌍문4동 ,엘피지,0,0,0,0,257,18,31,1,104,0,12,0,423,no
202608,11,11320,1132068100,e,서울,서울특별시 도봉구,도봉구 쌍문4동 ,전기,0,0,0,0,85,1,12,0,19,0,6,0,123,yes
202608,11,11320,1132068100,h,서울,서울특별시 도봉구,도봉구 쌍문4동 ,휘발유(무연),1,0,0,0,2000,1,5,0,0,0,0,0,2007,no
202608,11,11320,1132068100,l,서울,서울특별시 도봉구,도봉구 쌍문4동 ,하이브리드(휘발유+전기),0,0,0,0,484,0,3,0,0,0,0,0,487,no
202608,11,11320,1132068100,m,서울,서울특별시 도봉구,도봉구 쌍문4동 ,하이브리드(경유+전기),0,0,0,0,5,0,0,0,0,0,0,0,5,no
202608,11,11320,1132068100,q,서울,서울특별시 도봉구,도봉구 쌍문4동 ,수소,0,0,0,0,5,0,0,0,0,0,0,0,5,no
202608,11,11320,1132068100,z,서울,서울특별시 도봉구,도봉구 쌍문4동 ,기타연료,0,0,0,0,0,3,5,0,0,0,0,0,8,no
202608,11,11320,1132069000,a,서울,서울특별시 도봉구,도봉구 방학1동 ,휘발유,0,0,0,0,1301,0,15,1,3,0,0,0,1320,no
202608,11,11320,1132069000,b,서울,서울특별시 도봉구,도봉구 방학1동 ,경유,7,30,72,6,1626,168,608,17,13,2,116,12,2677,no
202608,11,11320,1132069000,c,서울,서울특별시 도봉구,도봉구 방학1동 ,엘피지,1,0,1,0,396,29,97,4,1043,41,38,0,1650,no
202608,11,11320,1132069000,e,서울,서울특별시 도봉구,도봉구 방학1동 ,전기,48,0,8,6,164,0,33,0,164,0,9,0,432,yes
202608,11,11320,1132069000,g,서울,서울특별시 도봉구,도봉구 방학1동 ,휘발유(유연),0,0,0,0,2,0,0,0,0,0,0,0,2,no
202608,11,11320,1132069000,h,서울,서울특별시 도봉구,도봉구 방학1동 ,휘발유(무연),12,0,0,0,3049,1,3,0,56,0,0,0,3121,no
202608,11,11320,1132069000,j,서울,서울특별시 도봉구,도봉구 방학1동 ,CNG,0,1,13,0,0,0,0,0,0,0,0,0,14,no
202608,11,11320,1132069000,l,서울,서울특별시 도봉구,도봉구 방학1동 ,하이브리드(휘발유+전기),1,1,0,0,784,3,7,0,32,0,0,0,828,no
202608,11,11320,1132069000,m,서울,서울특별시 도봉구,도봉구 방학1동 ,하이브리드(경유+전기),0,0,0,0,12,0,0,0,0,0,0,0,12,no
202608,11,11320,1132069000,n,서울,서울특별시 도봉구,도봉구 방학1동 ,하이브리드(LPG+전기),1,0,0,0,2,0,0,0,14,0,0,0,17,no
202608,11,11320,1132069000,q,서울,서울특별시 도봉구,도봉구 방학1동 ,수소,1,0,1,0,6,0,0,0,0,0,0,0,8,no
202608,11,11320,1132069000,z,서울,서울특별시 도봉구,도봉구 방학1동 ,기타연료,0,0,1,0,0,6,14,7,0,0,1,0,29,no
202608,11,11320,1132070000,a,서울,서울특별시 도봉구,도봉구 방학2동 ,휘발유,0,0,0,0,571,0,7,0,0,0,0,0,578,no
202608,11,11320,1132070000,b,서울,서울특별시 도봉구,도봉구 방학2동 ,경유,0,0,0,0,823,96,455,9,0,0,46,16,1445,no
202608,11,11320,1132070000,c,서울,서울특별시 도봉구,도봉구 방학2동 ,엘피지,0,0,0,0,272,29,58,0,154,0,33,1,547,no
202608,11,11320,1132070000,e,서울,서울특별시 도봉구,도봉구 방학2동 ,전기,0,0,0,0,44,0,13,0,34,0,14,0,105,yes
202608,11,11320,1132070000,g,서울,서울특별시 도봉구,도봉구 방학2동 ,휘발유(유연),0,0,0,0,2,0,0,0,0,0,0,0,2,no
202608,11,11320,1132070000,h,서울,서울특별시 도봉구,도봉구 방학2동 ,휘발유(무연),0,0,0,0,1536,2,6,0,0,0,0,0,1544,no
202608,11,11320,1132070000,l,서울,서울특별시 도봉구,도봉구 방학2동 ,하이브리드(휘발유+전기),1,0,0,0,286,2,2,0,1,0,0,0,292,no
202608,11,11320,1132070000,m,서울,서울특별시 도봉구,도봉구 방학2동 ,하이브리드(경유+전기),0,0,0,0,2,0,0,0,0,0,0,0,2,no
202608,11,11320,1132070000,n,서울,서울특별시 도봉구,도봉구 방학2동 ,하이브리드(LPG+전기),0,0,0,0,1,0,0,0,1,0,0,0,2,no
202608,11,11320,1132070000,q,서울,서울특별시 도봉구,도봉구 방학2동 ,수소,0,0,0,0,3,0,0,0,0,0,0,0,3,no
202608,11,11320,1132070000,z,서울,서울특별시 도봉구,도봉구 방학2동 ,기타연료,0,0,0,0,0,1,5,1,0,0,0,0,7,no
202608,11,11320,1132071000,a,서울,서울특별시 도봉구,도봉구 방학3동 ,휘발유,0,0,0,0,1157,1,8,1,0,0,0,0,1167,no
202608,11,11320,1132071000,b,서울,서울특별시 도봉구,도봉구 방학3동 ,경유,0,0,1,0,1551,115,416,15,0,0,110,11,2219,no
202608,11,11320,1132071000,c,서울,서울특별시 도봉구,도봉구 방학3동 ,엘피지,0,0,0,0,365,34,69,3,335,3,47,0,856,no
202608,11,11320,1132071000,e,서울,서울특별시 도봉구,도봉구 방학3동 ,전기,0,0,1,0,130,0,34,0,92,0,15,0,272,yes
202608,11,11320,1132071000,g,서울,서울특별시 도봉구,도봉구 방학3동 ,휘발유(유연),0,0,0,0,5,0,0,0,0,0,0,0,5,no
202608,11,11320,1132071000,h,서울,서울특별시 도봉구,도봉구 방학3동 ,휘발유(무연),0,0,0,0,2955,0,2,0,1,0,0,0,2958,no
202608,11,11320,1132071000,l,서울,서울특별시 도봉구,도봉구 방학3동 ,하이브리드(휘발유+전기),0,0,0,0,717,0,4,0,6,0,0,0,727,no
202608,11,11320,1132071000,m,서울,서울특별시 도봉구,도봉구 방학3동 ,하이브리드(경유+전기),0,0,0,0,4,0,0,0,0,0,0,0,4,no
202608,11,11320,1132071000,n,서울,서울특별시 도봉구,도봉구 방학3동 ,하이브리드(LPG+전기),0,0,0,0,1,0,0,0,1,0,0,0,2,no
202608,11,11320,1132071000,q,서울,서울특별시 도봉구,도봉구 방학3동 ,수소,0,0,0,0,2,0,0,0,0,0,0,0,2,no
202608,11,11320,1132071000,z,서울,서울특별시 도봉구,도봉구 방학3동 ,기타연료,0,0,0,0,0,7,11,3,0,0,2,0,23,no
202608,11,11350,1135010400,a,서울,서울특별시 노원구,기타,휘발유,0,0,0,0,1,0,0,0,0,0,0,0,1,no
202608,11,11350,1135056000,a,서울,서울특별시 노원구,노원구 월계1동 ,휘발유,0,0,0,0,908,1,8,0,2,0,0,0,919,no
202608,11,11350,1135056000,b,서울,서울특별시 노원구,노원구 월계1동 ,경유,0,1,1,0,1221,126,394,13,4,2,81,14,1857,no
202608,11,11350,1135056000,c,서울,서울특별시 노원구,노원구 월계1동 ,엘피지,0,0,0,0,285,25,66,3,388,1,22,0,790,no
202608,11,11350,1135056000,e,서울,서울특별시 노원구,노원구 월계1동 ,전기,1,0,0,0,119,1,25,0,27,24,11,0,208,yes
202608,11,11350,1135056000,g,서울,서울특별시 노원구,노원구 월계1동 ,휘발유(유연),0,0,0,0,3,0,0,0,0,0,0,0,3,no
202608,11,11350,1135056000,h,서울,서울특별시 노원구,노원구 월계1동 ,휘발유(무연),1,0,0,0,2018,3,1,0,0,0,0,0,2023,no
202608,11,11350,1135056000,j,서울,서울특별시 노원구,노원구 월계1동 ,CNG,0,0,0,0,0,0,0,0,0,112,0,0,112,no
202608,11,11350,1135056000,l,서울,서울특별시 노원구,노원구 월계1동 ,하이브리드(휘발유+전기),0,0,0,0,516,1,0,0,9,0,0,0,526,no
202608,11,11350,1135056000,m,서울,서울특별시 노원구,노원구 월계1동 ,하이브리드(경유+전기),0,0,0,0,5,0,0,0,0,0,0,0,5,no
202608,11,11350,1135056000,n,서울,서울특별시 노원구,노원구 월계1동 ,하이브리드(LPG+전기),0,0,0,0,1,0,0,0,34,0,0,0,35,no
202608,11,11350,1135056000,q,서울,서울특별시 노원구,노원구 월계1동 ,수소,0,0,0,0,1,0,0,0,0,0,0,0,1,no
202608,11,11350,1135056000,r,서울,서울특별시 노원구,노원구 월계1동 ,수소전기,0,0,0,0,1,0,0,0,0,0,0,0,1,no
202608,11,11350,1135056000,z,서울,서울특별시 노원구,노원구 월계1동 ,기타연료,0,0,0,0,0,4,9,0,0,0,0,0,13,no
202608,11,11350,1135057000,a,서울,서울특별시 노원구,노원구 월계2동 ,휘발유,0,0,0,0,1029,0,2,0,3,0,0,0,1034,no
202608,11,11350,1135057000,b,서울,서울특별시 노원구,노원구 월계2동 ,경유,0,0,0,0,1354,111,415,9,4,0,88,11,1992,no
202608,11,11350,1135057000,c,서울,서울특별시 노원구,노원구 월계2동 ,엘피지,0,0,0,0,416,28,66,2,218,1,34,0,765,no
202608,11,11350,1135057000,e,서울,서울특별시 노원구,노원구 월계2동 ,전기,1,0,0,0,158,0,28,1,33,0,15,0,236,yes
202608,11,11350,1135057000,g,서울,서울특별시 노원구,노원구 월계2동 ,휘발유(유연),0,0,0,0,5,0,0,0,0,0,0,0,5,no
202608,11,11350,1135057000,h,서울,서울특별시 노원구,노원구 월계2동 ,휘발유(무연),0,0,0,0,2706,3,3,0,72,0,1,0,2785,no
202608,11,11350,1135057000,l,서울,서울특별시 노원구,노원구 월계2동 ,하이브리드(휘발유+전기),0,0,0,0,673,1,3,0,12,0,0,0,689,no
202608,11,11350,1135057000,m,서울,서울특별시 노원구,노원구 월계2동 ,하이브리드(경유+전기),0,0,0,0,11,0,0,0,1,0,0,0,12,no
202608,11,11350,1135057000,n,서울,서울특별시 노원구,노원구 월계2동 ,하이브리드(LPG+전기),0,0,0,0,1,0,0,0,1,0,0,0,2,no
202608,11,11350,1135057000,q,서울,서울특별시 노원구,노원구 월계2동 ,수소,0,0,0,0,1,0,0,0,0,0,0,0,1,no
202608,11,11350,1135057000,z,서울,서울특별시 노원구,노원구 월계2동 ,기타연료,0,0,0,0,0,0,14,1,0,0,0,0,15,no
202608,11,11350,1135058000,a,서울,서울특별시 노원구,노원구 월계3동 ,휘발유,0,0,0,0,1265,0,8,0,0,0,0,0,1273,no
202608,11,11350,1135058000,b,서울,서울특별시 노원구,노원구 월계3동 ,경유,0,0,0,0,1646,108,383,11,0,0,102,16,2266,no
202608,11,11350,1135058000,c,서울,서울특별시 노원구,노원구 월계3동 ,엘피지,0,0,0,0,438,27,54,0,161,0,41,0,721,no
202608,11,11350,1135058000,e,서울,서울특별시 노원구,노원구 월계3동 ,전기,0,0,0,0,203,1,20,0,28,0,13,0,265,yes
202608,11,11350,1135058000,g,서울,서울특별시 노원구,노원구 월계3동 ,휘발유(유연),0,0,0,0,3,0,0,0,0,0,0,0,3,no
202608,11,11350,1135058000,h,서울,서울특별시 노원구,노원구 월계3동 ,휘발유(무연),0,0,0,0,3183,0,3,0,0,0,0,0,3186,no
202608,11,11350,1135058000,l,서울,서울특별시 노원구,노원구 월계3동 ,하이브리드(휘발유+전기),0,0,0,0,851,0,3,0,2,0,0,0,856,no
202608,11,11350,1135058000,m,서울,서울특별시 노원구,노원구 월계3동 ,하이브리드(경유+전기),0,0,0,0,9,0,0,0,0,0,0,0,9,no
202608,11,11350,1135058000,n,서울,서울특별시 노원구,노원구 월계3동 ,하이브리드(LPG+전기),0,0,0,0,2,0,0,0,0,0,0,0,2,no
202608,11,11350,1135058000,q,서울,서울특별시 노원구,노원구 월계3동 ,수소,0,0,0,0,7,0,0,0,0,0,0,0,7,no
202608,11,11350,1135058000,z,서울,서울특별시 노원구,노원구 월계3동 ,기타연료,0,0,0,0,0,5,8,5,0,0,4,0,22,no
202608,11,11350,1135058100,a,서울,서울특별시 노원구,노원구 월계4동 ,휘발유,0,0,0,0,1,0,0,0,0,0,0,0,1,no
202608,11,11350,1135058100,b,서울,서울특별시 노원구,노원구 월계4동 ,경유,0,0,0,0,0,2,0,0,0,0,0,0,2,no
202608,11,11350,1135059500,a,서울,서울특별시 노원구,노원구 공릉1동 ,휘발유,0,0,0,0,1381,0,8,1,0,0,0,0,1390,no
202608,11,11350,1135059500,b,서울,서울특별시 노원구,노원구 공릉1동 ,경유,0,4,7,0,1876,205,690,24,32,24,119,11,2992,no
202608,11,11350,1135059500,c,서울,서울특별시 노원구,노원구 공릉1동 ,엘피지,0,0,0,0,504,35,111,2,611,2,36,3,1304,no
202608,11,11350,1135059500,e,서울,서울특별시 노원구,노원구 공릉1동 ,전기,0,0,0,0,195,1,44,0,73,0,22,0,335,yes
202608,11,11350,1135059500,g,서울,서울특별시 노원구,노원구 공릉1동 ,휘발유(유연),0,0,0,0,4,0,0,0,0,0,0,0,4,no
202608,11,11350,1135059500,h,서울,서울특별시 노원구,노원구 공릉1동 ,휘발유(무연),0,0,0,0,3533,1,3,0,9,0,0,0,3546,no
202608,11,11350,1135059500,j,서울,서울특별시 노원구,노원구 공릉1동 ,CNG,0,0,0,0,1,0,0,0,0,61,0,0,62,no
202608,11,11350,1135059500,l,서울,서울특별시 노원구,노원구 공릉1동 ,하이브리드(휘발유+전기),0,0,0,0,900,2,6,0,19,2,0,0,929,no
202608,11,11350,1135059500,m,서울,서울특별시 노원구,노원구 공릉1동 ,하이브리드(경유+전기),0,0,0,0,12,0,0,0,0,0,0,0,12,no
202608,11,11350,1135059500,n,서울,서울특별시 노원구,노원구 공릉1동 ,하이브리드(LPG+전기),0,0,0,0,5,0,0,0,8,0,0,0,13,no
202608,11,11350,1135059500,q,서울,서울특별시 노원구,노원구 공릉1동 ,수소,0,0,0,0,11,0,0,0,0,0,0,0,11,no
202608,11,11350,1135059500,r,서울,서울특별시 노원구,노원구 공릉1동 ,수소전기,0,0,0,0,1,0,0,0,0,0,0,0,1,no
202608,11,11350,1135059500,z,서울,서울특별시 노원구,노원구 공릉1동 ,기타연료,0,0,0,0,1,5,13,2,0,0,0,0,21,no
202608,11,11350,1135060000,a,서울,서울특별시 노원구,노원구 공릉2동 ,휘발유,0,0,0,0,1973,1,16,1,0,0,0,0,1991,no
202608,11,11350,1135060000,b,서울,서울특별시 노원구,노원구 공릉2동 ,경유,0,0,5,1,2471,140,524,22,0,0,118,11,3292,no
202608,11,11350,1135060000,c,서울,서울특별시 노원구,노원구 공릉2동 ,엘피지,0,0,0,0,564,42,81,0,228,0,51,0,966,no
202608,11,11350,1135060000,e,서울,서울특별시 노원구,노원구 공릉2동 ,전기,0,0,0,0,341,0,33,1,41,0,13,0,429,yes
202608,11,11350,1135060000,g,서울,서울특별시 노원구,노원구 공릉2동 ,휘발유(유연),0,0,0,0,2,0,0,0,0,0,0,0,2,no
202608,11,11350,1135060000,h,서울,서울특별시 노원구,노원구 공릉2동 ,휘발유(무연),2,0,0,0,4651,4,2,0,0,0,0,0,4659,no
202608,11,11350,1135060000,l,서울,서울특별시 노원구,노원구 공릉2동 ,하이브리드(휘발유+전기),1,0,0,0,1556,4,5,0,2,0,1,0,1569,no
202608,11,11350,1135060000,m,서울,서울특별시 노원구,노원구 공릉2동 ,하이브리드(경유+전기),0,0,0,0,25,0,0,0,0,0,0,0,25,no
202608,11,11350,1135060000,n,서울,서울특별시 노원구,노원구 공릉2동 ,하이브리드(LPG+전기),0,0,0,0,5,0,0,0,1,0,0,0,6,no
202608,11,11350,1135060000,q,서울,서울특별시 노원구,노원구 공릉2동 ,수소,0,0,0,0,13,0,0,0,0,0,0,0,13,no
202608,11,11350,1135060000,z,서울,서울특별시 노원구,노원구 공릉2동 ,기타연료,0,0,0,0,0,9,21,4,0,0,0,0,34,no
202608,11,11350,1135060500,a,서울,서울특별시 노원구,노원구 공릉1.3동 ,휘발유,0,0,0,0,3,0,0,0,0,0,0,0,3,no
202608,11,11350,1135060500,b,서울,서울특별시 노원구,노원구 공릉1.3동 ,경유,0,0,0,0,3,2,6,0,0,0,0,0,11,no
202608,11,11350,1135060500,c,서울,서울특별시 노원구,노원구 공릉1.3동 ,엘피지,0,0,0,0,4,0,3,0,0,0,0,0,7,no
202608,11,11350,1135060500,h,서울,서울특별시 노원구,노원구 공릉1.3동 ,휘발유(무연),0,0,0,0,10,0,0,0,0,0,0,0,10,no
202608,11,11350,1135061100,a,서울,서울특별시 노원구,노원구 하계1동 ,휘발유,0,0,0,0,1128,0,3,0,0,0,0,0,1131,no
202608,11,11350,1135061100,b,서울,서울특별시 노원구,노원구 하계1동 ,경유,1,15,12,5,1268,94,312,9,0,16,47,7,1786,no
202608,11,11350,1135061100,c,서울,서울특별시 노원구,노원구 하계1동 ,엘피지,0,1,0,0,343,17,48,0,106,0,22,0,537,no
202608,11,11350,1135061100,e,서울,서울특별시 노원구,노원구 하계1동 ,전기,5,1,1,0,129,0,17,0,11,0,10,0,174,yes
202608,11,11350,1135061100,g,서울,서울특별시 노원구,노원구 하계1동 ,휘발유(유연),0,0,0,0,1,0,0,0,0,0,0,0,1,no
202608,11,11350,1135061100,h,서울,서울특별시 노원구,노원구 하계1동 ,휘발유(무연),0,0,0,0,2624,2,0,0,0,0,0,0,2626,no
202608,11,11350,1135061100,j,서울,서울특별시 노원구,노원구 하계1동 ,CNG,0,2,0,0,0,3,0,0,0,0,0,0,5,no
202608,11,11350,1135061100,l,서울,서울특별시 노원구,노원구 하계1동 ,하이브리드(휘발유+전기),1,0,0,0,856,1,1,0,1,0,0,0,860,no
202608,11,11350,1135061100,m,서울,서울특별시 노원구,노원구 하계1동 ,하이브리드(경유+전기),0,0,0,0,8,0,0,0,0,0,0,0,8,no
202608,11,11350,1135061100,n,서울,서울특별시 노원구,노원구 하계1동 ,하이브리드(LPG+전기),0,0,0,0,1,0,0,0,0,0,0,0,1,no
202608,11,11350,1135061100,q,서울,서울특별시 노원구,노원구 하계1동 ,수소,0,0,0,0,4,0,0,0,0,0,0,0,4,no
202608,11,11350,1135061100,r,서울,서울특별시 노원구,노원구 하계1동 ,수소전기,0,0,0,0,2,0,0,0,0,0,0,0,2,no
202608,11,11350,1135061100,z,서울,서울특별시 노원구,노원구 하계1동 ,기타연료,0,0,0,0,0,2,5,0,0,0,0,0,7,no
202608,11,11350,1135061200,a,서울,서울특별시 노원구,노원구 하계2동 ,휘발유,0,0,0,0,929,0,4,0,0,0,0,0,933,no
202608,11,11350,1135061200,b,서울,서울특별시 노원구,노원구 하계2동 ,경유,0,0,0,0,1132,69,180,6,0,0,40,4,1431,no
202608,11,11350,1135061200,c,서울,서울특별시 노원구,노원구 하계2동 ,엘피지,0,0,0,0,267,12,17,0,80,0,15,0,391,no
202608,11,11350,1135061200,e,서울,서울특별시 노원구,노원구 하계2동 ,전기,2,0,0,0,125,0,8,1,12,0,4,0,152,yes
202608,11,11350,1135061200,g,서울,서울특별시 노원구,노원구 하계2동 ,휘발유(유연),0,0,0,0,1,0,0,0,0,0,0,0,1,no
202608,11,11350,1135061200,h,서울,서울특별시 노원구,노원구 하계2동 ,휘발유(무연),0,0,0,0,2396,0,1,0,0,0,0,0,2397,no
202608,11,11350,1135061200,j,서울,서울특별시 노원구,노원구 하계2동 ,CNG,0,0,0,0,0,1,0,0,0,0,0,0,1,no
202608,11,11350,1135061200,l,서울,서울특별시 노원구,노원구 하계2동 ,하이브리드(휘발유+전기),0,0,0,0,655,0,3,0,2,0,0,0,660,no
202608,11,11350,1135061200,m,서울,서울특별시 노원구,노원구 하계2동 ,하이브리드(경유+전기),0,0,0,0,8,0,0,0,0,0,0,0,8,no
202608,11,11350,1135061200,n,서울,서울특별시 노원구,노원구 하계2동 ,하이브리드(LPG+전기),0,0,0,0,1,0,0,0,8,0,0,0,9,no
202608,11,11350,1135061200,q,서울,서울특별시 노원구,노원구 하계2동 ,수소,0,0,0,0,4,0,0,0,0,0,0,0,4,no
202608,11,11350,1135061200,z,서울,서울특별시 노원구,노원구 하계2동 ,기타연료,0,0,0,0,0,3,2,3,0,0,0,0,8,no
202608,11,11350,1135061900,a,서울,서울특별시 노원구,노원구 중계본동 ,휘발유,0,0,0,0,1310,1,4,0,0,0,0,0,1315,no
202608,11,11350,1135061900,b,서울,서울특별시 노원구,노원구 중계본동 ,경유,0,0,4,0,1419,127,299,7,0,0,47,4,1907,no
202608,11,11350,1135061900,c,서울,서울특별시 노원구,노원구 중계본동 ,엘피지,0,0,4,0,289,24,32,0,85,0,16,0,450,no
202608,11,11350,1135061900,e,서울,서울특별시 노원구,노원구 중계본동 ,전기,0,0,0,0,190,1,20,0,15,0,9,0,235,yes
202608,11,11350,1135061900,g,서울,서울특별시 노원구,노원구 중계본동 ,휘발유(유연),0,0,0,0,1,0,0,0,0,0,0,0,1,no
202608,11,11350,1135061900,h,서울,서울특별시 노원구,노원구 중계본동 ,휘발유(무연),0,0,0,0,2655,2,1,0,0,0,0,0,2658,no
202608,11,11350,1135061900,l,서울,서울특별시 노원구,노원구 중계본동 ,하이브리드(휘발유+전기),0,0,0,0,873,2,0,0,4,0,0,0,879,no
202608,11,11350,1135061900,m,서울,서울특별시 노원구,노원구 중계본동 ,하이브리드(경유+전기),0,0,0,0,17,0,0,0,0,0,0,0,17,no
202608,11,11350,1135061900,n,서울,서울특별시 노원구,노원구 중계본동 ,하이브리드(LPG+전기),0,0,0,0,2,0,0,0,0,0,0,0,2,no
202608,11,11350,1135061900,q,서울,서울특별시 노원구,노원구 중계본동 ,수소,0,0,0,0,8,0,0,0,0,0,0,0,8,no
202608,11,11350,1135061900,r,서울,서울특별시 노원구,노원구 중계본동 ,수소전기,0,0,0,0,1,0,0,0,0,0,0,0,1,no
202608,11,11350,1135061900,z,서울,서울특별시 노원구,노원구 중계본동 ,기타연료,0,0,0,0,0,0,14,2,0,0,0,0,16,no
202608,11,11350,1135062100,a,서울,서울특별시 노원구,노원구 중계1동 ,휘발유,0,0,0,0,1398,0,3,0,0,0,0,0,1401,no
202608,11,11350,1135062100,b,서울,서울특별시 노원구,노원구 중계1동 ,경유,0,0,3,0,1697,116,261,8,0,0,38,8,2131,no
202608,11,11350,1135062100,c,서울,서울특별시 노원구,노원구 중계1동 ,엘피지,0,0,0,0,333,23,63,1,59,0,8,0,487,no
202608,11,11350,1135062100,e,서울,서울특별시 노원구,노원구 중계1동 ,전기,0,0,0,0,245,0,28,1,15,0,3,0,292,yes
202608,11,11350,1135062100,g,서울,서울특별시 노원구,노원구 중계1동 ,휘발유(유연),0,0,0,0,6,0,0,0,0,0,0,0,6,no
202608,11,11350,1135062100,h,서울,서울특별시 노원구,노원구 중계1동 ,휘발유(무연),0,0,0,0,3131,2,4,0,0,0,0,0,3137,no
202608,11,11350,1135062100,j,서울,서울특별시 노원구,노원구 중계1동 ,CNG,0,0,0,0,1,2,0,0,0,0,0,0,3,no
202608,11,11350,1135062100,l,서울,서울특별시 노원구,노원구 중계1동 ,하이브리드(휘발유+전기),0,0,0,0,1040,6,1,0,2,0,0,0,1049,no
202608,11,11350,1135062100,m,서울,서울특별시 노원구,노원구 중계1동 ,하이브리드(경유+전기),0,0,0,0,16,0,0,0,0,0,0,0,16,no
202608,11,11350,1135062100,n,서울,서울특별시 노원구,노원구 중계1동 ,하이브리드(LPG+전기),0,0,0,0,2,0,0,0,0,0,0,0,2,no
202608,11,11350,1135062100,q,서울,서울특별시 노원구,노원구 중계1동 ,수소,0,0,0,0,2,0,0,0,0,0,0,0,2,no
202608,11,11350,1135062100,r,서울,서울특별시 노원구,노원구 중계1동 ,수소전기,0,0,0,0,1,0,0,0,0,0,0,0,1,no
202608,11,11350,1135062100,z,서울,서울특별시 노원구,노원구 중계1동 ,기타연료,0,0,0,0,0,4,8,6,0,0,0,0,18,no
202608,11,11350,1135062400,a,서울,서울특별시 노원구,노원구 중계4동 ,휘발유,0,0,0,0,825,1,3,0,0,0,0,0,829,no
202608,11,11350,1135062400,b,서울,서울특별시 노원구,노원구 중계4동 ,경유,0,1,5,0,1059,85,359,9,0,0,66,10,1594,no
202608,11,11350,1135062400,c,서울,서울특별시 노원구,노원구 중계4동 ,엘피지,0,1,3,0,295,19,76,1,335,1,22,0,753,no
202608,11,11350,1135062400,e,서울,서울특별시 노원구,노원구 중계4동 ,전기,3,0,0,0,110,0,23,0,112,14,6,0,268,yes
202608,11,11350,1135062400,h,서울,서울특별시 노원구,노원구 중계4동 ,휘발유(무연),1,0,0,0,2106,0,2,0,15,0,0,0,2124,no
202608,11,11350,1135062400,l,서울,서울특별시 노원구,노원구 중계4동 ,하이브리드(휘발유+전기),0,0,0,0,551,2,3,0,15,0,0,0,571,no
202608,11,11350,1135062400,m,서울,서울특별시 노원구,노원구 중계4동 ,하이브리드(경유+전기),0,0,0,0,4,0,0,0,0,0,0,0,4,no
202608,11,11350,1135062400,n,서울,서울특별시 노원구,노원구 중계4동 ,하이브리드(LPG+전기),0,0,0,0,6,0,0,0,4,0,0,0,10,no
202608,11,11350,1135062400,q,서울,서울특별시 노원구,노원구 중계4동 ,수소,0,0,0,0,2,0,0,0,0,0,0,0,2,no
202608,11,11350,1135062400,z,서울,서울특별시 노원구,노원구 중계4동 ,기타연료,0,0,0,0,0,2,5,3,0,0,0,0,10,no
202608,11,11350,1135062500,a,서울,서울특별시 노원구,노원구 중계2.3동 ,휘발유,0,0,0,0,1220,0,9,0,0,0,0,0,1229,no
202608,11,11350,1135062500,b,서울,서울특별시 노원구,노원구 중계2.3동 ,경유,0,0,5,0,1513,102,383,19,0,0,63,14,2099,no
202608,11,11350,1135062500,c,서울,서울특별시 노원구,노원구 중계2.3동 ,엘피지,0,0,2,0,517,25,68,0,134,0,29,0,775,no
202608,11,11350,1135062500,e,서울,서울특별시 노원구,노원구 중계2.3동 ,전기,0,0,0,0,185,0,16,0,28,0,16,0,245,yes
202608,11,11350,1135062500,g,서울,서울특별시 노원구,노원구 중계2.3동 ,휘발유(유연),0,0,0,0,1,0,0,0,0,0,0,0,1,no
202608,11,11350,1135062500,h,서울,서울특별시 노원구,노원구 중계2.3동 ,휘발유(무연),1,0,0,0,2874,1,5,0,1,0,0,0,2882,no
202608,11,11350,1135062500,j,서울,서울특별시 노원구,노원구 중계2.3동 ,CNG,0,0,0,0,1,0,0,0,0,0,0,0,1,no
202608,11,11350,1135062500,l,서울,서울특별시 노원구,노원구 중계2.3동 ,하이브리드(휘발유+전기),0,0,0,0,792,2,5,1,4,0,0,0,804,no
202608,11,11350,1135062500,m,서울,서울특별시 노원구,노원구 중계2.3동 ,하이브리드(경유+전기),0,0,0,0,8,0,0,0,0,0,0,0,8,no
202608,11,11350,1135062500,n,서울,서울특별시 노원구,노원구 중계2.3동 ,하이브리드(LPG+전기),0,0,0,0,5,0,0,0,0,0,0,0,5,no
202608,11,11350,1135062500,q,서울,서울특별시 노원구,노원구 중계2.3동 ,수소,0,0,0,0,6,0,0,0,0,0,0,0,6,no
202608,11,11350,1135062500,z,서울,서울특별시 노원구,노원구 중계2.3동 ,기타연료,0,0,0,0,0,3,8,1,0,0,1,0,13,no
202608,11,11350,1135063000,a,서울,서울특별시 노원구,노원구 상계1동 ,휘발유,0,0,0,0,1634,2,6,0,0,0,0,0,1642,no
202608,11,11350,1135063000,b,서울,서울특별시 노원구,노원구 상계1동 ,경유,2,0,4,0,2283,250,804,29,1,20,108,32,3533,no
202608,11,11350,1135063000,c,서울,서울특별시 노원구,노원구 상계1동 ,엘피지,0,0,2,0,626,48,110,1,1080,4,42,0,1913,no
202608,11,11350,1135063000,e,서울,서울특별시 노원구,노원구 상계1동 ,전기,9,0,0,1,233,1,36,1,258,0,22,0,561,yes
202608,11,11350,1135063000,h,서울,서울특별시 노원구,노원구 상계1동 ,휘발유(무연),1,0,0,0,4251,1,1,0,4,0,0,0,4258,no
202608,11,11350,1135063000,j,서울,서울특별시 노원구,노원구 상계1동 ,CNG,0,2,0,0,0,0,1,0,0,12,0,0,15,no
202608,11,11350,1135063000,l,서울,서울특별시 노원구,노원구 상계1동 ,하이브리드(휘발유+전기),0,0,0,0,1079,1,7,0,21,0,0,0,1108,no
202608,11,11350,1135063000,m,서울,서울특별시 노원구,노원구 상계1동 ,하이브리드(경유+전기),0,0,0,0,16,0,0,0,0,0,0,0,16,no
202608,11,11350,1135063000,n,서울,서울특별시 노원구,노원구 상계1동 ,하이브리드(LPG+전기),0,0,0,0,10,0,0,0,8,0,0,0,18,no
202608,11,11350,1135063000,q,서울,서울특별시 노원구,노원구 상계1동 ,수소,0,0,0,0,9,0,0,0,0,0,0,0,9,no
202608,11,11350,1135063000,r,서울,서울특별시 노원구,노원구 상계1동 ,수소전기,0,0,0,0,3,0,0,0,0,0,0,0,3,no
202608,11,11350,1135063000,z,서울,서울특별시 노원구,노원구 상계1동 ,기타연료,0,0,0,0,0,8,20,0,0,0,2,0,30,no
202608,11,11350,1135064000,a,서울,서울특별시 노원구,노원구 상계2동 ,휘발유,0,0,0,0,862,0,5,0,0,0,0,0,867,no
202608,11,11350,1135064000,b,서울,서울특별시 노원구,노원구 상계2동 ,경유,0,0,5,0,1008,99,365,9,0,0,49,9,1544,no
202608,11,11350,1135064000,c,서울,서울특별시 노원구,노원구 상계2동 ,엘피지,0,0,0,0,246,15,51,0,279,1,15,0,607,no
202608,11,11350,1135064000,e,서울,서울특별시 노원구,노원구 상계2동 ,전기,10,0,0,0,99,0,18,0,65,0,10,0,202,yes
202608,11,11350,1135064000,g,서울,서울특별시 노원구,노원구 상계2동 ,휘발유(유연),0,0,0,0,1,0,0,0,0,0,0,0,1,no
202608,11,11350,1135064000,h,서울,서울특별시 노원구,노원구 상계2동 ,휘발유(무연),1,0,0,0,2071,1,3,0,2,0,0,0,2078,no
202608,11,11350,1135064000,l,서울,서울특별시 노원구,노원구 상계2동 ,하이브리드(휘발유+전기),0,0,0,0,525,1,3,0,6,0,0,0,535,no
202608,11,11350,1135064000,m,서울,서울특별시 노원구,노원구 상계2동 ,하이브리드(경유+전기),0,0,0,0,6,0,0,0,0,0,0,0,6,no
202608,11,11350,1135064000,n,서울,서울특별시 노원구,노원구 상계2동 ,하이브리드(LPG+전기),0,0,0,0,2,0,0,0,8,0,0,0,10,no
202608,11,11350,1135064000,q,서울,서울특별시 노원구,노원구 상계2동 ,수소,0,0,0,0,2,0,0,0,0,0,0,0,2,no
202608,11,11350,1135064000,r,서울,서울특별시 노원구,노원구 상계2동 ,수소전기,0,0,0,0,2,0,0,0,0,0,0,0,2,no
202608,11,11350,1135064000,z,서울,서울특별시 노원구,노원구 상계2동 ,기타연료,0,0,0,0,0,0,8,0,0,0,0,0,8,no
202608,11,11350,1135066500,a,서울,서울특별시 노원구,노원구 상계3.4동 ,휘발유,0,0,0,0,1099,0,5,0,0,0,0,0,1104,no
202608,11,11350,1135066500,b,서울,서울특별시 노원구,노원구 상계3.4동 ,경유,0,0,2,0,1589,164,630,9,0,19,101,26,2540,no
202608,11,11350,1135066500,c,서울,서울특별시 노원구,노원구 상계3.4동 ,엘피지,0,0,0,0,423,28,81,1,120,0,47,0,700,no
202608,11,11350,1135066500,e,서울,서울특별시 노원구,노원구 상계3.4동 ,전기,0,0,0,0,165,1,26,1,36,82,12,0,323,yes
202608,11,11350,1135066500,g,서울,서울특별시 노원구,노원구 상계3.4동 ,휘발유(유연),0,0,0,0,2,0,0,0,0,0,0,0,2,no
202608,11,11350,1135066500,h,서울,서울특별시 노원구,노원구 상계3.4동 ,휘발유(무연),0,0,0,0,2743,4,5,0,0,0,0,0,2752,no
202608,11,11350,1135066500,j,서울,서울특별시 노원구,노원구 상계3.4동 ,CNG,0,0,0,0,0,0,0,0,0,256,0,0,256,no
202608,11,11350,1135066500,l,서울,서울특별시 노원구,노원구 상계3.4동 ,하이브리드(휘발유+전기),0,0,0,0,664,1,8,0,6,0,0,0,679,no
202608,11,11350,1135066500,m,서울,서울특별시 노원구,노원구 상계3.4동 ,하이브리드(경유+전기),0,0,0,0,8,0,0,0,0,0,0,0,8,no
202608,11,11350,1135066500,n,서울,서울특별시 노원구,노원구 상계3.4동 ,하이브리드(LPG+전기),0,0,0,0,2,0,0,0,0,0,0,0,2,no
202608,11,11350,1135066500,o,서울,서울특별시 노원구,노원구 상계3.4동 ,하이브리드(CNG+전기),0,0,0,0,0,0,0,0,0,15,0,0,15,no
202608,11,11350,1135066500,q,서울,서울특별시 노원구,노원구 상계3.4동 ,수소,0,0,0,0,2,0,0,0,0,0,0,0,2,no
202608,11,11350,1135066500,r,서울,서울특별시 노원구,노원구 상계3.4동 ,수소전기,0,0,0,0,2,0,0,0,0,0,0,0,2,no
202608,11,11350,1135066500,z,서울,서울특별시 노원구,노원구 상계3.4동 ,기타연료,0,0,0,0,0,2,11,5,0,0,0,0,18,no
202608,11,11350,1135067000,a,서울,서울특별시 노원구,노원구 상계5동 ,휘발유,0,0,0,0,761,0,5,0,0,0,0,0,766,no
202608,11,11350,1135067000,b,서울,서울특별시 노원구,노원구 상계5동 ,경유,0,0,1,0,1099,118,428,8,1,2,65,30,1752,no
202608,11,11350,1135067000,c,서울,서울특별시 노원구,노원구 상계5동 ,엘피지,0,0,0,0,319,19,75,2,129,0,36,0,580,no
202608,11,11350,1135067000,e,서울,서울특별시 노원구,노원구 상계5동 ,전기,1,0,0,0,83,0,17,0,17,0,15,0,133,yes
202608,11,11350,1135067000,g,서울,서울특별시 노원구,노원구 상계5동 ,휘발유(유연),0,0,0,0,4,0,0,0,0,0,0,0,4,no
202608,11,11350,1135067000,h,서울,서울특별시 노원구,노원구 상계5동 ,휘발유(무연),0,0,0,0,2071,2,3,0,0,0,0,0,2076,no
202608,11,11350,1135067000,l,서울,서울특별시 노원구,노원구 상계5동 ,하이브리드(휘발유+전기),0,0,0,0,412,2,0,0,2,0,0,0,416,no
202608,11,11350,1135067000,m,서울,서울특별시 노원구,노원구 상계5동 ,하이브리드(경유+전기),0,0,0,0,4,0,0,0,0,0,0,0,4,no
202608,11,11350,1135067000,n,서울,서울특별시 노원구,노원구 상계5동 ,하이브리드(LPG+전기),0,0,0,0,3,0,0,0,0,0,0,0,3,no
202608,11,11350,1135067000,q,서울,서울특별시 노원구,노원구 상계5동 ,수소,0,0,0,0,1,0,0,0,0,0,0,0,1,no
202608,11,11350,1135067000,z,서울,서울특별시 노원구,노원구 상계5동 ,기타연료,0,0,0,0,0,1,7,1,0,0,0,0,9,no
202608,11,11350,1135069500,a,서울,서울특별시 노원구,노원구 상계6.7동 ,휘발유,6,0,0,0,1334,0,6,0,0,0,0,0,1346,no
202608,11,11350,1135069500,b,서울,서울특별시 노원구,노원구 상계6.7동 ,경유,3,22,81,1,1559,104,247,9,0,0,46,6,2078,no
202608,11,11350,1135069500,c,서울,서울특별시 노원구,노원구 상계6.7동 ,엘피지,0,0,1,0,474,18,55,1,130,0,27,1,707,no
202608,11,11350,1135069500,e,서울,서울특별시 노원구,노원구 상계6.7동 ,전기,7,0,5,2,142,0,18,0,19,0,10,0,203,yes
202608,11,11350,1135069500,g,서울,서울특별시 노원구,노원구 상계6.7동 ,휘발유(유연),0,0,0,0,4,0,0,0,0,0,0,0,4,no
202608,11,11350,1135069500,h,서울,서울특별시 노원구,노원구 상계6.7동 ,휘발유(무연),12,0,1,0,3359,1,4,0,0,0,0,0,3377,no
202608,11,11350,1135069500,j,서울,서울특별시 노원구,노원구 상계6.7동 ,CNG,0,0,7,0,0,0,0,0,0,1,0,0,8,no
202608,11,11350,1135069500,l,서울,서울특별시 노원구,노원구 상계6.7동 ,하이브리드(휘발유+전기),4,0,0,0,820,1,0,1,2,0,0,0,828,no
202608,11,11350,1135069500,m,서울,서울특별시 노원구,노원구 상계6.7동 ,하이브리드(경유+전기),0,0,0,0,8,0,0,0,0,0,0,0,8,no
202608,11,11350,1135069500,q,서울,서울특별시 노원구,노원구 상계6.7동 ,수소,0,0,0,0,3,0,0,0,0,0,0,0,3,no
202608,11,11350,1135069500,r,서울,서울특별시 노원구,노원구 상계6.7동 ,수소전기,0,0,0,0,1,0,0,0,0,0,0,0,1,no
202608,11,11350,1135069500,z,서울,서울특별시 노원구,노원구 상계6.7동 ,기타연료,0,0,0,1,0,2,3,1,0,0,1,0,8,no
202608,11,11350,1135070000,a,서울,서울특별시 노원구,노원구 상계8동 ,휘발유,0,0,0,0,939,0,1,0,0,0,0,0,940,no
202608,11,11350,1135070000,b,서울,서울특별시 노원구,노원구 상계8동 ,경유,0,0,2,0,1128,38,161,11,0,0,33,3,1376,no
202608,11,11350,1135070000,c,서울,서울특별시 노원구,노원구 상계8동 ,엘피지,0,0,0,0,337,14,23,0,91,0,12,0,477,no
202608,11,11350,1135070000,e,서울,서울특별시 노원구,노원구 상계8동 ,전기,1,0,1,0,144,0,6,0,15,0,5,0,172,yes
202608,11,11350,1135070000,g,서울,서울특별시 노원구,노원구 상계8동 ,휘발유(유연),0,0,0,0,2,0,0,0,0,0,0,0,2,no
202608,11,11350,1135070000,h,서울,서울특별시 노원구,노원구 상계8동 ,휘발유(무연),0,0,0,0,2541,0,1,0,0,0,0,0,2542,no
202608,11,11350,1135070000,l,서울,서울특별시 노원구,노원구 상계8동 ,하이브리드(휘발유+전기),0,0,0,0,708,1,1,0,3,0,0,0,713,no
202608,11,11350,1135070000,m,서울,서울특별시 노원구,노원구 상계8동 ,하이브리드(경유+전기),0,0,0,0,1,0,0,0,0,0,0,0,1,no
202608,11,11350,1135070000,n,서울,서울특별시 노원구,노원구 상계8동 ,하이브리드(LPG+전기),0,0,0,0,2,0,0,0,0,0,0,0,2,no
202608,11,11350,1135070000,q,서울,서울특별시 노원구,노원구 상계8동 ,수소,0,0,0,0,4,0,0,0,0,0,0,0,4,no
202608,11,11350,1135070000,z,서울,서울특별시 노원구,노원구 상계8동 ,기타연료,0,0,0,0,0,1,2,1,0,0,0,0,4,no
202608,11,11350,1135071000,a,서울,서울특별시 노원구,노원구 상계9동 ,휘발유,0,0,0,0,846,0,3,0,0,0,0,0,849,no
202608,11,11350,1135071000,b,서울,서울특별시 노원구,노원구 상계9동 ,경유,0,0,1,0,1063,53,221,8,1,0,57,8,1412,no
202608,11,11350,1135071000,c,서울,서울특별시 노원구,노원구 상계9동 ,엘피지,0,0,0,0,287,12,27,0,104,0,21,1,452,no
202608,11,11350,1135071000,e,서울,서울특별시 노원구,노원구 상계9동 ,전기,0,0,0,0,98,0,10,0,24,29,11,0,172,yes
202608,11,11350,1135071000,g,서울,서울특별시 노원구,노원구 상계9동 ,휘발유(유연),0,0,0,0,4,0,0,0,0,0,0,0,4,no
202608,11,11350,1135071000,h,서울,서울특별시 노원구,노원구 상계9동 ,휘발유(무연),0,0,0,0,2135,0,0,1,0,0,0,0,2136,no
202608,11,11350,1135071000,j,서울,서울특별시 노원구,노원구 상계9동 ,CNG,0,0,0,0,0,0,0,0,0,9,0,0,9,no
202608,11,11350,1135071000,l,서울,서울특별시 노원구,노원구 상계9동 ,하이브리드(휘발유+전기),0,0,0,0,504,0,1,0,2,0,0,0,507,no
202608,11,11350,1135071000,m,서울,서울특별시 노원구,노원구 상계9동 ,하이브리드(경유+전기),0,0,0,0,2,0,0,0,0,0,0,0,2,no
202608,11,11350,1135071000,n,서울,서울특별시 노원구,노원구 상계9동 ,하이브리드(LPG+전기),0,0,0,0,1,0,0,0,0,0,0,0,1,no
202608,11,11350,1135071000,q,서울,서울특별시 노원구,노원구 상계9동 ,수소,0,0,0,0,6,0,0,0,0,0,0,0,6,no
202608,11,11350,1135071000,z,서울,서울특별시 노원구,노원구 상계9동 ,기타연료,0,0,0,0,0,1,6,4,0,0,2,0,13,no
202608,11,11350,1135072000,a,서울,서울특별시 노원구,노원구 상계10동 ,휘발유,0,0,0,0,851,0,3,0,0,0,0,0,854,no
202608,11,11350,1135072000,b,서울,서울특별시 노원구,노원구 상계10동 ,경유,0,0,2,0,956,44,202,7,0,0,38,8,1257,no
202608,11,11350,1135072000,c,서울,서울특별시 노원구,노원구 상계10동 ,엘피지,0,0,0,0,286,10,27,0,76,0,14,0,413,no
202608,11,11350,1135072000,e,서울,서울특별시 노원구,노원구 상계10동 ,전기,1,0,0,0,115,0,11,0,14,0,8,0,149,yes
202608,11,11350,1135072000,g,서울,서울특별시 노원구,노원구 상계10동 ,휘발유(유연),0,0,0,0,1,0,0,0,0,0,0,0,1,no
202608,11,11350,1135072000,h,서울,서울특별시 노원구,노원구 상계10동 ,휘발유(무연),0,0,0,0,2098,0,3,0,1,0,0,0,2102,no
202608,11,11350,1135072000,j,서울,서울특별시 노원구,노원구 상계10동 ,CNG,0,0,0,0,1,0,0,0,0,0,0,0,1,no
202608,11,11350,1135072000,l,서울,서울특별시 노원구,노원구 상계10동 ,하이브리드(휘발유+전기),0,0,0,0,570,2,6,0,1,0,0,0,579,no
202608,11,11350,1135072000,m,서울,서울특별시 노원구,노원구 상계10동 ,하이브리드(경유+전기),0,0,0,0,5,0,0,0,0,0,0,0,5,no
202608,11,11350,1135072000,n,서울,서울특별시 노원구,노원구 상계10동 ,하이브리드(LPG+전기),0,0,0,0,3,0,0,0,0,0,0,0,3,no
202608,11,11350,1135072000,q,서울,서울특별시 노원구,노원구 상계10동 ,수소,0,0,0,0,3,0,0,0,0,0,0,0,3,no
202608,11,11350,1135072000,r,서울,서울특별시 노원구,노원구 상계10동 ,수소전기,0,0,0,0,1,0,0,0,0,0,0,0,1,no
202608,11,11350,1135072000,z,서울,서울특별시 노원구,노원구 상계10동 ,기타연료,0,0,0,0,0,3,6,2,0,0,0,0,11,no
202608,11,11380,1138051000,a,서울,서울특별시 은평구,은평구 녹번동 ,휘발유,0,0,0,0,1626,1,10,0,0,0,0,0,1637,no
202608,11,11380,1138051000,b,서울,서울특별시 은평구,은평구 녹번동 ,경유,6,15,66,1,1677,151,570,15,0,0,239,19,2759,no
202608,11,11380,1138051000,c,서울,서울특별시 은평구,은평구 녹번동 ,엘피지,0,1,10,0,392,21,72,1,112,0,43,0,652,no
202608,11,11380,1138051000,e,서울,서울특별시 은평구,은평구 녹번동 ,전기,39,2,8,1,227,1,25,0,15,0,21,0,339,yes
202608,11,11380,1138051000,g,서울,서울특별시 은평구,은평구 녹번동 ,휘발유(유연),0,0,0,0,2,0,0,0,0,0,0,0,2,no
202608,11,11380,1138051000,h,서울,서울특별시 은평구,은평구 녹번동 ,휘발유(무연),16,0,0,0,3546,2,6,0,0,0,0,0,3570,no
202608,11,11380,1138051000,j,서울,서울특별시 은평구,은평구 녹번동 ,CNG,0,0,12,0,1,0,0,0,0,0,0,0,13,no
202608,11,11380,1138051000,l,서울,서울특별시 은평구,은평구 녹번동 ,하이브리드(휘발유+전기),2,0,1,0,1068,2,3,0,3,0,0,0,1079,no
202608,11,11380,1138051000,m,서울,서울특별시 은평구,은평구 녹번동 ,하이브리드(경유+전기),0,0,0,0,11,0,0,0,0,0,0,0,11,no
202608,11,11380,1138051000,n,서울,서울특별시 은평구,은평구 녹번동 ,하이브리드(LPG+전기),0,0,0,0,4,0,0,0,0,0,0,0,4,no
202608,11,11380,1138051000,q,서울,서울특별시 은평구,은평구 녹번동 ,수소,1,0,0,0,9,0,0,0,0,0,0,0,10,no
202608,11,11380,1138051000,r,서울,서울특별시 은평구,은평구 녹번동 ,수소전기,0,0,0,0,1,0,0,0,0,0,0,0,1,no
202608,11,11380,1138051000,z,서울,서울특별시 은평구,은평구 녹번동 ,기타연료,0,0,0,0,0,4,16,0,0,0,0,0,20,no
202608,11,11380,1138052000,a,서울,서울특별시 은평구,은평구 불광1동 ,휘발유,0,0,0,0,1643,0,4,0,0,0,0,0,1647,no
202608,11,11380,1138052000,b,서울,서울특별시 은평구,은평구 불광1동 ,경유,0,0,0,0,1805,142,411,9,0,0,64,7,2438,no
202608,11,11380,1138052000,c,서울,서울특별시 은평구,은평구 불광1동 ,엘피지,0,0,0,0,372,23,68,1,98,0,20,0,582,no
202608,11,11380,1138052000,e,서울,서울특별시 은평구,은평구 불광1동 ,전기,0,0,0,0,180,0,25,1,17,0,14,0,237,yes
202608,11,11380,1138052000,g,서울,서울특별시 은평구,은평구 불광1동 ,휘발유(유연),0,0,0,0,4,0,0,0,0,0,0,0,4,no
202608,11,11380,1138052000,h,서울,서울특별시 은평구,은평구 불광1동 ,휘발유(무연),0,0,0,0,3526,3,4,0,0,0,0,0,3533,no
202608,11,11380,1138052000,l,서울,서울특별시 은평구,은평구 불광1동 ,하이브리드(휘발유+전기),0,0,0,0,1088,3,3,0,8,0,0,0,1102,no
202608,11,11380,1138052000,m,서울,서울특별시 은평구,은평구 불광1동 ,하이브리드(경유+전기),0,0,0,0,10,0,0,0,0,0,0,0,10,no
202608,11,11380,1138052000,n,서울,서울특별시 은평구,은평구 불광1동 ,하이브리드(LPG+전기),0,0,0,0,3,0,0,0,0,0,0,0,3,no
202608,11,11380,1138052000,q,서울,서울특별시 은평구,은평구 불광1동 ,수소,0,0,0,0,7,0,0,0,0,0,0,0,7,no
202608,11,11380,1138052000,r,서울,서울특별시 은평구,은평구 불광1동 ,수소전기,0,0,0,0,1,0,0,0,0,0,0,0,1,no
202608,11,11380,1138052000,z,서울,서울특별시 은평구,은평구 불광1동 ,기타연료,0,0,0,0,0,2,10,2,0,0,1,0,15,no
202608,11,11380,1138053000,a,서울,서울특별시 은평구,은평구 불광2동 ,휘발유,0,0,0,0,990,0,5,0,0,0,0,0,995,no
202608,11,11380,1138053000,b,서울,서울특별시 은평구,은평구 불광2동 ,경유,0,0,0,0,1171,118,462,10,0,0,66,6,1833,no
202608,11,11380,1138053000,c,서울,서울특별시 은평구,은평구 불광2동 ,엘피지,0,0,0,0,301,19,72,2,90,0,38,0,522,no
202608,11,11380,1138053000,e,서울,서울특별시 은평구,은평구 불광2동 ,전기,0,0,0,0,84,3,19,1,13,0,6,0,126,yes
202608,11,11380,1138053000,g,서울,서울특별시 은평구,은평구 불광2동 ,휘발유(유연),0,0,0,0,3,0,0,0,0,0,0,0,3,no
202608,11,11380,1138053000,h,서울,서울특별시 은평구,은평구 불광2동 ,휘발유(무연),1,0,0,0,2264,1,1,0,0,0,0,0,2267,no
202608,11,11380,1138053000,j,서울,서울특별시 은평구,은평구 불광2동 ,CNG,0,0,0,0,1,0,0,0,0,0,0,0,1,no
202608,11,11380,1138053000,l,서울,서울특별시 은평구,은평구 불광2동 ,하이브리드(휘발유+전기),0,0,0,0,463,0,6,1,2,0,0,0,472,no
202608,11,11380,1138053000,m,서울,서울특별시 은평구,은평구 불광2동 ,하이브리드(경유+전기),0,0,0,0,5,0,0,0,0,0,0,0,5,no
202608,11,11380,1138053000,n,서울,서울특별시 은평구,은평구 불광2동 ,하이브리드(LPG+전기),0,0,0,0,4,0,0,0,0,0,0,0,4,no
202608,11,11380,1138053000,q,서울,서울특별시 은평구,은평구 불광2동 ,수소,0,0,0,0,6,0,0,0,0,0,0,0,6,no
202608,11,11380,1138053000,r,서울,서울특별시 은평구,은평구 불광2동 ,수소전기,0,0,0,0,2,0,0,0,0,0,0,0,2,no
202608,11,11380,1138053000,z,서울,서울특별시 은평구,은평구 불광2동 ,기타연료,0,0,0,0,1,2,5,2,0,0,0,0,10,no
202608,11,11380,1138055100,a,서울,서울특별시 은평구,은평구 갈현1동 ,휘발유,0,0,0,0,614,1,2,0,0,0,0,0,617,no
202608,11,11380,1138055100,b,서울,서울특별시 은평구,은평구 갈현1동 ,경유,0,0,0,0,679,68,323,3,0,4,29,0,1106,no
202608,11,11380,1138055100,c,서울,서울특별시 은평구,은평구 갈현1동 ,엘피지,0,0,0,0,157,16,55,0,53,1,9,0,291,no
202608,11,11380,1138055100,e,서울,서울특별시 은평구,은평구 갈현1동 ,전기,0,0,0,0,46,0,11,0,6,0,10,0,73,yes
202608,11,11380,1138055100,g,서울,서울특별시 은평구,은평구 갈현1동 ,휘발유(유연),0,0,0,0,1,0,0,0,0,0,0,0,1,no
202608,11,11380,1138055100,h,서울,서울특별시 은평구,은평구 갈현1동 ,휘발유(무연),0,0,0,0,1386,2,1,0,0,0,0,0,1389,no
202608,11,11380,1138055100,l,서울,서울특별시 은평구,은평구 갈현1동 ,하이브리드(휘발유+전기),0,0,0,0,289,1,2,0,1,0,0,0,293,no
202608,11,11380,1138055100,m,서울,서울특별시 은평구,은평구 갈현1동 ,하이브리드(경유+전기),0,0,0,0,5,0,0,0,0,0,0,0,5,no
202608,11,11380,1138055100,q,서울,서울특별시 은평구,은평구 갈현1동 ,수소,0,0,0,0,1,0,0,0,0,0,0,0,1,no
202608,11,11380,1138055100,z,서울,서울특별시 은평구,은평구 갈현1동 ,기타연료,0,0,0,0,0,1,5,0,0,0,0,0,6,no
202608,11,11380,1138055200,a,서울,서울특별시 은평구,은평구 갈현2동 ,휘발유,0,0,0,0,1114,0,4,0,0,0,0,0,1118,no
202608,11,11380,1138055200,b,서울,서울특별시 은평구,은평구 갈현2동 ,경유,0,0,0,0,1283,131,487,11,0,0,68,6,1986,no
202608,11,11380,1138055200,c,서울,서울특별시 은평구,은평구 갈현2동 ,엘피지,0,0,0,0,317,25,67,1,125,0,21,0,556,no
202608,11,11380,1138055200,e,서울,서울특별시 은평구,은평구 갈현2동 ,전기,0,0,0,0,87,0,21,0,23,13,15,0,159,yes
202608,11,11380,1138055200,h,서울,서울특별시 은평구,은평구 갈현2동 ,휘발유(무연),0,0,0,0,2660,2,4,0,0,0,0,0,2666,no
202608,11,11380,1138055200,l,서울,서울특별시 은평구,은평구 갈현2동 ,하이브리드(휘발유+전기),0,0,0,0,569,4,2,1,2,0,0,0,578,no
202608,11,11380,1138055200,m,서울,서울특별시 은평구,은평구 갈현2동 ,하이브리드(경유+전기),0,0,0,0,3,0,0,0,0,0,0,0,3,no
202608,11,11380,1138055200,n,서울,서울특별시 은평구,은평구 갈현2동 ,하이브리드(LPG+전기),0,0,0,0,3,0,0,0,0,0,0,0,3,no
202608,11,11380,1138055200,q,서울,서울특별시 은평구,은평구 갈현2동 ,수소,0,0,0,0,7,0,0,0,0,0,0,0,7,no
202608,11,11380,1138055200,z,서울,서울특별시 은평구,은평구 갈현2동 ,기타연료,0,0,0,0,0,3,5,2,0,0,0,0,10,no
202608,11,11380,1138056000,a,서울,서울특별시 은평구,은평구 구산동 ,휘발유,0,0,0,0,1284,0,16,0,0,0,0,0,1300,no
202608,11,11380,1138056000,b,서울,서울특별시 은평구,은평구 구산동 ,경유,0,0,1,0,1550,183,604,8,0,9,105,17,2477,no
202608,11,11380,1138056000,c,서울,서울특별시 은평구,은평구 구산동 ,엘피지,0,0,0,0,398,38,102,3,221,0,38,0,800,no
202608,11,11380,1138056000,e,서울,서울특별시 은평구,은평구 구산동 ,전기,0,0,0,0,146,1,27,1,32,129,25,0,361,yes
202608,11,11380,1138056000,h,서울,서울특별시 은평구,은평구 구산동 ,휘발유(무연),0,0,0,0,3141,4,4,0,0,0,0,0,3149,no
202608,11,11380,1138056000,j,서울,서울특별시 은평구,은평구 구산동 ,CNG,0,0,0,0,1,1,0,0,0,162,0,0,164,no
202608,11,11380,1138056000,l,서울,서울특별시 은평구,은평구 구산동 ,하이브리드(휘발유+전기),1,0,0,0,683,1,4,0,4,0,0,0,693,no
202608,11,11380,1138056000,m,서울,서울특별시 은평구,은평구 구산동 ,하이브리드(경유+전기),0,0,0,0,8,0,0,0,0,0,0,0,8,no
202608,11,11380,1138056000,n,서울,서울특별시 은평구,은평구 구산동 ,하이브리드(LPG+전기),0,0,0,0,3,0,0,0,2,0,0,0,5,no
202608,11,11380,1138056000,q,서울,서울특별시 은평구,은평구 구산동 ,수소,0,0,0,0,5,0,0,0,0,0,0,0,5,no
202608,11,11380,1138056000,z,서울,서울특별시 은평구,은평구 구산동 ,기타연료,0,0,0,0,1,5,15,1,0,0,1,0,23,no
202608,11,11380,1138057000,a,서울,서울특별시 은평구,은평구 대조동 ,휘발유,0,0,0,0,969,2,5,0,7,0,0,0,983,no
202608,11,11380,1138057000,b,서울,서울특별시 은평구,은평구 대조동 ,경유,0,1,0,0,1088,86,423,5,0,10,56,33,1702,no
202608,11,11380,1138057000,c,서울,서울특별시 은평구,은평구 대조동 ,엘피지,0,0,0,0,309,21,50,3,70,0,27,0,480,no
202608,11,11380,1138057000,e,서울,서울특별시 은평구,은평구 대조동 ,전기,0,0,0,0,84,0,23,0,19,0,17,0,143,yes
202608,11,11380,1138057000,g,서울,서울특별시 은평구,은평구 대조동 ,휘발유(유연),0,0,0,0,3,0,0,0,0,0,0,0,3,no
202608,11,11380,1138057000,h,서울,서울특별시 은평구,은평구 대조동 ,휘발유(무연),0,0,0,0,2252,2,3,0,0,0,0,0,2257,no
202608,11,11380,1138057000,l,서울,서울특별시 은평구,은평구 대조동 ,하이브리드(휘발유+전기),0,0,0,0,477,0,3,0,2,0,0,0,482,no
202608,11,11380,1138057000,m,서울,서울특별시 은평구,은평구 대조동 ,하이브리드(경유+전기),0,0,0,0,5,0,0,0,0,0,0,0,5,no
202608,11,11380,1138057000,n,서울,서울특별시 은평구,은평구 대조동 ,하이브리드(LPG+전기),0,0,0,0,1,0,0,0,0,0,0,0,1,no
202608,11,11380,1138057000,q,서울,서울특별시 은평구,은평구 대조동 ,수소,0,0,0,0,3,0,0,0,0,0,0,0,3,no
202608,11,11380,1138057000,r,서울,서울특별시 은평구,은평구 대조동 ,수소전기,0,0,0,0,2,0,0,0,0,0,0,0,2,no
202608,11,11380,1138057000,z,서울,서울특별시 은평구,은평구 대조동 ,기타연료,0,0,0,0,0,1,1,1,0,0,0,0,3,no
202608,11,11380,1138058000,a,서울,서울특별시 은평구,은평구 응암1동 ,휘발유,0,0,0,0,1464,1,6,0,0,0,0,0,1471,no
202608,11,11380,1138058000,b,서울,서울특별시 은평구,은평구 응암1동 ,경유,0,2,0,0,1768,150,484,10,0,6,86,8,2514,no
202608,11,11380,1138058000,c,서울,서울특별시 은평구,은평구 응암1동 ,엘피지,0,0,0,0,359,40,69,1,96,0,29,0,594,no
202608,11,11380,1138058000,e,서울,서울특별시 은평구,은평구 응암1동 ,전기,1,0,0,0,211,0,23,1,12,0,19,0,267,yes
202608,11,11380,1138058000,g,서울,서울특별시 은평구,은평구 응암1동 ,휘발유(유연),0,0,0,0,5,0,0,0,0,0,0,0,5,no
202608,11,11380,1138058000,h,서울,서울특별시 은평구,은평구 응암1동 ,휘발유(무연),0,0,0,0,3334,1,7,0,1,0,0,0,3343,no
202608,11,11380,1138058000,j,서울,서울특별시 은평구,은평구 응암1동 ,CNG,0,0,0,0,3,0,0,0,0,0,0,0,3,no
202608,11,11380,1138058000,l,서울,서울특별시 은평구,은평구 응암1동 ,하이브리드(휘발유+전기),1,0,0,0,969,3,2,0,4,0,0,0,979,no
202608,11,11380,1138058000,m,서울,서울특별시 은평구,은평구 응암1동 ,하이브리드(경유+전기),0,0,0,0,22,0,0,0,0,0,0,0,22,no
202608,11,11380,1138058000,n,서울,서울특별시 은평구,은평구 응암1동 ,하이브리드(LPG+전기),0,0,0,0,2,0,0,0,0,0,0,0,2,no
202608,11,11380,1138058000,q,서울,서울특별시 은평구,은평구 응암1동 ,수소,0,0,0,0,8,0,0,0,0,0,0,0,8,no
202608,11,11380,1138058000,r,서울,서울특별시 은평구,은평구 응암1동 ,수소전기,0,0,0,0,1,0,0,0,0,0,0,0,1,no
202608,11,11380,1138058000,z,서울,서울특별시 은평구,은평구 응암1동 ,기타연료,0,0,0,0,0,0,6,3,0,0,0,0,9,no
202608,11,11380,1138059000,a,서울,서울특별시 은평구,은평구 응암2동 ,휘발유,0,0,0,0,1461,2,5,0,0,0,0,0,1468,no
202608,11,11380,1138059000,b,서울,서울특별시 은평구,은평구 응암2동 ,경유,0,0,0,0,1635,91,346,9,0,0,41,3,2125,no
202608,11,11380,1138059000,c,서울,서울특별시 은평구,은평구 응암2동 ,엘피지,0,0,0,0,287,13,47,0,86,0,20,0,453,no
202608,11,11380,1138059000,e,서울,서울특별시 은평구,은평구 응암2동 ,전기,0,1,0,0,323,0,21,0,16,0,15,0,376,yes
202608,11,11380,1138059000,g,서울,서울특별시 은평구,은평구 응암2동 ,휘발유(유연),0,0,0,0,3,0,0,0,0,0,0,0,3,no
202608,11,11380,1138059000,h,서울,서울특별시 은평구,은평구 응암2동 ,휘발유(무연),0,0,0,0,3070,0,2,0,1,0,0,0,3073,no
202608,11,11380,1138059000,l,서울,서울특별시 은평구,은평구 응암2동 ,하이브리드(휘발유+전기),1,0,0,0,1081,1,2,0,3,0,0,0,1088,no
202608,11,11380,1138059000,m,서울,서울특별시 은평구,은평구 응암2동 ,하이브리드(경유+전기),0,0,0,0,30,0,0,0,0,0,0,0,30,no
202608,11,11380,1138059000,n,서울,서울특별시 은평구,은평구 응암2동 ,하이브리드(LPG+전기),0,0,0,0,3,0,0,0,1,0,0,0,4,no
202608,11,11380,1138059000,q,서울,서울특별시 은평구,은평구 응암2동 ,수소,0,0,0,0,8,0,0,0,0,0,0,0,8,no
202608,11,11380,1138059000,r,서울,서울특별시 은평구,은평구 응암2동 ,수소전기,0,0,0,0,1,0,0,0,0,0,0,0,1,no
202608,11,11380,1138059000,z,서울,서울특별시 은평구,은평구 응암2동 ,기타연료,0,0,0,0,0,5,12,2,0,0,0,0,19,no
202608,11,11380,1138060000,a,서울,서울특별시 은평구,은평구 응암3동 ,휘발유,0,0,0,0,798,0,3,0,0,0,0,0,801,no
202608,11,11380,1138060000,b,서울,서울특별시 은평구,은평구 응암3동 ,경유,0,0,0,0,947,106,427,10,0,0,98,8,1596,no
202608,11,11380,1138060000,c,서울,서울특별시 은평구,은평구 응암3동 ,엘피지,0,0,0,0,251,27,59,2,103,0,22,0,464,no
202608,11,11380,1138060000,e,서울,서울특별시 은평구,은평구 응암3동 ,전기,0,0,0,0,81,1,14,1,24,0,22,0,143,yes
202608,11,11380,1138060000,g,서울,서울특별시 은평구,은평구 응암3동 ,휘발유(유연),0,0,0,0,2,0,0,0,0,0,0,0,2,no
202608,11,11380,1138060000,h,서울,서울특별시 은평구,은평구 응암3동 ,휘발유(무연),0,0,0,0,1913,3,3,0,0,0,0,0,1919,no
202608,11,11380,1138060000,l,서울,서울특별시 은평구,은평구 응암3동 ,하이브리드(휘발유+전기),0,0,0,0,441,1,3,0,1,0,0,0,446,no
202608,11,11380,1138060000,m,서울,서울특별시 은평구,은평구 응암3동 ,하이브리드(경유+전기),0,0,0,0,4,0,0,0,0,0,0,0,4,no
202608,11,11380,1138060000,n,서울,서울특별시 은평구,은평구 응암3동 ,하이브리드(LPG+전기),0,0,0,0,2,0,0,0,0,0,0,0,2,no
202608,11,11380,1138060000,q,서울,서울특별시 은평구,은평구 응암3동 ,수소,0,0,0,0,3,0,0,0,0,0,0,0,3,no
202608,11,11380,1138060000,z,서울,서울특별시 은평구,은평구 응암3동 ,기타연료,0,0,0,0,1,0,4,1,0,0,0,0,6,no
202608,11,11380,1138062500,a,서울,서울특별시 은평구,은평구 역촌동 ,휘발유,0,0,0,0,1827,0,10,0,1,0,0,0,1838,no
202608,11,11380,1138062500,b,서울,서울특별시 은평구,은평구 역촌동 ,경유,0,4,0,0,2146,191,866,14,5,0,194,21,3441,no
202608,11,11380,1138062500,c,서울,서울특별시 은평구,은평구 역촌동 ,엘피지,0,1,0,0,534,37,139,1,266,0,54,0,1032,no
202608,11,11380,1138062500,e,서울,서울특별시 은평구,은평구 역촌동 ,전기,1,0,0,0,195,0,31,0,33,0,32,0,292,yes
202608,11,11380,1138062500,g,서울,서울특별시 은평구,은평구 역촌동 ,휘발유(유연),0,0,0,0,2,0,0,0,0,0,0,0,2,no
202608,11,11380,1138062500,h,서울,서울특별시 은평구,은평구 역촌동 ,휘발유(무연),0,0,0,0,4376,5,4,0,18,0,0,0,4403,no
202608,11,11380,1138062500,j,서울,서울특별시 은평구,은평구 역촌동 ,CNG,0,0,0,0,1,0,0,0,0,0,0,0,1,no
202608,11,11380,1138062500,l,서울,서울특별시 은평구,은평구 역촌동 ,하이브리드(휘발유+전기),1,0,0,0,977,4,2,0,30,0,0,0,1014,no
202608,11,11380,1138062500,m,서울,서울특별시 은평구,은평구 역촌동 ,하이브리드(경유+전기),0,0,0,0,4,0,0,0,0,0,0,0,4,no
202608,11,11380,1138062500,n,서울,서울특별시 은평구,은평구 역촌동 ,하이브리드(LPG+전기),0,0,0,0,3,0,0,0,0,0,0,0,3,no
202608,11,11380,1138062500,q,서울,서울특별시 은평구,은평구 역촌동 ,수소,0,0,0,0,13,0,0,0,0,0,0,0,13,no
202608,11,11380,1138062500,r,서울,서울특별시 은평구,은평구 역촌동 ,수소전기,0,0,0,0,1,0,0,0,0,0,0,0,1,no
202608,11,11380,1138062500,z,서울,서울특별시 은평구,은평구 역촌동 ,기타연료,0,0,0,0,0,3,19,0,0,0,0,0,22,no
202608,11,11380,1138063100,a,서울,서울특별시 은평구,은평구 신사1동 ,휘발유,0,0,0,0,1058,0,4,0,0,0,0,0,1062,no
202608,11,11380,1138063100,b,서울,서울특별시 은평구,은평구 신사1동 ,경유,0,0,0,0,1461,124,491,9,0,3,77,7,2172,no
202608,11,11380,1138063100,c,서울,서울특별시 은평구,은평구 신사1동 ,엘피지,0,0,0,0,359,21,68,2,729,16,31,1,1227,no
202608,11,11380,1138063100,e,서울,서울특별시 은평구,은평구 신사1동 ,전기,0,0,0,0,116,0,18,1,154,4,17,0,310,yes
202608,11,11380,1138063100,g,서울,서울특별시 은평구,은평구 신사1동 ,휘발유(유연),0,0,0,0,2,0,0,0,0,0,0,0,2,no
202608,11,11380,1138063100,h,서울,서울특별시 은평구,은평구 신사1동 ,휘발유(무연),0,0,0,0,2646,3,4,0,2,0,0,0,2655,no
202608,11,11380,1138063100,j,서울,서울특별시 은평구,은평구 신사1동 ,CNG,0,0,0,0,1,0,0,0,0,3,0,0,4,no
202608,11,11380,1138063100,l,서울,서울특별시 은평구,은평구 신사1동 ,하이브리드(휘발유+전기),0,0,0,0,658,2,4,0,23,0,0,0,687,no
202608,11,11380,1138063100,m,서울,서울특별시 은평구,은평구 신사1동 ,하이브리드(경유+전기),0,0,0,0,6,0,0,0,0,0,0,0,6,no
202608,11,11380,1138063100,n,서울,서울특별시 은평구,은평구 신사1동 ,하이브리드(LPG+전기),0,0,0,0,2,0,0,0,2,0,0,0,4,no
202608,11,11380,1138063100,q,서울,서울특별시 은평구,은평구 신사1동 ,수소,0,0,0,0,6,0,0,0,1,0,0,0,7,no
202608,11,11380,1138063100,z,서울,서울특별시 은평구,은평구 신사1동 ,기타연료,0,0,1,0,0,1,6,2,0,0,0,0,10,no
202608,11,11380,1138063200,a,서울,서울특별시 은평구,은평구 신사2동 ,휘발유,0,0,0,0,839,0,5,0,0,0,0,0,844,no
202608,11,11380,1138063200,b,서울,서울특별시 은평구,은평구 신사2동 ,경유,0,0,0,0,1059,87,411,9,1,0,54,9,1630,no
202608,11,11380,1138063200,c,서울,서울특별시 은평구,은평구 신사2동 ,엘피지,0,0,0,0,304,25,52,2,579,0,26,1,989,no
202608,11,11380,1138063200,e,서울,서울특별시 은평구,은평구 신사2동 ,전기,0,0,0,0,120,1,12,0,106,0,10,0,249,yes
202608,11,11380,1138063200,g,서울,서울특별시 은평구,은평구 신사2동 ,휘발유(유연),0,0,0,0,3,0,0,0,0,0,0,0,3,no
202608,11,11380,1138063200,h,서울,서울특별시 은평구,은평구 신사2동 ,휘발유(무연),0,0,0,0,2013,1,1,0,0,8,0,0,2023,no
202608,11,11380,1138063200,l,서울,서울특별시 은평구,은평구 신사2동 ,하이브리드(휘발유+전기),0,0,0,0,496,1,0,0,4,0,0,0,501,no
202608,11,11380,1138063200,m,서울,서울특별시 은평구,은평구 신사2동 ,하이브리드(경유+전기),0,0,0,0,2,0,0,0,0,0,0,0,2,no
202608,11,11380,1138063200,n,서울,서울특별시 은평구,은평구 신사2동 ,하이브리드(LPG+전기),0,0,0,0,2,0,0,0,0,0,0,0,2,no
202608,11,11380,1138063200,q,서울,서울특별시 은평구,은평구 신사2동 ,수소,0,0,0,0,11,0,0,0,0,0,0,0,11,no
202608,11,11380,1138063200,z,서울,서울특별시 은평구,은평구 신사2동 ,기타연료,0,0,0,0,0,2,5,1,0,0,0,0,8,no
202608,11,11380,1138064000,a,서울,서울특별시 은평구,은평구 증산동 ,휘발유,0,0,0,0,744,1,3,1,0,0,0,0,749,no
202608,11,11380,1138064000,b,서울,서울특별시 은평구,은평구 증산동 ,경유,0,0,0,0,908,82,316,6,0,0,46,11,1369,no
202608,11,11380,1138064000,c,서울,서울특별시 은평구,은평구 증산동 ,엘피지,0,0,0,0,208,17,27,1,242,0,9,0,504,no
202608,11,11380,1138064000,e,서울,서울특별시 은평구,은평구 증산동 ,전기,0,0,0,0,117,1,13,0,16,0,11,0,158,yes
202608,11,11380,1138064000,g,서울,서울특별시 은평구,은평구 증산동 ,휘발유(유연),0,0,0,0,2,0,0,0,0,0,0,0,2,no
202608,11,11380,1138064000,h,서울,서울특별시 은평구,은평구 증산동 ,휘발유(무연),0,0,0,0,1626,1,1,0,0,0,0,0,1628,no
202608,11,11380,1138064000,l,서울,서울특별시 은평구,은평구 증산동 ,하이브리드(휘발유+전기),0,0,0,0,528,2,2,0,1,0,0,0,533,no
202608,11,11380,1138064000,m,서울,서울특별시 은평구,은평구 증산동 ,하이브리드(경유+전기),0,0,0,0,5,0,0,0,0,0,0,0,5,no
202608,11,11380,1138064000,n,서울,서울특별시 은평구,은평구 증산동 ,하이브리드(LPG+전기),0,0,0,0,1,0,0,0,0,0,0,0,1,no
202608,11,11380,1138064000,q,서울,서울특별시 은평구,은평구 증산동 ,수소,0,0,0,0,5,0,0,0,0,0,0,0,5,no
202608,11,11380,1138064000,z,서울,서울특별시 은평구,은평구 증산동 ,기타연료,0,0,0,0,0,1,2,1,0,0,1,0,5,no
202608,11,11380,1138065000,a,서울,서울특별시 은평구,은평구 수색동 ,휘발유,0,0,0,0,1224,0,2,0,0,0,0,0,1226,no
202608,11,11380,1138065000,b,서울,서울특별시 은평구,은평구 수색동 ,경유,0,0,0,0,1340,53,340,6,10,1,42,8,1800,no
202608,11,11380,1138065000,c,서울,서울특별시 은평구,은평구 수색동 ,엘피지,0,0,0,0,270,18,42,0,107,0,7,0,444,no
202608,11,11380,1138065000,e,서울,서울특별시 은평구,은평구 수색동 ,전기,0,0,0,0,259,0,20,0,14,55,8,0,356,yes
202608,11,11380,1138065000,g,서울,서울특별시 은평구,은평구 수색동 ,휘발유(유연),0,0,0,0,1,0,0,0,0,0,0,0,1,no
202608,11,11380,1138065000,h,서울,서울특별시 은평구,은평구 수색동 ,휘발유(무연),0,0,0,0,2601,1,2,0,17,0,0,0,2621,no
202608,11,11380,1138065000,j,서울,서울특별시 은평구,은평구 수색동 ,CNG,0,0,0,0,0,0,0,0,0,115,0,0,115,no
202608,11,11380,1138065000,l,서울,서울특별시 은평구,은평구 수색동 ,하이브리드(휘발유+전기),0,0,0,0,943,1,6,0,2,0,1,0,953,no
202608,11,11380,1138065000,m,서울,서울특별시 은평구,은평구 수색동 ,하이브리드(경유+전기),0,0,0,0,24,0,0,0,0,0,0,0,24,no
202608,11,11380,1138065000,n,서울,서울특별시 은평구,은평구 수색동 ,하이브리드(LPG+전기),0,0,0,0,1,0,0,0,0,0,0,0,1,no
202608,11,11380,1138065000,q,서울,서울특별시 은평구,은평구 수색동 ,수소,0,0,0,0,13,0,0,0,0,0,0,0,13,no
202608,11,11380,1138065000,r,서울,서울특별시 은평구,은평구 수색동 ,수소전기,0,0,0,0,1,0,0,0,0,0,0,0,1,no
202608,11,11380,1138065000,z,서울,서울특별시 은평구,은평구 수색동 ,기타연료,0,0,0,0,0,2,11,3,0,0,0,0,16,no
202608,11,11380,1138069000,a,서울,서울특별시 은평구,은평구 진관동 ,휘발유,0,0,3,1,3210,1,15,1,1,0,0,0,3232,no
202608,11,11380,1138069000,b,서울,서울특별시 은평구,은평구 진관동 ,경유,4,14,28,13,3213,210,619,20,1,1,64,5,4192,no
202608,11,11380,1138069000,c,서울,서울특별시 은평구,은평구 진관동 ,엘피지,0,0,4,0,682,33,92,2,456,1,20,1,1291,no
202608,11,11380,1138069000,e,서울,서울특별시 은평구,은평구 진관동 ,전기,11,0,2,0,585,1,58,0,63,41,16,0,777,yes
202608,11,11380,1138069000,g,서울,서울특별시 은평구,은평구 진관동 ,휘발유(유연),0,0,0,0,5,0,0,0,0,0,0,0,5,no
202608,11,11380,1138069000,h,서울,서울특별시 은평구,은평구 진관동 ,휘발유(무연),0,0,0,0,6257,1,9,1,2,0,0,0,6270,no
202608,11,11380,1138069000,j,서울,서울특별시 은평구,은평구 진관동 ,CNG,0,0,0,0,0,0,0,0,0,167,0,0,167,no
202608,11,11380,1138069000,l,서울,서울특별시 은평구,은평구 진관동 ,하이브리드(휘발유+전기),3,3,0,0,2092,4,4,0,7,0,0,0,2113,no
202608,11,11380,1138069000,m,서울,서울특별시 은평구,은평구 진관동 ,하이브리드(경유+전기),0,0,0,0,29,0,0,0,0,0,0,0,29,no
202608,11,11380,1138069000,n,서울,서울특별시 은평구,은평구 진관동 ,하이브리드(LPG+전기),0,0,0,0,7,0,0,0,0,0,0,0,7,no
202608,11,11380,1138069000,q,서울,서울특별시 은평구,은평구 진관동 ,수소,0,0,0,0,21,0,0,0,0,0,0,0,21,no
202608,11,11380,1138069000,r,서울,서울특별시 은평구,은평구 진관동 ,수소전기,0,0,0,0,3,0,0,0,0,0,0,0,3,no
202608,11,11380,1138069000,z,서울,서울특별시 은평구,은평구 진관동 ,기타연료,0,0,5,0,0,6,15,7,0,0,0,0,33,no
202608,11,11410,1141011100,b,서울,서울특별시 서대문구,기타,경유,0,0,0,0,1,0,0,0,0,0,0,0,1,no
202608,11,11410,1141052000,a,서울,서울특별시 서대문구,서대문구 천연동 ,휘발유,0,0,0,0,844,1,2,1,4,0,0,0,852,no
202608,11,11410,1141052000,b,서울,서울특별시 서대문구,서대문구 천연동 ,경유,0,0,0,0,839,67,150,9,93,54,19,0,1231,no
202608,11,11410,1141052000,c,서울,서울특별시 서대문구,서대문구 천연동 ,엘피지,0,0,0,0,145,10,35,1,59,1,5,0,256,no
202608,11,11410,1141052000,e,서울,서울특별시 서대문구,서대문구 천연동 ,전기,0,0,0,0,134,0,10,0,11,0,4,0,159,yes
202608,11,11410,1141052000,h,서울,서울특별시 서대문구,서대문구 천연동 ,휘발유(무연),0,0,0,0,1746,2,4,0,31,0,0,0,1783,no
202608,11,11410,1141052000,j,서울,서울특별시 서대문구,서대문구 천연동 ,CNG,0,0,0,0,1,0,0,0,0,0,0,0,1,no
202608,11,11410,1141052000,l,서울,서울특별시 서대문구,서대문구 천연동 ,하이브리드(휘발유+전기),0,0,0,0,621,0,2,1,32,2,0,0,658,no
202608,11,11410,1141052000,m,서울,서울특별시 서대문구,서대문구 천연동 ,하이브리드(경유+전기),0,0,0,0,12,0,0,0,0,0,0,0,12,no
202608,11,11410,1141052000,q,서울,서울특별시 서대문구,서대문구 천연동 ,수소,0,0,0,0,3,0,0,0,0,0,0,0,3,no
202608,11,11410,1141052000,z,서울,서울특별시 서대문구,서대문구 천연동 ,기타연료,0,0,0,0,0,1,4,2,0,0,0,0,7,no
202608,11,11410,1141055500,a,서울,서울특별시 서대문구,서대문구 북아현동 ,휘발유,0,0,0,0,791,0,1,0,0,0,0,0,792,no
202608,11,11410,1141055500,b,서울,서울특별시 서대문구,서대문구 북아현동 ,경유,0,1,0,0,817,63,154,3,0,0,15,2,1055,no
202608,11,11410,1141055500,c,서울,서울특별시 서대문구,서대문구 북아현동 ,엘피지,0,0,0,0,108,9,27,0,33,0,7,0,184,no
202608,11,11410,1141055500,e,서울,서울특별시 서대문구,서대문구 북아현동 ,전기,0,0,0,0,147,0,10,0,1,2,1,0,161,yes
202608,11,11410,1141055500,g,서울,서울특별시 서대문구,서대문구 북아현동 ,휘발유(유연),0,0,0,0,3,0,0,0,0,0,0,0,3,no
202608,11,11410,1141055500,h,서울,서울특별시 서대문구,서대문구 북아현동 ,휘발유(무연),2,0,0,0,1485,0,2,0,0,0,0,0,1489,no
202608,11,11410,1141055500,j,서울,서울특별시 서대문구,서대문구 북아현동 ,CNG,0,0,0,0,0,0,0,0,0,12,0,0,12,no
202608,11,11410,1141055500,l,서울,서울특별시 서대문구,서대문구 북아현동 ,하이브리드(휘발유+전기),5,0,0,0,602,2,2,0,1,0,0,0,612,no
202608,11,11410,1141055500,m,서울,서울특별시 서대문구,서대문구 북아현동 ,하이브리드(경유+전기),0,0,0,0,11,0,0,0,0,0,0,0,11,no
202608,11,11410,1141055500,n,서울,서울특별시 서대문구,서대문구 북아현동 ,하이브리드(LPG+전기),1,0,0,0,2,0,0,0,0,0,0,0,3,no
202608,11,11410,1141055500,q,서울,서울특별시 서대문구,서대문구 북아현동 ,수소,0,0,0,0,5,0,0,0,0,0,0,0,5,no
202608,11,11410,1141055500,z,서울,서울특별시 서대문구,서대문구 북아현동 ,기타연료,0,0,0,0,0,2,5,1,0,0,1,0,9,no
202608,11,11410,1141056500,a,서울,서울특별시 서대문구,서대문구 충현동 ,휘발유,3,0,0,0,978,1,9,1,6,0,0,0,998,no
202608,11,11410,1141056500,b,서울,서울특별시 서대문구,서대문구 충현동 ,경유,20,65,4,4,1056,106,335,10,165,12,265,15,2057,no
202608,11,11410,1141056500,c,서울,서울특별시 서대문구,서대문구 충현동 ,엘피지,0,7,2,0,178,23,54,0,62,1,18,0,345,no
202608,11,11410,1141056500,e,서울,서울특별시 서대문구,서대문구 충현동 ,전기,55,0,1,0,162,0,24,0,60,1,4,0,307,yes
202608,11,11410,1141056500,g,서울,서울특별시 서대문구,서대문구 충현동 ,휘발유(유연),0,0,0,0,1,0,0,0,0,0,0,0,1,no
202608,11,11410,1141056500,h,서울,서울특별시 서대문구,서대문구 충현동 ,휘발유(무연),28,1,0,0,1897,1,3,0,355,0,0,0,2285,no
202608,11,11410,1141056500,j,서울,서울특별시 서대문구,서대문구 충현동 ,CNG,0,0,0,0,0,0,0,0,0,10,0,0,10,no
202608,11,11410,1141056500,l,서울,서울특별시 서대문구,서대문구 충현동 ,하이브리드(휘발유+전기),23,0,0,0,604,2,2,0,50,0,0,0,681,no
202608,11,11410,1141056500,m,서울,서울특별시 서대문구,서대문구 충현동 ,하이브리드(경유+전기),0,0,0,0,14,0,0,0,2,0,0,0,16,no
202608,11,11410,1141056500,n,서울,서울특별시 서대문구,서대문구 충현동 ,하이브리드(LPG+전기),0,0,0,0,2,0,0,0,0,0,0,0,2,no
202608,11,11410,1141056500,q,서울,서울특별시 서대문구,서대문구 충현동 ,수소,1,0,0,0,5,0,0,0,0,0,0,0,6,no
202608,11,11410,1141056500,z,서울,서울특별시 서대문구,서대문구 충현동 ,기타연료,0,0,0,0,0,2,5,1,0,0,21,0,29,no
202608,11,11410,1141058500,a,서울,서울특별시 서대문구,서대문구 신촌동 ,휘발유,0,0,0,0,755,1,5,0,2,0,0,0,763,no
202608,11,11410,1141058500,b,서울,서울특별시 서대문구,서대문구 신촌동 ,경유,0,0,10,0,649,72,227,6,14,2,13,3,996,no
202608,11,11410,1141058500,c,서울,서울특별시 서대문구,서대문구 신촌동 ,엘피지,0,0,6,0,106,9,33,0,45,3,5,1,208,no
202608,11,11410,1141058500,e,서울,서울특별시 서대문구,서대문구 신촌동 ,전기,0,0,0,0,114,1,12,0,3,0,5,0,135,yes
202608,11,11410,1141058500,g,서울,서울특별시 서대문구,서대문구 신촌동 ,휘발유(유연),0,0,0,0,2,0,0,0,0,0,0,0,2,no
202608,11,11410,1141058500,h,서울,서울특별시 서대문구,서대문구 신촌동 ,휘발유(무연),2,0,0,0,1299,3,3,0,115,0,0,0,1422,no
202608,11,11410,1141058500,l,서울,서울특별시 서대문구,서대문구 신촌동 ,하이브리드(휘발유+전기),0,0,0,0,383,2,1,0,10,0,0,0,396,no
202608,11,11410,1141058500,m,서울,서울특별시 서대문구,서대문구 신촌동 ,하이브리드(경유+전기),0,0,0,0,9,0,0,0,0,0,0,0,9,no
202608,11,11410,1141058500,n,서울,서울특별시 서대문구,서대문구 신촌동 ,하이브리드(LPG+전기),0,0,0,0,0,0,0,0,1,0,0,0,1,no
202608,11,11410,1141058500,q,서울,서울특별시 서대문구,서대문구 신촌동 ,수소,0,0,0,0,6,0,0,0,0,0,0,0,6,no
202608,11,11410,1141058500,r,서울,서울특별시 서대문구,서대문구 신촌동 ,수소전기,0,0,0,0,1,0,0,0,0,0,0,0,1,no
202608,11,11410,1141058500,z,서울,서울특별시 서대문구,서대문구 신촌동 ,기타연료,0,0,0,0,0,0,5,0,0,0,0,0,5,no
202608,11,11410,1141061500,a,서울,서울특별시 서대문구,서대문구 연희동 ,휘발유,4,0,0,0,1879,2,16,0,0,0,0,0,1901,no
202608,11,11410,1141061500,b,서울,서울특별시 서대문구,서대문구 연희동 ,경유,6,25,72,6,1647,207,469,7,0,1,66,12,2518,no
202608,11,11410,1141061500,c,서울,서울특별시 서대문구,서대문구 연희동 ,엘피지,0,1,16,0,307,31,76,0,134,7,22,0,594,no
202608,11,11410,1141061500,e,서울,서울특별시 서대문구,서대문구 연희동 ,전기,47,0,6,0,255,0,13,0,13,3,9,0,346,yes
202608,11,11410,1141061500,g,서울,서울특별시 서대문구,서대문구 연희동 ,휘발유(유연),0,0,0,0,4,0,0,0,0,0,0,0,4,no
202608,11,11410,1141061500,h,서울,서울특별시 서대문구,서대문구 연희동 ,휘발유(무연),14,0,0,0,3050,3,7,0,0,0,0,0,3074,no
202608,11,11410,1141061500,j,서울,서울특별시 서대문구,서대문구 연희동 ,CNG,0,2,4,0,1,0,0,0,0,0,0,0,7,no
202608,11,11410,1141061500,l,서울,서울특별시 서대문구,서대문구 연희동 ,하이브리드(휘발유+전기),7,1,0,0,994,4,2,0,5,0,0,0,1013,no
202608,11,11410,1141061500,m,서울,서울특별시 서대문구,서대문구 연희동 ,하이브리드(경유+전기),0,0,0,0,16,0,0,0,0,0,0,0,16,no
202608,11,11410,1141061500,n,서울,서울특별시 서대문구,서대문구 연희동 ,하이브리드(LPG+전기),1,0,0,0,5,0,0,0,0,0,0,0,6,no
202608,11,11410,1141061500,q,서울,서울특별시 서대문구,서대문구 연희동 ,수소,1,0,0,0,11,0,0,0,0,0,0,0,12,no
202608,11,11410,1141061500,z,서울,서울특별시 서대문구,서대문구 연희동 ,기타연료,0,0,0,0,0,0,6,2,0,0,0,0,8,no
202608,11,11410,1141062000,a,서울,서울특별시 서대문구,서대문구 홍제1동 ,휘발유,0,0,0,0,1234,2,6,0,0,0,0,0,1242,no
202608,11,11410,1141062000,b,서울,서울특별시 서대문구,서대문구 홍제1동 ,경유,0,0,4,0,1272,96,317,8,0,0,41,8,1746,no
202608,11,11410,1141062000,c,서울,서울특별시 서대문구,서대문구 홍제1동 ,엘피지,0,0,7,0,228,27,34,0,63,1,12,0,372,no
202608,11,11410,1141062000,e,서울,서울특별시 서대문구,서대문구 홍제1동 ,전기,8,0,3,0,176,1,18,0,11,4,11,0,232,yes
202608,11,11410,1141062000,g,서울,서울특별시 서대문구,서대문구 홍제1동 ,휘발유(유연),0,0,0,0,3,0,0,0,0,0,0,0,3,no
202608,11,11410,1141062000,h,서울,서울특별시 서대문구,서대문구 홍제1동 ,휘발유(무연),5,0,0,0,2516,3,4,0,0,0,0,0,2528,no
202608,11,11410,1141062000,j,서울,서울특별시 서대문구,서대문구 홍제1동 ,CNG,0,0,0,0,0,0,0,0,0,5,0,0,5,no
202608,11,11410,1141062000,l,서울,서울특별시 서대문구,서대문구 홍제1동 ,하이브리드(휘발유+전기),0,0,0,0,817,3,3,1,0,0,0,0,824,no
202608,11,11410,1141062000,m,서울,서울특별시 서대문구,서대문구 홍제1동 ,하이브리드(경유+전기),0,0,0,0,11,0,0,0,0,0,0,0,11,no
202608,11,11410,1141062000,n,서울,서울특별시 서대문구,서대문구 홍제1동 ,하이브리드(LPG+전기),0,0,0,0,3,0,0,0,0,0,0,0,3,no
202608,11,11410,1141062000,q,서울,서울특별시 서대문구,서대문구 홍제1동 ,수소,0,0,0,0,14,0,0,0,0,0,0,0,14,no
202608,11,11410,1141062000,z,서울,서울특별시 서대문구,서대문구 홍제1동 ,기타연료,0,0,0,0,0,6,6,1,0,0,0,0,13,no
202608,11,11410,1141064000,a,서울,서울특별시 서대문구,서대문구 홍제3동 ,휘발유,0,0,0,0,790,0,3,0,0,0,0,0,793,no
202608,11,11410,1141064000,b,서울,서울특별시 서대문구,서대문구 홍제3동 ,경유,0,0,0,0,888,83,243,9,0,0,37,3,1263,no
202608,11,11410,1141064000,c,서울,서울특별시 서대문구,서대문구 홍제3동 ,엘피지,0,0,0,0,173,14,38,1,50,0,11,0,287,no
202608,11,11410,1141064000,e,서울,서울특별시 서대문구,서대문구 홍제3동 ,전기,0,0,0,0,99,11,4,0,13,0,9,0,136,yes
202608,11,11410,1141064000,g,서울,서울특별시 서대문구,서대문구 홍제3동 ,휘발유(유연),0,0,0,0,2,0,0,0,0,0,0,0,2,no
202608,11,11410,1141064000,h,서울,서울특별시 서대문구,서대문구 홍제3동 ,휘발유(무연),0,0,0,0,1625,3,1,0,1,0,0,0,1630,no
202608,11,11410,1141064000,l,서울,서울특별시 서대문구,서대문구 홍제3동 ,하이브리드(휘발유+전기),0,0,0,0,516,1,2,0,1,0,0,0,520,no
202608,11,11410,1141064000,m,서울,서울특별시 서대문구,서대문구 홍제3동 ,하이브리드(경유+전기),0,0,0,0,4,0,0,0,0,0,0,0,4,no
202608,11,11410,1141064000,n,서울,서울특별시 서대문구,서대문구 홍제3동 ,하이브리드(LPG+전기),0,0,0,0,1,0,0,0,0,0,0,0,1,no
202608,11,11410,1141064000,q,서울,서울특별시 서대문구,서대문구 홍제3동 ,수소,0,0,0,0,4,0,0,0,0,0,0,0,4,no
202608,11,11410,1141064000,z,서울,서울특별시 서대문구,서대문구 홍제3동 ,기타연료,0,0,0,0,0,2,6,0,0,0,0,0,8,no
202608,11,11410,1141065500,a,서울,서울특별시 서대문구,서대문구 홍제2동 ,휘발유,0,0,0,0,625,0,1,0,0,0,0,0,626,no
202608,11,11410,1141065500,b,서울,서울특별시 서대문구,서대문구 홍제2동 ,경유,0,0,0,0,571,42,98,1,0,0,17,2,731,no
202608,11,11410,1141065500,c,서울,서울특별시 서대문구,서대문구 홍제2동 ,엘피지,0,0,0,0,106,6,15,0,28,0,7,0,162,no
202608,11,11410,1141065500,e,서울,서울특별시 서대문구,서대문구 홍제2동 ,전기,5,0,1,0,79,0,5,0,2,0,3,0,95,yes
202608,11,11410,1141065500,g,서울,서울특별시 서대문구,서대문구 홍제2동 ,휘발유(유연),0,0,0,0,1,0,0,0,0,0,0,0,1,no
202608,11,11410,1141065500,h,서울,서울특별시 서대문구,서대문구 홍제2동 ,휘발유(무연),0,0,0,0,1344,0,3,0,0,0,0,0,1347,no
202608,11,11410,1141065500,j,서울,서울특별시 서대문구,서대문구 홍제2동 ,CNG,0,0,0,0,1,0,0,0,0,0,0,0,1,no
202608,11,11410,1141065500,l,서울,서울특별시 서대문구,서대문구 홍제2동 ,하이브리드(휘발유+전기),0,0,0,0,436,0,0,0,0,0,0,0,436,no
202608,11,11410,1141065500,m,서울,서울특별시 서대문구,서대문구 홍제2동 ,하이브리드(경유+전기),0,0,0,0,2,0,0,0,0,0,0,0,2,no
202608,11,11410,1141065500,q,서울,서울특별시 서대문구,서대문구 홍제2동 ,수소,0,0,0,0,5,0,0,0,0,0,0,0,5,no
202608,11,11410,1141065500,z,서울,서울특별시 서대문구,서대문구 홍제2동 ,기타연료,0,0,0,0,0,0,1,1,0,0,0,0,2,no
202608,11,11410,1141066000,a,서울,서울특별시 서대문구,서대문구 홍은1동 ,휘발유,0,0,0,0,1244,2,7,0,0,0,0,0,1253,no
202608,11,11410,1141066000,b,서울,서울특별시 서대문구,서대문구 홍은1동 ,경유,0,0,0,0,1466,101,400,7,0,6,49,6,2035,no
202608,11,11410,1141066000,c,서울,서울특별시 서대문구,서대문구 홍은1동 ,엘피지,0,0,0,0,240,22,49,1,155,0,14,0,481,no
202608,11,11410,1141066000,e,서울,서울특별시 서대문구,서대문구 홍은1동 ,전기,0,0,0,0,186,1,15,1,17,29,16,0,265,yes
202608,11,11410,1141066000,g,서울,서울특별시 서대문구,서대문구 홍은1동 ,휘발유(유연),0,0,0,0,2,0,0,0,0,0,0,0,2,no
202608,11,11410,1141066000,h,서울,서울특별시 서대문구,서대문구 홍은1동 ,휘발유(무연),0,0,0,0,2633,3,4,0,0,0,0,0,2640,no
202608,11,11410,1141066000,j,서울,서울특별시 서대문구,서대문구 홍은1동 ,CNG,0,0,0,0,0,0,0,0,0,33,0,0,33,no
202608,11,11410,1141066000,l,서울,서울특별시 서대문구,서대문구 홍은1동 ,하이브리드(휘발유+전기),0,0,0,0,868,1,4,0,5,0,0,0,878,no
202608,11,11410,1141066000,m,서울,서울특별시 서대문구,서대문구 홍은1동 ,하이브리드(경유+전기),0,0,0,0,13,0,0,0,0,0,0,0,13,no
202608,11,11410,1141066000,n,서울,서울특별시 서대문구,서대문구 홍은1동 ,하이브리드(LPG+전기),0,0,0,0,0,0,0,0,1,0,0,0,1,no
202608,11,11410,1141066000,o,서울,서울특별시 서대문구,서대문구 홍은1동 ,하이브리드(CNG+전기),0,0,0,0,0,0,0,0,0,2,0,0,2,no
202608,11,11410,1141066000,q,서울,서울특별시 서대문구,서대문구 홍은1동 ,수소,0,0,0,0,9,0,0,0,0,0,0,0,9,no
202608,11,11410,1141066000,r,서울,서울특별시 서대문구,서대문구 홍은1동 ,수소전기,0,0,0,0,3,0,0,0,0,0,0,0,3,no
202608,11,11410,1141066000,z,서울,서울특별시 서대문구,서대문구 홍은1동 ,기타연료,0,0,0,0,0,1,7,1,0,0,0,0,9,no
202608,11,11410,1141068500,a,서울,서울특별시 서대문구,서대문구 홍은2동 ,휘발유,0,0,0,0,1384,0,3,0,1,0,0,0,1388,no
202608,11,11410,1141068500,b,서울,서울특별시 서대문구,서대문구 홍은2동 ,경유,0,0,0,0,1513,99,453,7,1,4,66,10,2153,no
202608,11,11410,1141068500,c,서울,서울특별시 서대문구,서대문구 홍은2동 ,엘피지,0,0,0,0,320,31,61,1,101,0,18,0,532,no
202608,11,11410,1141068500,e,서울,서울특별시 서대문구,서대문구 홍은2동 ,전기,0,0,0,0,182,0,24,0,9,36,15,0,266,yes
202608,11,11410,1141068500,h,서울,서울특별시 서대문구,서대문구 홍은2동 ,휘발유(무연),0,0,0,0,2815,2,8,0,0,0,0,0,2825,no
202608,11,11410,1141068500,j,서울,서울특별시 서대문구,서대문구 홍은2동 ,CNG,0,0,0,0,0,0,0,0,0,19,0,0,19,no
202608,11,11410,1141068500,l,서울,서울특별시 서대문구,서대문구 홍은2동 ,하이브리드(휘발유+전기),0,0,0,0,767,1,3,0,3,0,0,0,774,no
202608,11,11410,1141068500,m,서울,서울특별시 서대문구,서대문구 홍은2동 ,하이브리드(경유+전기),0,0,0,0,9,0,0,0,0,0,0,0,9,no
202608,11,11410,1141068500,n,서울,서울특별시 서대문구,서대문구 홍은2동 ,하이브리드(LPG+전기),0,0,0,0,2,0,0,0,0,0,0,0,2,no
202608,11,11410,1141068500,q,서울,서울특별시 서대문구,서대문구 홍은2동 ,수소,0,0,0,0,7,0,0,0,0,0,0,0,7,no
202608,11,11410,1141068500,r,서울,서울특별시 서대문구,서대문구 홍은2동 ,수소전기,0,0,0,0,2,0,0,0,0,0,0,0,2,no
202608,11,11410,1141068500,z,서울,서울특별시 서대문구,서대문구 홍은2동 ,기타연료,0,0,0,0,0,5,16,1,0,0,0,0,22,no
202608,11,11410,1141069000,a,서울,서울특별시 서대문구,서대문구 남가좌1동 ,휘발유,0,0,0,0,1165,1,2,0,0,0,0,0,1168,no
202608,11,11410,1141069000,b,서울,서울특별시 서대문구,서대문구 남가좌1동 ,경유,0,0,0,0,1087,49,225,13,0,0,18,3,1395,no
202608,11,11410,1141069000,c,서울,서울특별시 서대문구,서대문구 남가좌1동 ,엘피지,0,0,0,0,151,10,23,0,30,0,10,0,224,no
202608,11,11410,1141069000,e,서울,서울특별시 서대문구,서대문구 남가좌1동 ,전기,0,0,0,0,268,0,20,1,7,22,4,0,322,yes
202608,11,11410,1141069000,g,서울,서울특별시 서대문구,서대문구 남가좌1동 ,휘발유(유연),0,0,0,0,2,0,0,0,0,0,0,0,2,no
202608,11,11410,1141069000,h,서울,서울특별시 서대문구,서대문구 남가좌1동 ,휘발유(무연),0,0,0,0,2042,0,3,0,0,0,0,0,2045,no
202608,11,11410,1141069000,j,서울,서울특별시 서대문구,서대문구 남가좌1동 ,CNG,0,0,0,0,0,0,0,0,0,65,0,0,65,no
202608,11,11410,1141069000,l,서울,서울특별시 서대문구,서대문구 남가좌1동 ,하이브리드(휘발유+전기),0,0,0,0,873,2,0,0,1,0,0,0,876,no
202608,11,11410,1141069000,m,서울,서울특별시 서대문구,서대문구 남가좌1동 ,하이브리드(경유+전기),0,0,0,0,25,0,0,0,0,0,0,0,25,no
202608,11,11410,1141069000,n,서울,서울특별시 서대문구,서대문구 남가좌1동 ,하이브리드(LPG+전기),0,0,0,0,1,0,0,0,0,0,0,0,1,no
202608,11,11410,1141069000,q,서울,서울특별시 서대문구,서대문구 남가좌1동 ,수소,0,0,0,0,9,0,0,0,0,0,0,0,9,no
202608,11,11410,1141069000,z,서울,서울특별시 서대문구,서대문구 남가좌1동 ,기타연료,0,0,0,0,0,4,12,4,0,0,0,0,20,no
202608,11,11410,1141070000,a,서울,서울특별시 서대문구,서대문구 남가좌2동 ,휘발유,0,0,0,0,1453,0,6,1,0,0,0,0,1460,no
202608,11,11410,1141070000,b,서울,서울특별시 서대문구,서대문구 남가좌2동 ,경유,0,0,0,0,1597,119,375,4,0,0,50,3,2148,no
202608,11,11410,1141070000,c,서울,서울특별시 서대문구,서대문구 남가좌2동 ,엘피지,0,0,0,0,312,24,59,0,99,0,24,0,518,no
202608,11,11410,1141070000,e,서울,서울특별시 서대문구,서대문구 남가좌2동 ,전기,0,0,0,0,246,0,16,0,14,0,12,0,288,yes
202608,11,11410,1141070000,h,서울,서울특별시 서대문구,서대문구 남가좌2동 ,휘발유(무연),1,0,0,0,2907,0,2,0,0,0,0,0,2910,no
202608,11,11410,1141070000,l,서울,서울특별시 서대문구,서대문구 남가좌2동 ,하이브리드(휘발유+전기),0,0,0,0,1022,5,4,0,3,0,1,0,1035,no
202608,11,11410,1141070000,m,서울,서울특별시 서대문구,서대문구 남가좌2동 ,하이브리드(경유+전기),0,0,0,0,23,0,0,0,0,0,0,0,23,no
202608,11,11410,1141070000,n,서울,서울특별시 서대문구,서대문구 남가좌2동 ,하이브리드(LPG+전기),0,0,0,0,1,0,0,0,0,0,0,0,1,no
202608,11,11410,1141070000,q,서울,서울특별시 서대문구,서대문구 남가좌2동 ,수소,0,0,0,0,8,0,0,0,0,0,0,0,8,no
202608,11,11410,1141070000,r,서울,서울특별시 서대문구,서대문구 남가좌2동 ,수소전기,0,0,0,0,1,0,0,0,0,0,0,0,1,no
202608,11,11410,1141070000,z,서울,서울특별시 서대문구,서대문구 남가좌2동 ,기타연료,0,0,0,0,1,5,11,7,0,0,0,0,24,no
202608,11,11410,1141071000,a,서울,서울특별시 서대문구,서대문구 북가좌1동 ,휘발유,0,0,0,0,1004,0,3,0,0,0,0,0,1007,no
202608,11,11410,1141071000,b,서울,서울특별시 서대문구,서대문구 북가좌1동 ,경유,0,0,0,0,1032,83,266,7,0,0,589,24,2001,no
202608,11,11410,1141071000,c,서울,서울특별시 서대문구,서대문구 북가좌1동 ,엘피지,0,0,0,0,220,16,38,1,895,0,35,0,1205,no
202608,11,11410,1141071000,e,서울,서울특별시 서대문구,서대문구 북가좌1동 ,전기,0,0,0,0,193,2,24,0,96,0,2,0,317,yes
202608,11,11410,1141071000,g,서울,서울특별시 서대문구,서대문구 북가좌1동 ,휘발유(유연),0,0,0,0,1,0,0,0,0,0,0,0,1,no
202608,11,11410,1141071000,h,서울,서울특별시 서대문구,서대문구 북가좌1동 ,휘발유(무연),0,0,0,0,2023,2,2,0,1,0,0,0,2028,no
202608,11,11410,1141071000,l,서울,서울특별시 서대문구,서대문구 북가좌1동 ,하이브리드(휘발유+전기),0,0,0,0,731,4,1,0,11,0,0,0,747,no
202608,11,11410,1141071000,m,서울,서울특별시 서대문구,서대문구 북가좌1동 ,하이브리드(경유+전기),0,0,0,0,13,0,0,0,0,0,0,0,13,no
202608,11,11410,1141071000,n,서울,서울특별시 서대문구,서대문구 북가좌1동 ,하이브리드(LPG+전기),0,0,0,0,0,0,0,0,1,0,0,0,1,no
202608,11,11410,1141071000,q,서울,서울특별시 서대문구,서대문구 북가좌1동 ,수소,0,0,0,0,8,0,0,0,0,0,0,0,8,no
202608,11,11410,1141071000,r,서울,서울특별시 서대문구,서대문구 북가좌1동 ,수소전기,0,0,0,0,3,0,0,0,0,0,0,0,3,no
202608,11,11410,1141071000,z,서울,서울특별시 서대문구,서대문구 북가좌1동 ,기타연료,0,0,0,0,0,1,9,1,0,0,16,0,27,no
202608,11,11410,1141072000,a,서울,서울특별시 서대문구,서대문구 북가좌2동 ,휘발유,0,0,0,0,1200,0,5,0,0,0,0,0,1205,no
202608,11,11410,1141072000,b,서울,서울특별시 서대문구,서대문구 북가좌2동 ,경유,0,0,0,0,1489,148,588,17,0,0,123,18,2383,no
202608,11,11410,1141072000,c,서울,서울특별시 서대문구,서대문구 북가좌2동 ,엘피지,0,0,0,0,392,33,64,4,441,0,36,0,970,no
202608,11,11410,1141072000,e,서울,서울특별시 서대문구,서대문구 북가좌2동 ,전기,0,0,0,0,107,0,27,1,75,20,13,0,243,yes
202608,11,11410,1141072000,g,서울,서울특별시 서대문구,서대문구 북가좌2동 ,휘발유(유연),0,0,0,0,4,0,0,0,0,0,0,0,4,no
202608,11,11410,1141072000,h,서울,서울특별시 서대문구,서대문구 북가좌2동 ,휘발유(무연),0,0,0,0,2805,3,5,0,0,0,0,0,2813,no
202608,11,11410,1141072000,j,서울,서울특별시 서대문구,서대문구 북가좌2동 ,CNG,0,0,0,0,1,0,0,0,0,40,0,0,41,no
202608,11,11410,1141072000,l,서울,서울특별시 서대문구,서대문구 북가좌2동 ,하이브리드(휘발유+전기),0,0,0,0,647,1,4,1,9,0,0,0,662,no
202608,11,11410,1141072000,m,서울,서울특별시 서대문구,서대문구 북가좌2동 ,하이브리드(경유+전기),0,0,0,0,10,0,0,0,0,0,0,0,10,no
202608,11,11410,1141072000,n,서울,서울특별시 서대문구,서대문구 북가좌2동 ,하이브리드(LPG+전기),0,0,0,0,2,0,0,0,7,0,0,0,9,no
202608,11,11410,1141072000,q,서울,서울특별시 서대문구,서대문구 북가좌2동 ,수소,0,0,0,0,11,0,0,0,0,0,0,0,11,no
202608,11,11410,1141072000,r,서울,서울특별시 서대문구,서대문구 북가좌2동 ,수소전기,0,0,0,0,2,0,0,0,0,0,0,0,2,no
202608,11,11410,1141072000,z,서울,서울특별시 서대문구,서대문구 북가좌2동 ,기타연료,0,0,0,0,0,2,11,1,0,0,1,0,15,no
202608,11,11440,1114068000,b,서울,서울특별시 마포구,중구 중림동 ,경유,0,0,0,0,1,0,0,0,0,0,0,0,1,no
202608,11,11440,1141071000,c,서울,서울특별시 마포구,서대문구 북가좌1동 ,엘피지,0,0,0,0,1,0,0,0,0,0,0,0,1,no
202608,11,11440,1144010200,b,서울,서울특별시 마포구,기타,경유,0,0,0,0,0,0,2,0,0,0,0,0,2,no
202608,11,11440,1144010200,h,서울,서울특별시 마포구,기타,휘발유(무연),0,0,0,0,1,0,0,0,0,0,0,0,1,no
202608,11,11440,1144010400,b,서울,서울특별시 마포구,기타,경유,0,0,0,0,1,0,0,0,0,0,0,0,1,no
202608,11,11440,1144010700,b,서울,서울특별시 마포구,기타,경유,0,0,0,0,1,0,0,0,0,0,0,0,1,no
202608,11,11440,1144012000,h,서울,서울특별시 마포구,기타,휘발유(무연),0,0,0,0,1,0,0,0,0,0,0,0,1,no
202608,11,11440,1144012100,h,서울,서울특별시 마포구,기타,휘발유(무연),0,0,0,0,1,0,0,0,0,0,0,0,1,no
202608,11,11440,1144012300,b,서울,서울특별시 마포구,기타,경유,0,0,0,0,1,0,0,0,0,0,0,0,1,no
202608,11,11440,1144012400,h,서울,서울특별시 마포구,기타,휘발유(무연),0,0,0,0,1,0,0,0,0,0,0,0,1,no
202608,11,11440,1144012500,b,서울,서울특별시 마포구,기타,경유,0,0,0,0,1,0,0,0,0,0,0,0,1,no
202608,11,11440,1144012700,b,서울,서울특별시 마포구,기타,경유,0,0,0,0,0,2,0,0,0,0,0,0,2,no
202608,11,11440,1144012700,l,서울,서울특별시 마포구,기타,하이브리드(휘발유+전기),0,0,0,0,1,0,0,0,0,0,0,0,1,no
202608,11,11440,1144055500,a,서울,서울특별시 마포구,마포구 아현동 ,휘발유,0,0,0,0,2127,0,5,0,0,0,0,0,2132,no
202608,11,11440,1144055500,b,서울,서울특별시 마포구,마포구 아현동 ,경유,0,1,1,0,1621,90,206,14,0,0,54,3,1990,no
202608,11,11440,1144055500,c,서울,서울특별시 마포구,마포구 아현동 ,엘피지,0,0,0,0,138,14,34,0,31,0,12,0,229,no
202608,11,11440,1144055500,e,서울,서울특별시 마포구,마포구 아현동 ,전기,1,0,0,0,437,2,80,0,9,0,2,0,531,yes
202608,11,11440,1144055500,g,서울,서울특별시 마포구,마포구 아현동 ,휘발유(유연),0,0,0,0,3,0,0,0,0,0,0,0,3,no
202608,11,11440,1144055500,h,서울,서울특별시 마포구,마포구 아현동 ,휘발유(무연),0,0,0,0,3351,0,4,0,0,0,0,0,3355,no
202608,11,11440,1144055500,l,서울,서울특별시 마포구,마포구 아현동 ,하이브리드(휘발유+전기),0,0,0,0,1566,3,1,0,1,0,0,0,1571,no
202608,11,11440,1144055500,m,서울,서울특별시 마포구,마포구 아현동 ,하이브리드(경유+전기),0,0,0,0,32,0,0,0,0,0,0,0,32,no
202608,11,11440,1144055500,n,서울,서울특별시 마포구,마포구 아현동 ,하이브리드(LPG+전기),0,0,0,0,1,0,0,0,1,0,0,0,2,no
202608,11,11440,1144055500,q,서울,서울특별시 마포구,마포구 아현동 ,수소,0,0,0,0,12,0,0,0,0,0,0,0,12,no
202608,11,11440,1144055500,r,서울,서울특별시 마포구,마포구 아현동 ,수소전기,0,0,0,0,3,0,0,0,0,0,0,0,3,no
202608,11,11440,1144055500,z,서울,서울특별시 마포구,마포구 아현동 ,기타연료,0,0,0,0,0,5,9,4,0,0,0,0,18,no
202608,11,11440,1144056500,a,서울,서울특별시 마포구,마포구 공덕동 ,휘발유,2,0,0,0,2153,1,10,0,18,0,0,0,2184,no
202608,11,11440,1144056500,b,서울,서울특별시 마포구,마포구 공덕동 ,경유,2,4,11,0,1904,153,587,13,11,1,313,28,3027,no
202608,11,11440,1144056500,c,서울,서울특별시 마포구,마포구 공덕동 ,엘피지,0,0,3,0,264,27,86,0,93,0,33,1,507,no
202608,11,11440,1144056500,e,서울,서울특별시 마포구,마포구 공덕동 ,전기,2,0,0,0,338,0,28,0,51,0,12,0,431,yes
202608,11,11440,1144056500,g,서울,서울특별시 마포구,마포구 공덕동 ,휘발유(유연),0,0,0,0,2,0,0,0,0,0,0,0,2,no
202608,11,11440,1144056500,h,서울,서울특별시 마포구,마포구 공덕동 ,휘발유(무연),2,0,0,0,3689,0,7,0,91,0,0,0,3789,no
202608,11,11440,1144056500,l,서울,서울특별시 마포구,마포구 공덕동 ,하이브리드(휘발유+전기),1,0,0,0,1334,2,1,0,25,1,1,0,1365,no
202608,11,11440,1144056500,m,서울,서울특별시 마포구,마포구 공덕동 ,하이브리드(경유+전기),0,0,0,0,29,0,0,0,1,0,0,0,30,no
202608,11,11440,1144056500,n,서울,서울특별시 마포구,마포구 공덕동 ,하이브리드(LPG+전기),0,0,0,0,4,0,0,0,0,0,0,0,4,no
202608,11,11440,1144056500,q,서울,서울특별시 마포구,마포구 공덕동 ,수소,0,0,0,0,13,0,0,0,1,0,0,0,14,no
202608,11,11440,1144056500,r,서울,서울특별시 마포구,마포구 공덕동 ,수소전기,0,0,0,0,2,0,0,0,0,0,0,0,2,no
202608,11,11440,1144056500,z,서울,서울특별시 마포구,마포구 공덕동 ,기타연료,0,0,0,0,0,4,11,0,0,0,6,0,21,no
202608,11,11440,1144058000,b,서울,서울특별시 마포구,마포구 도화2동 ,경유,0,0,0,0,0,1,0,0,0,0,0,0,1,no
202608,11,11440,1144058500,a,서울,서울특별시 마포구,마포구 도화동 ,휘발유,0,0,0,0,1485,1,2,1,2,0,0,0,1491,no
202608,11,11440,1144058500,b,서울,서울특별시 마포구,마포구 도화동 ,경유,0,3,9,0,1220,82,399,19,10,22,209,243,2216,no
202608,11,11440,1144058500,c,서울,서울특별시 마포구,마포구 도화동 ,엘피지,0,0,2,0,177,26,48,1,32,0,26,68,380,no
202608,11,11440,1144058500,e,서울,서울특별시 마포구,마포구 도화동 ,전기,3,0,0,0,194,0,25,0,15,0,9,0,246,yes
202608,11,11440,1144058500,g,서울,서울특별시 마포구,마포구 도화동 ,휘발유(유연),0,0,0,0,2,0,0,0,0,0,0,0,2,no
202608,11,11440,1144058500,h,서울,서울특별시 마포구,마포구 도화동 ,휘발유(무연),0,0,0,0,2552,0,5,0,16,1,0,0,2574,no
202608,11,11440,1144058500,j,서울,서울특별시 마포구,마포구 도화동 ,CNG,0,0,0,0,1,0,0,0,0,0,0,0,1,no
202608,11,11440,1144058500,l,서울,서울특별시 마포구,마포구 도화동 ,하이브리드(휘발유+전기),2,0,0,0,884,0,4,0,31,0,0,7,928,no
202608,11,11440,1144058500,m,서울,서울특별시 마포구,마포구 도화동 ,하이브리드(경유+전기),0,0,0,0,17,0,0,0,1,0,0,0,18,no
202608,11,11440,1144058500,q,서울,서울특별시 마포구,마포구 도화동 ,수소,0,0,0,0,8,0,0,0,0,0,0,0,8,no
202608,11,11440,1144058500,r,서울,서울특별시 마포구,마포구 도화동 ,수소전기,0,0,0,0,1,0,0,0,0,0,0,0,1,no
202608,11,11440,1144058500,z,서울,서울특별시 마포구,마포구 도화동 ,기타연료,0,0,0,0,1,2,7,1,0,0,17,0,28,no
202608,11,11440,1144059000,a,서울,서울특별시 마포구,마포구 용강동 ,휘발유,0,0,0,0,1600,1,4,0,27,0,0,0,1632,no
202608,11,11440,1144059000,b,서울,서울특별시 마포구,마포구 용강동 ,경유,0,0,1,0,1376,84,519,10,428,27,263,22,2730,no
202608,11,11440,1144059000,c,서울,서울특별시 마포구,마포구 용강동 ,엘피지,0,0,0,0,182,22,52,0,63,1,33,1,354,no
202608,11,11440,1144059000,e,서울,서울특별시 마포구,마포구 용강동 ,전기,4,0,0,0,281,2,31,0,84,0,26,0,428,yes
202608,11,11440,1144059000,g,서울,서울특별시 마포구,마포구 용강동 ,휘발유(유연),0,0,0,0,3,0,0,0,0,0,0,0,3,no
202608,11,11440,1144059000,h,서울,서울특별시 마포구,마포구 용강동 ,휘발유(무연),0,0,0,0,2638,2,6,0,646,0,0,0,3292,no
202608,11,11440,1144059000,l,서울,서울특별시 마포구,마포구 용강동 ,하이브리드(휘발유+전기),0,0,0,0,1061,1,1,0,97,5,0,0,1165,no
202608,11,11440,1144059000,m,서울,서울특별시 마포구,마포구 용강동 ,하이브리드(경유+전기),0,0,0,0,22,0,0,0,5,0,0,0,27,no
202608,11,11440,1144059000,n,서울,서울특별시 마포구,마포구 용강동 ,하이브리드(LPG+전기),0,0,0,0,1,0,0,0,0,0,0,0,1,no
202608,11,11440,1144059000,q,서울,서울특별시 마포구,마포구 용강동 ,수소,0,0,0,0,6,0,0,0,0,0,0,0,6,no
202608,11,11440,1144059000,r,서울,서울특별시 마포구,마포구 용강동 ,수소전기,0,0,0,0,2,0,0,0,0,0,0,0,2,no
202608,11,11440,1144059000,z,서울,서울특별시 마포구,마포구 용강동 ,기타연료,0,0,0,0,0,3,7,2,0,0,5,0,17,no
202608,11,11440,1144060000,a,서울,서울특별시 마포구,마포구 대흥동 ,휘발유,0,0,0,0,811,0,0,0,5,0,0,0,816,no
202608,11,11440,1144060000,b,서울,서울특별시 마포구,마포구 대흥동 ,경유,0,0,1,0,607,62,200,9,4,0,24,15,922,no
202608,11,11440,1144060000,c,서울,서울특별시 마포구,마포구 대흥동 ,엘피지,0,0,0,0,89,19,54,0,27,1,2,0,192,no
202608,11,11440,1144060000,e,서울,서울특별시 마포구,마포구 대흥동 ,전기,1,0,0,0,131,0,11,0,2,0,4,0,149,yes
202608,11,11440,1144060000,g,서울,서울특별시 마포구,마포구 대흥동 ,휘발유(유연),0,0,0,0,2,0,0,0,0,0,0,0,2,no
202608,11,11440,1144060000,h,서울,서울특별시 마포구,마포구 대흥동 ,휘발유(무연),0,0,0,0,1233,0,2,0,6,0,0,0,1241,no
202608,11,11440,1144060000,l,서울,서울특별시 마포구,마포구 대흥동 ,하이브리드(휘발유+전기),0,0,0,0,434,0,0,0,3,0,1,0,438,no
202608,11,11440,1144060000,m,서울,서울특별시 마포구,마포구 대흥동 ,하이브리드(경유+전기),0,0,0,0,10,0,0,0,0,0,0,0,10,no
202608,11,11440,1144060000,q,서울,서울특별시 마포구,마포구 대흥동 ,수소,0,0,0,0,4,0,0,0,0,0,0,0,4,no
202608,11,11440,1144060000,z,서울,서울특별시 마포구,마포구 대흥동 ,기타연료,0,0,0,0,0,1,8,1,0,0,0,0,10,no
202608,11,11440,1144061000,a,서울,서울특별시 마포구,마포구 염리동 ,휘발유,0,0,0,0,1082,1,1,0,0,0,0,0,1084,no
202608,11,11440,1144061000,b,서울,서울특별시 마포구,마포구 염리동 ,경유,0,0,0,0,841,51,453,11,0,0,26,33,1415,no
202608,11,11440,1144061000,c,서울,서울특별시 마포구,마포구 염리동 ,엘피지,0,0,0,0,134,15,28,7,13,0,6,7,210,no
202608,11,11440,1144061000,e,서울,서울특별시 마포구,마포구 염리동 ,전기,1,0,0,0,163,0,201,0,3,0,4,0,372,yes
202608,11,11440,1144061000,h,서울,서울특별시 마포구,마포구 염리동 ,휘발유(무연),0,0,0,0,1620,2,3,0,0,0,0,0,1625,no
202608,11,11440,1144061000,l,서울,서울특별시 마포구,마포구 염리동 ,하이브리드(휘발유+전기),0,0,0,0,618,2,2,0,1,0,0,0,623,no
202608,11,11440,1144061000,m,서울,서울특별시 마포구,마포구 염리동 ,하이브리드(경유+전기),0,0,0,0,7,0,0,0,0,0,0,0,7,no
202608,11,11440,1144061000,n,서울,서울특별시 마포구,마포구 염리동 ,하이브리드(LPG+전기),0,0,0,0,2,0,0,0,0,0,0,0,2,no
202608,11,11440,1144061000,q,서울,서울특별시 마포구,마포구 염리동 ,수소,0,0,0,0,5,0,0,0,0,0,0,0,5,no
202608,11,11440,1144061000,r,서울,서울특별시 마포구,마포구 염리동 ,수소전기,0,0,0,0,1,0,0,0,0,0,0,0,1,no
202608,11,11440,1144061000,z,서울,서울특별시 마포구,마포구 염리동 ,기타연료,0,0,0,0,0,1,8,5,0,0,12,0,26,no
202608,11,11440,1144062000,b,서울,서울특별시 마포구,마포구 노고산동 ,경유,0,0,0,0,0,1,0,0,0,0,0,0,1,no
202608,11,11440,1144063000,a,서울,서울특별시 마포구,마포구 신수동 ,휘발유,0,0,0,0,1396,1,10,0,0,0,0,0,1407,no
202608,11,11440,1144063000,b,서울,서울특별시 마포구,마포구 신수동 ,경유,1,11,12,7,1297,71,317,19,0,9,26,10,1780,no
202608,11,11440,1144063000,c,서울,서울특별시 마포구,마포구 신수동 ,엘피지,0,0,0,0,191,18,54,0,35,0,9,0,307,no
202608,11,11440,1144063000,e,서울,서울특별시 마포구,마포구 신수동 ,전기,7,0,1,0,242,0,8,0,3,0,6,0,267,yes
202608,11,11440,1144063000,g,서울,서울특별시 마포구,마포구 신수동 ,휘발유(유연),0,0,0,0,3,0,0,0,0,0,0,0,3,no
202608,11,11440,1144063000,h,서울,서울특별시 마포구,마포구 신수동 ,휘발유(무연),0,0,0,0,2402,1,5,0,0,0,0,0,2408,no
202608,11,11440,1144063000,l,서울,서울특별시 마포구,마포구 신수동 ,하이브리드(휘발유+전기),1,2,0,0,920,1,0,0,1,0,0,0,925,no
202608,11,11440,1144063000,m,서울,서울특별시 마포구,마포구 신수동 ,하이브리드(경유+전기),0,0,0,0,21,0,0,0,0,0,0,0,21,no
202608,11,11440,1144063000,n,서울,서울특별시 마포구,마포구 신수동 ,하이브리드(LPG+전기),0,0,0,0,3,0,0,0,0,0,0,0,3,no
202608,11,11440,1144063000,q,서울,서울특별시 마포구,마포구 신수동 ,수소,0,0,0,0,11,0,0,0,0,0,0,0,11,no
202608,11,11440,1144063000,r,서울,서울특별시 마포구,마포구 신수동 ,수소전기,0,0,0,0,3,0,0,0,0,0,0,0,3,no
202608,11,11440,1144063000,z,서울,서울특별시 마포구,마포구 신수동 ,기타연료,0,0,1,0,0,5,4,1,0,0,0,0,11,no
202608,11,11440,1144065500,a,서울,서울특별시 마포구,마포구 서강동 ,휘발유,0,0,0,0,1529,1,6,0,9,0,0,0,1545,no
202608,11,11440,1144065500,b,서울,서울특별시 마포구,마포구 서강동 ,경유,0,0,0,0,1398,82,282,14,5,6,21,0,1808,no
202608,11,11440,1144065500,c,서울,서울특별시 마포구,마포구 서강동 ,엘피지,0,0,0,0,171,17,41,1,67,1,10,0,308,no
202608,11,11440,1144065500,e,서울,서울특별시 마포구,마포구 서강동 ,전기,1,0,0,0,272,0,15,0,6,0,1,0,295,yes
202608,11,11440,1144065500,g,서울,서울특별시 마포구,마포구 서강동 ,휘발유(유연),0,0,0,0,2,0,0,0,0,0,0,0,2,no
202608,11,11440,1144065500,h,서울,서울특별시 마포구,마포구 서강동 ,휘발유(무연),0,0,0,0,2466,0,1,0,50,0,0,0,2517,no
202608,11,11440,1144065500,j,서울,서울특별시 마포구,마포구 서강동 ,CNG,0,0,0,0,1,0,0,0,0,10,0,0,11,no
202608,11,11440,1144065500,l,서울,서울특별시 마포구,마포구 서강동 ,하이브리드(휘발유+전기),0,0,0,0,1048,0,0,0,7,0,0,0,1055,no
202608,11,11440,1144065500,m,서울,서울특별시 마포구,마포구 서강동 ,하이브리드(경유+전기),0,0,0,0,18,0,0,0,0,0,0,0,18,no
202608,11,11440,1144065500,n,서울,서울특별시 마포구,마포구 서강동 ,하이브리드(LPG+전기),0,0,0,0,1,0,0,0,0,0,0,0,1,no
202608,11,11440,1144065500,q,서울,서울특별시 마포구,마포구 서강동 ,수소,0,0,0,0,17,0,0,0,0,0,0,0,17,no
202608,11,11440,1144065500,r,서울,서울특별시 마포구,마포구 서강동 ,수소전기,0,0,0,0,2,0,0,0,0,0,0,0,2,no
202608,11,11440,1144065500,z,서울,서울특별시 마포구,마포구 서강동 ,기타연료,0,0,0,0,1,3,7,2,0,0,0,0,13,no
202608,11,11440,1144066000,a,서울,서울특별시 마포구,마포구 서교동 ,휘발유,0,0,0,0,1628,1,16,0,16,0,0,0,1661,no
202608,11,11440,1144066000,b,서울,서울특별시 마포구,마포구 서교동 ,경유,0,0,1,0,1486,149,632,20,69,28,113,5,2503,no
202608,11,11440,1144066000,c,서울,서울특별시 마포구,마포구 서교동 ,엘피지,0,0,0,0,228,44,107,0,103,3,17,0,502,no
202608,11,11440,1144066000,e,서울,서울특별시 마포구,마포구 서교동 ,전기,1,0,0,0,266,1,29,0,6,0,7,0,310,yes
202608,11,11440,1144066000,g,서울,서울특별시 마포구,마포구 서교동 ,휘발유(유연),0,0,0,0,5,0,0,0,0,0,0,0,5,no
202608,11,11440,1144066000,h,서울,서울특별시 마포구,마포구 서교동 ,휘발유(무연),0,0,0,0,2706,3,8,0,184,0,0,0,2901,no
202608,11,11440,1144066000,j,서울,서울특별시 마포구,마포구 서교동 ,CNG,0,0,0,0,1,0,0,0,0,0,0,0,1,no
202608,11,11440,1144066000,l,서울,서울특별시 마포구,마포구 서교동 ,하이브리드(휘발유+전기),0,0,0,0,815,1,8,0,31,0,0,0,855,no
202608,11,11440,1144066000,m,서울,서울특별시 마포구,마포구 서교동 ,하이브리드(경유+전기),0,0,0,0,30,0,0,0,0,0,0,0,30,no
202608,11,11440,1144066000,n,서울,서울특별시 마포구,마포구 서교동 ,하이브리드(LPG+전기),0,0,0,0,2,0,0,0,0,0,0,0,2,no
202608,11,11440,1144066000,q,서울,서울특별시 마포구,마포구 서교동 ,수소,0,0,0,0,11,0,0,0,0,0,0,0,11,no
202608,11,11440,1144066000,z,서울,서울특별시 마포구,마포구 서교동 ,기타연료,0,0,0,0,0,3,14,5,0,0,2,0,24,no
202608,11,11440,1144068000,a,서울,서울특별시 마포구,마포구 합정동 ,휘발유,0,0,0,0,914,1,7,0,4,0,0,0,926,no
202608,11,11440,1144068000,b,서울,서울특별시 마포구,마포구 합정동 ,경유,0,1,0,0,896,100,792,14,28,35,42,5,1913,no
202608,11,11440,1144068000,c,서울,서울특별시 마포구,마포구 합정동 ,엘피지,0,0,0,0,146,25,67,0,33,0,14,0,285,no
202608,11,11440,1144068000,e,서울,서울특별시 마포구,마포구 합정동 ,전기,1,0,0,0,152,0,44,1,13,1,4,0,216,yes
202608,11,11440,1144068000,g,서울,서울특별시 마포구,마포구 합정동 ,휘발유(유연),0,0,0,0,2,0,0,0,0,0,0,0,2,no
202608,11,11440,1144068000,h,서울,서울특별시 마포구,마포구 합정동 ,휘발유(무연),0,0,0,0,1717,0,4,0,46,0,0,0,1767,no
202608,11,11440,1144068000,l,서울,서울특별시 마포구,마포구 합정동 ,하이브리드(휘발유+전기),0,0,0,0,560,2,0,0,25,0,0,0,587,no
202608,11,11440,1144068000,m,서울,서울특별시 마포구,마포구 합정동 ,하이브리드(경유+전기),0,0,0,0,17,0,0,0,1,0,0,0,18,no
202608,11,11440,1144068000,n,서울,서울특별시 마포구,마포구 합정동 ,하이브리드(LPG+전기),0,0,0,0,2,0,0,0,0,0,0,0,2,no
202608,11,11440,1144068000,q,서울,서울특별시 마포구,마포구 합정동 ,수소,0,0,0,0,11,0,0,0,0,0,0,0,11,no
202608,11,11440,1144068000,z,서울,서울특별시 마포구,마포구 합정동 ,기타연료,0,0,0,0,0,0,6,0,0,0,0,0,6,no
202608,11,11440,1144069000,a,서울,서울특별시 마포구,마포구 망원1동 ,휘발유,0,0,0,0,820,0,7,0,0,0,0,0,827,no
202608,11,11440,1144069000,b,서울,서울특별시 마포구,마포구 망원1동 ,경유,0,1,1,0,909,98,395,10,0,1,98,11,1524,no
202608,11,11440,1144069000,c,서울,서울특별시 마포구,마포구 망원1동 ,엘피지,0,0,0,0,219,23,49,1,356,0,21,0,669,no
202608,11,11440,1144069000,e,서울,서울특별시 마포구,마포구 망원1동 ,전기,1,0,0,0,137,0,15,0,85,0,4,0,242,yes
202608,11,11440,1144069000,g,서울,서울특별시 마포구,마포구 망원1동 ,휘발유(유연),0,0,0,0,1,0,0,0,0,0,0,0,1,no
202608,11,11440,1144069000,h,서울,서울특별시 마포구,마포구 망원1동 ,휘발유(무연),0,0,0,0,1654,2,4,0,2,0,0,0,1662,no
202608,11,11440,1144069000,l,서울,서울특별시 마포구,마포구 망원1동 ,하이브리드(휘발유+전기),0,0,0,0,466,2,1,0,13,0,0,0,482,no
202608,11,11440,1144069000,m,서울,서울특별시 마포구,마포구 망원1동 ,하이브리드(경유+전기),0,0,0,0,7,0,0,0,0,0,0,0,7,no
202608,11,11440,1144069000,n,서울,서울특별시 마포구,마포구 망원1동 ,하이브리드(LPG+전기),0,0,0,0,2,0,0,0,4,0,0,0,6,no
202608,11,11440,1144069000,q,서울,서울특별시 마포구,마포구 망원1동 ,수소,0,0,0,0,12,0,0,0,0,0,0,0,12,no
202608,11,11440,1144069000,z,서울,서울특별시 마포구,마포구 망원1동 ,기타연료,0,0,4,0,0,2,11,0,0,0,0,0,17,no
202608,11,11440,1144070000,a,서울,서울특별시 마포구,마포구 망원2동 ,휘발유,0,0,0,0,841,1,4,0,0,0,0,0,846,no
202608,11,11440,1144070000,b,서울,서울특별시 마포구,마포구 망원2동 ,경유,0,0,0,0,1018,93,356,16,0,0,66,11,1560,no
202608,11,11440,1144070000,c,서울,서울특별시 마포구,마포구 망원2동 ,엘피지,0,0,0,0,188,25,43,1,61,0,23,0,341,no
202608,11,11440,1144070000,e,서울,서울특별시 마포구,마포구 망원2동 ,전기,1,0,0,0,98,0,12,0,7,5,10,0,133,yes
202608,11,11440,1144070000,h,서울,서울특별시 마포구,마포구 망원2동 ,휘발유(무연),0,0,0,0,1660,1,4,0,0,0,0,0,1665,no
202608,11,11440,1144070000,j,서울,서울특별시 마포구,마포구 망원2동 ,CNG,0,0,0,0,0,0,0,0,0,21,0,0,21,no
202608,11,11440,1144070000,l,서울,서울특별시 마포구,마포구 망원2동 ,하이브리드(휘발유+전기),0,0,0,0,487,0,2,0,1,0,0,0,490,no
202608,11,11440,1144070000,m,서울,서울특별시 마포구,마포구 망원2동 ,하이브리드(경유+전기),0,0,0,0,5,0,0,0,0,0,0,0,5,no
202608,11,11440,1144070000,n,서울,서울특별시 마포구,마포구 망원2동 ,하이브리드(LPG+전기),0,0,0,0,1,0,0,0,0,0,0,0,1,no
202608,11,11440,1144070000,q,서울,서울특별시 마포구,마포구 망원2동 ,수소,0,0,0,0,4,0,0,0,0,0,0,0,4,no
202608,11,11440,1144070000,r,서울,서울특별시 마포구,마포구 망원2동 ,수소전기,0,0,0,0,2,0,0,0,0,0,0,0,2,no
202608,11,11440,1144070000,z,서울,서울특별시 마포구,마포구 망원2동 ,기타연료,0,0,0,0,0,0,7,1,0,0,0,0,8,no
202608,11,11440,1144071000,a,서울,서울특별시 마포구,마포구 연남동 ,휘발유,0,0,0,0,739,0,3,0,0,0,0,0,742,no
202608,11,11440,1144071000,b,서울,서울특별시 마포구,마포구 연남동 ,경유,0,0,1,0,707,61,221,1,0,34,31,0,1056,no
202608,11,11440,1144071000,c,서울,서울특별시 마포구,마포구 연남동 ,엘피지,0,0,0,0,101,10,39,1,28,0,5,0,184,no
202608,11,11440,1144071000,e,서울,서울특별시 마포구,마포구 연남동 ,전기,1,0,0,0,119,0,12,0,3,4,2,0,141,yes
202608,11,11440,1144071000,g,서울,서울특별시 마포구,마포구 연남동 ,휘발유(유연),0,0,0,0,2,0,0,0,0,0,0,0,2,no
202608,11,11440,1144071000,h,서울,서울특별시 마포구,마포구 연남동 ,휘발유(무연),0,0,0,0,1280,2,6,0,0,0,0,0,1288,no
202608,11,11440,1144071000,j,서울,서울특별시 마포구,마포구 연남동 ,CNG,0,0,0,0,1,0,0,0,0,7,0,0,8,no
202608,11,11440,1144071000,l,서울,서울특별시 마포구,마포구 연남동 ,하이브리드(휘발유+전기),0,0,0,0,383,0,4,0,0,0,0,0,387,no
202608,11,11440,1144071000,m,서울,서울특별시 마포구,마포구 연남동 ,하이브리드(경유+전기),0,0,0,0,8,0,0,0,0,0,0,0,8,no
202608,11,11440,1144071000,n,서울,서울특별시 마포구,마포구 연남동 ,하이브리드(LPG+전기),0,0,0,0,2,0,0,0,0,0,0,0,2,no
202608,11,11440,1144071000,q,서울,서울특별시 마포구,마포구 연남동 ,수소,0,0,0,0,1,0,0,0,0,0,0,0,1,no
202608,11,11440,1144071000,z,서울,서울특별시 마포구,마포구 연남동 ,기타연료,0,0,0,0,0,2,2,1,0,0,0,0,5,no
202608,11,11440,1144072000,a,서울,서울특별시 마포구,마포구 성산1동 ,휘발유,0,0,0,0,949,0,6,0,4,0,0,0,959,no
202608,11,11440,1144072000,b,서울,서울특별시 마포구,마포구 성산1동 ,경유,3,4,14,2,1099,139,539,9,10,22,542,15,2398,no
202608,11,11440,1144072000,c,서울,서울특별시 마포구,마포구 성산1동 ,엘피지,0,1,1,0,185,29,86,0,49,0,25,0,376,no
202608,11,11440,1144072000,e,서울,서울특별시 마포구,마포구 성산1동 ,전기,12,0,4,1,123,0,36,1,16,0,14,0,207,yes
202608,11,11440,1144072000,g,서울,서울특별시 마포구,마포구 성산1동 ,휘발유(유연),0,0,0,0,2,0,0,0,0,0,0,0,2,no
202608,11,11440,1144072000,h,서울,서울특별시 마포구,마포구 성산1동 ,휘발유(무연),0,0,0,0,1828,0,7,0,9,0,0,0,1844,no
202608,11,11440,1144072000,j,서울,서울특별시 마포구,마포구 성산1동 ,CNG,0,0,0,0,1,0,0,0,0,0,0,0,1,no
202608,11,11440,1144072000,l,서울,서울특별시 마포구,마포구 성산1동 ,하이브리드(휘발유+전기),1,0,0,0,532,2,4,0,17,1,0,0,557,no
202608,11,11440,1144072000,m,서울,서울특별시 마포구,마포구 성산1동 ,하이브리드(경유+전기),0,0,0,0,7,0,0,0,0,0,0,0,7,no
202608,11,11440,1144072000,n,서울,서울특별시 마포구,마포구 성산1동 ,하이브리드(LPG+전기),0,0,0,0,4,0,0,0,0,0,0,0,4,no
202608,11,11440,1144072000,q,서울,서울특별시 마포구,마포구 성산1동 ,수소,1,0,0,0,6,0,0,0,0,0,0,0,7,no
202608,11,11440,1144072000,r,서울,서울특별시 마포구,마포구 성산1동 ,수소전기,0,0,0,0,3,0,0,0,0,0,0,0,3,no
202608,11,11440,1144072000,z,서울,서울특별시 마포구,마포구 성산1동 ,기타연료,0,0,0,0,0,0,4,2,0,0,0,0,6,no
202608,11,11440,1144073000,a,서울,서울특별시 마포구,마포구 성산2동 ,휘발유,2,0,0,0,1851,0,6,0,5,0,0,0,1864,no
202608,11,11440,1144073000,b,서울,서울특별시 마포구,마포구 성산2동 ,경유,1,15,54,3,1956,134,541,20,19,10,185,15,2953,no
202608,11,11440,1144073000,c,서울,서울특별시 마포구,마포구 성산2동 ,엘피지,0,2,8,1,438,24,85,1,133,0,32,1,725,no
202608,11,11440,1144073000,e,서울,서울특별시 마포구,마포구 성산2동 ,전기,14,0,13,3,262,0,29,2,18,4,17,0,362,yes
202608,11,11440,1144073000,h,서울,서울특별시 마포구,마포구 성산2동 ,휘발유(무연),7,1,0,0,3779,1,2,0,50,0,0,0,3840,no
202608,11,11440,1144073000,j,서울,서울특별시 마포구,마포구 성산2동 ,CNG,0,0,12,0,0,0,1,0,0,0,0,0,13,no
202608,11,11440,1144073000,l,서울,서울특별시 마포구,마포구 성산2동 ,하이브리드(휘발유+전기),6,1,0,0,1095,1,2,0,24,0,0,0,1129,no
202608,11,11440,1144073000,m,서울,서울특별시 마포구,마포구 성산2동 ,하이브리드(경유+전기),0,0,0,0,17,0,0,0,1,0,0,0,18,no
202608,11,11440,1144073000,n,서울,서울특별시 마포구,마포구 성산2동 ,하이브리드(LPG+전기),0,0,0,0,4,0,0,0,0,0,0,0,4,no
202608,11,11440,1144073000,q,서울,서울특별시 마포구,마포구 성산2동 ,수소,2,0,0,0,17,0,0,0,0,0,0,0,19,no
202608,11,11440,1144073000,z,서울,서울특별시 마포구,마포구 성산2동 ,기타연료,0,0,0,0,0,7,11,4,0,0,0,0,22,no
202608,11,11440,1144074000,a,서울,서울특별시 마포구,마포구 상암동 ,휘발유,2,0,0,0,1854,2,6,0,0,0,0,0,1864,no
202608,11,11440,1144074000,b,서울,서울특별시 마포구,마포구 상암동 ,경유,0,3,11,4,1882,156,602,41,4,17,135,7,2862,no
202608,11,11440,1144074000,c,서울,서울특별시 마포구,마포구 상암동 ,엘피지,0,3,2,0,391,69,88,1,342,1,24,1,922,no
202608,11,11440,1144074000,e,서울,서울특별시 마포구,마포구 상암동 ,전기,7,1,4,0,359,2,31,2,22,157,42,0,627,yes
202608,11,11440,1144074000,g,서울,서울특별시 마포구,마포구 상암동 ,휘발유(유연),0,0,0,0,2,0,0,0,0,0,0,0,2,no
202608,11,11440,1144074000,h,서울,서울특별시 마포구,마포구 상암동 ,휘발유(무연),0,0,0,0,3374,1,3,0,6,0,0,0,3384,no
202608,11,11440,1144074000,j,서울,서울특별시 마포구,마포구 상암동 ,CNG,0,0,1,0,1,0,0,0,0,75,0,0,77,no
202608,11,11440,1144074000,l,서울,서울특별시 마포구,마포구 상암동 ,하이브리드(휘발유+전기),1,0,0,0,1207,1,3,0,1,0,0,0,1213,no
202608,11,11440,1144074000,m,서울,서울특별시 마포구,마포구 상암동 ,하이브리드(경유+전기),0,0,0,0,25,0,0,0,0,0,0,0,25,no
202608,11,11440,1144074000,n,서울,서울특별시 마포구,마포구 상암동 ,하이브리드(LPG+전기),0,0,0,0,2,0,0,0,1,0,0,0,3,no
202608,11,11440,1144074000,q,서울,서울특별시 마포구,마포구 상암동 ,수소,0,0,0,0,28,0,0,0,0,16,0,0,44,no
202608,11,11440,1144074000,r,서울,서울특별시 마포구,마포구 상암동 ,수소전기,0,0,0,0,2,0,0,0,0,0,0,0,2,no
202608,11,11440,1144074000,z,서울,서울특별시 마포구,마포구 상암동 ,기타연료,0,0,0,0,0,6,14,4,0,0,0,0,24,no
202608,11,11470,1147051000,a,서울,서울특별시 양천구,양천구 목1동 ,휘발유,2,0,0,0,2729,0,6,0,5,0,0,0,2742,no
202608,11,11470,1147051000,b,서울,서울특별시 양천구,양천구 목1동 ,경유,2,14,15,5,1987,152,491,14,6,5,53,11,2755,no
202608,11,11470,1147051000,c,서울,서울특별시 양천구,양천구 목1동 ,엘피지,0,0,1,0,201,42,59,1,39,0,9,0,352,no
202608,11,11470,1147051000,e,서울,서울특별시 양천구,양천구 목1동 ,전기,8,0,1,0,409,1,20,0,7,0,17,0,463,yes
202608,11,11470,1147051000,g,서울,서울특별시 양천구,양천구 목1동 ,휘발유(유연),0,0,0,0,2,0,0,0,0,0,0,0,2,no
202608,11,11470,1147051000,h,서울,서울특별시 양천구,양천구 목1동 ,휘발유(무연),4,0,0,0,3520,1,4,0,20,0,0,0,3549,no
202608,11,11470,1147051000,j,서울,서울특별시 양천구,양천구 목1동 ,CNG,0,0,0,0,1,0,1,0,0,17,0,0,19,no
202608,11,11470,1147051000,l,서울,서울특별시 양천구,양천구 목1동 ,하이브리드(휘발유+전기),1,3,0,0,1540,1,6,0,8,1,0,0,1560,no
202608,11,11470,1147051000,m,서울,서울특별시 양천구,양천구 목1동 ,하이브리드(경유+전기),0,0,0,0,38,0,0,0,0,0,0,0,38,no
202608,11,11470,1147051000,n,서울,서울특별시 양천구,양천구 목1동 ,하이브리드(LPG+전기),0,0,0,0,1,0,0,0,1,0,0,0,2,no
202608,11,11470,1147051000,q,서울,서울특별시 양천구,양천구 목1동 ,수소,0,0,0,0,8,0,0,0,0,0,0,0,8,no
202608,11,11470,1147051000,z,서울,서울특별시 양천구,양천구 목1동 ,기타연료,0,0,1,0,0,9,16,5,0,0,7,0,38,no
202608,11,11470,1147052000,a,서울,서울특별시 양천구,양천구 목2동 ,휘발유,0,0,0,0,1450,0,3,0,3,0,0,0,1456,no
202608,11,11470,1147052000,b,서울,서울특별시 양천구,양천구 목2동 ,경유,0,0,0,0,1591,115,484,12,0,2,73,4,2281,no
202608,11,11470,1147052000,c,서울,서울특별시 양천구,양천구 목2동 ,엘피지,0,0,0,0,327,12,59,0,78,0,21,0,497,no
202608,11,11470,1147052000,e,서울,서울특별시 양천구,양천구 목2동 ,전기,0,0,0,0,162,0,35,0,8,0,12,0,217,yes
202608,11,11470,1147052000,g,서울,서울특별시 양천구,양천구 목2동 ,휘발유(유연),0,0,0,0,1,0,0,0,0,0,0,0,1,no
202608,11,11470,1147052000,h,서울,서울특별시 양천구,양천구 목2동 ,휘발유(무연),0,0,0,0,2925,4,5,0,0,0,0,0,2934,no
202608,11,11470,1147052000,j,서울,서울특별시 양천구,양천구 목2동 ,CNG,0,0,0,0,2,0,0,0,0,0,0,0,2,no
202608,11,11470,1147052000,l,서울,서울특별시 양천구,양천구 목2동 ,하이브리드(휘발유+전기),0,0,0,0,849,2,7,0,4,0,0,0,862,no
202608,11,11470,1147052000,m,서울,서울특별시 양천구,양천구 목2동 ,하이브리드(경유+전기),0,0,0,0,7,0,0,0,0,0,0,0,7,no
202608,11,11470,1147052000,n,서울,서울특별시 양천구,양천구 목2동 ,하이브리드(LPG+전기),0,0,0,0,2,0,0,0,1,0,0,0,3,no
202608,11,11470,1147052000,q,서울,서울특별시 양천구,양천구 목2동 ,수소,0,0,0,0,14,0,0,0,0,0,0,0,14,no
202608,11,11470,1147052000,r,서울,서울특별시 양천구,양천구 목2동 ,수소전기,0,0,0,0,2,0,0,0,0,0,0,0,2,no
202608,11,11470,1147052000,z,서울,서울특별시 양천구,양천구 목2동 ,기타연료,0,0,0,0,0,3,6,4,0,0,1,0,14,no
202608,11,11470,1147053000,a,서울,서울특별시 양천구,양천구 목3동 ,휘발유,0,0,0,0,1046,0,4,0,0,0,0,0,1050,no
202608,11,11470,1147053000,b,서울,서울특별시 양천구,양천구 목3동 ,경유,0,0,0,0,1165,63,336,5,0,0,48,2,1619,no
202608,11,11470,1147053000,c,서울,서울특별시 양천구,양천구 목3동 ,엘피지,0,0,0,0,249,20,50,0,57,0,21,0,397,no
202608,11,11470,1147053000,e,서울,서울특별시 양천구,양천구 목3동 ,전기,0,0,0,0,114,0,10,0,7,0,11,0,142,yes
202608,11,11470,1147053000,h,서울,서울특별시 양천구,양천구 목3동 ,휘발유(무연),0,0,0,0,2207,1,1,0,0,0,0,0,2209,no
202608,11,11470,1147053000,l,서울,서울특별시 양천구,양천구 목3동 ,하이브리드(휘발유+전기),1,0,0,0,658,0,3,0,1,0,0,0,663,no
202608,11,11470,1147053000,m,서울,서울특별시 양천구,양천구 목3동 ,하이브리드(경유+전기),0,0,0,0,6,0,0,0,0,0,0,0,6,no
202608,11,11470,1147053000,n,서울,서울특별시 양천구,양천구 목3동 ,하이브리드(LPG+전기),0,0,0,0,0,0,0,0,2,0,0,0,2,no
202608,11,11470,1147053000,q,서울,서울특별시 양천구,양천구 목3동 ,수소,0,0,0,0,10,0,0,0,0,0,0,0,10,no
202608,11,11470,1147053000,z,서울,서울특별시 양천구,양천구 목3동 ,기타연료,0,0,0,0,0,1,4,2,0,0,0,0,7,no
202608,11,11470,1147054000,a,서울,서울특별시 양천구,양천구 목4동 ,휘발유,1,0,0,0,1274,1,6,0,0,0,0,0,1282,no
202608,11,11470,1147054000,b,서울,서울특별시 양천구,양천구 목4동 ,경유,0,0,0,0,1383,115,424,4,1,0,62,2,1991,no
202608,11,11470,1147054000,c,서울,서울특별시 양천구,양천구 목4동 ,엘피지,1,0,0,0,275,20,58,0,73,1,21,1,450,no
202608,11,11470,1147054000,e,서울,서울특별시 양천구,양천구 목4동 ,전기,0,0,0,0,138,1,13,0,7,0,11,0,170,yes
202608,11,11470,1147054000,g,서울,서울특별시 양천구,양천구 목4동 ,휘발유(유연),0,0,0,0,4,0,0,0,0,0,0,0,4,no
202608,11,11470,1147054000,h,서울,서울특별시 양천구,양천구 목4동 ,휘발유(무연),0,0,0,0,2503,0,1,0,0,0,0,0,2504,no
202608,11,11470,1147054000,l,서울,서울특별시 양천구,양천구 목4동 ,하이브리드(휘발유+전기),0,0,0,0,723,0,1,0,1,0,0,0,725,no
202608,11,11470,1147054000,m,서울,서울특별시 양천구,양천구 목4동 ,하이브리드(경유+전기),0,0,0,0,6,0,0,0,0,0,0,0,6,no
202608,11,11470,1147054000,n,서울,서울특별시 양천구,양천구 목4동 ,하이브리드(LPG+전기),0,0,0,0,1,0,0,0,0,0,0,0,1,no
202608,11,11470,1147054000,q,서울,서울특별시 양천구,양천구 목4동 ,수소,0,0,0,0,10,0,0,0,0,0,0,0,10,no
202608,11,11470,1147054000,r,서울,서울특별시 양천구,양천구 목4동 ,수소전기,0,0,0,0,1,0,0,0,0,0,0,0,1,no
202608,11,11470,1147054000,z,서울,서울특별시 양천구,양천구 목4동 ,기타연료,0,0,0,0,0,1,10,1,0,0,0,0,12,no
202608,11,11470,1147055000,a,서울,서울특별시 양천구,양천구 목5동 ,휘발유,0,0,0,0,3383,1,7,0,0,0,0,0,3391,no
202608,11,11470,1147055000,b,서울,서울특별시 양천구,양천구 목5동 ,경유,0,0,11,0,2474,62,298,9,0,0,17,1,2872,no
202608,11,11470,1147055000,c,서울,서울특별시 양천구,양천구 목5동 ,엘피지,0,0,10,0,254,8,40,0,19,0,4,0,335,no
202608,11,11470,1147055000,e,서울,서울특별시 양천구,양천구 목5동 ,전기,0,0,0,0,434,0,13,0,4,0,4,0,455,yes
202608,11,11470,1147055000,g,서울,서울특별시 양천구,양천구 목5동 ,휘발유(유연),0,0,0,0,8,0,0,0,0,0,0,0,8,no
202608,11,11470,1147055000,h,서울,서울특별시 양천구,양천구 목5동 ,휘발유(무연),3,0,0,0,5278,2,3,0,0,0,0,0,5286,no
202608,11,11470,1147055000,l,서울,서울특별시 양천구,양천구 목5동 ,하이브리드(휘발유+전기),1,0,0,0,2156,2,2,0,1,0,0,0,2162,no
202608,11,11470,1147055000,m,서울,서울특별시 양천구,양천구 목5동 ,하이브리드(경유+전기),0,0,0,0,47,0,0,0,0,0,0,0,47,no
202608,11,11470,1147055000,q,서울,서울특별시 양천구,양천구 목5동 ,수소,0,0,0,0,7,0,0,0,0,0,0,0,7,no
202608,11,11470,1147055000,r,서울,서울특별시 양천구,양천구 목5동 ,수소전기,0,0,0,0,5,0,0,0,0,0,0,0,5,no
202608,11,11470,1147055000,z,서울,서울특별시 양천구,양천구 목5동 ,기타연료,0,0,0,0,1,5,8,3,0,0,0,0,17,no
202608,11,11470,1147056000,a,서울,서울특별시 양천구,양천구 신월1동 ,휘발유,0,0,0,0,881,0,3,0,1,0,0,0,885,no
202608,11,11470,1147056000,b,서울,서울특별시 양천구,양천구 신월1동 ,경유,0,0,0,0,1194,190,838,16,1,8,193,38,2478,no
202608,11,11470,1147056000,c,서울,서울특별시 양천구,양천구 신월1동 ,엘피지,0,0,0,0,360,42,121,1,538,1,44,1,1108,no
202608,11,11470,1147056000,e,서울,서울특별시 양천구,양천구 신월1동 ,전기,1,0,0,0,118,0,27,0,38,28,20,0,232,yes
202608,11,11470,1147056000,g,서울,서울특별시 양천구,양천구 신월1동 ,휘발유(유연),0,0,0,0,3,0,0,0,0,0,0,0,3,no
202608,11,11470,1147056000,h,서울,서울특별시 양천구,양천구 신월1동 ,휘발유(무연),0,0,0,0,2134,1,5,0,3,0,0,0,2143,no
202608,11,11470,1147056000,j,서울,서울특별시 양천구,양천구 신월1동 ,CNG,0,0,0,0,0,0,0,0,0,128,0,0,128,no
202608,11,11470,1147056000,l,서울,서울특별시 양천구,양천구 신월1동 ,하이브리드(휘발유+전기),0,0,0,0,473,4,5,0,6,0,0,0,488,no
202608,11,11470,1147056000,m,서울,서울특별시 양천구,양천구 신월1동 ,하이브리드(경유+전기),0,0,0,0,3,0,0,0,0,0,0,0,3,no
202608,11,11470,1147056000,n,서울,서울특별시 양천구,양천구 신월1동 ,하이브리드(LPG+전기),0,0,0,0,0,0,0,0,8,0,0,0,8,no
202608,11,11470,1147056000,q,서울,서울특별시 양천구,양천구 신월1동 ,수소,0,0,0,0,5,0,0,0,1,0,0,0,6,no
202608,11,11470,1147056000,r,서울,서울특별시 양천구,양천구 신월1동 ,수소전기,0,0,0,0,1,0,0,0,0,0,0,0,1,no
202608,11,11470,1147056000,z,서울,서울특별시 양천구,양천구 신월1동 ,기타연료,0,0,0,0,0,2,4,4,0,0,8,0,18,no
202608,11,11470,1147057000,a,서울,서울특별시 양천구,양천구 신월2동 ,휘발유,0,0,0,0,967,1,8,0,2,0,0,0,978,no
202608,11,11470,1147057000,b,서울,서울특별시 양천구,양천구 신월2동 ,경유,1,1,0,0,1274,132,470,10,4,6,94,22,2014,no
202608,11,11470,1147057000,c,서울,서울특별시 양천구,양천구 신월2동 ,엘피지,0,0,0,0,340,26,82,0,192,0,26,1,667,no
202608,11,11470,1147057000,e,서울,서울특별시 양천구,양천구 신월2동 ,전기,0,0,0,0,139,0,19,0,32,0,20,0,210,yes
202608,11,11470,1147057000,g,서울,서울특별시 양천구,양천구 신월2동 ,휘발유(유연),0,0,0,0,2,0,0,0,0,0,0,0,2,no
202608,11,11470,1147057000,h,서울,서울특별시 양천구,양천구 신월2동 ,휘발유(무연),0,0,0,0,2270,1,5,0,17,0,0,0,2293,no
202608,11,11470,1147057000,j,서울,서울특별시 양천구,양천구 신월2동 ,CNG,0,0,0,0,1,2,0,0,0,0,0,0,3,no
202608,11,11470,1147057000,l,서울,서울특별시 양천구,양천구 신월2동 ,하이브리드(휘발유+전기),0,0,0,0,573,4,2,0,2,0,0,0,581,no
202608,11,11470,1147057000,m,서울,서울특별시 양천구,양천구 신월2동 ,하이브리드(경유+전기),0,0,0,0,11,0,0,0,0,0,0,0,11,no
202608,11,11470,1147057000,n,서울,서울특별시 양천구,양천구 신월2동 ,하이브리드(LPG+전기),0,0,0,0,1,0,0,0,0,0,1,0,2,no
202608,11,11470,1147057000,q,서울,서울특별시 양천구,양천구 신월2동 ,수소,0,0,0,0,4,0,0,0,0,0,0,0,4,no
202608,11,11470,1147057000,r,서울,서울특별시 양천구,양천구 신월2동 ,수소전기,0,0,0,0,2,0,0,0,0,0,0,0,2,no
202608,11,11470,1147057000,z,서울,서울특별시 양천구,양천구 신월2동 ,기타연료,0,0,0,0,0,2,9,3,0,0,3,0,17,no
202608,11,11470,1147058000,a,서울,서울특별시 양천구,양천구 신월3동 ,휘발유,0,0,0,0,666,0,5,0,0,0,0,0,671,no
202608,11,11470,1147058000,b,서울,서울특별시 양천구,양천구 신월3동 ,경유,0,0,0,0,1019,112,511,19,5,0,67,7,1740,no
202608,11,11470,1147058000,c,서울,서울특별시 양천구,양천구 신월3동 ,엘피지,0,0,0,0,593,24,75,1,472,0,15,0,1180,no
202608,11,11470,1147058000,e,서울,서울특별시 양천구,양천구 신월3동 ,전기,0,0,0,0,61,0,13,0,19,0,13,0,106,yes
202608,11,11470,1147058000,g,서울,서울특별시 양천구,양천구 신월3동 ,휘발유(유연),0,0,0,0,4,0,0,0,0,0,0,0,4,no
202608,11,11470,1147058000,h,서울,서울특별시 양천구,양천구 신월3동 ,휘발유(무연),1,0,0,0,1629,3,7,0,9,0,0,0,1649,no
202608,11,11470,1147058000,l,서울,서울특별시 양천구,양천구 신월3동 ,하이브리드(휘발유+전기),0,0,0,0,335,0,1,0,1,0,0,0,337,no
202608,11,11470,1147058000,m,서울,서울특별시 양천구,양천구 신월3동 ,하이브리드(경유+전기),0,0,0,0,2,0,0,0,0,0,0,0,2,no
202608,11,11470,1147058000,n,서울,서울특별시 양천구,양천구 신월3동 ,하이브리드(LPG+전기),0,0,0,0,1,0,0,0,0,0,0,0,1,no
202608,11,11470,1147058000,q,서울,서울특별시 양천구,양천구 신월3동 ,수소,0,0,0,0,6,0,0,0,0,0,0,0,6,no
202608,11,11470,1147058000,r,서울,서울특별시 양천구,양천구 신월3동 ,수소전기,0,0,0,0,1,0,0,0,0,0,0,0,1,no
202608,11,11470,1147058000,z,서울,서울특별시 양천구,양천구 신월3동 ,기타연료,0,0,0,0,0,0,8,1,0,0,0,0,9,no
202608,11,11470,1147059000,a,서울,서울특별시 양천구,양천구 신월4동 ,휘발유,0,0,0,0,660,0,5,0,0,0,0,0,665,no
202608,11,11470,1147059000,b,서울,서울특별시 양천구,양천구 신월4동 ,경유,0,0,0,0,1113,118,444,7,17,5,113,25,1842,no
202608,11,11470,1147059000,c,서울,서울특별시 양천구,양천구 신월4동 ,엘피지,0,0,0,0,270,23,68,1,485,1,26,1,875,no
202608,11,11470,1147059000,e,서울,서울특별시 양천구,양천구 신월4동 ,전기,0,0,0,0,78,0,20,0,40,0,17,0,155,yes
202608,11,11470,1147059000,g,서울,서울특별시 양천구,양천구 신월4동 ,휘발유(유연),0,0,0,0,1,0,0,0,0,0,0,0,1,no
202608,11,11470,1147059000,h,서울,서울특별시 양천구,양천구 신월4동 ,휘발유(무연),0,0,0,0,1974,0,3,0,59,0,0,0,2036,no
202608,11,11470,1147059000,j,서울,서울특별시 양천구,양천구 신월4동 ,CNG,0,0,0,0,0,0,1,0,0,0,0,0,1,no
202608,11,11470,1147059000,l,서울,서울특별시 양천구,양천구 신월4동 ,하이브리드(휘발유+전기),0,0,0,0,480,0,0,0,14,0,0,0,494,no
202608,11,11470,1147059000,m,서울,서울특별시 양천구,양천구 신월4동 ,하이브리드(경유+전기),0,0,0,0,5,0,0,0,0,0,0,0,5,no
202608,11,11470,1147059000,n,서울,서울특별시 양천구,양천구 신월4동 ,하이브리드(LPG+전기),0,0,0,0,2,0,0,0,41,0,0,0,43,no
202608,11,11470,1147059000,q,서울,서울특별시 양천구,양천구 신월4동 ,수소,0,0,0,0,3,0,0,0,0,0,0,0,3,no
202608,11,11470,1147059000,r,서울,서울특별시 양천구,양천구 신월4동 ,수소전기,0,0,0,0,0,0,0,0,1,0,0,0,1,no
202608,11,11470,1147059000,z,서울,서울특별시 양천구,양천구 신월4동 ,기타연료,0,0,0,0,0,0,7,5,0,0,1,0,13,no
202608,11,11470,1147060000,a,서울,서울특별시 양천구,양천구 신월5동 ,휘발유,1,0,0,0,622,0,3,0,0,0,0,0,626,no
202608,11,11470,1147060000,b,서울,서울특별시 양천구,양천구 신월5동 ,경유,0,0,0,0,830,89,366,6,0,0,53,12,1356,no
202608,11,11470,1147060000,c,서울,서울특별시 양천구,양천구 신월5동 ,엘피지,0,0,0,0,228,29,54,0,98,0,13,0,422,no
202608,11,11470,1147060000,e,서울,서울특별시 양천구,양천구 신월5동 ,전기,0,0,0,0,90,0,13,0,19,0,15,0,137,yes
202608,11,11470,1147060000,g,서울,서울특별시 양천구,양천구 신월5동 ,휘발유(유연),0,0,0,0,1,0,0,0,0,0,0,0,1,no
202608,11,11470,1147060000,h,서울,서울특별시 양천구,양천구 신월5동 ,휘발유(무연),0,0,0,0,1475,1,3,0,0,0,1,0,1480,no
202608,11,11470,1147060000,l,서울,서울특별시 양천구,양천구 신월5동 ,하이브리드(휘발유+전기),0,0,0,0,369,0,3,0,1,0,0,0,373,no
202608,11,11470,1147060000,m,서울,서울특별시 양천구,양천구 신월5동 ,하이브리드(경유+전기),0,0,0,0,2,0,0,0,0,0,0,0,2,no
202608,11,11470,1147060000,n,서울,서울특별시 양천구,양천구 신월5동 ,하이브리드(LPG+전기),0,0,0,0,1,0,0,0,0,0,0,0,1,no
202608,11,11470,1147060000,r,서울,서울특별시 양천구,양천구 신월5동 ,수소전기,0,0,0,0,1,0,0,0,0,0,0,0,1,no
202608,11,11470,1147060000,z,서울,서울특별시 양천구,양천구 신월5동 ,기타연료,0,0,0,0,1,1,6,2,0,0,2,0,12,no
202608,11,11470,1147061000,a,서울,서울특별시 양천구,양천구 신월6동 ,휘발유,0,0,0,0,784,0,4,0,1,0,0,0,789,no
202608,11,11470,1147061000,b,서울,서울특별시 양천구,양천구 신월6동 ,경유,1,0,0,0,987,75,601,52,2,11,265,22,2016,no
202608,11,11470,1147061000,c,서울,서울특별시 양천구,양천구 신월6동 ,엘피지,0,0,0,0,182,10,41,0,1220,0,33,1,1487,no
202608,11,11470,1147061000,e,서울,서울특별시 양천구,양천구 신월6동 ,전기,0,0,0,0,181,0,12,0,118,0,16,0,327,yes
202608,11,11470,1147061000,g,서울,서울특별시 양천구,양천구 신월6동 ,휘발유(유연),0,0,0,0,2,0,0,0,0,0,0,0,2,no
202608,11,11470,1147061000,h,서울,서울특별시 양천구,양천구 신월6동 ,휘발유(무연),0,0,0,0,1835,0,3,0,0,0,0,0,1838,no
202608,11,11470,1147061000,j,서울,서울특별시 양천구,양천구 신월6동 ,CNG,0,0,0,0,0,0,0,0,0,1,0,0,1,no
202608,11,11470,1147061000,l,서울,서울특별시 양천구,양천구 신월6동 ,하이브리드(휘발유+전기),0,0,0,0,625,1,3,0,19,0,0,0,648,no
202608,11,11470,1147061000,m,서울,서울특별시 양천구,양천구 신월6동 ,하이브리드(경유+전기),0,0,0,0,15,0,0,0,0,0,0,0,15,no
202608,11,11470,1147061000,n,서울,서울특별시 양천구,양천구 신월6동 ,하이브리드(LPG+전기),0,0,0,0,2,0,0,0,3,0,0,0,5,no
202608,11,11470,1147061000,q,서울,서울특별시 양천구,양천구 신월6동 ,수소,0,0,0,0,6,0,0,0,0,0,0,0,6,no
202608,11,11470,1147061000,z,서울,서울특별시 양천구,양천구 신월6동 ,기타연료,0,0,0,0,0,1,12,4,0,0,3,0,20,no
202608,11,11470,1147061100,a,서울,서울특별시 양천구,양천구 신월7동 ,휘발유,0,0,0,0,749,1,5,0,0,0,0,0,755,no
202608,11,11470,1147061100,b,서울,서울특별시 양천구,양천구 신월7동 ,경유,1,5,1,0,1011,131,496,10,0,0,91,27,1773,no
202608,11,11470,1147061100,c,서울,서울특별시 양천구,양천구 신월7동 ,엘피지,0,0,0,0,335,31,62,0,187,0,23,0,638,no
202608,11,11470,1147061100,e,서울,서울특별시 양천구,양천구 신월7동 ,전기,0,0,0,0,91,0,10,0,22,0,19,0,142,yes
202608,11,11470,1147061100,g,서울,서울특별시 양천구,양천구 신월7동 ,휘발유(유연),0,0,0,0,2,0,0,0,0,0,0,0,2,no
202608,11,11470,1147061100,h,서울,서울특별시 양천구,양천구 신월7동 ,휘발유(무연),0,0,0,0,1955,1,5,0,1,0,0,0,1962,no
202608,11,11470,1147061100,j,서울,서울특별시 양천구,양천구 신월7동 ,CNG,0,0,0,0,0,0,0,0,0,114,0,0,114,no
202608,11,11470,1147061100,l,서울,서울특별시 양천구,양천구 신월7동 ,하이브리드(휘발유+전기),0,0,0,0,392,1,4,0,4,0,0,0,401,no
202608,11,11470,1147061100,m,서울,서울특별시 양천구,양천구 신월7동 ,하이브리드(경유+전기),0,0,0,0,3,0,0,0,0,0,0,0,3,no
202608,11,11470,1147061100,n,서울,서울특별시 양천구,양천구 신월7동 ,하이브리드(LPG+전기),0,0,0,0,1,0,0,0,1,0,0,0,2,no
202608,11,11470,1147061100,q,서울,서울특별시 양천구,양천구 신월7동 ,수소,0,0,0,0,4,0,0,0,0,0,0,0,4,no
202608,11,11470,1147061100,z,서울,서울특별시 양천구,양천구 신월7동 ,기타연료,0,0,0,0,0,0,6,0,0,0,4,0,10,no
202608,11,11470,1147062000,a,서울,서울특별시 양천구,양천구 신정1동 ,휘발유,0,0,0,0,1442,0,3,0,0,0,0,0,1445,no
202608,11,11470,1147062000,b,서울,서울특별시 양천구,양천구 신정1동 ,경유,0,5,12,0,1274,92,323,8,0,27,82,155,1978,no
202608,11,11470,1147062000,c,서울,서울특별시 양천구,양천구 신정1동 ,엘피지,0,0,0,0,175,22,65,0,29,0,8,0,299,no
202608,11,11470,1147062000,e,서울,서울특별시 양천구,양천구 신정1동 ,전기,5,0,3,0,222,1,22,0,4,101,2,0,360,yes
202608,11,11470,1147062000,g,서울,서울특별시 양천구,양천구 신정1동 ,휘발유(유연),0,0,0,0,1,0,0,0,0,0,0,0,1,no
202608,11,11470,1147062000,h,서울,서울특별시 양천구,양천구 신정1동 ,휘발유(무연),8,0,0,0,2554,0,6,0,5,0,0,0,2573,no
202608,11,11470,1147062000,j,서울,서울특별시 양천구,양천구 신정1동 ,CNG,0,0,0,0,0,0,0,0,0,114,0,0,114,no
202608,11,11470,1147062000,l,서울,서울특별시 양천구,양천구 신정1동 ,하이브리드(휘발유+전기),0,0,0,0,922,9,2,0,4,0,0,0,937,no
202608,11,11470,1147062000,m,서울,서울특별시 양천구,양천구 신정1동 ,하이브리드(경유+전기),0,0,0,0,11,0,0,0,0,0,0,0,11,no
202608,11,11470,1147062000,n,서울,서울특별시 양천구,양천구 신정1동 ,하이브리드(LPG+전기),0,0,0,0,2,0,0,0,0,0,0,0,2,no
202608,11,11470,1147062000,q,서울,서울특별시 양천구,양천구 신정1동 ,수소,0,0,0,0,9,0,0,0,0,0,0,0,9,no
202608,11,11470,1147062000,z,서울,서울특별시 양천구,양천구 신정1동 ,기타연료,0,0,0,0,0,6,6,2,0,0,11,0,25,no
202608,11,11470,1147063000,a,서울,서울특별시 양천구,양천구 신정2동 ,휘발유,0,0,0,0,1169,2,1,0,0,0,0,0,1172,no
202608,11,11470,1147063000,b,서울,서울특별시 양천구,양천구 신정2동 ,경유,0,2,1,0,1114,75,230,7,0,1,34,2,1466,no
202608,11,11470,1147063000,c,서울,서울특별시 양천구,양천구 신정2동 ,엘피지,0,0,5,0,202,26,26,0,35,0,7,0,301,no
202608,11,11470,1147063000,e,서울,서울특별시 양천구,양천구 신정2동 ,전기,6,0,0,0,161,1,10,1,8,11,5,0,203,yes
202608,11,11470,1147063000,g,서울,서울특별시 양천구,양천구 신정2동 ,휘발유(유연),0,0,0,0,1,0,0,0,0,0,0,0,1,no
202608,11,11470,1147063000,h,서울,서울특별시 양천구,양천구 신정2동 ,휘발유(무연),0,0,0,0,2207,2,2,0,0,0,0,0,2211,no
202608,11,11470,1147063000,j,서울,서울특별시 양천구,양천구 신정2동 ,CNG,0,0,0,0,0,0,0,0,0,60,0,0,60,no
202608,11,11470,1147063000,l,서울,서울특별시 양천구,양천구 신정2동 ,하이브리드(휘발유+전기),1,0,0,0,768,2,0,0,0,0,0,0,771,no
202608,11,11470,1147063000,m,서울,서울특별시 양천구,양천구 신정2동 ,하이브리드(경유+전기),0,0,0,0,13,0,0,0,0,0,0,0,13,no
202608,11,11470,1147063000,n,서울,서울특별시 양천구,양천구 신정2동 ,하이브리드(LPG+전기),0,0,0,0,1,0,0,0,0,0,0,0,1,no
202608,11,11470,1147063000,q,서울,서울특별시 양천구,양천구 신정2동 ,수소,0,0,0,0,4,0,0,0,0,0,0,0,4,no
202608,11,11470,1147063000,r,서울,서울특별시 양천구,양천구 신정2동 ,수소전기,0,0,0,0,1,0,0,0,0,0,0,0,1,no
202608,11,11470,1147063000,z,서울,서울특별시 양천구,양천구 신정2동 ,기타연료,0,0,0,0,0,4,1,2,0,0,0,0,7,no
202608,11,11470,1147064000,a,서울,서울특별시 양천구,양천구 신정3동 ,휘발유,0,0,0,0,2352,0,11,1,0,0,0,0,2364,no
202608,11,11470,1147064000,b,서울,서울특별시 양천구,양천구 신정3동 ,경유,1,0,0,0,2658,183,801,14,0,20,520,30,4227,no
202608,11,11470,1147064000,c,서울,서울특별시 양천구,양천구 신정3동 ,엘피지,0,0,0,0,692,53,119,3,195,0,34,0,1096,no
202608,11,11470,1147064000,e,서울,서울특별시 양천구,양천구 신정3동 ,전기,0,0,0,0,357,0,41,0,37,30,25,0,490,yes
202608,11,11470,1147064000,g,서울,서울특별시 양천구,양천구 신정3동 ,휘발유(유연),0,0,0,0,3,0,0,0,0,0,0,0,3,no
202608,11,11470,1147064000,h,서울,서울특별시 양천구,양천구 신정3동 ,휘발유(무연),0,0,0,0,5360,4,7,0,0,0,0,0,5371,no
202608,11,11470,1147064000,j,서울,서울특별시 양천구,양천구 신정3동 ,CNG,0,0,0,0,3,0,0,0,0,43,0,0,46,no
202608,11,11470,1147064000,l,서울,서울특별시 양천구,양천구 신정3동 ,하이브리드(휘발유+전기),0,0,0,0,1633,4,5,0,3,0,0,0,1645,no
202608,11,11470,1147064000,m,서울,서울특별시 양천구,양천구 신정3동 ,하이브리드(경유+전기),0,0,0,0,18,0,0,0,0,0,0,0,18,no
202608,11,11470,1147064000,n,서울,서울특별시 양천구,양천구 신정3동 ,하이브리드(LPG+전기),0,0,0,0,7,0,0,0,1,0,0,0,8,no
202608,11,11470,1147064000,q,서울,서울특별시 양천구,양천구 신정3동 ,수소,0,0,0,0,21,0,0,0,0,0,0,0,21,no
202608,11,11470,1147064000,r,서울,서울특별시 양천구,양천구 신정3동 ,수소전기,0,0,0,0,2,0,0,0,0,0,0,0,2,no
202608,11,11470,1147064000,z,서울,서울특별시 양천구,양천구 신정3동 ,기타연료,0,0,0,0,0,6,26,4,0,0,4,0,40,no
202608,11,11470,1147065000,a,서울,서울특별시 양천구,양천구 신정4동 ,휘발유,0,0,0,0,1339,3,6,0,5,0,0,0,1353,no
202608,11,11470,1147065000,b,서울,서울특별시 양천구,양천구 신정4동 ,경유,1,1,0,0,1653,150,706,15,14,2,129,34,2705,no
202608,11,11470,1147065000,c,서울,서울특별시 양천구,양천구 신정4동 ,엘피지,0,0,0,0,412,45,86,1,173,0,36,0,753,no
202608,11,11470,1147065000,e,서울,서울특별시 양천구,양천구 신정4동 ,전기,0,0,0,0,135,0,30,0,25,0,22,0,212,yes
202608,11,11470,1147065000,g,서울,서울특별시 양천구,양천구 신정4동 ,휘발유(유연),0,0,0,0,3,0,0,0,0,0,0,0,3,no
202608,11,11470,1147065000,h,서울,서울특별시 양천구,양천구 신정4동 ,휘발유(무연),2,0,0,0,2952,4,6,0,49,0,0,0,3013,no
202608,11,11470,1147065000,l,서울,서울특별시 양천구,양천구 신정4동 ,하이브리드(휘발유+전기),0,0,0,0,662,1,4,0,37,0,0,0,704,no
202608,11,11470,1147065000,m,서울,서울특별시 양천구,양천구 신정4동 ,하이브리드(경유+전기),0,0,0,0,9,0,0,0,0,0,0,0,9,no
202608,11,11470,1147065000,n,서울,서울특별시 양천구,양천구 신정4동 ,하이브리드(LPG+전기),0,0,0,0,2,0,0,0,0,0,0,0,2,no
202608,11,11470,1147065000,q,서울,서울특별시 양천구,양천구 신정4동 ,수소,0,0,0,0,7,0,0,0,0,0,0,0,7,no
202608,11,11470,1147065000,z,서울,서울특별시 양천구,양천구 신정4동 ,기타연료,0,0,0,0,0,3,6,0,0,0,3,0,12,no
202608,11,11470,1147067000,a,서울,서울특별시 양천구,양천구 신정6동 ,휘발유,1,0,0,0,1750,0,5,0,0,0,0,0,1756,no
202608,11,11470,1147067000,b,서울,서울특별시 양천구,양천구 신정6동 ,경유,2,25,50,2,1433,50,158,5,0,0,26,1,1752,no
202608,11,11470,1147067000,c,서울,서울특별시 양천구,양천구 신정6동 ,엘피지,1,5,13,0,168,6,39,0,32,0,6,0,270,no
202608,11,11470,1147067000,e,서울,서울특별시 양천구,양천구 신정6동 ,전기,41,0,6,0,226,1,9,1,0,0,4,0,288,yes
202608,11,11470,1147067000,h,서울,서울특별시 양천구,양천구 신정6동 ,휘발유(무연),8,0,0,0,3271,0,6,0,0,0,0,0,3285,no
202608,11,11470,1147067000,j,서울,서울특별시 양천구,양천구 신정6동 ,CNG,0,0,13,0,0,0,1,0,0,0,0,0,14,no
202608,11,11470,1147067000,l,서울,서울특별시 양천구,양천구 신정6동 ,하이브리드(휘발유+전기),7,2,0,0,1270,1,3,0,1,0,0,0,1284,no
202608,11,11470,1147067000,m,서울,서울특별시 양천구,양천구 신정6동 ,하이브리드(경유+전기),0,0,0,0,20,0,0,0,0,0,0,0,20,no
202608,11,11470,1147067000,n,서울,서울특별시 양천구,양천구 신정6동 ,하이브리드(LPG+전기),2,0,0,0,1,0,0,0,0,0,0,0,3,no
202608,11,11470,1147067000,q,서울,서울특별시 양천구,양천구 신정6동 ,수소,0,0,0,0,10,0,0,0,0,0,0,0,10,no
202608,11,11470,1147067000,r,서울,서울특별시 양천구,양천구 신정6동 ,수소전기,0,0,0,0,1,0,0,0,0,0,0,0,1,no
202608,11,11470,1147067000,z,서울,서울특별시 양천구,양천구 신정6동 ,기타연료,0,0,0,0,0,2,17,2,0,0,1,0,22,no
202608,11,11470,1147068000,a,서울,서울특별시 양천구,양천구 신정7동 ,휘발유,0,0,0,0,1609,3,1,0,0,0,0,0,1613,no
202608,11,11470,1147068000,b,서울,서울특별시 양천구,양천구 신정7동 ,경유,0,2,0,0,1669,107,415,6,0,0,106,13,2318,no
202608,11,11470,1147068000,c,서울,서울특별시 양천구,양천구 신정7동 ,엘피지,0,0,0,0,373,22,47,0,88,0,16,0,546,no
202608,11,11470,1147068000,e,서울,서울특별시 양천구,양천구 신정7동 ,전기,1,0,0,0,224,0,16,0,21,0,47,0,309,yes
202608,11,11470,1147068000,g,서울,서울특별시 양천구,양천구 신정7동 ,휘발유(유연),0,0,0,0,3,0,0,0,0,0,0,0,3,no
202608,11,11470,1147068000,h,서울,서울특별시 양천구,양천구 신정7동 ,휘발유(무연),4,0,0,0,3250,0,2,0,0,0,0,0,3256,no
202608,11,11470,1147068000,l,서울,서울특별시 양천구,양천구 신정7동 ,하이브리드(휘발유+전기),6,0,0,0,1060,1,2,1,4,0,0,0,1074,no
202608,11,11470,1147068000,m,서울,서울특별시 양천구,양천구 신정7동 ,하이브리드(경유+전기),0,0,0,0,23,0,0,0,0,0,0,0,23,no
202608,11,11470,1147068000,n,서울,서울특별시 양천구,양천구 신정7동 ,하이브리드(LPG+전기),0,0,0,0,3,0,0,0,0,0,0,0,3,no
202608,11,11470,1147068000,q,서울,서울특별시 양천구,양천구 신정7동 ,수소,0,0,0,0,11,0,0,0,0,0,0,0,11,no
202608,11,11470,1147068000,r,서울,서울특별시 양천구,양천구 신정7동 ,수소전기,0,0,0,0,2,0,0,0,0,0,0,0,2,no
202608,11,11470,1147068000,z,서울,서울특별시 양천구,양천구 신정7동 ,기타연료,0,0,0,0,0,3,6,1,0,0,2,0,12,no
202608,11,11500,1150010300,b,서울,서울특별시 강서구,기타,경유,0,0,0,0,0,0,1,0,0,0,0,0,1,no
202608,11,11500,1150010500,b,서울,서울특별시 강서구,기타,경유,0,0,0,0,1,0,2,0,0,0,0,0,3,no
202608,11,11500,1150010800,a,서울,서울특별시 강서구,기타,휘발유,0,0,0,0,1,0,0,0,0,0,0,0,1,no
202608,11,11500,1150051000,a,서울,서울특별시 강서구,강서구 염창동 ,휘발유,0,0,0,0,2766,0,12,0,2,0,0,0,2780,no
202608,11,11500,1150051000,b,서울,서울특별시 강서구,강서구 염창동 ,경유,0,2,1,0,2997,159,792,18,32,19,250,9,4279,no
202608,11,11500,1150051000,c,서울,서울특별시 강서구,강서구 염창동 ,엘피지,0,0,1,0,517,34,121,1,247,4,34,0,959,no
202608,11,11500,1150051000,e,서울,서울특별시 강서구,강서구 염창동 ,전기,6,0,0,0,819,0,41,0,124,0,12,0,1002,yes
202608,11,11500,1150051000,g,서울,서울특별시 강서구,강서구 염창동 ,휘발유(유연),0,0,0,0,5,0,0,0,0,0,0,0,5,no
202608,11,11500,1150051000,h,서울,서울특별시 강서구,강서구 염창동 ,휘발유(무연),2,0,0,0,6095,2,5,0,178,1,0,0,6283,no
202608,11,11500,1150051000,l,서울,서울특별시 강서구,강서구 염창동 ,하이브리드(휘발유+전기),0,0,0,0,2147,0,17,0,50,0,0,0,2214,no
202608,11,11500,1150051000,m,서울,서울특별시 강서구,강서구 염창동 ,하이브리드(경유+전기),0,0,0,0,44,0,0,0,0,0,0,0,44,no
202608,11,11500,1150051000,n,서울,서울특별시 강서구,강서구 염창동 ,하이브리드(LPG+전기),0,0,0,0,8,0,0,0,0,0,0,0,8,no
202608,11,11500,1150051000,q,서울,서울특별시 강서구,강서구 염창동 ,수소,0,0,0,0,21,0,0,0,0,0,0,0,21,no
202608,11,11500,1150051000,r,서울,서울특별시 강서구,강서구 염창동 ,수소전기,0,0,0,0,1,0,0,0,0,0,0,0,1,no
202608,11,11500,1150051000,z,서울,서울특별시 강서구,강서구 염창동 ,기타연료,0,0,0,0,0,4,18,9,0,0,0,0,31,no
202608,11,11500,1150052000,a,서울,서울특별시 강서구,강서구 등촌1동 ,휘발유,0,0,0,0,1677,1,4,0,3,0,0,0,1685,no
202608,11,11500,1150052000,b,서울,서울특별시 강서구,강서구 등촌1동 ,경유,1,12,13,5,1855,154,681,12,18,66,138,6,2961,no
202608,11,11500,1150052000,c,서울,서울특별시 강서구,강서구 등촌1동 ,엘피지,0,0,1,0,375,27,83,1,245,1,24,0,757,no
202608,11,11500,1150052000,e,서울,서울특별시 강서구,강서구 등촌1동 ,전기,7,0,0,0,431,0,35,0,94,0,21,0,588,yes
202608,11,11500,1150052000,g,서울,서울특별시 강서구,강서구 등촌1동 ,휘발유(유연),0,0,0,0,6,0,0,0,0,0,0,0,6,no
202608,11,11500,1150052000,h,서울,서울특별시 강서구,강서구 등촌1동 ,휘발유(무연),1,0,0,0,3790,4,9,0,35,0,0,0,3839,no
202608,11,11500,1150052000,l,서울,서울특별시 강서구,강서구 등촌1동 ,하이브리드(휘발유+전기),8,0,0,0,1237,5,12,1,14,0,0,0,1277,no
202608,11,11500,1150052000,m,서울,서울특별시 강서구,강서구 등촌1동 ,하이브리드(경유+전기),0,0,0,0,27,0,0,0,0,0,0,0,27,no
202608,11,11500,1150052000,n,서울,서울특별시 강서구,강서구 등촌1동 ,하이브리드(LPG+전기),0,0,0,0,4,0,0,0,0,0,0,0,4,no
202608,11,11500,1150052000,q,서울,서울특별시 강서구,강서구 등촌1동 ,수소,0,0,0,0,9,0,0,0,0,0,0,0,9,no
202608,11,11500,1150052000,r,서울,서울특별시 강서구,강서구 등촌1동 ,수소전기,0,0,0,0,1,0,0,0,0,6,0,0,7,no
202608,11,11500,1150052000,z,서울,서울특별시 강서구,강서구 등촌1동 ,기타연료,0,0,1,1,0,3,9,0,0,0,2,0,16,no
202608,11,11500,1150053000,a,서울,서울특별시 강서구,강서구 등촌2동 ,휘발유,0,0,0,0,1210,0,1,0,0,0,0,0,1211,no
202608,11,11500,1150053000,b,서울,서울특별시 강서구,강서구 등촌2동 ,경유,0,2,1,0,1342,103,402,7,0,2,88,6,1953,no
202608,11,11500,1150053000,c,서울,서울특별시 강서구,강서구 등촌2동 ,엘피지,0,1,0,0,247,21,39,1,106,0,34,0,449,no
202608,11,11500,1150053000,e,서울,서울특별시 강서구,강서구 등촌2동 ,전기,0,0,1,0,158,0,14,0,6,0,6,0,185,yes
202608,11,11500,1150053000,h,서울,서울특별시 강서구,강서구 등촌2동 ,휘발유(무연),1,0,0,0,2381,1,3,0,0,0,0,0,2386,no
202608,11,11500,1150053000,j,서울,서울특별시 강서구,강서구 등촌2동 ,CNG,0,0,0,0,1,0,0,0,0,0,0,0,1,no
202608,11,11500,1150053000,l,서울,서울특별시 강서구,강서구 등촌2동 ,하이브리드(휘발유+전기),1,0,0,0,786,1,1,0,0,0,0,0,789,no
202608,11,11500,1150053000,m,서울,서울특별시 강서구,강서구 등촌2동 ,하이브리드(경유+전기),0,0,0,0,14,0,0,0,0,0,0,0,14,no
202608,11,11500,1150053000,n,서울,서울특별시 강서구,강서구 등촌2동 ,하이브리드(LPG+전기),0,0,0,0,1,0,0,0,0,0,0,0,1,no
202608,11,11500,1150053000,q,서울,서울특별시 강서구,강서구 등촌2동 ,수소,0,0,0,0,9,0,0,0,0,0,0,0,9,no
202608,11,11500,1150053000,r,서울,서울특별시 강서구,강서구 등촌2동 ,수소전기,0,0,0,0,2,0,0,0,0,0,0,0,2,no
202608,11,11500,1150053000,z,서울,서울특별시 강서구,강서구 등촌2동 ,기타연료,0,0,0,0,0,0,6,0,0,0,0,0,6,no
202608,11,11500,1150053500,a,서울,서울특별시 강서구,강서구 등촌3동 ,휘발유,0,0,0,0,2153,0,18,0,1,0,0,0,2172,no
202608,11,11500,1150053500,b,서울,서울특별시 강서구,강서구 등촌3동 ,경유,0,1,12,1,2160,134,570,15,1,19,144,8,3065,no
202608,11,11500,1150053500,c,서울,서울특별시 강서구,강서구 등촌3동 ,엘피지,0,0,9,0,468,31,79,1,180,0,27,0,795,no
202608,11,11500,1150053500,e,서울,서울특별시 강서구,강서구 등촌3동 ,전기,0,0,0,0,380,0,22,1,20,0,7,0,430,yes
202608,11,11500,1150053500,g,서울,서울특별시 강서구,강서구 등촌3동 ,휘발유(유연),0,0,0,0,1,0,0,0,0,0,0,0,1,no
202608,11,11500,1150053500,h,서울,서울특별시 강서구,강서구 등촌3동 ,휘발유(무연),7,0,0,0,3899,1,8,1,0,0,0,0,3916,no
202608,11,11500,1150053500,l,서울,서울특별시 강서구,강서구 등촌3동 ,하이브리드(휘발유+전기),0,0,0,0,1215,1,7,0,4,0,0,0,1227,no
202608,11,11500,1150053500,m,서울,서울특별시 강서구,강서구 등촌3동 ,하이브리드(경유+전기),0,0,0,0,43,0,0,0,0,0,0,0,43,no
202608,11,11500,1150053500,n,서울,서울특별시 강서구,강서구 등촌3동 ,하이브리드(LPG+전기),0,0,0,0,2,0,0,0,0,0,0,0,2,no
202608,11,11500,1150053500,q,서울,서울특별시 강서구,강서구 등촌3동 ,수소,0,0,0,0,11,0,0,0,0,0,0,0,11,no
202608,11,11500,1150053500,r,서울,서울특별시 강서구,강서구 등촌3동 ,수소전기,0,0,0,0,3,0,0,0,0,0,0,0,3,no
202608,11,11500,1150053500,z,서울,서울특별시 강서구,강서구 등촌3동 ,기타연료,0,0,0,0,0,2,6,1,0,0,0,0,9,no
202608,11,11500,1150054000,a,서울,서울특별시 강서구,강서구 화곡1동 ,휘발유,0,0,0,0,2158,1,13,0,0,0,0,0,2172,no
202608,11,11500,1150054000,b,서울,서울특별시 강서구,강서구 화곡1동 ,경유,1,3,14,1,2657,302,1303,20,0,1,246,31,4579,no
202608,11,11500,1150054000,c,서울,서울특별시 강서구,강서구 화곡1동 ,엘피지,1,1,0,0,688,57,158,1,651,0,52,3,1612,no
202608,11,11500,1150054000,e,서울,서울특별시 강서구,강서구 화곡1동 ,전기,17,0,0,0,208,0,34,1,25,0,39,0,324,yes
202608,11,11500,1150054000,g,서울,서울특별시 강서구,강서구 화곡1동 ,휘발유(유연),0,0,0,0,9,0,0,0,0,0,0,0,9,no
202608,11,11500,1150054000,h,서울,서울특별시 강서구,강서구 화곡1동 ,휘발유(무연),2,0,0,0,5220,3,6,0,2,0,0,0,5233,no
202608,11,11500,1150054000,j,서울,서울특별시 강서구,강서구 화곡1동 ,CNG,0,0,2,0,0,0,0,0,0,0,0,0,2,no
202608,11,11500,1150054000,l,서울,서울특별시 강서구,강서구 화곡1동 ,하이브리드(휘발유+전기),1,0,0,0,1122,2,8,0,12,0,0,0,1145,no
202608,11,11500,1150054000,m,서울,서울특별시 강서구,강서구 화곡1동 ,하이브리드(경유+전기),0,0,0,0,13,0,0,0,0,0,0,0,13,no
202608,11,11500,1150054000,n,서울,서울특별시 강서구,강서구 화곡1동 ,하이브리드(LPG+전기),0,0,0,0,8,0,0,0,1,0,0,0,9,no
202608,11,11500,1150054000,q,서울,서울특별시 강서구,강서구 화곡1동 ,수소,0,0,1,0,10,0,0,0,0,0,0,0,11,no
202608,11,11500,1150054000,r,서울,서울특별시 강서구,강서구 화곡1동 ,수소전기,0,0,0,0,2,0,0,0,0,0,0,0,2,no
202608,11,11500,1150054000,z,서울,서울특별시 강서구,강서구 화곡1동 ,기타연료,0,0,0,0,0,4,13,3,0,0,7,0,27,no
202608,11,11500,1150055000,a,서울,서울특별시 강서구,강서구 화곡2동 ,휘발유,0,0,0,0,661,1,9,0,0,0,0,0,671,no
202608,11,11500,1150055000,b,서울,서울특별시 강서구,강서구 화곡2동 ,경유,0,0,0,0,892,93,355,9,0,0,64,8,1421,no
202608,11,11500,1150055000,c,서울,서울특별시 강서구,강서구 화곡2동 ,엘피지,0,0,0,0,244,20,41,0,57,0,28,0,390,no
202608,11,11500,1150055000,e,서울,서울특별시 강서구,강서구 화곡2동 ,전기,2,0,0,0,72,0,6,0,8,0,13,0,101,yes
202608,11,11500,1150055000,g,서울,서울특별시 강서구,강서구 화곡2동 ,휘발유(유연),0,0,0,0,1,0,0,0,0,0,0,0,1,no
202608,11,11500,1150055000,h,서울,서울특별시 강서구,강서구 화곡2동 ,휘발유(무연),0,0,0,0,1625,2,3,0,0,0,0,0,1630,no
202608,11,11500,1150055000,l,서울,서울특별시 강서구,강서구 화곡2동 ,하이브리드(휘발유+전기),0,0,0,0,337,1,11,0,1,0,0,0,350,no
202608,11,11500,1150055000,m,서울,서울특별시 강서구,강서구 화곡2동 ,하이브리드(경유+전기),0,0,0,0,3,0,0,0,0,0,0,0,3,no
202608,11,11500,1150055000,n,서울,서울특별시 강서구,강서구 화곡2동 ,하이브리드(LPG+전기),0,0,0,0,1,0,0,0,0,0,0,0,1,no
202608,11,11500,1150055000,q,서울,서울특별시 강서구,강서구 화곡2동 ,수소,0,0,0,0,3,0,0,0,0,0,0,0,3,no
202608,11,11500,1150055000,z,서울,서울특별시 강서구,강서구 화곡2동 ,기타연료,0,0,0,0,0,0,12,4,0,0,1,0,17,no
202608,11,11500,1150056000,a,서울,서울특별시 강서구,강서구 화곡3동 ,휘발유,0,0,0,0,1013,0,3,0,0,0,0,0,1016,no
202608,11,11500,1150056000,b,서울,서울특별시 강서구,강서구 화곡3동 ,경유,0,0,2,0,1089,71,292,10,1,1,63,10,1539,no
202608,11,11500,1150056000,c,서울,서울특별시 강서구,강서구 화곡3동 ,엘피지,0,0,0,0,246,7,53,2,59,0,15,1,383,no
202608,11,11500,1150056000,e,서울,서울특별시 강서구,강서구 화곡3동 ,전기,0,0,0,0,117,0,12,0,9,0,8,0,146,yes
202608,11,11500,1150056000,h,서울,서울특별시 강서구,강서구 화곡3동 ,휘발유(무연),2,0,0,0,2298,2,8,0,0,0,0,0,2310,no
202608,11,11500,1150056000,l,서울,서울특별시 강서구,강서구 화곡3동 ,하이브리드(휘발유+전기),0,0,0,0,638,1,2,0,1,0,0,0,642,no
202608,11,11500,1150056000,m,서울,서울특별시 강서구,강서구 화곡3동 ,하이브리드(경유+전기),0,0,0,0,10,0,0,0,0,0,0,0,10,no
202608,11,11500,1150056000,n,서울,서울특별시 강서구,강서구 화곡3동 ,하이브리드(LPG+전기),0,0,0,0,1,0,0,0,0,0,0,0,1,no
202608,11,11500,1150056000,q,서울,서울특별시 강서구,강서구 화곡3동 ,수소,0,0,0,0,8,0,0,0,0,0,0,0,8,no
202608,11,11500,1150056000,r,서울,서울특별시 강서구,강서구 화곡3동 ,수소전기,0,0,0,0,2,0,0,0,0,0,0,0,2,no
202608,11,11500,1150056000,z,서울,서울특별시 강서구,강서구 화곡3동 ,기타연료,0,0,0,0,0,3,5,3,0,0,1,0,12,no
202608,11,11500,1150057000,a,서울,서울특별시 강서구,강서구 화곡4동 ,휘발유,0,0,0,0,815,1,7,0,0,0,0,0,823,no
202608,11,11500,1150057000,b,서울,서울특별시 강서구,강서구 화곡4동 ,경유,0,1,3,0,1064,111,466,10,0,0,84,11,1750,no
202608,11,11500,1150057000,c,서울,서울특별시 강서구,강서구 화곡4동 ,엘피지,0,0,0,0,287,30,65,2,94,0,28,0,506,no
202608,11,11500,1150057000,e,서울,서울특별시 강서구,강서구 화곡4동 ,전기,2,0,0,0,79,0,22,0,17,0,14,0,134,yes
202608,11,11500,1150057000,g,서울,서울특별시 강서구,강서구 화곡4동 ,휘발유(유연),0,0,0,0,2,0,0,0,0,0,0,0,2,no
202608,11,11500,1150057000,h,서울,서울특별시 강서구,강서구 화곡4동 ,휘발유(무연),2,0,0,0,1894,1,2,0,0,0,0,0,1899,no
202608,11,11500,1150057000,l,서울,서울특별시 강서구,강서구 화곡4동 ,하이브리드(휘발유+전기),0,0,0,0,412,1,2,0,2,0,0,0,417,no
202608,11,11500,1150057000,m,서울,서울특별시 강서구,강서구 화곡4동 ,하이브리드(경유+전기),0,0,0,0,7,0,0,0,0,0,0,0,7,no
202608,11,11500,1150057000,n,서울,서울특별시 강서구,강서구 화곡4동 ,하이브리드(LPG+전기),0,0,0,0,3,0,0,0,0,0,0,0,3,no
202608,11,11500,1150057000,q,서울,서울특별시 강서구,강서구 화곡4동 ,수소,0,0,0,0,5,0,0,0,0,0,0,0,5,no
202608,11,11500,1150057000,z,서울,서울특별시 강서구,강서구 화곡4동 ,기타연료,0,0,0,0,0,0,11,2,0,0,0,0,13,no
202608,11,11500,1150059000,a,서울,서울특별시 강서구,강서구 화곡본동 ,휘발유,0,0,0,0,1344,0,8,0,0,0,0,0,1352,no
202608,11,11500,1150059000,b,서울,서울특별시 강서구,강서구 화곡본동 ,경유,0,0,2,0,1671,153,603,11,0,0,96,12,2548,no
202608,11,11500,1150059000,c,서울,서울특별시 강서구,강서구 화곡본동 ,엘피지,0,0,0,0,457,24,78,1,120,0,31,0,711,no
202608,11,11500,1150059000,e,서울,서울특별시 강서구,강서구 화곡본동 ,전기,1,0,0,0,119,1,16,0,14,0,18,0,169,yes
202608,11,11500,1150059000,g,서울,서울특별시 강서구,강서구 화곡본동 ,휘발유(유연),0,0,0,0,1,0,0,0,0,0,0,0,1,no
202608,11,11500,1150059000,h,서울,서울특별시 강서구,강서구 화곡본동 ,휘발유(무연),0,0,0,0,3184,1,9,0,0,0,0,0,3194,no
202608,11,11500,1150059000,l,서울,서울특별시 강서구,강서구 화곡본동 ,하이브리드(휘발유+전기),0,0,0,0,629,2,6,0,0,0,0,0,637,no
202608,11,11500,1150059000,m,서울,서울특별시 강서구,강서구 화곡본동 ,하이브리드(경유+전기),0,0,0,0,5,0,0,0,0,0,0,0,5,no
202608,11,11500,1150059000,n,서울,서울특별시 강서구,강서구 화곡본동 ,하이브리드(LPG+전기),0,0,0,0,2,0,0,0,0,0,1,0,3,no
202608,11,11500,1150059000,q,서울,서울특별시 강서구,강서구 화곡본동 ,수소,0,0,0,0,5,0,0,0,0,0,0,0,5,no
202608,11,11500,1150059000,r,서울,서울특별시 강서구,강서구 화곡본동 ,수소전기,0,0,0,0,3,0,0,0,0,0,0,0,3,no
202608,11,11500,1150059000,z,서울,서울특별시 강서구,강서구 화곡본동 ,기타연료,0,0,0,0,0,1,8,0,0,0,0,0,9,no
202608,11,11500,1150059100,a,서울,서울특별시 강서구,강서구 화곡6동 ,휘발유,4,0,0,0,1328,1,7,0,0,0,0,0,1340,no
202608,11,11500,1150059100,b,서울,서울특별시 강서구,강서구 화곡6동 ,경유,4,2,38,1,1437,96,414,11,0,0,78,3,2084,no
202608,11,11500,1150059100,c,서울,서울특별시 강서구,강서구 화곡6동 ,엘피지,0,2,3,0,346,30,69,2,224,0,31,0,707,no
202608,11,11500,1150059100,e,서울,서울특별시 강서구,강서구 화곡6동 ,전기,6,0,0,0,158,0,15,0,13,0,8,0,200,yes
202608,11,11500,1150059100,g,서울,서울특별시 강서구,강서구 화곡6동 ,휘발유(유연),0,0,0,0,1,0,0,0,0,0,0,0,1,no
202608,11,11500,1150059100,h,서울,서울특별시 강서구,강서구 화곡6동 ,휘발유(무연),4,0,0,0,2898,4,2,0,0,0,0,0,2908,no
202608,11,11500,1150059100,j,서울,서울특별시 강서구,강서구 화곡6동 ,CNG,0,0,2,0,2,0,0,0,0,0,0,0,4,no
202608,11,11500,1150059100,l,서울,서울특별시 강서구,강서구 화곡6동 ,하이브리드(휘발유+전기),1,0,0,0,787,1,2,0,3,0,0,0,794,no
202608,11,11500,1150059100,m,서울,서울특별시 강서구,강서구 화곡6동 ,하이브리드(경유+전기),0,0,0,0,7,0,0,0,0,0,0,0,7,no
202608,11,11500,1150059100,n,서울,서울특별시 강서구,강서구 화곡6동 ,하이브리드(LPG+전기),0,0,0,0,1,0,0,0,0,0,0,0,1,no
202608,11,11500,1150059100,q,서울,서울특별시 강서구,강서구 화곡6동 ,수소,0,0,0,0,10,0,0,0,0,0,0,0,10,no
202608,11,11500,1150059100,r,서울,서울특별시 강서구,강서구 화곡6동 ,수소전기,0,0,0,0,1,0,0,0,0,0,0,0,1,no
202608,11,11500,1150059100,z,서울,서울특별시 강서구,강서구 화곡6동 ,기타연료,0,0,0,0,1,6,5,4,0,0,0,0,16,no
202608,11,11500,1150059300,a,서울,서울특별시 강서구,강서구 화곡8동 ,휘발유,0,0,0,0,887,0,4,0,0,0,0,0,891,no
202608,11,11500,1150059300,b,서울,서울특별시 강서구,강서구 화곡8동 ,경유,1,2,5,0,1066,69,400,13,0,0,65,10,1631,no
202608,11,11500,1150059300,c,서울,서울특별시 강서구,강서구 화곡8동 ,엘피지,0,0,0,0,282,22,52,0,77,1,28,0,462,no
202608,11,11500,1150059300,e,서울,서울특별시 강서구,강서구 화곡8동 ,전기,14,0,0,0,66,0,14,0,13,0,7,0,114,yes
202608,11,11500,1150059300,g,서울,서울특별시 강서구,강서구 화곡8동 ,휘발유(유연),0,0,0,0,4,0,0,0,0,0,0,0,4,no
202608,11,11500,1150059300,h,서울,서울특별시 강서구,강서구 화곡8동 ,휘발유(무연),3,0,0,0,2095,0,1,0,0,0,0,0,2099,no
202608,11,11500,1150059300,j,서울,서울특별시 강서구,강서구 화곡8동 ,CNG,0,2,2,0,0,0,0,0,0,0,0,0,4,no
202608,11,11500,1150059300,l,서울,서울특별시 강서구,강서구 화곡8동 ,하이브리드(휘발유+전기),0,0,0,0,447,1,2,0,5,0,0,0,455,no
202608,11,11500,1150059300,m,서울,서울특별시 강서구,강서구 화곡8동 ,하이브리드(경유+전기),0,0,0,0,5,0,0,0,0,0,0,0,5,no
202608,11,11500,1150059300,n,서울,서울특별시 강서구,강서구 화곡8동 ,하이브리드(LPG+전기),0,0,0,0,3,0,0,0,0,0,0,0,3,no
202608,11,11500,1150059300,q,서울,서울특별시 강서구,강서구 화곡8동 ,수소,0,0,0,0,6,0,0,0,0,0,0,0,6,no
202608,11,11500,1150059300,z,서울,서울특별시 강서구,강서구 화곡8동 ,기타연료,0,0,0,0,2,2,6,2,0,0,0,0,12,no
202608,11,11500,1150060300,a,서울,서울특별시 강서구,강서구 가양1동 ,휘발유,0,0,0,0,3104,3,16,0,77,0,0,0,3200,no
202608,11,11500,1150060300,b,서울,서울특별시 강서구,강서구 가양1동 ,경유,1,3,19,1,3386,225,1185,67,289,211,863,29,6279,no
202608,11,11500,1150060300,c,서울,서울특별시 강서구,강서구 가양1동 ,엘피지,0,0,2,0,778,54,168,1,313,59,47,0,1422,no
202608,11,11500,1150060300,e,서울,서울특별시 강서구,강서구 가양1동 ,전기,3,0,4,1,741,0,61,2,1705,0,37,0,2554,yes
202608,11,11500,1150060300,g,서울,서울특별시 강서구,강서구 가양1동 ,휘발유(유연),0,0,0,0,5,0,0,0,0,0,0,0,5,no
202608,11,11500,1150060300,h,서울,서울특별시 강서구,강서구 가양1동 ,휘발유(무연),1,0,0,0,6255,4,14,0,1160,0,0,0,7434,no
202608,11,11500,1150060300,j,서울,서울특별시 강서구,강서구 가양1동 ,CNG,0,0,5,0,1,0,0,0,0,1,0,0,7,no
202608,11,11500,1150060300,l,서울,서울특별시 강서구,강서구 가양1동 ,하이브리드(휘발유+전기),1,0,0,0,2095,6,14,0,486,9,0,0,2611,no
202608,11,11500,1150060300,m,서울,서울특별시 강서구,강서구 가양1동 ,하이브리드(경유+전기),0,0,0,0,79,0,0,0,19,0,0,0,98,no
202608,11,11500,1150060300,n,서울,서울특별시 강서구,강서구 가양1동 ,하이브리드(LPG+전기),1,0,0,0,2,0,0,0,2,0,0,0,5,no
202608,11,11500,1150060300,q,서울,서울특별시 강서구,강서구 가양1동 ,수소,0,0,0,0,47,0,0,0,6,0,0,0,53,no
202608,11,11500,1150060300,r,서울,서울특별시 강서구,강서구 가양1동 ,수소전기,0,0,0,0,1,0,0,0,1,0,0,0,2,no
202608,11,11500,1150060300,z,서울,서울특별시 강서구,강서구 가양1동 ,기타연료,0,0,0,0,0,6,17,6,0,0,11,0,40,no
202608,11,11500,1150060400,a,서울,서울특별시 강서구,강서구 가양2동 ,휘발유,0,0,0,0,634,1,1,0,8,0,0,0,644,no
202608,11,11500,1150060400,b,서울,서울특별시 강서구,강서구 가양2동 ,경유,0,0,0,0,570,39,169,7,6,1,32,1,825,no
202608,11,11500,1150060400,c,서울,서울특별시 강서구,강서구 가양2동 ,엘피지,0,0,0,0,215,11,20,1,82,2,9,0,340,no
202608,11,11500,1150060400,e,서울,서울특별시 강서구,강서구 가양2동 ,전기,0,0,0,0,66,1,7,0,3,0,4,0,81,yes
202608,11,11500,1150060400,g,서울,서울특별시 강서구,강서구 가양2동 ,휘발유(유연),0,0,0,0,1,0,0,0,0,0,0,0,1,no
202608,11,11500,1150060400,h,서울,서울특별시 강서구,강서구 가양2동 ,휘발유(무연),0,0,0,0,1140,0,1,0,16,0,0,0,1157,no
202608,11,11500,1150060400,l,서울,서울특별시 강서구,강서구 가양2동 ,하이브리드(휘발유+전기),0,0,0,0,307,1,2,0,11,0,0,0,321,no
202608,11,11500,1150060400,m,서울,서울특별시 강서구,강서구 가양2동 ,하이브리드(경유+전기),0,0,0,0,7,0,0,0,0,0,0,0,7,no
202608,11,11500,1150060400,n,서울,서울특별시 강서구,강서구 가양2동 ,하이브리드(LPG+전기),0,0,0,0,1,0,0,0,0,0,0,0,1,no
202608,11,11500,1150060400,q,서울,서울특별시 강서구,강서구 가양2동 ,수소,0,0,0,0,5,0,0,0,0,0,0,0,5,no
202608,11,11500,1150060400,z,서울,서울특별시 강서구,강서구 가양2동 ,기타연료,0,0,0,0,0,0,3,0,0,0,0,0,3,no
202608,11,11500,1150060500,a,서울,서울특별시 강서구,강서구 가양3동 ,휘발유,0,0,0,0,685,1,1,0,0,0,0,0,687,no
202608,11,11500,1150060500,b,서울,서울특별시 강서구,강서구 가양3동 ,경유,0,0,0,0,746,65,265,11,7,5,60,1,1160,no
202608,11,11500,1150060500,c,서울,서울특별시 강서구,강서구 가양3동 ,엘피지,0,0,0,0,225,22,25,1,92,0,17,0,382,no
202608,11,11500,1150060500,e,서울,서울특별시 강서구,강서구 가양3동 ,전기,1,0,0,0,110,0,10,0,22,0,7,0,150,yes
202608,11,11500,1150060500,g,서울,서울특별시 강서구,강서구 가양3동 ,휘발유(유연),0,0,0,0,2,0,0,0,0,0,0,0,2,no
202608,11,11500,1150060500,h,서울,서울특별시 강서구,강서구 가양3동 ,휘발유(무연),0,0,0,0,1564,0,3,0,16,0,0,0,1583,no
202608,11,11500,1150060500,l,서울,서울특별시 강서구,강서구 가양3동 ,하이브리드(휘발유+전기),0,0,0,0,403,0,1,1,6,0,0,0,411,no
202608,11,11500,1150060500,m,서울,서울특별시 강서구,강서구 가양3동 ,하이브리드(경유+전기),0,0,0,0,6,0,0,0,1,0,0,0,7,no
202608,11,11500,1150060500,q,서울,서울특별시 강서구,강서구 가양3동 ,수소,0,0,0,0,4,0,0,0,0,0,0,0,4,no
202608,11,11500,1150060500,z,서울,서울특별시 강서구,강서구 가양3동 ,기타연료,0,0,0,0,0,1,2,2,0,0,0,0,5,no
202608,11,11500,1150061100,a,서울,서울특별시 강서구,강서구 발산1동 ,휘발유,0,0,0,0,1714,3,8,0,9,0,0,0,1734,no
202608,11,11500,1150061100,b,서울,서울특별시 강서구,강서구 발산1동 ,경유,0,1,0,0,2297,222,1019,76,23,45,241,27,3951,no
202608,11,11500,1150061100,c,서울,서울특별시 강서구,강서구 발산1동 ,엘피지,0,0,0,0,619,63,153,2,649,3,50,0,1539,no
202608,11,11500,1150061100,e,서울,서울특별시 강서구,강서구 발산1동 ,전기,0,0,0,0,270,0,49,0,36,41,34,0,430,yes
202608,11,11500,1150061100,g,서울,서울특별시 강서구,강서구 발산1동 ,휘발유(유연),0,0,0,0,2,0,0,0,0,0,0,0,2,no
202608,11,11500,1150061100,h,서울,서울특별시 강서구,강서구 발산1동 ,휘발유(무연),0,0,0,0,4163,3,4,1,101,0,0,0,4272,no
202608,11,11500,1150061100,j,서울,서울특별시 강서구,강서구 발산1동 ,CNG,0,0,0,0,1,0,0,0,0,35,0,0,36,no
202608,11,11500,1150061100,l,서울,서울특별시 강서구,강서구 발산1동 ,하이브리드(휘발유+전기),0,0,0,0,1183,2,4,0,65,1,2,0,1257,no
202608,11,11500,1150061100,m,서울,서울특별시 강서구,강서구 발산1동 ,하이브리드(경유+전기),0,0,0,0,15,0,0,0,0,0,0,0,15,no
202608,11,11500,1150061100,n,서울,서울특별시 강서구,강서구 발산1동 ,하이브리드(LPG+전기),0,0,0,0,3,0,0,0,2,0,0,0,5,no
202608,11,11500,1150061100,q,서울,서울특별시 강서구,강서구 발산1동 ,수소,0,0,0,0,15,0,0,0,0,13,0,0,28,no
202608,11,11500,1150061100,r,서울,서울특별시 강서구,강서구 발산1동 ,수소전기,0,0,0,0,1,0,0,0,0,0,0,0,1,no
202608,11,11500,1150061100,z,서울,서울특별시 강서구,강서구 발산1동 ,기타연료,0,0,0,0,0,4,21,2,0,0,71,0,98,no
202608,11,11500,1150061500,a,서울,서울특별시 강서구,강서구 우장산동 ,휘발유,0,0,0,0,2480,0,9,0,1,0,0,0,2490,no
202608,11,11500,1150061500,b,서울,서울특별시 강서구,강서구 우장산동 ,경유,1,1,0,0,2627,137,561,16,1,13,110,20,3487,no
202608,11,11500,1150061500,c,서울,서울특별시 강서구,강서구 우장산동 ,엘피지,0,0,0,0,466,31,72,1,158,0,28,2,758,no
202608,11,11500,1150061500,e,서울,서울특별시 강서구,강서구 우장산동 ,전기,0,0,0,0,399,0,29,0,10,0,9,0,447,yes
202608,11,11500,1150061500,g,서울,서울특별시 강서구,강서구 우장산동 ,휘발유(유연),0,0,0,0,4,0,0,0,0,0,0,0,4,no
202608,11,11500,1150061500,h,서울,서울특별시 강서구,강서구 우장산동 ,휘발유(무연),1,0,0,0,5168,2,7,0,3,0,0,0,5181,no
202608,11,11500,1150061500,l,서울,서울특별시 강서구,강서구 우장산동 ,하이브리드(휘발유+전기),1,0,0,0,1811,1,4,0,3,0,1,0,1821,no
202608,11,11500,1150061500,m,서울,서울특별시 강서구,강서구 우장산동 ,하이브리드(경유+전기),0,0,0,0,27,0,0,0,0,0,0,0,27,no
202608,11,11500,1150061500,n,서울,서울특별시 강서구,강서구 우장산동 ,하이브리드(LPG+전기),0,0,0,0,2,0,0,0,0,0,0,0,2,no
202608,11,11500,1150061500,q,서울,서울특별시 강서구,강서구 우장산동 ,수소,0,0,0,0,12,0,0,0,0,0,0,0,12,no
202608,11,11500,1150061500,r,서울,서울특별시 강서구,강서구 우장산동 ,수소전기,0,0,0,0,3,0,0,0,0,0,0,0,3,no
202608,11,11500,1150061500,z,서울,서울특별시 강서구,강서구 우장산동 ,기타연료,0,0,0,0,0,6,27,9,0,0,2,0,44,no
202608,11,11500,1150062000,a,서울,서울특별시 강서구,강서구 공항동 ,휘발유,1,0,0,0,1507,1,9,0,7,0,0,0,1525,no
202608,11,11500,1150062000,b,서울,서울특별시 강서구,강서구 공항동 ,경유,2,4,9,6,1839,220,994,33,25,171,233,26,3562,no
202608,11,11500,1150062000,c,서울,서울특별시 강서구,강서구 공항동 ,엘피지,0,1,0,0,483,36,136,3,184,2,56,0,901,no
202608,11,11500,1150062000,e,서울,서울특별시 강서구,강서구 공항동 ,전기,6,0,0,0,296,5,62,0,32,7,69,0,477,yes
202608,11,11500,1150062000,g,서울,서울특별시 강서구,강서구 공항동 ,휘발유(유연),0,0,0,0,3,0,0,0,0,0,0,0,3,no
202608,11,11500,1150062000,h,서울,서울특별시 강서구,강서구 공항동 ,휘발유(무연),2,0,1,0,3371,1,4,0,39,0,0,0,3418,no
202608,11,11500,1150062000,l,서울,서울특별시 강서구,강서구 공항동 ,하이브리드(휘발유+전기),2,0,0,0,933,3,11,1,14,0,1,0,965,no
202608,11,11500,1150062000,m,서울,서울특별시 강서구,강서구 공항동 ,하이브리드(경유+전기),0,0,0,0,10,0,0,0,0,0,0,0,10,no
202608,11,11500,1150062000,n,서울,서울특별시 강서구,강서구 공항동 ,하이브리드(LPG+전기),0,0,0,0,5,0,0,0,0,0,0,0,5,no
202608,11,11500,1150062000,q,서울,서울특별시 강서구,강서구 공항동 ,수소,0,0,0,0,10,0,0,0,0,0,0,0,10,no
202608,11,11500,1150062000,r,서울,서울특별시 강서구,강서구 공항동 ,수소전기,0,0,0,0,1,0,0,0,0,14,0,0,15,no
202608,11,11500,1150062000,z,서울,서울특별시 강서구,강서구 공항동 ,기타연료,0,0,0,0,0,4,32,4,0,0,3,0,43,no
202608,11,11500,1150063000,a,서울,서울특별시 강서구,강서구 방화1동 ,휘발유,0,0,0,0,2312,1,6,0,3,0,0,0,2322,no
202608,11,11500,1150063000,b,서울,서울특별시 강서구,강서구 방화1동 ,경유,1,1,2,1,2579,235,883,17,1,61,189,16,3986,no
202608,11,11500,1150063000,c,서울,서울특별시 강서구,강서구 방화1동 ,엘피지,0,0,0,0,591,38,90,1,238,1,53,0,1012,no
202608,11,11500,1150063000,e,서울,서울특별시 강서구,강서구 방화1동 ,전기,0,0,0,0,412,1,34,2,23,35,38,0,545,yes
202608,11,11500,1150063000,g,서울,서울특별시 강서구,강서구 방화1동 ,휘발유(유연),0,0,0,0,4,0,0,0,0,0,0,0,4,no
202608,11,11500,1150063000,h,서울,서울특별시 강서구,강서구 방화1동 ,휘발유(무연),2,0,0,0,4746,6,2,0,0,0,0,0,4756,no
202608,11,11500,1150063000,j,서울,서울특별시 강서구,강서구 방화1동 ,CNG,0,0,0,0,1,0,0,0,0,12,0,0,13,no
202608,11,11500,1150063000,l,서울,서울특별시 강서구,강서구 방화1동 ,하이브리드(휘발유+전기),2,0,0,0,1599,1,5,0,4,0,0,0,1611,no
202608,11,11500,1150063000,m,서울,서울특별시 강서구,강서구 방화1동 ,하이브리드(경유+전기),0,0,0,0,23,0,0,0,0,0,0,0,23,no
202608,11,11500,1150063000,n,서울,서울특별시 강서구,강서구 방화1동 ,하이브리드(LPG+전기),0,0,0,0,4,0,0,0,0,0,0,0,4,no
202608,11,11500,1150063000,q,서울,서울특별시 강서구,강서구 방화1동 ,수소,0,0,0,0,22,0,0,0,0,17,0,0,39,no
202608,11,11500,1150063000,r,서울,서울특별시 강서구,강서구 방화1동 ,수소전기,0,0,0,0,2,0,0,0,0,9,0,0,11,no
202608,11,11500,1150063000,z,서울,서울특별시 강서구,강서구 방화1동 ,기타연료,0,0,0,0,0,4,16,7,0,0,0,0,27,no
202608,11,11500,1150064000,a,서울,서울특별시 강서구,강서구 방화2동 ,휘발유,0,0,0,0,1071,2,9,0,0,0,0,0,1082,no
202608,11,11500,1150064000,b,서울,서울특별시 강서구,강서구 방화2동 ,경유,0,0,1,0,1256,152,675,13,3,262,103,8,2473,no
202608,11,11500,1150064000,c,서울,서울특별시 강서구,강서구 방화2동 ,엘피지,0,0,0,0,370,33,90,0,1527,6,29,0,2055,no
202608,11,11500,1150064000,e,서울,서울특별시 강서구,강서구 방화2동 ,전기,1,0,0,0,146,0,22,2,304,55,11,0,541,yes
202608,11,11500,1150064000,g,서울,서울특별시 강서구,강서구 방화2동 ,휘발유(유연),0,0,0,0,1,0,0,0,0,0,0,0,1,no
202608,11,11500,1150064000,h,서울,서울특별시 강서구,강서구 방화2동 ,휘발유(무연),0,0,0,0,2416,1,6,0,1,0,0,0,2424,no
202608,11,11500,1150064000,j,서울,서울특별시 강서구,강서구 방화2동 ,CNG,0,0,0,0,0,0,0,0,0,120,0,0,120,no
202608,11,11500,1150064000,l,서울,서울특별시 강서구,강서구 방화2동 ,하이브리드(휘발유+전기),2,0,0,0,587,2,2,0,36,0,0,0,629,no
202608,11,11500,1150064000,m,서울,서울특별시 강서구,강서구 방화2동 ,하이브리드(경유+전기),0,0,0,0,10,0,0,0,0,0,0,0,10,no
202608,11,11500,1150064000,n,서울,서울특별시 강서구,강서구 방화2동 ,하이브리드(LPG+전기),0,0,0,0,0,0,0,0,12,0,0,0,12,no
202608,11,11500,1150064000,q,서울,서울특별시 강서구,강서구 방화2동 ,수소,0,0,0,0,8,0,0,0,0,15,0,0,23,no
202608,11,11500,1150064000,r,서울,서울특별시 강서구,강서구 방화2동 ,수소전기,0,0,0,0,1,0,0,0,0,2,0,0,3,no
202608,11,11500,1150064000,z,서울,서울특별시 강서구,강서구 방화2동 ,기타연료,0,0,0,0,0,5,5,2,0,0,0,0,12,no
202608,11,11500,1150064100,a,서울,서울특별시 강서구,강서구 방화3동 ,휘발유,1,0,0,0,1054,0,5,0,0,0,0,0,1060,no
202608,11,11500,1150064100,b,서울,서울특별시 강서구,강서구 방화3동 ,경유,0,1,0,0,1158,99,377,8,4,15,81,10,1753,no
202608,11,11500,1150064100,c,서울,서울특별시 강서구,강서구 방화3동 ,엘피지,0,0,0,0,374,17,52,0,253,7,19,0,722,no
202608,11,11500,1150064100,e,서울,서울특별시 강서구,강서구 방화3동 ,전기,0,0,0,0,170,1,17,0,23,0,13,0,224,yes
202608,11,11500,1150064100,g,서울,서울특별시 강서구,강서구 방화3동 ,휘발유(유연),0,0,0,0,3,0,0,0,0,0,0,0,3,no
202608,11,11500,1150064100,h,서울,서울특별시 강서구,강서구 방화3동 ,휘발유(무연),0,0,0,0,2479,0,3,0,15,0,0,0,2497,no
202608,11,11500,1150064100,j,서울,서울특별시 강서구,강서구 방화3동 ,CNG,0,0,0,0,0,0,0,0,0,19,0,0,19,no
202608,11,11500,1150064100,l,서울,서울특별시 강서구,강서구 방화3동 ,하이브리드(휘발유+전기),0,0,0,0,635,1,0,0,3,0,0,0,639,no
202608,11,11500,1150064100,m,서울,서울특별시 강서구,강서구 방화3동 ,하이브리드(경유+전기),0,0,0,0,8,0,0,0,0,0,0,0,8,no
202608,11,11500,1150064100,n,서울,서울특별시 강서구,강서구 방화3동 ,하이브리드(LPG+전기),0,0,0,0,3,0,0,0,0,0,0,0,3,no
202608,11,11500,1150064100,q,서울,서울특별시 강서구,강서구 방화3동 ,수소,0,0,0,0,3,0,0,0,0,0,0,0,3,no
202608,11,11500,1150064100,r,서울,서울특별시 강서구,강서구 방화3동 ,수소전기,0,0,0,0,1,0,0,0,0,0,0,0,1,no
202608,11,11500,1150064100,z,서울,서울특별시 강서구,강서구 방화3동 ,기타연료,0,0,0,0,0,2,8,2,0,0,0,0,12,no
202608,11,11530,1153010200,a,서울,서울특별시 구로구,기타,휘발유,0,0,0,0,1,0,0,0,0,0,0,0,1,no
202608,11,11530,1153010200,b,서울,서울특별시 구로구,기타,경유,0,0,0,0,2,0,1,0,0,0,0,0,3,no
202608,11,11530,1153010200,h,서울,서울특별시 구로구,기타,휘발유(무연),0,0,0,0,1,0,0,0,0,0,0,0,1,no
202608,11,11530,1153051000,a,서울,서울특별시 구로구,구로구 신도림동 ,휘발유,1,0,0,0,2246,0,5,0,0,0,0,0,2252,no
202608,11,11530,1153051000,b,서울,서울특별시 구로구,구로구 신도림동 ,경유,0,0,0,0,2307,118,685,15,2,2,62,2,3193,no
202608,11,11530,1153051000,c,서울,서울특별시 구로구,구로구 신도림동 ,엘피지,0,0,0,0,320,22,98,0,60,0,15,0,515,no
202608,11,11530,1153051000,e,서울,서울특별시 구로구,구로구 신도림동 ,전기,0,0,0,0,347,0,22,0,7,0,6,0,382,yes
202608,11,11530,1153051000,g,서울,서울특별시 구로구,구로구 신도림동 ,휘발유(유연),0,0,0,0,3,0,0,0,0,0,0,0,3,no
202608,11,11530,1153051000,h,서울,서울특별시 구로구,구로구 신도림동 ,휘발유(무연),0,0,0,0,4594,3,0,0,4,0,0,0,4601,no
202608,11,11530,1153051000,j,서울,서울특별시 구로구,구로구 신도림동 ,CNG,0,0,0,0,1,0,0,0,0,13,0,0,14,no
202608,11,11530,1153051000,l,서울,서울특별시 구로구,구로구 신도림동 ,하이브리드(휘발유+전기),0,0,0,0,1630,0,6,0,2,0,0,0,1638,no
202608,11,11530,1153051000,m,서울,서울특별시 구로구,구로구 신도림동 ,하이브리드(경유+전기),0,0,0,0,26,0,0,0,0,0,0,0,26,no
202608,11,11530,1153051000,n,서울,서울특별시 구로구,구로구 신도림동 ,하이브리드(LPG+전기),0,0,0,0,5,0,0,0,0,0,0,0,5,no
202608,11,11530,1153051000,q,서울,서울특별시 구로구,구로구 신도림동 ,수소,0,0,0,0,11,0,0,0,0,0,0,0,11,no
202608,11,11530,1153051000,r,서울,서울특별시 구로구,구로구 신도림동 ,수소전기,0,0,0,0,2,0,0,0,0,0,0,0,2,no
202608,11,11530,1153051000,z,서울,서울특별시 구로구,구로구 신도림동 ,기타연료,0,0,0,0,0,4,16,5,0,0,0,0,25,no
202608,11,11530,1153052000,a,서울,서울특별시 구로구,구로구 구로1동 ,휘발유,0,0,0,0,1630,0,13,1,27,0,0,0,1671,no
202608,11,11530,1153052000,b,서울,서울특별시 구로구,구로구 구로1동 ,경유,0,0,9,0,2274,190,1182,52,72,18,367,37,4201,no
202608,11,11530,1153052000,c,서울,서울특별시 구로구,구로구 구로1동 ,엘피지,0,1,0,0,365,18,247,1,765,6,38,1,1442,no
202608,11,11530,1153052000,e,서울,서울특별시 구로구,구로구 구로1동 ,전기,10,0,0,0,335,1,77,1,185,47,43,0,699,yes
202608,11,11530,1153052000,g,서울,서울특별시 구로구,구로구 구로1동 ,휘발유(유연),0,0,0,0,6,0,0,0,0,0,0,0,6,no
202608,11,11530,1153052000,h,서울,서울특별시 구로구,구로구 구로1동 ,휘발유(무연),2,0,0,0,4155,0,19,0,567,0,0,0,4743,no
202608,11,11530,1153052000,j,서울,서울특별시 구로구,구로구 구로1동 ,CNG,0,0,4,0,0,0,0,0,0,9,0,0,13,no
202608,11,11530,1153052000,l,서울,서울특별시 구로구,구로구 구로1동 ,하이브리드(휘발유+전기),1,1,0,0,1510,3,19,0,217,2,0,0,1753,no
202608,11,11530,1153052000,m,서울,서울특별시 구로구,구로구 구로1동 ,하이브리드(경유+전기),0,0,0,0,27,0,0,0,3,0,0,0,30,no
202608,11,11530,1153052000,n,서울,서울특별시 구로구,구로구 구로1동 ,하이브리드(LPG+전기),0,0,0,0,1,0,0,0,14,0,0,0,15,no
202608,11,11530,1153052000,q,서울,서울특별시 구로구,구로구 구로1동 ,수소,0,0,0,0,9,0,0,0,0,0,0,0,9,no
202608,11,11530,1153052000,z,서울,서울특별시 구로구,구로구 구로1동 ,기타연료,0,0,0,0,0,2,25,3,0,0,12,0,42,no
202608,11,11530,1153053000,a,서울,서울특별시 구로구,구로구 구로2동 ,휘발유,0,0,0,0,1100,1,7,0,2,0,0,0,1110,no
202608,11,11530,1153053000,b,서울,서울특별시 구로구,구로구 구로2동 ,경유,4,8,33,0,2275,478,1121,31,21,27,197,19,4214,no
202608,11,11530,1153053000,c,서울,서울특별시 구로구,구로구 구로2동 ,엘피지,1,0,4,0,275,32,129,1,107,3,26,1,579,no
202608,11,11530,1153053000,e,서울,서울특별시 구로구,구로구 구로2동 ,전기,25,0,0,0,108,0,31,0,11,1,9,0,185,yes
202608,11,11530,1153053000,h,서울,서울특별시 구로구,구로구 구로2동 ,휘발유(무연),9,0,0,0,3016,1,6,0,48,0,0,0,3080,no
202608,11,11530,1153053000,j,서울,서울특별시 구로구,구로구 구로2동 ,CNG,0,0,5,0,0,0,0,0,0,7,0,0,12,no
202608,11,11530,1153053000,l,서울,서울특별시 구로구,구로구 구로2동 ,하이브리드(휘발유+전기),1,1,0,0,682,3,7,1,38,8,0,0,741,no
202608,11,11530,1153053000,m,서울,서울특별시 구로구,구로구 구로2동 ,하이브리드(경유+전기),0,0,0,0,15,0,0,0,1,0,0,0,16,no
202608,11,11530,1153053000,n,서울,서울특별시 구로구,구로구 구로2동 ,하이브리드(LPG+전기),0,0,0,0,4,0,0,0,0,0,0,0,4,no
202608,11,11530,1153053000,q,서울,서울특별시 구로구,구로구 구로2동 ,수소,0,0,0,0,3,0,0,0,0,0,0,0,3,no
202608,11,11530,1153053000,z,서울,서울특별시 구로구,구로구 구로2동 ,기타연료,0,0,0,0,0,1,29,4,0,0,3,0,37,no
202608,11,11530,1153054000,a,서울,서울특별시 구로구,구로구 구로3동 ,휘발유,0,0,0,0,1194,0,6,0,0,0,0,0,1200,no
202608,11,11530,1153054000,b,서울,서울특별시 구로구,구로구 구로3동 ,경유,1,1,2,0,1648,191,621,17,5,1,96,3,2586,no
202608,11,11530,1153054000,c,서울,서울특별시 구로구,구로구 구로3동 ,엘피지,1,0,0,0,296,28,62,1,85,0,19,0,492,no
202608,11,11530,1153054000,e,서울,서울특별시 구로구,구로구 구로3동 ,전기,8,0,0,0,193,0,25,0,8,41,2,0,277,yes
202608,11,11530,1153054000,g,서울,서울특별시 구로구,구로구 구로3동 ,휘발유(유연),0,0,0,0,3,0,0,0,0,0,0,0,3,no
202608,11,11530,1153054000,h,서울,서울특별시 구로구,구로구 구로3동 ,휘발유(무연),0,0,0,0,2977,3,3,0,12,0,0,0,2995,no
202608,11,11530,1153054000,j,서울,서울특별시 구로구,구로구 구로3동 ,CNG,0,0,0,0,0,0,0,0,0,53,0,0,53,no
202608,11,11530,1153054000,l,서울,서울특별시 구로구,구로구 구로3동 ,하이브리드(휘발유+전기),0,0,0,0,750,4,5,0,3,0,0,0,762,no
202608,11,11530,1153054000,m,서울,서울특별시 구로구,구로구 구로3동 ,하이브리드(경유+전기),0,0,0,0,16,0,0,0,0,0,0,0,16,no
202608,11,11530,1153054000,n,서울,서울특별시 구로구,구로구 구로3동 ,하이브리드(LPG+전기),0,0,0,0,3,0,0,0,1,0,0,0,4,no
202608,11,11530,1153054000,q,서울,서울특별시 구로구,구로구 구로3동 ,수소,0,0,0,0,4,0,0,0,0,0,0,0,4,no
202608,11,11530,1153054000,r,서울,서울특별시 구로구,구로구 구로3동 ,수소전기,0,0,0,0,1,0,0,0,0,0,0,0,1,no
202608,11,11530,1153054000,z,서울,서울특별시 구로구,구로구 구로3동 ,기타연료,0,0,0,0,0,2,13,0,0,0,1,0,16,no
202608,11,11530,1153055000,a,서울,서울특별시 구로구,구로구 구로4동 ,휘발유,0,0,0,0,656,1,1,0,0,0,0,0,658,no
202608,11,11530,1153055000,b,서울,서울특별시 구로구,구로구 구로4동 ,경유,0,1,0,0,1143,180,386,8,0,0,44,2,1764,no
202608,11,11530,1153055000,c,서울,서울특별시 구로구,구로구 구로4동 ,엘피지,0,0,0,0,208,16,46,0,55,0,15,0,340,no
202608,11,11530,1153055000,e,서울,서울특별시 구로구,구로구 구로4동 ,전기,3,0,0,0,55,0,17,0,6,0,10,0,91,yes
202608,11,11530,1153055000,g,서울,서울특별시 구로구,구로구 구로4동 ,휘발유(유연),0,0,0,0,3,0,0,0,0,0,0,0,3,no
202608,11,11530,1153055000,h,서울,서울특별시 구로구,구로구 구로4동 ,휘발유(무연),1,0,0,0,1696,1,3,0,0,0,0,0,1701,no
202608,11,11530,1153055000,j,서울,서울특별시 구로구,구로구 구로4동 ,CNG,0,0,0,0,0,0,0,0,0,66,0,0,66,no
202608,11,11530,1153055000,l,서울,서울특별시 구로구,구로구 구로4동 ,하이브리드(휘발유+전기),0,0,0,0,396,0,1,0,1,0,0,0,398,no
202608,11,11530,1153055000,m,서울,서울특별시 구로구,구로구 구로4동 ,하이브리드(경유+전기),0,0,0,0,4,0,0,0,0,0,0,0,4,no
202608,11,11530,1153055000,n,서울,서울특별시 구로구,구로구 구로4동 ,하이브리드(LPG+전기),0,0,0,0,2,0,0,0,0,0,0,0,2,no
202608,11,11530,1153055000,q,서울,서울특별시 구로구,구로구 구로4동 ,수소,0,0,0,0,1,0,0,0,0,0,0,0,1,no
202608,11,11530,1153055000,z,서울,서울특별시 구로구,구로구 구로4동 ,기타연료,0,0,0,0,0,0,4,1,0,0,0,0,5,no
202608,11,11530,1153056000,a,서울,서울특별시 구로구,구로구 구로5동 ,휘발유,2,0,0,0,1442,3,7,0,12,0,0,0,1466,no
202608,11,11530,1153056000,b,서울,서울특별시 구로구,구로구 구로5동 ,경유,0,5,24,0,1872,182,667,24,44,30,86,8,2942,no
202608,11,11530,1153056000,c,서울,서울특별시 구로구,구로구 구로5동 ,엘피지,0,0,1,0,375,23,76,0,795,1,26,0,1297,no
202608,11,11530,1153056000,e,서울,서울특별시 구로구,구로구 구로5동 ,전기,12,0,1,0,180,0,19,0,171,0,8,0,391,yes
202608,11,11530,1153056000,g,서울,서울특별시 구로구,구로구 구로5동 ,휘발유(유연),0,0,0,0,1,0,0,0,0,0,0,0,1,no
202608,11,11530,1153056000,h,서울,서울특별시 구로구,구로구 구로5동 ,휘발유(무연),4,0,0,0,3371,1,2,0,193,0,0,0,3571,no
202608,11,11530,1153056000,j,서울,서울특별시 구로구,구로구 구로5동 ,CNG,0,0,5,0,1,0,0,0,0,0,0,0,6,no
202608,11,11530,1153056000,l,서울,서울특별시 구로구,구로구 구로5동 ,하이브리드(휘발유+전기),1,0,0,0,978,0,7,0,57,0,0,0,1043,no
202608,11,11530,1153056000,m,서울,서울특별시 구로구,구로구 구로5동 ,하이브리드(경유+전기),0,0,0,0,12,0,0,0,0,0,0,0,12,no
202608,11,11530,1153056000,n,서울,서울특별시 구로구,구로구 구로5동 ,하이브리드(LPG+전기),0,0,0,0,1,0,0,0,3,0,0,0,4,no
202608,11,11530,1153056000,q,서울,서울특별시 구로구,구로구 구로5동 ,수소,0,0,0,0,6,0,0,0,0,0,0,0,6,no
202608,11,11530,1153056000,r,서울,서울특별시 구로구,구로구 구로5동 ,수소전기,0,0,0,0,1,0,0,0,0,0,0,0,1,no
202608,11,11530,1153056000,z,서울,서울특별시 구로구,구로구 구로5동 ,기타연료,0,0,0,0,0,5,15,2,0,0,0,0,22,no
202608,11,11530,1153056500,a,서울,서울특별시 구로구,구로구 구로본동 ,휘발유,0,0,0,0,11,0,0,0,0,0,0,0,11,no
202608,11,11530,1153056500,b,서울,서울특별시 구로구,구로구 구로본동 ,경유,0,0,0,0,4,0,20,0,0,0,0,0,24,no
202608,11,11530,1153056500,c,서울,서울특별시 구로구,구로구 구로본동 ,엘피지,0,0,0,0,0,0,1,0,0,0,0,0,1,no
202608,11,11530,1153056500,h,서울,서울특별시 구로구,구로구 구로본동 ,휘발유(무연),0,0,0,0,2,0,1,0,0,0,0,0,3,no
202608,11,11530,1153059500,a,서울,서울특별시 구로구,구로구 가리봉동 ,휘발유,0,0,0,0,352,0,2,0,0,0,0,0,354,no
202608,11,11530,1153059500,b,서울,서울특별시 구로구,구로구 가리봉동 ,경유,0,0,0,0,712,209,211,4,0,0,18,0,1154,no
202608,11,11530,1153059500,c,서울,서울특별시 구로구,구로구 가리봉동 ,엘피지,0,0,0,0,99,11,27,0,25,0,13,0,175,no
202608,11,11530,1153059500,e,서울,서울특별시 구로구,구로구 가리봉동 ,전기,0,0,0,0,41,0,8,0,2,0,22,0,73,yes
202608,11,11530,1153059500,h,서울,서울특별시 구로구,구로구 가리봉동 ,휘발유(무연),0,0,0,0,897,1,3,0,0,0,0,0,901,no
202608,11,11530,1153059500,l,서울,서울특별시 구로구,구로구 가리봉동 ,하이브리드(휘발유+전기),0,0,0,0,172,1,1,0,1,0,0,0,175,no
202608,11,11530,1153059500,m,서울,서울특별시 구로구,구로구 가리봉동 ,하이브리드(경유+전기),0,0,0,0,1,0,0,0,0,0,0,0,1,no
202608,11,11530,1153059500,n,서울,서울특별시 구로구,구로구 가리봉동 ,하이브리드(LPG+전기),0,0,0,0,2,0,0,0,0,0,0,0,2,no
202608,11,11530,1153059500,q,서울,서울특별시 구로구,구로구 가리봉동 ,수소,0,0,0,0,2,0,0,0,0,0,0,0,2,no
202608,11,11530,1153059500,z,서울,서울특별시 구로구,구로구 가리봉동 ,기타연료,0,0,0,0,0,0,1,1,0,0,2,0,4,no
202608,11,11530,1153072000,a,서울,서울특별시 구로구,구로구 고척1동 ,휘발유,0,0,0,0,1275,1,7,0,0,0,0,0,1283,no
202608,11,11530,1153072000,b,서울,서울특별시 구로구,구로구 고척1동 ,경유,1,11,13,5,1652,137,698,18,0,0,81,9,2625,no
202608,11,11530,1153072000,c,서울,서울특별시 구로구,구로구 고척1동 ,엘피지,0,0,0,0,355,24,116,0,97,1,24,1,618,no
202608,11,11530,1153072000,e,서울,서울특별시 구로구,구로구 고척1동 ,전기,7,0,1,0,282,0,40,0,18,0,9,0,357,yes
202608,11,11530,1153072000,g,서울,서울특별시 구로구,구로구 고척1동 ,휘발유(유연),0,0,0,0,3,0,0,0,0,0,0,0,3,no
202608,11,11530,1153072000,h,서울,서울특별시 구로구,구로구 고척1동 ,휘발유(무연),1,0,0,0,3252,0,10,0,0,0,0,0,3263,no
202608,11,11530,1153072000,j,서울,서울특별시 구로구,구로구 고척1동 ,CNG,0,0,0,0,2,0,0,0,0,0,0,0,2,no
202608,11,11530,1153072000,l,서울,서울특별시 구로구,구로구 고척1동 ,하이브리드(휘발유+전기),0,2,0,0,1005,0,4,0,4,0,0,0,1015,no
202608,11,11530,1153072000,m,서울,서울특별시 구로구,구로구 고척1동 ,하이브리드(경유+전기),0,0,0,0,10,0,0,0,0,0,0,0,10,no
202608,11,11530,1153072000,n,서울,서울특별시 구로구,구로구 고척1동 ,하이브리드(LPG+전기),0,0,0,0,1,0,0,0,1,0,0,0,2,no
202608,11,11530,1153072000,q,서울,서울특별시 구로구,구로구 고척1동 ,수소,0,0,0,0,8,0,0,0,0,0,0,0,8,no
202608,11,11530,1153072000,z,서울,서울특별시 구로구,구로구 고척1동 ,기타연료,0,0,0,0,0,1,14,0,0,0,3,0,18,no
202608,11,11530,1153073000,a,서울,서울특별시 구로구,구로구 고척2동 ,휘발유,0,0,0,0,1133,0,7,0,0,0,0,0,1140,no
202608,11,11530,1153073000,b,서울,서울특별시 구로구,구로구 고척2동 ,경유,0,0,1,0,1497,136,675,9,0,0,135,14,2467,no
202608,11,11530,1153073000,c,서울,서울특별시 구로구,구로구 고척2동 ,엘피지,0,0,0,0,369,26,97,0,105,0,40,0,637,no
202608,11,11530,1153073000,e,서울,서울특별시 구로구,구로구 고척2동 ,전기,1,0,0,0,135,0,25,1,28,0,12,0,202,yes
202608,11,11530,1153073000,g,서울,서울특별시 구로구,구로구 고척2동 ,휘발유(유연),0,0,0,0,2,0,0,0,0,0,0,0,2,no
202608,11,11530,1153073000,h,서울,서울특별시 구로구,구로구 고척2동 ,휘발유(무연),0,0,0,0,2929,1,1,0,0,0,0,0,2931,no
202608,11,11530,1153073000,j,서울,서울특별시 구로구,구로구 고척2동 ,CNG,0,0,0,0,0,0,0,0,0,8,0,0,8,no
202608,11,11530,1153073000,l,서울,서울특별시 구로구,구로구 고척2동 ,하이브리드(휘발유+전기),0,0,0,0,740,5,3,0,8,0,0,0,756,no
202608,11,11530,1153073000,m,서울,서울특별시 구로구,구로구 고척2동 ,하이브리드(경유+전기),0,0,0,0,8,0,0,0,0,0,0,0,8,no
202608,11,11530,1153073000,n,서울,서울특별시 구로구,구로구 고척2동 ,하이브리드(LPG+전기),0,0,0,0,2,0,0,0,0,0,0,0,2,no
202608,11,11530,1153073000,q,서울,서울특별시 구로구,구로구 고척2동 ,수소,0,0,0,0,11,0,0,0,0,0,0,0,11,no
202608,11,11530,1153073000,r,서울,서울특별시 구로구,구로구 고척2동 ,수소전기,0,0,0,0,1,0,0,0,0,0,0,0,1,no
202608,11,11530,1153073000,z,서울,서울특별시 구로구,구로구 고척2동 ,기타연료,0,0,0,0,0,4,10,1,0,0,0,0,15,no
202608,11,11530,1153074000,a,서울,서울특별시 구로구,구로구 개봉1동 ,휘발유,0,0,0,0,1494,2,7,0,1,0,0,0,1504,no
202608,11,11530,1153074000,b,서울,서울특별시 구로구,구로구 개봉1동 ,경유,0,0,0,0,2032,159,910,14,0,7,102,12,3236,no
202608,11,11530,1153074000,c,서울,서울특별시 구로구,구로구 개봉1동 ,엘피지,0,0,0,0,455,30,142,0,213,0,39,0,879,no
202608,11,11530,1153074000,e,서울,서울특별시 구로구,구로구 개봉1동 ,전기,0,0,0,0,246,2,45,1,16,38,19,0,367,yes
202608,11,11530,1153074000,g,서울,서울특별시 구로구,구로구 개봉1동 ,휘발유(유연),0,0,0,0,5,0,0,0,0,0,0,0,5,no
202608,11,11530,1153074000,h,서울,서울특별시 구로구,구로구 개봉1동 ,휘발유(무연),0,0,0,0,3882,1,5,0,1,0,0,0,3889,no
202608,11,11530,1153074000,j,서울,서울특별시 구로구,구로구 개봉1동 ,CNG,0,0,0,0,0,0,0,0,0,77,0,0,77,no
202608,11,11530,1153074000,l,서울,서울특별시 구로구,구로구 개봉1동 ,하이브리드(휘발유+전기),0,0,0,0,1066,3,11,0,4,0,1,0,1085,no
202608,11,11530,1153074000,m,서울,서울특별시 구로구,구로구 개봉1동 ,하이브리드(경유+전기),0,0,0,0,11,0,0,0,0,0,0,0,11,no
202608,11,11530,1153074000,n,서울,서울특별시 구로구,구로구 개봉1동 ,하이브리드(LPG+전기),0,0,0,0,5,0,0,0,1,0,0,0,6,no
202608,11,11530,1153074000,q,서울,서울특별시 구로구,구로구 개봉1동 ,수소,0,0,0,0,7,0,0,0,0,0,0,0,7,no
202608,11,11530,1153074000,z,서울,서울특별시 구로구,구로구 개봉1동 ,기타연료,0,0,0,0,0,2,18,2,0,0,0,0,22,no
202608,11,11530,1153075000,a,서울,서울특별시 구로구,구로구 개봉2동 ,휘발유,0,0,0,0,1241,1,2,0,0,0,0,0,1244,no
202608,11,11530,1153075000,b,서울,서울특별시 구로구,구로구 개봉2동 ,경유,0,0,0,0,1682,126,551,10,0,0,85,6,2460,no
202608,11,11530,1153075000,c,서울,서울특별시 구로구,구로구 개봉2동 ,엘피지,0,0,0,0,381,26,78,0,121,0,33,0,639,no
202608,11,11530,1153075000,e,서울,서울특별시 구로구,구로구 개봉2동 ,전기,0,0,0,0,178,0,21,0,17,0,17,0,233,yes
202608,11,11530,1153075000,h,서울,서울특별시 구로구,구로구 개봉2동 ,휘발유(무연),0,0,0,0,3251,1,1,0,0,0,0,0,3253,no
202608,11,11530,1153075000,j,서울,서울특별시 구로구,구로구 개봉2동 ,CNG,0,0,0,0,1,0,0,0,0,0,0,0,1,no
202608,11,11530,1153075000,l,서울,서울특별시 구로구,구로구 개봉2동 ,하이브리드(휘발유+전기),0,0,0,0,953,2,2,0,6,0,0,0,963,no
202608,11,11530,1153075000,m,서울,서울특별시 구로구,구로구 개봉2동 ,하이브리드(경유+전기),0,0,0,0,9,0,0,0,0,0,0,0,9,no
202608,11,11530,1153075000,n,서울,서울특별시 구로구,구로구 개봉2동 ,하이브리드(LPG+전기),0,0,0,0,4,0,0,0,0,0,0,0,4,no
202608,11,11530,1153075000,q,서울,서울특별시 구로구,구로구 개봉2동 ,수소,0,0,0,0,5,0,0,0,0,0,0,0,5,no
202608,11,11530,1153075000,r,서울,서울특별시 구로구,구로구 개봉2동 ,수소전기,0,0,0,0,1,0,0,0,0,0,0,0,1,no
202608,11,11530,1153075000,z,서울,서울특별시 구로구,구로구 개봉2동 ,기타연료,0,0,0,0,0,3,9,0,0,0,0,0,12,no
202608,11,11530,1153076000,a,서울,서울특별시 구로구,구로구 개봉3동 ,휘발유,0,0,0,0,671,0,7,0,0,0,0,0,678,no
202608,11,11530,1153076000,b,서울,서울특별시 구로구,구로구 개봉3동 ,경유,0,0,0,0,1116,99,464,4,0,6,73,9,1771,no
202608,11,11530,1153076000,c,서울,서울특별시 구로구,구로구 개봉3동 ,엘피지,0,0,0,0,261,21,47,0,85,0,41,1,456,no
202608,11,11530,1153076000,e,서울,서울특별시 구로구,구로구 개봉3동 ,전기,0,0,0,0,61,0,10,0,6,0,7,0,84,yes
202608,11,11530,1153076000,g,서울,서울특별시 구로구,구로구 개봉3동 ,휘발유(유연),0,0,0,0,3,0,0,0,0,0,0,0,3,no
202608,11,11530,1153076000,h,서울,서울특별시 구로구,구로구 개봉3동 ,휘발유(무연),0,0,0,0,1952,4,2,0,0,0,0,0,1958,no
202608,11,11530,1153076000,j,서울,서울특별시 구로구,구로구 개봉3동 ,CNG,0,0,0,0,0,0,0,0,0,5,0,0,5,no
202608,11,11530,1153076000,l,서울,서울특별시 구로구,구로구 개봉3동 ,하이브리드(휘발유+전기),0,0,0,0,440,0,2,0,1,0,0,0,443,no
202608,11,11530,1153076000,m,서울,서울특별시 구로구,구로구 개봉3동 ,하이브리드(경유+전기),0,0,0,0,3,0,0,0,0,0,0,0,3,no
202608,11,11530,1153076000,n,서울,서울특별시 구로구,구로구 개봉3동 ,하이브리드(LPG+전기),0,0,0,0,0,0,0,0,1,0,0,0,1,no
202608,11,11530,1153076000,q,서울,서울특별시 구로구,구로구 개봉3동 ,수소,0,0,0,0,3,0,0,0,0,0,0,0,3,no
202608,11,11530,1153076000,z,서울,서울특별시 구로구,구로구 개봉3동 ,기타연료,0,0,0,0,0,3,6,0,0,0,1,0,10,no
202608,11,11530,1153076500,b,서울,서울특별시 구로구,구로구 개봉본동 ,경유,0,0,0,0,1,0,6,0,0,0,6,0,13,no
202608,11,11530,1153076500,c,서울,서울특별시 구로구,구로구 개봉본동 ,엘피지,0,0,0,0,0,0,1,0,0,0,0,0,1,no
202608,11,11530,1153076500,h,서울,서울특별시 구로구,구로구 개봉본동 ,휘발유(무연),0,0,0,0,3,0,0,0,0,0,0,0,3,no
202608,11,11530,1153077000,a,서울,서울특별시 구로구,구로구 오류1동 ,휘발유,1,0,0,0,956,0,4,0,5,0,0,0,966,no
202608,11,11530,1153077000,b,서울,서울특별시 구로구,구로구 오류1동 ,경유,0,0,0,0,1196,125,500,10,13,8,69,4,1925,no
202608,11,11530,1153077000,c,서울,서울특별시 구로구,구로구 오류1동 ,엘피지,0,0,0,0,301,20,66,2,244,0,27,0,660,no
202608,11,11530,1153077000,e,서울,서울특별시 구로구,구로구 오류1동 ,전기,0,0,0,0,122,0,30,0,18,6,20,0,196,yes
202608,11,11530,1153077000,g,서울,서울특별시 구로구,구로구 오류1동 ,휘발유(유연),0,0,0,0,1,0,0,0,0,0,0,0,1,no
202608,11,11530,1153077000,h,서울,서울특별시 구로구,구로구 오류1동 ,휘발유(무연),0,0,0,0,2475,3,4,0,34,0,0,0,2516,no
202608,11,11530,1153077000,j,서울,서울특별시 구로구,구로구 오류1동 ,CNG,0,0,0,0,1,0,0,0,0,0,0,0,1,no
202608,11,11530,1153077000,l,서울,서울특별시 구로구,구로구 오류1동 ,하이브리드(휘발유+전기),0,0,0,0,613,1,1,0,27,0,0,0,642,no
202608,11,11530,1153077000,m,서울,서울특별시 구로구,구로구 오류1동 ,하이브리드(경유+전기),0,0,0,0,4,0,0,0,1,0,0,0,5,no
202608,11,11530,1153077000,n,서울,서울특별시 구로구,구로구 오류1동 ,하이브리드(LPG+전기),0,0,0,0,2,0,0,0,0,0,0,0,2,no
202608,11,11530,1153077000,q,서울,서울특별시 구로구,구로구 오류1동 ,수소,0,0,0,0,5,0,0,0,0,0,0,0,5,no
202608,11,11530,1153077000,r,서울,서울특별시 구로구,구로구 오류1동 ,수소전기,0,0,0,0,1,0,0,0,0,0,0,0,1,no
202608,11,11530,1153077000,z,서울,서울특별시 구로구,구로구 오류1동 ,기타연료,0,0,0,0,0,4,3,2,0,0,0,0,9,no
202608,11,11530,1153078000,a,서울,서울특별시 구로구,구로구 오류2동 ,휘발유,0,0,0,0,1618,3,6,0,6,0,0,0,1633,no
202608,11,11530,1153078000,b,서울,서울특별시 구로구,구로구 오류2동 ,경유,0,16,17,0,2335,216,879,21,10,1,114,11,3620,no
202608,11,11530,1153078000,c,서울,서울특별시 구로구,구로구 오류2동 ,엘피지,0,0,7,0,638,46,127,1,308,0,64,0,1191,no
202608,11,11530,1153078000,e,서울,서울특별시 구로구,구로구 오류2동 ,전기,0,0,0,0,211,0,38,1,28,0,22,0,300,yes
202608,11,11530,1153078000,g,서울,서울특별시 구로구,구로구 오류2동 ,휘발유(유연),0,0,0,0,5,0,0,0,0,0,0,0,5,no
202608,11,11530,1153078000,h,서울,서울특별시 구로구,구로구 오류2동 ,휘발유(무연),0,0,0,0,4203,4,8,1,12,0,0,0,4228,no
202608,11,11530,1153078000,j,서울,서울특별시 구로구,구로구 오류2동 ,CNG,0,0,0,0,1,1,0,0,0,0,0,0,2,no
202608,11,11530,1153078000,l,서울,서울특별시 구로구,구로구 오류2동 ,하이브리드(휘발유+전기),2,0,0,0,1047,3,4,0,3,0,2,0,1061,no
202608,11,11530,1153078000,m,서울,서울특별시 구로구,구로구 오류2동 ,하이브리드(경유+전기),0,0,0,0,9,0,0,0,1,0,0,0,10,no
202608,11,11530,1153078000,n,서울,서울특별시 구로구,구로구 오류2동 ,하이브리드(LPG+전기),0,0,0,0,7,0,0,0,0,0,0,0,7,no
202608,11,11530,1153078000,q,서울,서울특별시 구로구,구로구 오류2동 ,수소,0,0,0,0,11,0,0,0,0,0,0,0,11,no
202608,11,11530,1153078000,r,서울,서울특별시 구로구,구로구 오류2동 ,수소전기,0,0,0,0,1,0,0,0,0,0,0,0,1,no
202608,11,11530,1153078000,z,서울,서울특별시 구로구,구로구 오류2동 ,기타연료,0,0,0,0,0,7,20,0,0,0,2,0,29,no
202608,11,11530,1153079000,a,서울,서울특별시 구로구,구로구 수궁동 ,휘발유,1,0,0,0,1035,0,4,1,0,0,0,0,1041,no
202608,11,11530,1153079000,b,서울,서울특별시 구로구,구로구 수궁동 ,경유,4,6,0,0,1327,164,773,15,0,5,113,9,2416,no
202608,11,11530,1153079000,c,서울,서울특별시 구로구,구로구 수궁동 ,엘피지,0,0,0,0,398,26,73,0,197,0,32,0,726,no
202608,11,11530,1153079000,e,서울,서울특별시 구로구,구로구 수궁동 ,전기,0,0,0,0,102,1,24,1,83,0,10,0,221,yes
202608,11,11530,1153079000,g,서울,서울특별시 구로구,구로구 수궁동 ,휘발유(유연),0,0,0,0,1,0,0,0,0,0,0,0,1,no
202608,11,11530,1153079000,h,서울,서울특별시 구로구,구로구 수궁동 ,휘발유(무연),2,0,0,0,2560,2,7,0,0,0,0,0,2571,no
202608,11,11530,1153079000,j,서울,서울특별시 구로구,구로구 수궁동 ,CNG,0,9,0,0,0,0,0,0,0,13,0,0,22,no
202608,11,11530,1153079000,l,서울,서울특별시 구로구,구로구 수궁동 ,하이브리드(휘발유+전기),1,0,0,0,620,4,4,0,5,0,0,0,634,no
202608,11,11530,1153079000,m,서울,서울특별시 구로구,구로구 수궁동 ,하이브리드(경유+전기),0,0,0,0,9,0,0,0,0,0,0,0,9,no
202608,11,11530,1153079000,n,서울,서울특별시 구로구,구로구 수궁동 ,하이브리드(LPG+전기),0,0,0,0,7,0,0,0,46,0,0,0,53,no
202608,11,11530,1153079000,q,서울,서울특별시 구로구,구로구 수궁동 ,수소,0,0,0,0,8,0,0,0,0,0,0,0,8,no
202608,11,11530,1153079000,r,서울,서울특별시 구로구,구로구 수궁동 ,수소전기,0,0,0,0,1,0,0,0,0,0,0,0,1,no
202608,11,11530,1153079000,z,서울,서울특별시 구로구,구로구 수궁동 ,기타연료,0,0,0,0,0,3,9,3,0,0,1,0,16,no
202608,11,11530,1153080000,a,서울,서울특별시 구로구,구로구 항동 ,휘발유,0,0,0,0,649,1,2,0,0,0,0,0,652,no
202608,11,11530,1153080000,b,서울,서울특별시 구로구,구로구 항동 ,경유,0,0,0,0,869,38,235,12,0,0,265,9,1428,no
202608,11,11530,1153080000,c,서울,서울특별시 구로구,구로구 항동 ,엘피지,0,0,0,0,171,10,50,1,34,0,15,0,281,no
202608,11,11530,1153080000,e,서울,서울특별시 구로구,구로구 항동 ,전기,2,0,0,0,210,0,32,1,15,0,19,0,279,yes
202608,11,11530,1153080000,g,서울,서울특별시 구로구,구로구 항동 ,휘발유(유연),0,0,0,0,3,0,0,0,0,0,0,0,3,no
202608,11,11530,1153080000,h,서울,서울특별시 구로구,구로구 항동 ,휘발유(무연),0,0,0,0,1731,1,4,0,0,0,0,0,1736,no
202608,11,11530,1153080000,l,서울,서울특별시 구로구,구로구 항동 ,하이브리드(휘발유+전기),0,0,0,0,671,2,4,0,0,0,0,0,677,no
202608,11,11530,1153080000,m,서울,서울특별시 구로구,구로구 항동 ,하이브리드(경유+전기),0,0,0,0,10,0,0,0,0,0,0,0,10,no
202608,11,11530,1153080000,n,서울,서울특별시 구로구,구로구 항동 ,하이브리드(LPG+전기),0,0,0,0,1,0,0,0,1,0,0,0,2,no
202608,11,11530,1153080000,q,서울,서울특별시 구로구,구로구 항동 ,수소,0,0,0,0,10,0,0,0,0,0,0,0,10,no
202608,11,11530,1153080000,r,서울,서울특별시 구로구,구로구 항동 ,수소전기,0,0,0,0,3,0,0,0,0,0,0,0,3,no
202608,11,11530,1153080000,z,서울,서울특별시 구로구,구로구 항동 ,기타연료,0,0,0,0,0,0,8,2,0,0,20,0,30,no
202608,11,11545,1154510100,a,서울,서울특별시 금천구,기타,휘발유,0,0,0,0,2,0,0,0,0,0,0,0,2,no
202608,11,11545,1154510100,b,서울,서울특별시 금천구,기타,경유,0,0,0,0,1,0,1,0,0,0,0,0,2,no
202608,11,11545,1154510100,h,서울,서울특별시 금천구,기타,휘발유(무연),0,0,0,0,2,0,0,0,0,0,0,0,2,no
202608,11,11545,1154510200,b,서울,서울특별시 금천구,기타,경유,0,0,0,0,1,0,0,0,0,0,0,0,1,no
202608,11,11545,1154510300,b,서울,서울특별시 금천구,기타,경유,0,0,0,0,1,0,0,0,0,0,0,0,1,no
202608,11,11545,1154551000,a,서울,서울특별시 금천구,금천구 가산동 ,휘발유,0,0,0,0,2511,4,22,1,0,0,0,0,2538,no
202608,11,11545,1154551000,b,서울,서울특별시 금천구,금천구 가산동 ,경유,0,0,0,0,3666,343,2435,79,1,4,667,8,7203,no
202608,11,11545,1154551000,c,서울,서울특별시 금천구,금천구 가산동 ,엘피지,0,0,0,0,500,50,360,6,75,1,114,1,1107,no
202608,11,11545,1154551000,e,서울,서울특별시 금천구,금천구 가산동 ,전기,0,0,0,0,614,1,156,0,11,14,97,0,893,yes
202608,11,11545,1154551000,g,서울,서울특별시 금천구,금천구 가산동 ,휘발유(유연),0,0,0,0,5,0,0,0,0,0,0,0,5,no
202608,11,11545,1154551000,h,서울,서울특별시 금천구,금천구 가산동 ,휘발유(무연),0,0,0,0,7162,2,15,0,0,0,0,0,7179,no
202608,11,11545,1154551000,j,서울,서울특별시 금천구,금천구 가산동 ,CNG,0,0,0,0,0,0,0,0,0,138,0,0,138,no
202608,11,11545,1154551000,l,서울,서울특별시 금천구,금천구 가산동 ,하이브리드(휘발유+전기),0,0,0,0,2322,4,50,0,2,0,0,0,2378,no
202608,11,11545,1154551000,m,서울,서울특별시 금천구,금천구 가산동 ,하이브리드(경유+전기),0,0,0,0,76,0,0,0,0,0,0,0,76,no
202608,11,11545,1154551000,n,서울,서울특별시 금천구,금천구 가산동 ,하이브리드(LPG+전기),0,0,0,0,3,0,0,0,0,0,0,0,3,no
202608,11,11545,1154551000,q,서울,서울특별시 금천구,금천구 가산동 ,수소,0,0,0,0,19,0,0,0,0,0,0,0,19,no
202608,11,11545,1154551000,r,서울,서울특별시 금천구,금천구 가산동 ,수소전기,0,0,0,0,3,0,0,0,0,0,0,0,3,no
202608,11,11545,1154551000,z,서울,서울특별시 금천구,금천구 가산동 ,기타연료,0,0,0,0,1,5,22,7,0,0,32,0,67,no
202608,11,11545,1154561000,a,서울,서울특별시 금천구,금천구 독산1동 ,휘발유,0,0,0,0,2221,1,8,0,7,0,0,0,2237,no
202608,11,11545,1154561000,b,서울,서울특별시 금천구,금천구 독산1동 ,경유,1,1,0,0,3087,244,1330,27,65,10,131,32,4928,no
202608,11,11545,1154561000,c,서울,서울특별시 금천구,금천구 독산1동 ,엘피지,0,0,0,0,605,54,186,1,621,1,49,0,1517,no
202608,11,11545,1154561000,e,서울,서울특별시 금천구,금천구 독산1동 ,전기,0,0,0,0,472,0,51,0,58,3,20,0,604,yes
202608,11,11545,1154561000,g,서울,서울특별시 금천구,금천구 독산1동 ,휘발유(유연),0,0,0,0,1,0,0,0,0,0,0,0,1,no
202608,11,11545,1154561000,h,서울,서울특별시 금천구,금천구 독산1동 ,휘발유(무연),1,0,0,0,6138,4,7,0,258,0,0,0,6408,no
202608,11,11545,1154561000,j,서울,서울특별시 금천구,금천구 독산1동 ,CNG,0,0,0,0,1,0,0,0,0,21,0,0,22,no
202608,11,11545,1154561000,l,서울,서울특별시 금천구,금천구 독산1동 ,하이브리드(휘발유+전기),1,0,0,0,1975,10,8,0,106,1,1,0,2102,no
202608,11,11545,1154561000,m,서울,서울특별시 금천구,금천구 독산1동 ,하이브리드(경유+전기),0,0,0,0,27,0,0,0,3,0,0,0,30,no
202608,11,11545,1154561000,n,서울,서울특별시 금천구,금천구 독산1동 ,하이브리드(LPG+전기),0,0,0,0,4,0,0,0,0,0,0,0,4,no
202608,11,11545,1154561000,q,서울,서울특별시 금천구,금천구 독산1동 ,수소,0,0,0,0,21,0,0,0,0,0,0,0,21,no
202608,11,11545,1154561000,r,서울,서울특별시 금천구,금천구 독산1동 ,수소전기,0,0,0,0,4,0,0,0,0,0,0,0,4,no
202608,11,11545,1154561000,z,서울,서울특별시 금천구,금천구 독산1동 ,기타연료,0,0,0,0,0,5,13,3,0,0,0,0,21,no
202608,11,11545,1154561500,b,서울,서울특별시 금천구,금천구 독산1동분소 ,경유,0,0,0,0,0,1,0,0,0,0,0,0,1,no
202608,11,11545,1154562000,a,서울,서울특별시 금천구,금천구 독산2동 ,휘발유,0,0,0,0,566,0,6,0,0,0,0,0,572,no
202608,11,11545,1154562000,b,서울,서울특별시 금천구,금천구 독산2동 ,경유,0,8,5,5,1022,140,428,5,0,1,59,3,1676,no
202608,11,11545,1154562000,c,서울,서울특별시 금천구,금천구 독산2동 ,엘피지,0,0,0,0,186,19,57,0,78,0,24,0,364,no
202608,11,11545,1154562000,e,서울,서울특별시 금천구,금천구 독산2동 ,전기,8,0,2,0,50,0,11,0,11,0,10,0,92,yes
202608,11,11545,1154562000,g,서울,서울특별시 금천구,금천구 독산2동 ,휘발유(유연),0,0,0,0,3,0,0,0,0,0,0,0,3,no
202608,11,11545,1154562000,h,서울,서울특별시 금천구,금천구 독산2동 ,휘발유(무연),0,0,0,0,1696,1,3,0,0,0,0,0,1700,no
202608,11,11545,1154562000,l,서울,서울특별시 금천구,금천구 독산2동 ,하이브리드(휘발유+전기),0,0,0,0,368,0,1,0,1,0,0,0,370,no
202608,11,11545,1154562000,m,서울,서울특별시 금천구,금천구 독산2동 ,하이브리드(경유+전기),0,0,0,0,4,0,0,0,0,0,0,0,4,no
202608,11,11545,1154562000,n,서울,서울특별시 금천구,금천구 독산2동 ,하이브리드(LPG+전기),0,0,0,0,1,0,0,0,0,0,0,0,1,no
202608,11,11545,1154562000,q,서울,서울특별시 금천구,금천구 독산2동 ,수소,0,0,0,0,3,0,0,0,0,0,0,0,3,no
202608,11,11545,1154562000,z,서울,서울특별시 금천구,금천구 독산2동 ,기타연료,0,0,1,0,0,1,4,1,0,0,0,0,7,no
202608,11,11545,1154563000,a,서울,서울특별시 금천구,금천구 독산3동 ,휘발유,0,0,0,0,903,1,7,0,0,0,0,0,911,no
202608,11,11545,1154563000,b,서울,서울특별시 금천구,금천구 독산3동 ,경유,0,0,0,0,1563,252,610,6,32,3,73,8,2547,no
202608,11,11545,1154563000,c,서울,서울특별시 금천구,금천구 독산3동 ,엘피지,0,1,0,0,265,13,65,1,143,0,34,0,522,no
202608,11,11545,1154563000,e,서울,서울특별시 금천구,금천구 독산3동 ,전기,0,0,0,0,84,1,21,0,28,0,19,0,153,yes
202608,11,11545,1154563000,g,서울,서울특별시 금천구,금천구 독산3동 ,휘발유(유연),0,0,0,0,7,0,0,0,0,0,0,0,7,no
202608,11,11545,1154563000,h,서울,서울특별시 금천구,금천구 독산3동 ,휘발유(무연),0,0,0,0,2519,1,6,0,121,0,0,0,2647,no
202608,11,11545,1154563000,l,서울,서울특별시 금천구,금천구 독산3동 ,하이브리드(휘발유+전기),0,0,0,0,573,0,7,0,61,0,0,0,641,no
202608,11,11545,1154563000,m,서울,서울특별시 금천구,금천구 독산3동 ,하이브리드(경유+전기),0,0,0,0,4,0,0,0,0,0,0,0,4,no
202608,11,11545,1154563000,n,서울,서울특별시 금천구,금천구 독산3동 ,하이브리드(LPG+전기),0,0,0,0,2,0,0,0,1,0,0,0,3,no
202608,11,11545,1154563000,q,서울,서울특별시 금천구,금천구 독산3동 ,수소,0,0,0,0,3,0,0,0,0,0,0,0,3,no
202608,11,11545,1154563000,r,서울,서울특별시 금천구,금천구 독산3동 ,수소전기,0,0,0,0,1,0,0,0,0,0,0,0,1,no
202608,11,11545,1154563000,z,서울,서울특별시 금천구,금천구 독산3동 ,기타연료,0,0,0,0,0,2,3,1,0,0,1,0,7,no
202608,11,11545,1154564000,a,서울,서울특별시 금천구,금천구 독산4동 ,휘발유,0,0,0,0,549,0,4,0,1,0,0,0,554,no
202608,11,11545,1154564000,b,서울,서울특별시 금천구,금천구 독산4동 ,경유,0,0,0,0,923,132,370,9,3,4,56,3,1500,no
202608,11,11545,1154564000,c,서울,서울특별시 금천구,금천구 독산4동 ,엘피지,0,0,0,0,159,12,49,0,67,0,22,0,309,no
202608,11,11545,1154564000,e,서울,서울특별시 금천구,금천구 독산4동 ,전기,0,0,0,0,42,0,17,0,12,0,8,0,79,yes
202608,11,11545,1154564000,g,서울,서울특별시 금천구,금천구 독산4동 ,휘발유(유연),0,0,0,0,2,0,0,0,0,0,0,0,2,no
202608,11,11545,1154564000,h,서울,서울특별시 금천구,금천구 독산4동 ,휘발유(무연),0,0,0,0,1414,0,5,0,6,0,0,0,1425,no
202608,11,11545,1154564000,j,서울,서울특별시 금천구,금천구 독산4동 ,CNG,0,0,0,0,1,0,0,0,0,0,0,0,1,no
202608,11,11545,1154564000,l,서울,서울특별시 금천구,금천구 독산4동 ,하이브리드(휘발유+전기),0,0,0,0,269,2,2,0,2,0,0,0,275,no
202608,11,11545,1154564000,m,서울,서울특별시 금천구,금천구 독산4동 ,하이브리드(경유+전기),0,0,0,0,5,0,0,0,0,0,0,0,5,no
202608,11,11545,1154564000,n,서울,서울특별시 금천구,금천구 독산4동 ,하이브리드(LPG+전기),0,0,0,0,0,0,0,0,1,0,0,0,1,no
202608,11,11545,1154564000,r,서울,서울특별시 금천구,금천구 독산4동 ,수소전기,0,0,0,0,1,0,0,0,0,0,0,0,1,no
202608,11,11545,1154564000,z,서울,서울특별시 금천구,금천구 독산4동 ,기타연료,0,0,0,0,0,0,6,2,0,0,0,0,8,no
202608,11,11545,1154567000,a,서울,서울특별시 금천구,금천구 시흥1동 ,휘발유,1,0,0,0,1324,1,9,0,5,0,0,0,1340,no
202608,11,11545,1154567000,b,서울,서울특별시 금천구,금천구 시흥1동 ,경유,4,18,57,4,2092,276,1126,19,13,3,244,3,3859,no
202608,11,11545,1154567000,c,서울,서울특별시 금천구,금천구 시흥1동 ,엘피지,3,1,2,0,404,28,145,0,243,0,36,0,862,no
202608,11,11545,1154567000,e,서울,서울특별시 금천구,금천구 시흥1동 ,전기,29,1,5,3,194,0,36,0,50,3,15,0,336,yes
202608,11,11545,1154567000,g,서울,서울특별시 금천구,금천구 시흥1동 ,휘발유(유연),0,0,0,0,2,0,0,0,0,0,0,0,2,no
202608,11,11545,1154567000,h,서울,서울특별시 금천구,금천구 시흥1동 ,휘발유(무연),4,0,0,0,3650,3,6,0,146,0,0,0,3809,no
202608,11,11545,1154567000,j,서울,서울특별시 금천구,금천구 시흥1동 ,CNG,0,0,2,0,0,0,1,0,0,6,0,0,9,no
202608,11,11545,1154567000,l,서울,서울특별시 금천구,금천구 시흥1동 ,하이브리드(휘발유+전기),2,0,1,0,1027,4,4,0,8,0,0,0,1046,no
202608,11,11545,1154567000,m,서울,서울특별시 금천구,금천구 시흥1동 ,하이브리드(경유+전기),0,0,0,0,13,0,0,0,0,0,0,0,13,no
202608,11,11545,1154567000,n,서울,서울특별시 금천구,금천구 시흥1동 ,하이브리드(LPG+전기),1,0,0,0,2,0,0,0,5,0,0,0,8,no
202608,11,11545,1154567000,q,서울,서울특별시 금천구,금천구 시흥1동 ,수소,0,0,0,0,12,0,0,0,0,0,0,0,12,no
202608,11,11545,1154567000,r,서울,서울특별시 금천구,금천구 시흥1동 ,수소전기,0,0,0,1,1,0,0,0,0,0,0,0,2,no
202608,11,11545,1154567000,z,서울,서울특별시 금천구,금천구 시흥1동 ,기타연료,0,0,0,0,0,1,11,2,0,0,0,0,14,no
202608,11,11545,1154568000,a,서울,서울특별시 금천구,금천구 시흥2동 ,휘발유,0,0,0,0,952,0,4,0,0,0,0,0,956,no
202608,11,11545,1154568000,b,서울,서울특별시 금천구,금천구 시흥2동 ,경유,0,0,0,0,1298,94,364,6,0,0,88,14,1864,no
202608,11,11545,1154568000,c,서울,서울특별시 금천구,금천구 시흥2동 ,엘피지,0,0,0,0,293,26,51,0,97,0,20,0,487,no
202608,11,11545,1154568000,e,서울,서울특별시 금천구,금천구 시흥2동 ,전기,0,0,0,0,157,0,19,0,17,0,7,0,200,yes
202608,11,11545,1154568000,g,서울,서울특별시 금천구,금천구 시흥2동 ,휘발유(유연),0,0,0,0,4,0,0,0,0,0,0,0,4,no
202608,11,11545,1154568000,h,서울,서울특별시 금천구,금천구 시흥2동 ,휘발유(무연),0,0,0,0,2577,2,3,0,0,0,0,0,2582,no
202608,11,11545,1154568000,l,서울,서울특별시 금천구,금천구 시흥2동 ,하이브리드(휘발유+전기),0,0,0,0,749,1,1,0,3,0,1,0,755,no
202608,11,11545,1154568000,m,서울,서울특별시 금천구,금천구 시흥2동 ,하이브리드(경유+전기),0,0,0,0,10,0,0,0,0,0,0,0,10,no
202608,11,11545,1154568000,n,서울,서울특별시 금천구,금천구 시흥2동 ,하이브리드(LPG+전기),0,0,0,0,5,0,0,0,0,0,0,0,5,no
202608,11,11545,1154568000,q,서울,서울특별시 금천구,금천구 시흥2동 ,수소,0,0,0,0,10,0,0,0,0,0,0,0,10,no
202608,11,11545,1154568000,r,서울,서울특별시 금천구,금천구 시흥2동 ,수소전기,0,0,0,0,1,0,0,0,0,0,0,0,1,no
202608,11,11545,1154568000,z,서울,서울특별시 금천구,금천구 시흥2동 ,기타연료,0,0,0,0,0,1,10,2,0,0,0,0,13,no
202608,11,11545,1154569000,a,서울,서울특별시 금천구,금천구 시흥3동 ,휘발유,0,0,0,0,512,0,0,0,0,0,0,0,512,no
202608,11,11545,1154569000,b,서울,서울특별시 금천구,금천구 시흥3동 ,경유,0,0,0,0,782,92,665,4,4,1,55,3,1606,no
202608,11,11545,1154569000,c,서울,서울특별시 금천구,금천구 시흥3동 ,엘피지,0,0,0,0,162,22,72,0,203,0,16,0,475,no
202608,11,11545,1154569000,e,서울,서울특별시 금천구,금천구 시흥3동 ,전기,0,0,0,0,50,0,20,0,21,0,7,0,98,yes
202608,11,11545,1154569000,g,서울,서울특별시 금천구,금천구 시흥3동 ,휘발유(유연),0,0,0,0,2,0,0,0,0,0,0,0,2,no
202608,11,11545,1154569000,h,서울,서울특별시 금천구,금천구 시흥3동 ,휘발유(무연),1,0,0,0,1300,0,2,0,7,0,0,0,1310,no
202608,11,11545,1154569000,j,서울,서울특별시 금천구,금천구 시흥3동 ,CNG,0,0,0,0,1,0,0,0,0,0,0,0,1,no
202608,11,11545,1154569000,l,서울,서울특별시 금천구,금천구 시흥3동 ,하이브리드(휘발유+전기),0,0,0,0,299,1,2,0,3,0,0,0,305,no
202608,11,11545,1154569000,m,서울,서울특별시 금천구,금천구 시흥3동 ,하이브리드(경유+전기),0,0,0,0,4,0,0,0,0,0,0,0,4,no
202608,11,11545,1154569000,n,서울,서울특별시 금천구,금천구 시흥3동 ,하이브리드(LPG+전기),0,0,0,0,2,0,0,0,4,0,0,0,6,no
202608,11,11545,1154569000,q,서울,서울특별시 금천구,금천구 시흥3동 ,수소,0,0,0,0,3,0,0,0,0,0,0,0,3,no
202608,11,11545,1154569000,z,서울,서울특별시 금천구,금천구 시흥3동 ,기타연료,0,0,0,0,0,0,6,0,0,0,0,0,6,no
202608,11,11545,1154570000,a,서울,서울특별시 금천구,금천구 시흥4동 ,휘발유,0,0,0,0,680,1,4,0,1,0,0,0,686,no
202608,11,11545,1154570000,b,서울,서울특별시 금천구,금천구 시흥4동 ,경유,0,2,0,0,1182,118,550,8,1,3,76,4,1944,no
202608,11,11545,1154570000,c,서울,서울특별시 금천구,금천구 시흥4동 ,엘피지,0,0,0,0,267,20,71,2,120,0,36,0,516,no
202608,11,11545,1154570000,e,서울,서울특별시 금천구,금천구 시흥4동 ,전기,0,0,0,0,78,0,16,0,15,6,11,0,126,yes
202608,11,11545,1154570000,g,서울,서울특별시 금천구,금천구 시흥4동 ,휘발유(유연),0,0,0,0,2,0,0,0,0,0,0,0,2,no
202608,11,11545,1154570000,h,서울,서울특별시 금천구,금천구 시흥4동 ,휘발유(무연),0,0,0,0,1919,0,4,0,4,0,0,0,1927,no
202608,11,11545,1154570000,l,서울,서울특별시 금천구,금천구 시흥4동 ,하이브리드(휘발유+전기),0,0,0,0,480,0,0,0,4,0,0,0,484,no
202608,11,11545,1154570000,m,서울,서울특별시 금천구,금천구 시흥4동 ,하이브리드(경유+전기),0,0,0,0,5,0,0,0,0,0,0,0,5,no
202608,11,11545,1154570000,n,서울,서울특별시 금천구,금천구 시흥4동 ,하이브리드(LPG+전기),0,0,0,0,1,0,0,0,0,0,0,0,1,no
202608,11,11545,1154570000,q,서울,서울특별시 금천구,금천구 시흥4동 ,수소,0,0,0,0,8,0,0,0,0,0,0,0,8,no
202608,11,11545,1154570000,r,서울,서울특별시 금천구,금천구 시흥4동 ,수소전기,0,0,0,0,2,0,0,0,0,0,0,0,2,no
202608,11,11545,1154570000,z,서울,서울특별시 금천구,금천구 시흥4동 ,기타연료,0,0,0,0,0,1,5,1,0,0,0,0,7,no
202608,11,11545,1154571000,a,서울,서울특별시 금천구,금천구 시흥5동 ,휘발유,0,0,0,0,590,1,5,0,0,0,0,0,596,no
202608,11,11545,1154571000,b,서울,서울특별시 금천구,금천구 시흥5동 ,경유,0,0,0,0,965,134,450,7,0,0,71,6,1633,no
202608,11,11545,1154571000,c,서울,서울특별시 금천구,금천구 시흥5동 ,엘피지,0,0,0,0,252,19,63,0,88,0,25,0,447,no
202608,11,11545,1154571000,e,서울,서울특별시 금천구,금천구 시흥5동 ,전기,0,0,0,0,62,0,16,0,19,35,15,0,147,yes
202608,11,11545,1154571000,h,서울,서울특별시 금천구,금천구 시흥5동 ,휘발유(무연),1,0,0,0,1648,1,3,0,0,0,0,0,1653,no
202608,11,11545,1154571000,j,서울,서울특별시 금천구,금천구 시흥5동 ,CNG,0,0,0,0,0,0,0,0,0,176,0,0,176,no
202608,11,11545,1154571000,l,서울,서울특별시 금천구,금천구 시흥5동 ,하이브리드(휘발유+전기),0,0,0,0,415,2,1,0,1,0,0,0,419,no
202608,11,11545,1154571000,m,서울,서울특별시 금천구,금천구 시흥5동 ,하이브리드(경유+전기),0,0,0,0,6,0,0,0,0,0,0,0,6,no
202608,11,11545,1154571000,q,서울,서울특별시 금천구,금천구 시흥5동 ,수소,0,0,0,0,3,0,0,0,0,0,0,0,3,no
202608,11,11545,1154571000,z,서울,서울특별시 금천구,금천구 시흥5동 ,기타연료,0,0,0,0,0,1,12,1,0,0,0,0,14,no
202608,11,11560,1156012100,h,서울,서울특별시 영등포구,기타,휘발유(무연),0,0,0,0,1,0,0,0,0,0,0,0,1,no
202608,11,11560,1156012300,h,서울,서울특별시 영등포구,기타,휘발유(무연),0,0,0,0,2,0,0,0,0,0,0,0,2,no
202608,11,11560,1156012800,a,서울,서울특별시 영등포구,기타,휘발유,0,0,0,0,1,0,0,0,0,0,0,0,1,no
202608,11,11560,1156051000,b,서울,서울특별시 영등포구,영등포구 영등포1동 ,경유,0,0,0,0,1,0,0,0,0,0,0,0,1,no
202608,11,11560,1156051500,a,서울,서울특별시 영등포구,영등포구 영등포본동 ,휘발유,0,0,0,0,977,0,5,0,0,0,0,0,982,no
202608,11,11560,1156051500,b,서울,서울특별시 영등포구,영등포구 영등포본동 ,경유,0,0,0,0,1199,147,423,6,0,0,63,6,1844,no
202608,11,11560,1156051500,c,서울,서울특별시 영등포구,영등포구 영등포본동 ,엘피지,0,0,0,0,233,18,96,0,57,0,16,0,420,no
202608,11,11560,1156051500,e,서울,서울특별시 영등포구,영등포구 영등포본동 ,전기,0,0,1,0,144,0,25,0,9,0,7,0,186,yes
202608,11,11560,1156051500,g,서울,서울특별시 영등포구,영등포구 영등포본동 ,휘발유(유연),0,0,0,0,2,0,0,0,0,0,0,0,2,no
202608,11,11560,1156051500,h,서울,서울특별시 영등포구,영등포구 영등포본동 ,휘발유(무연),0,0,0,0,2109,4,4,0,0,0,0,0,2117,no
202608,11,11560,1156051500,l,서울,서울특별시 영등포구,영등포구 영등포본동 ,하이브리드(휘발유+전기),0,0,0,0,661,4,1,0,0,0,1,0,667,no
202608,11,11560,1156051500,m,서울,서울특별시 영등포구,영등포구 영등포본동 ,하이브리드(경유+전기),0,0,0,0,6,0,0,0,0,0,0,0,6,no
202608,11,11560,1156051500,n,서울,서울특별시 영등포구,영등포구 영등포본동 ,하이브리드(LPG+전기),0,0,0,0,2,0,0,0,0,0,0,0,2,no
202608,11,11560,1156051500,q,서울,서울특별시 영등포구,영등포구 영등포본동 ,수소,0,0,0,0,8,0,0,0,0,0,0,0,8,no
202608,11,11560,1156051500,r,서울,서울특별시 영등포구,영등포구 영등포본동 ,수소전기,0,0,0,0,4,0,0,0,0,0,0,0,4,no
202608,11,11560,1156051500,z,서울,서울특별시 영등포구,영등포구 영등포본동 ,기타연료,0,0,0,0,0,2,4,0,0,0,0,0,6,no
202608,11,11560,1156053500,a,서울,서울특별시 영등포구,영등포구 영등포동 ,휘발유,0,0,0,0,1823,0,13,0,0,0,0,0,1836,no
202608,11,11560,1156053500,b,서울,서울특별시 영등포구,영등포구 영등포동 ,경유,2,11,12,7,1643,196,1103,45,0,19,274,38,3350,no
202608,11,11560,1156053500,c,서울,서울특별시 영등포구,영등포구 영등포동 ,엘피지,0,0,0,0,264,31,128,1,63,0,18,27,532,no
202608,11,11560,1156053500,e,서울,서울특별시 영등포구,영등포구 영등포동 ,전기,7,0,2,0,332,0,42,0,5,0,40,0,428,yes
202608,11,11560,1156053500,g,서울,서울특별시 영등포구,영등포구 영등포동 ,휘발유(유연),0,0,0,0,4,0,0,0,0,0,0,0,4,no
202608,11,11560,1156053500,h,서울,서울특별시 영등포구,영등포구 영등포동 ,휘발유(무연),0,0,0,0,3667,2,3,1,5,0,0,0,3678,no
202608,11,11560,1156053500,j,서울,서울특별시 영등포구,영등포구 영등포동 ,CNG,0,0,0,0,1,0,0,0,0,0,0,0,1,no
202608,11,11560,1156053500,l,서울,서울특별시 영등포구,영등포구 영등포동 ,하이브리드(휘발유+전기),0,0,0,0,1160,3,6,0,1,0,0,0,1170,no
202608,11,11560,1156053500,m,서울,서울특별시 영등포구,영등포구 영등포동 ,하이브리드(경유+전기),0,0,0,0,28,0,0,0,0,0,0,0,28,no
202608,11,11560,1156053500,n,서울,서울특별시 영등포구,영등포구 영등포동 ,하이브리드(LPG+전기),0,0,0,0,3,0,0,0,0,0,0,0,3,no
202608,11,11560,1156053500,q,서울,서울특별시 영등포구,영등포구 영등포동 ,수소,0,0,0,0,15,0,0,0,0,0,0,0,15,no
202608,11,11560,1156053500,r,서울,서울특별시 영등포구,영등포구 영등포동 ,수소전기,0,0,0,0,4,0,0,0,0,0,0,0,4,no
202608,11,11560,1156053500,z,서울,서울특별시 영등포구,영등포구 영등포동 ,기타연료,0,0,1,0,0,2,11,4,0,0,10,0,28,no
202608,11,11560,1156054000,a,서울,서울특별시 영등포구,영등포구 여의동 ,휘발유,1,0,0,0,4480,3,15,0,0,0,0,0,4499,no
202608,11,11560,1156054000,b,서울,서울특별시 영등포구,영등포구 여의동 ,경유,5,6,3,0,2495,353,880,49,1,3,335,154,4284,no
202608,11,11560,1156054000,c,서울,서울특별시 영등포구,영등포구 여의동 ,엘피지,0,0,3,0,218,51,97,5,13,0,45,32,464,no
202608,11,11560,1156054000,e,서울,서울특별시 영등포구,영등포구 여의동 ,전기,6,1,1,0,686,3,41,2,36,0,52,0,828,yes
202608,11,11560,1156054000,g,서울,서울특별시 영등포구,영등포구 여의동 ,휘발유(유연),0,0,0,0,3,0,0,0,0,0,0,0,3,no
202608,11,11560,1156054000,h,서울,서울특별시 영등포구,영등포구 여의동 ,휘발유(무연),4,0,0,0,5407,6,10,0,0,0,0,0,5427,no
202608,11,11560,1156054000,j,서울,서울특별시 영등포구,영등포구 여의동 ,CNG,0,1,0,0,0,1,0,0,0,0,0,0,2,no
202608,11,11560,1156054000,l,서울,서울특별시 영등포구,영등포구 여의동 ,하이브리드(휘발유+전기),4,3,0,0,2398,1,2,1,14,0,1,3,2427,no
202608,11,11560,1156054000,m,서울,서울특별시 영등포구,영등포구 여의동 ,하이브리드(경유+전기),0,0,0,0,85,0,0,0,0,0,0,0,85,no
202608,11,11560,1156054000,n,서울,서울특별시 영등포구,영등포구 여의동 ,하이브리드(LPG+전기),0,0,0,0,7,0,0,0,0,0,0,0,7,no
202608,11,11560,1156054000,q,서울,서울특별시 영등포구,영등포구 여의동 ,수소,2,1,0,0,24,0,0,0,0,0,0,0,27,no
202608,11,11560,1156054000,r,서울,서울특별시 영등포구,영등포구 여의동 ,수소전기,0,0,0,0,5,0,0,0,0,0,0,0,5,no
202608,11,11560,1156054000,z,서울,서울특별시 영등포구,영등포구 여의동 ,기타연료,0,0,0,0,1,9,23,7,0,0,6,0,46,no
202608,11,11560,1156055000,a,서울,서울특별시 영등포구,영등포구 당산1동 ,휘발유,0,0,0,0,1206,1,9,0,2,0,0,0,1218,no
202608,11,11560,1156055000,b,서울,서울특별시 영등포구,영등포구 당산1동 ,경유,7,18,72,3,1204,214,570,19,6,1,372,39,2525,no
202608,11,11560,1156055000,c,서울,서울특별시 영등포구,영등포구 당산1동 ,엘피지,2,6,20,0,247,29,71,2,63,0,26,1,467,no
202608,11,11560,1156055000,e,서울,서울특별시 영등포구,영등포구 당산1동 ,전기,48,0,4,2,211,2,34,0,8,0,23,0,332,yes
202608,11,11560,1156055000,g,서울,서울특별시 영등포구,영등포구 당산1동 ,휘발유(유연),0,0,0,0,1,0,0,0,0,0,0,0,1,no
202608,11,11560,1156055000,h,서울,서울특별시 영등포구,영등포구 당산1동 ,휘발유(무연),9,0,0,0,2622,2,6,0,53,0,0,0,2692,no
202608,11,11560,1156055000,j,서울,서울특별시 영등포구,영등포구 당산1동 ,CNG,0,0,9,0,0,0,0,0,0,0,0,0,9,no
202608,11,11560,1156055000,l,서울,서울특별시 영등포구,영등포구 당산1동 ,하이브리드(휘발유+전기),1,1,0,0,743,4,5,0,19,0,0,0,773,no
202608,11,11560,1156055000,m,서울,서울특별시 영등포구,영등포구 당산1동 ,하이브리드(경유+전기),0,0,0,0,13,0,0,0,2,0,0,0,15,no
202608,11,11560,1156055000,n,서울,서울특별시 영등포구,영등포구 당산1동 ,하이브리드(LPG+전기),1,0,0,0,3,0,0,0,1,0,0,0,5,no
202608,11,11560,1156055000,q,서울,서울특별시 영등포구,영등포구 당산1동 ,수소,2,0,0,0,12,0,0,0,0,0,0,0,14,no
202608,11,11560,1156055000,z,서울,서울특별시 영등포구,영등포구 당산1동 ,기타연료,0,0,0,0,0,1,16,5,0,0,26,0,48,no
202608,11,11560,1156056000,a,서울,서울특별시 영등포구,영등포구 당산2동 ,휘발유,0,0,0,0,2359,1,8,0,1,0,0,0,2369,no
202608,11,11560,1156056000,b,서울,서울특별시 영등포구,영등포구 당산2동 ,경유,0,1,20,0,2043,111,570,16,2,21,52,11,2847,no
202608,11,11560,1156056000,c,서울,서울특별시 영등포구,영등포구 당산2동 ,엘피지,0,0,14,0,318,21,83,0,147,0,14,0,597,no
202608,11,11560,1156056000,e,서울,서울특별시 영등포구,영등포구 당산2동 ,전기,0,0,0,0,373,0,25,1,34,31,45,0,509,yes
202608,11,11560,1156056000,g,서울,서울특별시 영등포구,영등포구 당산2동 ,휘발유(유연),0,0,0,0,5,0,0,0,0,0,0,0,5,no
202608,11,11560,1156056000,h,서울,서울특별시 영등포구,영등포구 당산2동 ,휘발유(무연),6,0,0,0,4426,1,6,0,4,0,0,0,4443,no
202608,11,11560,1156056000,j,서울,서울특별시 영등포구,영등포구 당산2동 ,CNG,0,0,0,0,1,0,0,0,0,33,0,0,34,no
202608,11,11560,1156056000,l,서울,서울특별시 영등포구,영등포구 당산2동 ,하이브리드(휘발유+전기),0,0,0,0,1592,1,1,0,2,1,0,0,1597,no
202608,11,11560,1156056000,m,서울,서울특별시 영등포구,영등포구 당산2동 ,하이브리드(경유+전기),0,0,0,0,25,0,0,0,0,0,0,0,25,no
202608,11,11560,1156056000,n,서울,서울특별시 영등포구,영등포구 당산2동 ,하이브리드(LPG+전기),0,0,0,0,2,0,0,0,1,0,0,0,3,no
202608,11,11560,1156056000,q,서울,서울특별시 영등포구,영등포구 당산2동 ,수소,0,0,0,0,16,0,0,0,0,0,0,0,16,no
202608,11,11560,1156056000,r,서울,서울특별시 영등포구,영등포구 당산2동 ,수소전기,0,0,0,0,1,0,0,0,0,0,0,0,1,no
202608,11,11560,1156056000,z,서울,서울특별시 영등포구,영등포구 당산2동 ,기타연료,0,0,0,0,0,3,12,2,0,0,2,0,19,no
202608,11,11560,1156058500,a,서울,서울특별시 영등포구,영등포구 도림동 ,휘발유,0,0,0,0,804,1,4,0,0,0,0,0,809,no
202608,11,11560,1156058500,b,서울,서울특별시 영등포구,영등포구 도림동 ,경유,0,0,1,0,1042,103,426,4,25,8,166,40,1815,no
202608,11,11560,1156058500,c,서울,서울특별시 영등포구,영등포구 도림동 ,엘피지,0,0,0,0,204,14,45,0,114,0,18,4,399,no
202608,11,11560,1156058500,e,서울,서울특별시 영등포구,영등포구 도림동 ,전기,0,0,0,0,113,0,15,0,9,0,13,0,150,yes
202608,11,11560,1156058500,g,서울,서울특별시 영등포구,영등포구 도림동 ,휘발유(유연),0,0,0,0,1,0,0,0,0,0,0,0,1,no
202608,11,11560,1156058500,h,서울,서울특별시 영등포구,영등포구 도림동 ,휘발유(무연),0,0,0,0,1897,1,1,0,6,0,0,0,1905,no
202608,11,11560,1156058500,l,서울,서울특별시 영등포구,영등포구 도림동 ,하이브리드(휘발유+전기),0,0,0,0,513,1,3,0,1,0,0,0,518,no
202608,11,11560,1156058500,m,서울,서울특별시 영등포구,영등포구 도림동 ,하이브리드(경유+전기),0,0,0,0,9,0,0,0,0,0,0,0,9,no
202608,11,11560,1156058500,n,서울,서울특별시 영등포구,영등포구 도림동 ,하이브리드(LPG+전기),0,0,0,0,1,0,0,0,0,0,0,0,1,no
202608,11,11560,1156058500,q,서울,서울특별시 영등포구,영등포구 도림동 ,수소,0,0,0,0,7,0,0,0,0,0,0,0,7,no
202608,11,11560,1156058500,r,서울,서울특별시 영등포구,영등포구 도림동 ,수소전기,0,0,0,0,1,0,0,0,0,0,0,0,1,no
202608,11,11560,1156058500,z,서울,서울특별시 영등포구,영등포구 도림동 ,기타연료,0,0,0,0,0,1,5,0,0,0,1,0,7,no
202608,11,11560,1156060500,a,서울,서울특별시 영등포구,영등포구 문래동 ,휘발유,1,0,0,0,2265,1,10,0,1,0,0,0,2278,no
202608,11,11560,1156060500,b,서울,서울특별시 영등포구,영등포구 문래동 ,경유,0,1,0,0,2280,150,1159,46,0,0,195,13,3844,no
202608,11,11560,1156060500,c,서울,서울특별시 영등포구,영등포구 문래동 ,엘피지,0,0,0,0,369,25,139,2,97,0,16,0,648,no
202608,11,11560,1156060500,e,서울,서울특별시 영등포구,영등포구 문래동 ,전기,0,0,0,0,361,0,68,0,5,0,6,0,440,yes
202608,11,11560,1156060500,g,서울,서울특별시 영등포구,영등포구 문래동 ,휘발유(유연),0,0,0,0,5,0,0,0,0,0,0,0,5,no
202608,11,11560,1156060500,h,서울,서울특별시 영등포구,영등포구 문래동 ,휘발유(무연),1,0,0,0,4671,1,4,0,1,0,0,0,4678,no
202608,11,11560,1156060500,k,서울,서울특별시 영등포구,영등포구 문래동 ,LNG,0,0,0,0,0,0,0,0,0,0,0,1,1,no
202608,11,11560,1156060500,l,서울,서울특별시 영등포구,영등포구 문래동 ,하이브리드(휘발유+전기),2,0,0,0,1589,0,11,0,0,0,0,0,1602,no
202608,11,11560,1156060500,m,서울,서울특별시 영등포구,영등포구 문래동 ,하이브리드(경유+전기),0,0,0,0,21,0,0,0,0,0,0,0,21,no
202608,11,11560,1156060500,n,서울,서울특별시 영등포구,영등포구 문래동 ,하이브리드(LPG+전기),0,0,0,0,2,0,0,0,16,0,0,0,18,no
202608,11,11560,1156060500,q,서울,서울특별시 영등포구,영등포구 문래동 ,수소,0,0,0,0,19,0,0,0,0,0,0,0,19,no
202608,11,11560,1156060500,r,서울,서울특별시 영등포구,영등포구 문래동 ,수소전기,0,0,0,0,3,0,0,0,0,0,0,0,3,no
202608,11,11560,1156060500,z,서울,서울특별시 영등포구,영등포구 문래동 ,기타연료,0,0,0,0,0,5,57,3,0,0,11,0,76,no
202608,11,11560,1156061000,a,서울,서울특별시 영등포구,영등포구 양평1동 ,휘발유,0,0,0,0,1296,1,5,0,0,0,1,0,1303,no
202608,11,11560,1156061000,b,서울,서울특별시 영등포구,영등포구 양평1동 ,경유,0,1,0,0,1470,113,766,56,9,20,1188,195,3818,no
202608,11,11560,1156061000,c,서울,서울특별시 영등포구,영등포구 양평1동 ,엘피지,0,0,0,0,475,25,99,2,100,19,174,1,895,no
202608,11,11560,1156061000,e,서울,서울특별시 영등포구,영등포구 양평1동 ,전기,0,0,0,0,263,0,19,0,28,1,37,0,348,yes
202608,11,11560,1156061000,g,서울,서울특별시 영등포구,영등포구 양평1동 ,휘발유(유연),0,0,0,0,4,0,0,0,0,0,0,0,4,no
202608,11,11560,1156061000,h,서울,서울특별시 영등포구,영등포구 양평1동 ,휘발유(무연),0,0,0,0,2983,0,3,0,5,0,1,0,2992,no
202608,11,11560,1156061000,j,서울,서울특별시 영등포구,영등포구 양평1동 ,CNG,0,0,0,0,0,0,0,0,0,2,0,0,2,no
202608,11,11560,1156061000,l,서울,서울특별시 영등포구,영등포구 양평1동 ,하이브리드(휘발유+전기),1,0,0,0,960,3,4,0,1,0,0,0,969,no
202608,11,11560,1156061000,m,서울,서울특별시 영등포구,영등포구 양평1동 ,하이브리드(경유+전기),0,0,0,0,15,0,0,0,0,0,0,0,15,no
202608,11,11560,1156061000,n,서울,서울특별시 영등포구,영등포구 양평1동 ,하이브리드(LPG+전기),0,0,0,0,3,0,0,0,7,0,0,0,10,no
202608,11,11560,1156061000,q,서울,서울특별시 영등포구,영등포구 양평1동 ,수소,0,0,0,0,7,0,0,0,0,0,0,0,7,no
202608,11,11560,1156061000,r,서울,서울특별시 영등포구,영등포구 양평1동 ,수소전기,0,0,0,0,1,0,0,0,0,0,0,0,1,no
202608,11,11560,1156061000,z,서울,서울특별시 영등포구,영등포구 양평1동 ,기타연료,0,0,0,0,0,2,10,1,0,0,56,0,69,no
202608,11,11560,1156062000,a,서울,서울특별시 영등포구,영등포구 양평2동 ,휘발유,0,0,0,0,1546,7,9,0,54,0,0,0,1616,no
202608,11,11560,1156062000,b,서울,서울특별시 영등포구,영등포구 양평2동 ,경유,0,0,0,0,1650,96,1090,117,36,6,309,87,3391,no
202608,11,11560,1156062000,c,서울,서울특별시 영등포구,영등포구 양평2동 ,엘피지,0,0,1,0,317,19,90,12,428,9,21,1,898,no
202608,11,11560,1156062000,e,서울,서울특별시 영등포구,영등포구 양평2동 ,전기,1,0,0,0,418,0,123,0,65,0,93,0,700,yes
202608,11,11560,1156062000,g,서울,서울특별시 영등포구,영등포구 양평2동 ,휘발유(유연),0,0,0,0,3,0,0,0,0,0,0,0,3,no
202608,11,11560,1156062000,h,서울,서울특별시 영등포구,영등포구 양평2동 ,휘발유(무연),0,0,0,0,3161,4,10,0,86,0,0,0,3261,no
202608,11,11560,1156062000,j,서울,서울특별시 영등포구,영등포구 양평2동 ,CNG,0,0,0,0,1,0,1,0,0,2,0,0,4,no
202608,11,11560,1156062000,l,서울,서울특별시 영등포구,영등포구 양평2동 ,하이브리드(휘발유+전기),2,0,0,0,1070,0,2,0,87,0,0,0,1161,no
202608,11,11560,1156062000,m,서울,서울특별시 영등포구,영등포구 양평2동 ,하이브리드(경유+전기),0,0,0,0,20,0,0,0,10,0,0,0,30,no
202608,11,11560,1156062000,n,서울,서울특별시 영등포구,영등포구 양평2동 ,하이브리드(LPG+전기),0,0,0,0,1,0,0,0,4,0,0,0,5,no
202608,11,11560,1156062000,q,서울,서울특별시 영등포구,영등포구 양평2동 ,수소,0,0,0,0,12,0,0,0,0,0,0,0,12,no
202608,11,11560,1156062000,z,서울,서울특별시 영등포구,영등포구 양평2동 ,기타연료,0,0,0,0,0,11,27,0,0,0,20,0,58,no
202608,11,11560,1156063000,a,서울,서울특별시 영등포구,영등포구 신길1동 ,휘발유,0,0,0,0,801,0,4,0,1,0,0,0,806,no
202608,11,11560,1156063000,b,서울,서울특별시 영등포구,영등포구 신길1동 ,경유,0,0,1,0,969,138,445,9,3,0,38,4,1607,no
202608,11,11560,1156063000,c,서울,서울특별시 영등포구,영등포구 신길1동 ,엘피지,0,0,0,0,221,22,73,0,41,0,20,0,377,no
202608,11,11560,1156063000,e,서울,서울특별시 영등포구,영등포구 신길1동 ,전기,1,0,0,0,100,0,11,1,5,0,6,0,124,yes
202608,11,11560,1156063000,g,서울,서울특별시 영등포구,영등포구 신길1동 ,휘발유(유연),0,0,0,0,2,0,0,0,0,0,0,0,2,no
202608,11,11560,1156063000,h,서울,서울특별시 영등포구,영등포구 신길1동 ,휘발유(무연),1,0,0,0,1730,0,1,0,0,0,0,0,1732,no
202608,11,11560,1156063000,j,서울,서울특별시 영등포구,영등포구 신길1동 ,CNG,0,0,0,0,1,0,0,0,0,0,0,0,1,no
202608,11,11560,1156063000,l,서울,서울특별시 영등포구,영등포구 신길1동 ,하이브리드(휘발유+전기),0,0,0,0,475,1,6,0,2,0,0,0,484,no
202608,11,11560,1156063000,m,서울,서울특별시 영등포구,영등포구 신길1동 ,하이브리드(경유+전기),0,0,0,0,3,0,0,0,0,0,0,0,3,no
202608,11,11560,1156063000,n,서울,서울특별시 영등포구,영등포구 신길1동 ,하이브리드(LPG+전기),0,0,0,0,2,0,0,0,0,0,0,0,2,no
202608,11,11560,1156063000,q,서울,서울특별시 영등포구,영등포구 신길1동 ,수소,0,0,0,0,1,0,0,0,0,0,0,0,1,no
202608,11,11560,1156063000,z,서울,서울특별시 영등포구,영등포구 신길1동 ,기타연료,0,0,0,0,0,0,6,1,0,0,1,0,8,no
202608,11,11560,1156065000,a,서울,서울특별시 영등포구,영등포구 신길3동 ,휘발유,0,0,0,0,731,0,2,0,1,0,0,0,734,no
202608,11,11560,1156065000,b,서울,서울특별시 영등포구,영등포구 신길3동 ,경유,0,0,0,0,923,134,364,3,3,8,50,2,1487,no
202608,11,11560,1156065000,c,서울,서울특별시 영등포구,영등포구 신길3동 ,엘피지,0,0,0,0,179,13,47,0,56,0,6,0,301,no
202608,11,11560,1156065000,e,서울,서울특별시 영등포구,영등포구 신길3동 ,전기,0,0,0,0,110,0,9,0,6,0,6,0,131,yes
202608,11,11560,1156065000,g,서울,서울특별시 영등포구,영등포구 신길3동 ,휘발유(유연),0,0,0,0,2,0,0,0,0,0,0,0,2,no
202608,11,11560,1156065000,h,서울,서울특별시 영등포구,영등포구 신길3동 ,휘발유(무연),0,0,0,0,1753,0,2,0,4,0,0,0,1759,no
202608,11,11560,1156065000,l,서울,서울특별시 영등포구,영등포구 신길3동 ,하이브리드(휘발유+전기),0,0,0,0,588,1,2,0,4,0,1,0,596,no
202608,11,11560,1156065000,m,서울,서울특별시 영등포구,영등포구 신길3동 ,하이브리드(경유+전기),0,0,0,0,12,0,0,0,0,0,0,0,12,no
202608,11,11560,1156065000,n,서울,서울특별시 영등포구,영등포구 신길3동 ,하이브리드(LPG+전기),0,0,0,0,1,0,0,0,0,0,0,0,1,no
202608,11,11560,1156065000,q,서울,서울특별시 영등포구,영등포구 신길3동 ,수소,0,0,0,0,3,0,0,0,0,0,0,0,3,no
202608,11,11560,1156065000,z,서울,서울특별시 영등포구,영등포구 신길3동 ,기타연료,0,0,0,0,0,2,4,0,0,0,0,0,6,no
202608,11,11560,1156066000,a,서울,서울특별시 영등포구,영등포구 신길4동 ,휘발유,0,0,0,0,553,1,2,0,0,0,0,0,556,no
202608,11,11560,1156066000,b,서울,서울특별시 영등포구,영등포구 신길4동 ,경유,1,0,0,0,673,84,200,3,0,0,30,0,991,no
202608,11,11560,1156066000,c,서울,서울특별시 영등포구,영등포구 신길4동 ,엘피지,0,0,0,0,125,5,28,0,42,0,6,0,206,no
202608,11,11560,1156066000,e,서울,서울특별시 영등포구,영등포구 신길4동 ,전기,0,0,0,0,105,0,8,0,5,0,10,0,128,yes
202608,11,11560,1156066000,g,서울,서울특별시 영등포구,영등포구 신길4동 ,휘발유(유연),0,0,0,0,3,0,0,0,0,0,0,0,3,no
202608,11,11560,1156066000,h,서울,서울특별시 영등포구,영등포구 신길4동 ,휘발유(무연),0,0,0,0,1264,0,5,0,0,0,0,0,1269,no
202608,11,11560,1156066000,l,서울,서울특별시 영등포구,영등포구 신길4동 ,하이브리드(휘발유+전기),0,0,0,0,424,0,1,0,3,0,0,0,428,no
202608,11,11560,1156066000,m,서울,서울특별시 영등포구,영등포구 신길4동 ,하이브리드(경유+전기),0,0,0,0,8,0,0,0,0,0,0,0,8,no
202608,11,11560,1156066000,n,서울,서울특별시 영등포구,영등포구 신길4동 ,하이브리드(LPG+전기),0,0,0,0,1,0,0,0,0,0,0,0,1,no
202608,11,11560,1156066000,q,서울,서울특별시 영등포구,영등포구 신길4동 ,수소,0,0,0,0,1,0,0,0,0,0,0,0,1,no
202608,11,11560,1156066000,z,서울,서울특별시 영등포구,영등포구 신길4동 ,기타연료,0,0,0,0,0,2,5,2,0,0,0,0,9,no
202608,11,11560,1156067000,a,서울,서울특별시 영등포구,영등포구 신길5동 ,휘발유,0,0,0,0,467,0,2,0,0,0,0,0,469,no
202608,11,11560,1156067000,b,서울,서울특별시 영등포구,영등포구 신길5동 ,경유,0,0,0,0,637,91,307,1,2,3,29,4,1074,no
202608,11,11560,1156067000,c,서울,서울특별시 영등포구,영등포구 신길5동 ,엘피지,0,0,0,0,106,13,39,0,139,0,9,0,306,no
202608,11,11560,1156067000,e,서울,서울특별시 영등포구,영등포구 신길5동 ,전기,0,0,0,0,97,0,13,0,19,0,4,0,133,yes
202608,11,11560,1156067000,g,서울,서울특별시 영등포구,영등포구 신길5동 ,휘발유(유연),0,0,0,0,2,0,0,0,0,0,0,0,2,no
202608,11,11560,1156067000,h,서울,서울특별시 영등포구,영등포구 신길5동 ,휘발유(무연),0,0,0,0,1027,2,0,0,12,0,0,0,1041,no
202608,11,11560,1156067000,j,서울,서울특별시 영등포구,영등포구 신길5동 ,CNG,0,0,0,0,0,1,1,0,0,11,0,0,13,no
202608,11,11560,1156067000,l,서울,서울특별시 영등포구,영등포구 신길5동 ,하이브리드(휘발유+전기),0,0,0,0,328,3,5,0,11,0,0,0,347,no
202608,11,11560,1156067000,m,서울,서울특별시 영등포구,영등포구 신길5동 ,하이브리드(경유+전기),0,0,0,0,5,0,0,0,0,0,0,0,5,no
202608,11,11560,1156067000,q,서울,서울특별시 영등포구,영등포구 신길5동 ,수소,0,0,0,0,4,0,0,0,0,0,0,0,4,no
202608,11,11560,1156067000,z,서울,서울특별시 영등포구,영등포구 신길5동 ,기타연료,0,0,0,0,0,0,1,0,0,0,2,0,3,no
202608,11,11560,1156068000,a,서울,서울특별시 영등포구,영등포구 신길6동 ,휘발유,0,0,0,0,760,0,3,0,0,0,0,0,763,no
202608,11,11560,1156068000,b,서울,서울특별시 영등포구,영등포구 신길6동 ,경유,0,0,0,0,878,62,251,5,0,0,34,1,1231,no
202608,11,11560,1156068000,c,서울,서울특별시 영등포구,영등포구 신길6동 ,엘피지,0,0,1,0,197,13,44,0,69,0,15,0,339,no
202608,11,11560,1156068000,e,서울,서울특별시 영등포구,영등포구 신길6동 ,전기,0,0,0,0,102,0,12,0,7,0,7,0,128,yes
202608,11,11560,1156068000,g,서울,서울특별시 영등포구,영등포구 신길6동 ,휘발유(유연),0,0,0,0,1,0,0,0,0,0,0,0,1,no
202608,11,11560,1156068000,h,서울,서울특별시 영등포구,영등포구 신길6동 ,휘발유(무연),1,0,0,0,1789,1,3,0,0,0,0,0,1794,no
202608,11,11560,1156068000,l,서울,서울특별시 영등포구,영등포구 신길6동 ,하이브리드(휘발유+전기),0,0,0,0,507,0,0,0,2,0,0,0,509,no
202608,11,11560,1156068000,m,서울,서울특별시 영등포구,영등포구 신길6동 ,하이브리드(경유+전기),0,0,0,0,7,0,0,0,0,0,0,0,7,no
202608,11,11560,1156068000,q,서울,서울특별시 영등포구,영등포구 신길6동 ,수소,0,0,0,0,5,0,0,0,0,0,0,0,5,no
202608,11,11560,1156068000,r,서울,서울특별시 영등포구,영등포구 신길6동 ,수소전기,0,0,0,0,1,0,0,0,0,0,0,0,1,no
202608,11,11560,1156068000,z,서울,서울특별시 영등포구,영등포구 신길6동 ,기타연료,0,0,0,0,0,0,8,0,0,0,0,0,8,no
202608,11,11560,1156069000,a,서울,서울특별시 영등포구,영등포구 신길7동 ,휘발유,1,0,0,0,1076,1,3,0,0,0,0,0,1081,no
202608,11,11560,1156069000,b,서울,서울특별시 영등포구,영등포구 신길7동 ,경유,3,3,0,0,1181,60,227,7,0,0,24,1,1506,no
202608,11,11560,1156069000,c,서울,서울특별시 영등포구,영등포구 신길7동 ,엘피지,0,0,0,0,212,10,24,1,39,0,13,0,299,no
202608,11,11560,1156069000,e,서울,서울특별시 영등포구,영등포구 신길7동 ,전기,0,0,2,0,255,0,7,1,14,0,5,0,284,yes
202608,11,11560,1156069000,g,서울,서울특별시 영등포구,영등포구 신길7동 ,휘발유(유연),0,0,0,0,3,0,0,0,0,0,0,0,3,no
202608,11,11560,1156069000,h,서울,서울특별시 영등포구,영등포구 신길7동 ,휘발유(무연),2,0,0,0,2510,0,0,0,0,0,0,0,2512,no
202608,11,11560,1156069000,j,서울,서울특별시 영등포구,영등포구 신길7동 ,CNG,0,0,0,0,1,0,0,0,0,0,0,0,1,no
202608,11,11560,1156069000,l,서울,서울특별시 영등포구,영등포구 신길7동 ,하이브리드(휘발유+전기),2,0,0,0,956,1,0,0,2,0,0,0,961,no
202608,11,11560,1156069000,m,서울,서울특별시 영등포구,영등포구 신길7동 ,하이브리드(경유+전기),0,0,0,0,12,0,0,0,0,0,0,0,12,no
202608,11,11560,1156069000,n,서울,서울특별시 영등포구,영등포구 신길7동 ,하이브리드(LPG+전기),0,0,0,0,2,0,0,0,0,0,0,0,2,no
202608,11,11560,1156069000,q,서울,서울특별시 영등포구,영등포구 신길7동 ,수소,0,0,0,0,10,0,0,0,0,0,0,0,10,no
202608,11,11560,1156069000,z,서울,서울특별시 영등포구,영등포구 신길7동 ,기타연료,0,0,0,0,2,4,10,3,0,0,1,0,20,no
202608,11,11560,1156070000,a,서울,서울특별시 영등포구,영등포구 대림1동 ,휘발유,0,0,0,0,557,2,3,0,0,0,0,0,562,no
202608,11,11560,1156070000,b,서울,서울특별시 영등포구,영등포구 대림1동 ,경유,0,0,6,2,972,131,365,2,0,0,26,4,1508,no
202608,11,11560,1156070000,c,서울,서울특별시 영등포구,영등포구 대림1동 ,엘피지,0,3,1,0,150,11,51,0,73,0,11,0,300,no
202608,11,11560,1156070000,e,서울,서울특별시 영등포구,영등포구 대림1동 ,전기,1,0,3,0,79,0,19,0,15,0,4,0,121,yes
202608,11,11560,1156070000,g,서울,서울특별시 영등포구,영등포구 대림1동 ,휘발유(유연),0,0,0,0,2,0,0,0,0,0,0,0,2,no
202608,11,11560,1156070000,h,서울,서울특별시 영등포구,영등포구 대림1동 ,휘발유(무연),0,0,0,0,1459,2,3,0,0,0,0,0,1464,no
202608,11,11560,1156070000,l,서울,서울특별시 영등포구,영등포구 대림1동 ,하이브리드(휘발유+전기),0,0,0,0,414,0,1,0,2,0,0,0,417,no
202608,11,11560,1156070000,m,서울,서울특별시 영등포구,영등포구 대림1동 ,하이브리드(경유+전기),0,0,0,0,5,0,0,0,0,0,0,0,5,no
202608,11,11560,1156070000,n,서울,서울특별시 영등포구,영등포구 대림1동 ,하이브리드(LPG+전기),0,0,0,0,1,0,0,0,0,0,0,0,1,no
202608,11,11560,1156070000,q,서울,서울특별시 영등포구,영등포구 대림1동 ,수소,0,0,0,0,2,0,0,0,0,0,0,0,2,no
202608,11,11560,1156070000,z,서울,서울특별시 영등포구,영등포구 대림1동 ,기타연료,0,0,0,0,0,0,5,1,0,0,0,0,6,no
202608,11,11560,1156071000,a,서울,서울특별시 영등포구,영등포구 대림2동 ,휘발유,0,0,0,0,524,0,1,0,1,0,0,0,526,no
202608,11,11560,1156071000,b,서울,서울특별시 영등포구,영등포구 대림2동 ,경유,0,0,0,0,1053,181,245,2,0,2,31,4,1518,no
202608,11,11560,1156071000,c,서울,서울특별시 영등포구,영등포구 대림2동 ,엘피지,0,0,0,0,126,9,17,0,44,0,9,0,205,no
202608,11,11560,1156071000,e,서울,서울특별시 영등포구,영등포구 대림2동 ,전기,0,0,0,0,62,0,6,0,7,0,5,0,80,yes
202608,11,11560,1156071000,g,서울,서울특별시 영등포구,영등포구 대림2동 ,휘발유(유연),0,0,0,0,2,0,0,0,0,0,0,0,2,no
202608,11,11560,1156071000,h,서울,서울특별시 영등포구,영등포구 대림2동 ,휘발유(무연),0,0,0,0,1353,1,3,0,5,0,0,0,1362,no
202608,11,11560,1156071000,l,서울,서울특별시 영등포구,영등포구 대림2동 ,하이브리드(휘발유+전기),0,0,0,0,364,0,1,0,7,0,0,0,372,no
202608,11,11560,1156071000,m,서울,서울특별시 영등포구,영등포구 대림2동 ,하이브리드(경유+전기),0,0,0,0,4,0,0,0,0,0,0,0,4,no
202608,11,11560,1156071000,n,서울,서울특별시 영등포구,영등포구 대림2동 ,하이브리드(LPG+전기),0,0,0,0,2,0,0,0,0,0,0,0,2,no
202608,11,11560,1156071000,q,서울,서울특별시 영등포구,영등포구 대림2동 ,수소,0,0,0,0,1,0,0,0,0,0,0,0,1,no
202608,11,11560,1156071000,z,서울,서울특별시 영등포구,영등포구 대림2동 ,기타연료,0,0,0,0,0,1,1,0,0,0,0,0,2,no
202608,11,11560,1156072000,a,서울,서울특별시 영등포구,영등포구 대림3동 ,휘발유,0,0,0,0,1046,2,8,0,4,0,0,0,1060,no
202608,11,11560,1156072000,b,서울,서울특별시 영등포구,영등포구 대림3동 ,경유,0,0,0,3,1585,249,697,6,3,2,93,7,2645,no
202608,11,11560,1156072000,c,서울,서울특별시 영등포구,영등포구 대림3동 ,엘피지,0,1,0,0,268,25,73,1,307,0,24,0,699,no
202608,11,11560,1156072000,e,서울,서울특별시 영등포구,영등포구 대림3동 ,전기,0,0,0,0,107,0,23,0,53,0,11,0,194,yes
202608,11,11560,1156072000,g,서울,서울특별시 영등포구,영등포구 대림3동 ,휘발유(유연),0,0,0,0,1,0,0,0,0,0,0,0,1,no
202608,11,11560,1156072000,h,서울,서울특별시 영등포구,영등포구 대림3동 ,휘발유(무연),0,0,0,0,2481,2,7,0,8,0,0,0,2498,no
202608,11,11560,1156072000,j,서울,서울특별시 영등포구,영등포구 대림3동 ,CNG,0,0,0,0,1,0,0,0,0,0,0,0,1,no
202608,11,11560,1156072000,l,서울,서울특별시 영등포구,영등포구 대림3동 ,하이브리드(휘발유+전기),0,0,0,0,673,1,5,0,5,0,0,0,684,no
202608,11,11560,1156072000,m,서울,서울특별시 영등포구,영등포구 대림3동 ,하이브리드(경유+전기),0,0,0,0,7,0,0,0,0,0,0,0,7,no
202608,11,11560,1156072000,n,서울,서울특별시 영등포구,영등포구 대림3동 ,하이브리드(LPG+전기),0,0,0,0,0,0,0,0,1,0,0,0,1,no
202608,11,11560,1156072000,q,서울,서울특별시 영등포구,영등포구 대림3동 ,수소,0,0,0,0,7,0,0,0,0,0,0,0,7,no
202608,11,11560,1156072000,r,서울,서울특별시 영등포구,영등포구 대림3동 ,수소전기,0,0,0,0,1,0,0,0,0,0,0,0,1,no
202608,11,11560,1156072000,z,서울,서울특별시 영등포구,영등포구 대림3동 ,기타연료,0,0,0,0,0,3,7,0,0,0,0,0,10,no
202608,11,11590,1159051000,a,서울,서울특별시 동작구,동작구 노량진1동 ,휘발유,1,0,0,0,1708,2,5,0,0,0,0,0,1716,no
202608,11,11590,1159051000,b,서울,서울특별시 동작구,동작구 노량진1동 ,경유,0,4,5,0,1601,117,419,16,0,17,40,3,2222,no
202608,11,11590,1159051000,c,서울,서울특별시 동작구,동작구 노량진1동 ,엘피지,0,2,1,1,344,18,62,2,63,1,18,0,512,no
202608,11,11590,1159051000,e,서울,서울특별시 동작구,동작구 노량진1동 ,전기,5,0,1,0,301,0,14,0,7,0,6,0,334,yes
202608,11,11590,1159051000,g,서울,서울특별시 동작구,동작구 노량진1동 ,휘발유(유연),0,0,0,0,1,0,0,0,0,0,0,0,1,no
202608,11,11590,1159051000,h,서울,서울특별시 동작구,동작구 노량진1동 ,휘발유(무연),2,0,0,0,3209,4,5,0,0,0,0,0,3220,no
202608,11,11590,1159051000,j,서울,서울특별시 동작구,동작구 노량진1동 ,CNG,0,0,0,0,0,0,0,0,0,2,0,0,2,no
202608,11,11590,1159051000,l,서울,서울특별시 동작구,동작구 노량진1동 ,하이브리드(휘발유+전기),1,0,0,0,1019,3,2,0,2,0,1,0,1028,no
202608,11,11590,1159051000,m,서울,서울특별시 동작구,동작구 노량진1동 ,하이브리드(경유+전기),0,0,0,0,22,0,0,0,0,0,0,0,22,no
202608,11,11590,1159051000,n,서울,서울특별시 동작구,동작구 노량진1동 ,하이브리드(LPG+전기),0,0,0,0,3,0,0,0,0,0,0,0,3,no
202608,11,11590,1159051000,q,서울,서울특별시 동작구,동작구 노량진1동 ,수소,0,0,0,0,10,0,0,0,0,0,0,0,10,no
202608,11,11590,1159051000,r,서울,서울특별시 동작구,동작구 노량진1동 ,수소전기,0,0,0,0,3,0,0,0,0,0,0,0,3,no
202608,11,11590,1159051000,z,서울,서울특별시 동작구,동작구 노량진1동 ,기타연료,0,0,0,0,0,4,11,0,0,0,0,0,15,no
202608,11,11590,1159052000,a,서울,서울특별시 동작구,동작구 노량진2동 ,휘발유,0,0,0,0,264,0,1,0,0,0,0,0,265,no
202608,11,11590,1159052000,b,서울,서울특별시 동작구,동작구 노량진2동 ,경유,0,0,1,0,287,35,189,1,1,0,13,2,529,no
202608,11,11590,1159052000,c,서울,서울특별시 동작구,동작구 노량진2동 ,엘피지,0,0,0,0,70,11,37,1,7,0,3,0,129,no
202608,11,11590,1159052000,e,서울,서울특별시 동작구,동작구 노량진2동 ,전기,0,0,0,0,32,1,3,0,1,0,3,0,40,yes
202608,11,11590,1159052000,g,서울,서울특별시 동작구,동작구 노량진2동 ,휘발유(유연),0,0,0,0,1,0,0,0,0,0,0,0,1,no
202608,11,11590,1159052000,h,서울,서울특별시 동작구,동작구 노량진2동 ,휘발유(무연),0,0,0,0,531,0,3,0,0,0,0,0,534,no
202608,11,11590,1159052000,l,서울,서울특별시 동작구,동작구 노량진2동 ,하이브리드(휘발유+전기),0,0,0,0,123,0,1,0,0,0,0,0,124,no
202608,11,11590,1159052000,m,서울,서울특별시 동작구,동작구 노량진2동 ,하이브리드(경유+전기),0,0,0,0,3,0,0,0,0,0,0,0,3,no
202608,11,11590,1159052000,q,서울,서울특별시 동작구,동작구 노량진2동 ,수소,0,0,0,0,1,0,0,0,0,0,0,0,1,no
202608,11,11590,1159052000,z,서울,서울특별시 동작구,동작구 노량진2동 ,기타연료,0,0,0,0,0,0,2,0,0,0,0,0,2,no
202608,11,11590,1159053000,a,서울,서울특별시 동작구,동작구 상도1동 ,휘발유,1,0,0,0,2173,0,2,0,0,0,0,0,2176,no
202608,11,11590,1159053000,b,서울,서울특별시 동작구,동작구 상도1동 ,경유,2,18,58,0,1987,157,455,19,0,19,54,9,2778,no
202608,11,11590,1159053000,c,서울,서울특별시 동작구,동작구 상도1동 ,엘피지,0,4,7,0,502,38,82,2,77,0,20,0,732,no
202608,11,11590,1159053000,e,서울,서울특별시 동작구,동작구 상도1동 ,전기,41,0,3,2,313,0,24,0,25,0,7,0,415,yes
202608,11,11590,1159053000,g,서울,서울특별시 동작구,동작구 상도1동 ,휘발유(유연),0,0,0,0,3,0,0,0,0,0,0,0,3,no
202608,11,11590,1159053000,h,서울,서울특별시 동작구,동작구 상도1동 ,휘발유(무연),8,0,0,0,4347,2,5,0,2,0,0,0,4364,no
202608,11,11590,1159053000,j,서울,서울특별시 동작구,동작구 상도1동 ,CNG,0,0,5,0,0,1,0,0,0,0,0,0,6,no
202608,11,11590,1159053000,l,서울,서울특별시 동작구,동작구 상도1동 ,하이브리드(휘발유+전기),4,0,1,0,1489,2,1,0,5,0,0,0,1502,no
202608,11,11590,1159053000,m,서울,서울특별시 동작구,동작구 상도1동 ,하이브리드(경유+전기),0,0,0,0,20,0,0,0,0,0,0,0,20,no
202608,11,11590,1159053000,n,서울,서울특별시 동작구,동작구 상도1동 ,하이브리드(LPG+전기),0,0,0,0,1,0,0,0,0,0,0,0,1,no
202608,11,11590,1159053000,q,서울,서울특별시 동작구,동작구 상도1동 ,수소,0,0,1,0,11,0,0,0,0,0,0,0,12,no
202608,11,11590,1159053000,r,서울,서울특별시 동작구,동작구 상도1동 ,수소전기,0,0,0,0,1,0,0,0,0,0,0,0,1,no
202608,11,11590,1159053000,z,서울,서울특별시 동작구,동작구 상도1동 ,기타연료,0,0,0,0,0,5,8,4,0,0,2,0,19,no
202608,11,11590,1159054000,a,서울,서울특별시 동작구,동작구 상도2동 ,휘발유,0,0,0,0,1479,0,5,0,10,0,0,0,1494,no
202608,11,11590,1159054000,b,서울,서울특별시 동작구,동작구 상도2동 ,경유,0,0,0,0,1402,76,243,1,7,0,32,11,1772,no
202608,11,11590,1159054000,c,서울,서울특별시 동작구,동작구 상도2동 ,엘피지,0,0,0,0,228,20,34,1,59,0,12,0,354,no
202608,11,11590,1159054000,e,서울,서울특별시 동작구,동작구 상도2동 ,전기,0,0,0,0,238,0,12,0,12,0,3,0,265,yes
202608,11,11590,1159054000,g,서울,서울특별시 동작구,동작구 상도2동 ,휘발유(유연),0,0,0,0,3,0,0,0,0,0,0,0,3,no
202608,11,11590,1159054000,h,서울,서울특별시 동작구,동작구 상도2동 ,휘발유(무연),0,0,0,0,2900,0,1,0,23,0,0,0,2924,no
202608,11,11590,1159054000,l,서울,서울특별시 동작구,동작구 상도2동 ,하이브리드(휘발유+전기),1,0,0,0,1134,3,0,1,10,0,0,0,1149,no
202608,11,11590,1159054000,m,서울,서울특별시 동작구,동작구 상도2동 ,하이브리드(경유+전기),0,0,0,0,17,0,0,0,0,0,0,0,17,no
202608,11,11590,1159054000,n,서울,서울특별시 동작구,동작구 상도2동 ,하이브리드(LPG+전기),0,0,0,0,2,0,0,0,0,0,0,0,2,no
202608,11,11590,1159054000,q,서울,서울특별시 동작구,동작구 상도2동 ,수소,0,0,0,0,7,0,0,0,0,0,0,0,7,no
202608,11,11590,1159054000,r,서울,서울특별시 동작구,동작구 상도2동 ,수소전기,0,0,0,0,2,0,0,0,0,0,0,0,2,no
202608,11,11590,1159054000,z,서울,서울특별시 동작구,동작구 상도2동 ,기타연료,0,0,0,0,0,1,7,0,0,0,0,0,8,no
202608,11,11590,1159055000,a,서울,서울특별시 동작구,동작구 상도3동 ,휘발유,0,0,0,0,819,1,4,0,0,0,0,0,824,no
202608,11,11590,1159055000,b,서울,서울특별시 동작구,동작구 상도3동 ,경유,0,0,0,0,1083,117,371,6,0,0,44,4,1625,no
202608,11,11590,1159055000,c,서울,서울특별시 동작구,동작구 상도3동 ,엘피지,0,0,0,0,291,25,47,1,78,0,26,0,468,no
202608,11,11590,1159055000,e,서울,서울특별시 동작구,동작구 상도3동 ,전기,0,0,0,0,90,1,11,0,13,0,7,0,122,yes
202608,11,11590,1159055000,h,서울,서울특별시 동작구,동작구 상도3동 ,휘발유(무연),1,0,0,0,1956,3,4,0,0,0,0,0,1964,no
202608,11,11590,1159055000,l,서울,서울특별시 동작구,동작구 상도3동 ,하이브리드(휘발유+전기),0,0,0,0,523,1,4,0,4,0,0,0,532,no
202608,11,11590,1159055000,m,서울,서울특별시 동작구,동작구 상도3동 ,하이브리드(경유+전기),0,0,0,0,5,0,0,0,0,0,0,0,5,no
202608,11,11590,1159055000,n,서울,서울특별시 동작구,동작구 상도3동 ,하이브리드(LPG+전기),0,0,0,0,6,0,0,0,0,0,0,0,6,no
202608,11,11590,1159055000,q,서울,서울특별시 동작구,동작구 상도3동 ,수소,0,0,0,0,8,0,0,0,0,0,0,0,8,no
202608,11,11590,1159055000,r,서울,서울특별시 동작구,동작구 상도3동 ,수소전기,0,0,0,0,2,0,0,0,0,0,0,0,2,no
202608,11,11590,1159055000,z,서울,서울특별시 동작구,동작구 상도3동 ,기타연료,0,0,0,0,0,1,5,1,0,0,0,0,7,no
202608,11,11590,1159056000,a,서울,서울특별시 동작구,동작구 상도4동 ,휘발유,1,0,0,0,1164,0,6,0,0,0,0,0,1171,no
202608,11,11590,1159056000,b,서울,서울특별시 동작구,동작구 상도4동 ,경유,0,0,0,0,1422,111,397,8,0,8,66,11,2023,no
202608,11,11590,1159056000,c,서울,서울특별시 동작구,동작구 상도4동 ,엘피지,0,0,0,0,328,28,63,2,93,0,29,0,543,no
202608,11,11590,1159056000,e,서울,서울특별시 동작구,동작구 상도4동 ,전기,0,0,0,0,188,0,14,0,17,10,17,0,246,yes
202608,11,11590,1159056000,g,서울,서울특별시 동작구,동작구 상도4동 ,휘발유(유연),0,0,0,0,3,0,0,0,0,0,0,0,3,no
202608,11,11590,1159056000,h,서울,서울특별시 동작구,동작구 상도4동 ,휘발유(무연),1,0,0,0,2615,2,9,0,0,0,0,0,2627,no
202608,11,11590,1159056000,j,서울,서울특별시 동작구,동작구 상도4동 ,CNG,0,0,0,0,1,0,0,0,0,5,0,0,6,no
202608,11,11590,1159056000,l,서울,서울특별시 동작구,동작구 상도4동 ,하이브리드(휘발유+전기),0,0,0,0,731,2,4,0,6,0,0,0,743,no
202608,11,11590,1159056000,m,서울,서울특별시 동작구,동작구 상도4동 ,하이브리드(경유+전기),0,0,0,0,8,0,0,0,0,0,0,0,8,no
202608,11,11590,1159056000,n,서울,서울특별시 동작구,동작구 상도4동 ,하이브리드(LPG+전기),0,0,0,0,2,0,0,0,2,0,0,0,4,no
202608,11,11590,1159056000,q,서울,서울특별시 동작구,동작구 상도4동 ,수소,0,0,0,0,12,0,0,0,0,0,0,0,12,no
202608,11,11590,1159056000,r,서울,서울특별시 동작구,동작구 상도4동 ,수소전기,0,0,0,0,2,0,0,0,0,0,0,0,2,no
202608,11,11590,1159056000,z,서울,서울특별시 동작구,동작구 상도4동 ,기타연료,0,0,0,0,0,2,6,3,0,0,1,0,12,no
202608,11,11590,1159060500,a,서울,서울특별시 동작구,동작구 흑석동 ,휘발유,0,0,0,0,2024,3,4,0,0,0,0,0,2031,no
202608,11,11590,1159060500,b,서울,서울특별시 동작구,동작구 흑석동 ,경유,0,0,0,0,1711,147,283,12,0,14,28,4,2199,no
202608,11,11590,1159060500,c,서울,서울특별시 동작구,동작구 흑석동 ,엘피지,0,0,0,0,214,14,38,0,44,0,9,0,319,no
202608,11,11590,1159060500,e,서울,서울특별시 동작구,동작구 흑석동 ,전기,0,0,0,0,394,1,16,2,12,3,5,0,433,yes
202608,11,11590,1159060500,g,서울,서울특별시 동작구,동작구 흑석동 ,휘발유(유연),0,0,0,0,2,0,0,0,0,0,0,0,2,no
202608,11,11590,1159060500,h,서울,서울특별시 동작구,동작구 흑석동 ,휘발유(무연),0,0,0,0,3056,0,6,0,0,0,0,0,3062,no
202608,11,11590,1159060500,j,서울,서울특별시 동작구,동작구 흑석동 ,CNG,0,0,0,0,0,1,0,0,0,6,0,0,7,no
202608,11,11590,1159060500,l,서울,서울특별시 동작구,동작구 흑석동 ,하이브리드(휘발유+전기),0,0,0,0,1461,4,2,0,3,0,0,0,1470,no
202608,11,11590,1159060500,m,서울,서울특별시 동작구,동작구 흑석동 ,하이브리드(경유+전기),0,0,0,0,34,0,0,0,0,0,0,0,34,no
202608,11,11590,1159060500,n,서울,서울특별시 동작구,동작구 흑석동 ,하이브리드(LPG+전기),0,0,0,0,1,0,0,0,1,0,0,0,2,no
202608,11,11590,1159060500,q,서울,서울특별시 동작구,동작구 흑석동 ,수소,0,0,0,0,10,0,0,0,0,0,0,0,10,no
202608,11,11590,1159060500,r,서울,서울특별시 동작구,동작구 흑석동 ,수소전기,0,0,0,0,3,0,0,0,0,0,0,0,3,no
202608,11,11590,1159060500,z,서울,서울특별시 동작구,동작구 흑석동 ,기타연료,0,0,0,0,0,3,10,3,0,0,0,0,16,no
202608,11,11590,1159062000,a,서울,서울특별시 동작구,동작구 사당1동 ,휘발유,0,0,0,0,843,0,1,0,0,0,0,0,844,no
202608,11,11590,1159062000,b,서울,서울특별시 동작구,동작구 사당1동 ,경유,1,0,1,2,936,111,378,6,0,20,51,11,1517,no
202608,11,11590,1159062000,c,서울,서울특별시 동작구,동작구 사당1동 ,엘피지,0,0,0,0,211,33,65,0,38,0,13,0,360,no
202608,11,11590,1159062000,e,서울,서울특별시 동작구,동작구 사당1동 ,전기,0,0,0,0,116,0,11,0,10,3,7,0,147,yes
202608,11,11590,1159062000,g,서울,서울특별시 동작구,동작구 사당1동 ,휘발유(유연),0,0,0,0,1,0,0,0,0,0,0,0,1,no
202608,11,11590,1159062000,h,서울,서울특별시 동작구,동작구 사당1동 ,휘발유(무연),0,0,0,0,1945,2,5,0,0,0,0,0,1952,no
202608,11,11590,1159062000,j,서울,서울특별시 동작구,동작구 사당1동 ,CNG,0,0,0,0,0,0,0,0,0,3,0,0,3,no
202608,11,11590,1159062000,l,서울,서울특별시 동작구,동작구 사당1동 ,하이브리드(휘발유+전기),0,0,0,0,520,2,1,1,0,0,0,0,524,no
202608,11,11590,1159062000,m,서울,서울특별시 동작구,동작구 사당1동 ,하이브리드(경유+전기),0,0,0,0,9,0,0,0,0,0,0,0,9,no
202608,11,11590,1159062000,q,서울,서울특별시 동작구,동작구 사당1동 ,수소,0,0,0,0,6,0,0,0,0,0,0,0,6,no
202608,11,11590,1159062000,z,서울,서울특별시 동작구,동작구 사당1동 ,기타연료,0,0,0,0,0,1,3,1,0,0,2,0,7,no
202608,11,11590,1159063000,a,서울,서울특별시 동작구,동작구 사당2동 ,휘발유,0,0,0,0,1622,0,4,0,0,0,0,0,1626,no
202608,11,11590,1159063000,b,서울,서울특별시 동작구,동작구 사당2동 ,경유,0,2,10,1,1425,71,295,6,61,1,31,2,1905,no
202608,11,11590,1159063000,c,서울,서울특별시 동작구,동작구 사당2동 ,엘피지,0,0,0,0,262,14,35,3,49,0,12,0,375,no
202608,11,11590,1159063000,e,서울,서울특별시 동작구,동작구 사당2동 ,전기,2,1,0,0,228,0,16,0,11,0,8,0,266,yes
202608,11,11590,1159063000,g,서울,서울특별시 동작구,동작구 사당2동 ,휘발유(유연),0,0,0,0,3,0,0,0,0,0,0,0,3,no
202608,11,11590,1159063000,h,서울,서울특별시 동작구,동작구 사당2동 ,휘발유(무연),1,0,0,0,2886,0,4,0,144,0,0,0,3035,no
202608,11,11590,1159063000,l,서울,서울특별시 동작구,동작구 사당2동 ,하이브리드(휘발유+전기),2,0,0,0,1094,0,6,0,5,0,0,0,1107,no
202608,11,11590,1159063000,m,서울,서울특별시 동작구,동작구 사당2동 ,하이브리드(경유+전기),0,0,0,0,17,0,0,0,0,0,0,0,17,no
202608,11,11590,1159063000,n,서울,서울특별시 동작구,동작구 사당2동 ,하이브리드(LPG+전기),0,0,0,0,2,0,0,0,0,0,0,0,2,no
202608,11,11590,1159063000,q,서울,서울특별시 동작구,동작구 사당2동 ,수소,0,0,0,0,6,0,0,0,0,0,0,0,6,no
202608,11,11590,1159063000,z,서울,서울특별시 동작구,동작구 사당2동 ,기타연료,0,0,0,0,0,3,5,2,0,0,0,0,10,no
202608,11,11590,1159064000,a,서울,서울특별시 동작구,동작구 사당3동 ,휘발유,0,0,0,0,1282,1,3,0,0,0,0,0,1286,no
202608,11,11590,1159064000,b,서울,서울특별시 동작구,동작구 사당3동 ,경유,0,0,0,0,1253,77,264,6,0,3,37,5,1645,no
202608,11,11590,1159064000,c,서울,서울특별시 동작구,동작구 사당3동 ,엘피지,0,0,0,0,207,12,39,0,52,0,10,0,320,no
202608,11,11590,1159064000,e,서울,서울특별시 동작구,동작구 사당3동 ,전기,0,0,0,0,215,0,8,0,6,3,7,0,239,yes
202608,11,11590,1159064000,g,서울,서울특별시 동작구,동작구 사당3동 ,휘발유(유연),0,0,0,0,3,0,0,0,0,0,0,0,3,no
202608,11,11590,1159064000,h,서울,서울특별시 동작구,동작구 사당3동 ,휘발유(무연),0,0,0,0,2481,3,1,0,0,0,0,0,2485,no
202608,11,11590,1159064000,j,서울,서울특별시 동작구,동작구 사당3동 ,CNG,0,0,0,0,0,0,0,0,0,1,0,0,1,no
202608,11,11590,1159064000,l,서울,서울특별시 동작구,동작구 사당3동 ,하이브리드(휘발유+전기),0,0,0,0,871,1,4,0,1,0,0,0,877,no
202608,11,11590,1159064000,m,서울,서울특별시 동작구,동작구 사당3동 ,하이브리드(경유+전기),0,0,0,0,13,0,0,0,0,0,0,0,13,no
202608,11,11590,1159064000,n,서울,서울특별시 동작구,동작구 사당3동 ,하이브리드(LPG+전기),0,0,0,0,2,0,0,0,1,0,0,0,3,no
202608,11,11590,1159064000,q,서울,서울특별시 동작구,동작구 사당3동 ,수소,0,0,0,0,9,0,0,0,0,0,0,0,9,no
202608,11,11590,1159064000,z,서울,서울특별시 동작구,동작구 사당3동 ,기타연료,0,0,0,0,1,3,4,2,0,0,0,0,10,no
202608,11,11590,1159065000,a,서울,서울특별시 동작구,동작구 사당4동 ,휘발유,0,0,0,0,545,0,1,0,0,0,0,0,546,no
202608,11,11590,1159065000,b,서울,서울특별시 동작구,동작구 사당4동 ,경유,0,0,0,0,612,63,218,1,0,0,27,10,931,no
202608,11,11590,1159065000,c,서울,서울특별시 동작구,동작구 사당4동 ,엘피지,0,0,0,0,152,7,36,0,53,0,8,0,256,no
202608,11,11590,1159065000,e,서울,서울특별시 동작구,동작구 사당4동 ,전기,0,0,0,0,74,0,10,0,13,0,5,0,102,yes
202608,11,11590,1159065000,g,서울,서울특별시 동작구,동작구 사당4동 ,휘발유(유연),0,0,0,0,2,0,0,0,0,0,0,0,2,no
202608,11,11590,1159065000,h,서울,서울특별시 동작구,동작구 사당4동 ,휘발유(무연),0,0,0,0,1208,0,2,0,0,0,0,0,1210,no
202608,11,11590,1159065000,l,서울,서울특별시 동작구,동작구 사당4동 ,하이브리드(휘발유+전기),0,0,0,0,338,2,2,0,0,0,0,0,342,no
202608,11,11590,1159065000,m,서울,서울특별시 동작구,동작구 사당4동 ,하이브리드(경유+전기),0,0,0,0,1,0,0,0,0,0,0,0,1,no
202608,11,11590,1159065000,n,서울,서울특별시 동작구,동작구 사당4동 ,하이브리드(LPG+전기),0,0,0,0,1,0,0,0,0,0,0,0,1,no
202608,11,11590,1159065000,q,서울,서울특별시 동작구,동작구 사당4동 ,수소,0,0,0,0,2,0,0,0,0,0,0,0,2,no
202608,11,11590,1159065000,r,서울,서울특별시 동작구,동작구 사당4동 ,수소전기,0,0,0,0,1,0,0,0,0,0,0,0,1,no
202608,11,11590,1159065000,z,서울,서울특별시 동작구,동작구 사당4동 ,기타연료,0,0,0,0,0,0,1,2,0,0,0,0,3,no
202608,11,11590,1159065100,a,서울,서울특별시 동작구,동작구 사당5동 ,휘발유,0,0,0,0,745,0,1,0,0,0,0,0,746,no
202608,11,11590,1159065100,b,서울,서울특별시 동작구,동작구 사당5동 ,경유,0,0,0,0,766,60,164,5,0,0,27,4,1026,no
202608,11,11590,1159065100,c,서울,서울특별시 동작구,동작구 사당5동 ,엘피지,0,0,0,0,141,11,18,0,33,0,9,0,212,no
202608,11,11590,1159065100,e,서울,서울특별시 동작구,동작구 사당5동 ,전기,0,0,0,0,138,0,12,0,6,0,4,0,160,yes
202608,11,11590,1159065100,g,서울,서울특별시 동작구,동작구 사당5동 ,휘발유(유연),0,0,0,0,1,0,0,0,0,0,0,0,1,no
202608,11,11590,1159065100,h,서울,서울특별시 동작구,동작구 사당5동 ,휘발유(무연),1,0,0,0,1383,0,2,0,0,0,0,0,1386,no
202608,11,11590,1159065100,j,서울,서울특별시 동작구,동작구 사당5동 ,CNG,0,0,0,0,1,0,0,0,0,0,0,0,1,no
202608,11,11590,1159065100,l,서울,서울특별시 동작구,동작구 사당5동 ,하이브리드(휘발유+전기),0,0,0,0,482,0,1,0,2,0,0,0,485,no
202608,11,11590,1159065100,m,서울,서울특별시 동작구,동작구 사당5동 ,하이브리드(경유+전기),0,0,0,0,6,0,0,0,0,0,0,0,6,no
202608,11,11590,1159065100,n,서울,서울특별시 동작구,동작구 사당5동 ,하이브리드(LPG+전기),0,0,0,0,1,0,0,0,0,0,0,0,1,no
202608,11,11590,1159065100,q,서울,서울특별시 동작구,동작구 사당5동 ,수소,0,0,0,0,5,0,0,0,0,0,0,0,5,no
202608,11,11590,1159065100,z,서울,서울특별시 동작구,동작구 사당5동 ,기타연료,0,0,0,0,0,0,2,1,0,0,0,0,3,no
202608,11,11590,1159066000,a,서울,서울특별시 동작구,동작구 대방동 ,휘발유,0,0,0,0,1577,2,7,0,1,0,0,0,1587,no
202608,11,11590,1159066000,b,서울,서울특별시 동작구,동작구 대방동 ,경유,0,0,0,0,1734,134,446,9,0,4,36,0,2363,no
202608,11,11590,1159066000,c,서울,서울특별시 동작구,동작구 대방동 ,엘피지,0,0,0,0,379,23,58,3,75,0,12,0,550,no
202608,11,11590,1159066000,e,서울,서울특별시 동작구,동작구 대방동 ,전기,0,0,0,0,234,0,21,1,7,0,11,0,274,yes
202608,11,11590,1159066000,g,서울,서울특별시 동작구,동작구 대방동 ,휘발유(유연),0,0,0,0,5,0,0,0,0,0,0,0,5,no
202608,11,11590,1159066000,h,서울,서울특별시 동작구,동작구 대방동 ,휘발유(무연),3,0,0,0,3642,3,4,0,0,0,0,0,3652,no
202608,11,11590,1159066000,j,서울,서울특별시 동작구,동작구 대방동 ,CNG,0,0,0,0,0,0,0,0,0,8,0,0,8,no
202608,11,11590,1159066000,l,서울,서울특별시 동작구,동작구 대방동 ,하이브리드(휘발유+전기),0,0,0,0,1119,0,2,0,5,0,0,0,1126,no
202608,11,11590,1159066000,m,서울,서울특별시 동작구,동작구 대방동 ,하이브리드(경유+전기),0,0,0,0,15,0,0,0,0,0,0,0,15,no
202608,11,11590,1159066000,n,서울,서울특별시 동작구,동작구 대방동 ,하이브리드(LPG+전기),0,0,0,0,2,0,0,0,0,0,0,0,2,no
202608,11,11590,1159066000,q,서울,서울특별시 동작구,동작구 대방동 ,수소,0,0,0,0,19,0,0,0,0,0,0,0,19,no
202608,11,11590,1159066000,z,서울,서울특별시 동작구,동작구 대방동 ,기타연료,0,0,0,0,0,3,11,4,0,0,0,0,18,no
202608,11,11590,1159067000,a,서울,서울특별시 동작구,동작구 신대방1동 ,휘발유,0,0,0,0,1207,2,2,0,0,0,0,0,1211,no
202608,11,11590,1159067000,b,서울,서울특별시 동작구,동작구 신대방1동 ,경유,5,4,4,2,1382,127,366,8,0,0,221,92,2211,no
202608,11,11590,1159067000,c,서울,서울특별시 동작구,동작구 신대방1동 ,엘피지,0,0,1,0,216,14,169,2,40,0,15,5,462,no
202608,11,11590,1159067000,e,서울,서울특별시 동작구,동작구 신대방1동 ,전기,10,0,1,0,174,0,40,6,8,0,6,0,245,yes
202608,11,11590,1159067000,g,서울,서울특별시 동작구,동작구 신대방1동 ,휘발유(유연),0,0,0,0,1,0,0,0,0,0,0,0,1,no
202608,11,11590,1159067000,h,서울,서울특별시 동작구,동작구 신대방1동 ,휘발유(무연),1,0,0,0,2626,1,3,0,0,0,0,0,2631,no
202608,11,11590,1159067000,l,서울,서울특별시 동작구,동작구 신대방1동 ,하이브리드(휘발유+전기),0,0,0,0,835,1,2,0,0,0,0,0,838,no
202608,11,11590,1159067000,m,서울,서울특별시 동작구,동작구 신대방1동 ,하이브리드(경유+전기),0,0,0,0,10,0,0,0,0,0,0,0,10,no
202608,11,11590,1159067000,n,서울,서울특별시 동작구,동작구 신대방1동 ,하이브리드(LPG+전기),0,0,0,0,2,0,0,0,0,0,0,0,2,no
202608,11,11590,1159067000,q,서울,서울특별시 동작구,동작구 신대방1동 ,수소,0,0,0,0,6,0,0,0,0,0,0,0,6,no
202608,11,11590,1159067000,r,서울,서울특별시 동작구,동작구 신대방1동 ,수소전기,0,0,0,0,2,0,0,0,0,0,0,0,2,no
202608,11,11590,1159067000,z,서울,서울특별시 동작구,동작구 신대방1동 ,기타연료,0,0,1,0,0,4,8,2,0,0,0,0,15,no
202608,11,11590,1159068000,a,서울,서울특별시 동작구,동작구 신대방2동 ,휘발유,0,0,0,0,1078,0,4,0,0,0,0,0,1082,no
202608,11,11590,1159068000,b,서울,서울특별시 동작구,동작구 신대방2동 ,경유,1,8,18,7,1104,107,284,6,0,0,50,2,1587,no
202608,11,11590,1159068000,c,서울,서울특별시 동작구,동작구 신대방2동 ,엘피지,0,0,12,0,221,17,48,0,45,0,13,0,356,no
202608,11,11590,1159068000,e,서울,서울특별시 동작구,동작구 신대방2동 ,전기,19,0,3,0,153,0,11,0,7,0,7,0,200,yes
202608,11,11590,1159068000,g,서울,서울특별시 동작구,동작구 신대방2동 ,휘발유(유연),0,0,0,0,3,0,0,0,0,0,0,0,3,no
202608,11,11590,1159068000,h,서울,서울특별시 동작구,동작구 신대방2동 ,휘발유(무연),9,0,0,0,2175,2,0,0,0,0,0,0,2186,no
202608,11,11590,1159068000,l,서울,서울특별시 동작구,동작구 신대방2동 ,하이브리드(휘발유+전기),0,0,0,0,742,0,3,0,3,0,0,0,748,no
202608,11,11590,1159068000,m,서울,서울특별시 동작구,동작구 신대방2동 ,하이브리드(경유+전기),0,0,0,0,12,0,0,0,0,0,0,0,12,no
202608,11,11590,1159068000,n,서울,서울특별시 동작구,동작구 신대방2동 ,하이브리드(LPG+전기),0,0,0,0,2,0,0,0,0,0,0,0,2,no
202608,11,11590,1159068000,q,서울,서울특별시 동작구,동작구 신대방2동 ,수소,0,0,0,1,5,0,0,0,0,0,0,0,6,no
202608,11,11590,1159068000,r,서울,서울특별시 동작구,동작구 신대방2동 ,수소전기,0,0,0,0,1,0,0,0,0,0,0,0,1,no
202608,11,11590,1159068000,z,서울,서울특별시 동작구,동작구 신대방2동 ,기타연료,0,0,0,0,0,1,10,1,0,0,0,0,12,no
202608,11,11620,1162010100,b,서울,서울특별시 관악구,기타,경유,0,0,0,0,1,0,0,0,0,0,0,0,1,no
202608,11,11620,1162052500,a,서울,서울특별시 관악구,관악구 보라매동 ,휘발유,0,0,0,0,795,0,4,0,1,0,0,0,800,no
202608,11,11620,1162052500,b,서울,서울특별시 관악구,관악구 보라매동 ,경유,0,0,0,0,1089,147,510,9,71,24,48,8,1906,no
202608,11,11620,1162052500,c,서울,서울특별시 관악구,관악구 보라매동 ,엘피지,0,0,0,0,249,31,66,1,186,1,26,0,560,no
202608,11,11620,1162052500,e,서울,서울특별시 관악구,관악구 보라매동 ,전기,1,0,0,0,100,0,16,1,182,7,5,0,312,yes
202608,11,11620,1162052500,g,서울,서울특별시 관악구,관악구 보라매동 ,휘발유(유연),0,0,0,0,1,0,0,0,0,0,0,0,1,no
202608,11,11620,1162052500,h,서울,서울특별시 관악구,관악구 보라매동 ,휘발유(무연),1,0,0,0,2052,0,3,0,225,2,0,0,2283,no
202608,11,11620,1162052500,j,서울,서울특별시 관악구,관악구 보라매동 ,CNG,0,0,0,0,0,0,0,0,0,8,0,0,8,no
202608,11,11620,1162052500,l,서울,서울특별시 관악구,관악구 보라매동 ,하이브리드(휘발유+전기),0,0,0,0,508,0,2,0,62,11,0,0,583,no
202608,11,11620,1162052500,m,서울,서울특별시 관악구,관악구 보라매동 ,하이브리드(경유+전기),0,0,0,0,4,0,0,0,0,0,0,0,4,no
202608,11,11620,1162052500,n,서울,서울특별시 관악구,관악구 보라매동 ,하이브리드(LPG+전기),0,0,0,0,4,0,0,0,0,0,0,0,4,no
202608,11,11620,1162052500,q,서울,서울특별시 관악구,관악구 보라매동 ,수소,0,0,0,0,1,0,0,0,0,0,0,0,1,no
202608,11,11620,1162052500,z,서울,서울특별시 관악구,관악구 보라매동 ,기타연료,0,0,0,0,0,0,2,1,0,0,0,0,3,no
202608,11,11620,1162054500,a,서울,서울특별시 관악구,관악구 청림동 ,휘발유,1,0,0,0,666,2,4,0,0,0,0,0,673,no
202608,11,11620,1162054500,b,서울,서울특별시 관악구,관악구 청림동 ,경유,0,0,0,0,747,50,138,2,0,0,28,4,969,no
202608,11,11620,1162054500,c,서울,서울특별시 관악구,관악구 청림동 ,엘피지,0,0,0,0,161,4,16,0,36,0,5,0,222,no
202608,11,11620,1162054500,e,서울,서울특별시 관악구,관악구 청림동 ,전기,3,0,0,0,110,0,10,0,3,0,3,0,129,yes
202608,11,11620,1162054500,h,서울,서울특별시 관악구,관악구 청림동 ,휘발유(무연),0,0,0,0,1570,1,2,0,0,0,0,0,1573,no
202608,11,11620,1162054500,l,서울,서울특별시 관악구,관악구 청림동 ,하이브리드(휘발유+전기),0,0,0,0,513,2,2,0,1,0,0,0,518,no
202608,11,11620,1162054500,m,서울,서울특별시 관악구,관악구 청림동 ,하이브리드(경유+전기),0,0,0,0,1,0,0,0,0,0,0,0,1,no
202608,11,11620,1162054500,n,서울,서울특별시 관악구,관악구 청림동 ,하이브리드(LPG+전기),0,0,0,0,1,0,0,0,0,0,0,0,1,no
202608,11,11620,1162054500,q,서울,서울특별시 관악구,관악구 청림동 ,수소,0,0,0,0,3,0,0,0,0,0,0,0,3,no
202608,11,11620,1162054500,r,서울,서울특별시 관악구,관악구 청림동 ,수소전기,0,0,0,0,1,0,0,0,0,0,0,0,1,no
202608,11,11620,1162054500,z,서울,서울특별시 관악구,관악구 청림동 ,기타연료,0,0,0,0,0,1,6,1,0,0,0,0,8,no
202608,11,11620,1162056500,a,서울,서울특별시 관악구,관악구 성현동 ,휘발유,0,0,0,0,1362,0,3,0,0,0,0,0,1365,no
202608,11,11620,1162056500,b,서울,서울특별시 관악구,관악구 성현동 ,경유,0,0,0,0,1675,105,353,11,0,0,58,12,2214,no
202608,11,11620,1162056500,c,서울,서울특별시 관악구,관악구 성현동 ,엘피지,0,0,0,0,320,28,49,0,103,1,17,0,518,no
202608,11,11620,1162056500,e,서울,서울특별시 관악구,관악구 성현동 ,전기,0,0,0,0,252,1,20,1,25,0,9,0,308,yes
202608,11,11620,1162056500,g,서울,서울특별시 관악구,관악구 성현동 ,휘발유(유연),0,0,0,0,2,0,0,0,0,0,0,0,2,no
202608,11,11620,1162056500,h,서울,서울특별시 관악구,관악구 성현동 ,휘발유(무연),0,0,0,0,3342,0,2,0,12,0,0,0,3356,no
202608,11,11620,1162056500,l,서울,서울특별시 관악구,관악구 성현동 ,하이브리드(휘발유+전기),0,0,0,0,1105,3,2,0,8,0,0,0,1118,no
202608,11,11620,1162056500,m,서울,서울특별시 관악구,관악구 성현동 ,하이브리드(경유+전기),0,0,0,0,9,0,0,0,0,0,0,0,9,no
202608,11,11620,1162056500,n,서울,서울특별시 관악구,관악구 성현동 ,하이브리드(LPG+전기),0,0,0,0,1,0,0,0,0,0,0,0,1,no
202608,11,11620,1162056500,q,서울,서울특별시 관악구,관악구 성현동 ,수소,0,0,0,0,9,0,0,0,0,0,0,0,9,no
202608,11,11620,1162056500,r,서울,서울특별시 관악구,관악구 성현동 ,수소전기,0,0,0,0,1,0,0,0,0,0,0,0,1,no
202608,11,11620,1162056500,z,서울,서울특별시 관악구,관악구 성현동 ,기타연료,0,0,0,0,0,5,9,3,0,0,2,0,19,no
202608,11,11620,1162057500,a,서울,서울특별시 관악구,관악구 행운동 ,휘발유,0,0,0,0,1004,1,5,0,0,0,0,0,1010,no
202608,11,11620,1162057500,b,서울,서울특별시 관악구,관악구 행운동 ,경유,0,0,0,0,1072,92,292,9,0,0,46,7,1518,no
202608,11,11620,1162057500,c,서울,서울특별시 관악구,관악구 행운동 ,엘피지,0,0,0,0,243,18,21,0,54,0,18,0,354,no
202608,11,11620,1162057500,e,서울,서울특별시 관악구,관악구 행운동 ,전기,0,0,0,0,169,0,15,0,7,0,10,0,201,yes
202608,11,11620,1162057500,g,서울,서울특별시 관악구,관악구 행운동 ,휘발유(유연),0,0,0,0,1,0,0,0,0,0,0,0,1,no
202608,11,11620,1162057500,h,서울,서울특별시 관악구,관악구 행운동 ,휘발유(무연),0,0,0,0,2300,0,2,0,0,0,0,0,2302,no
202608,11,11620,1162057500,l,서울,서울특별시 관악구,관악구 행운동 ,하이브리드(휘발유+전기),0,0,0,0,628,1,1,0,1,0,0,0,631,no
202608,11,11620,1162057500,m,서울,서울특별시 관악구,관악구 행운동 ,하이브리드(경유+전기),0,0,0,0,6,0,0,0,0,0,0,0,6,no
202608,11,11620,1162057500,q,서울,서울특별시 관악구,관악구 행운동 ,수소,0,0,0,0,4,0,0,0,0,0,0,0,4,no
202608,11,11620,1162057500,r,서울,서울특별시 관악구,관악구 행운동 ,수소전기,0,0,0,0,2,0,0,0,0,0,0,0,2,no
202608,11,11620,1162057500,z,서울,서울특별시 관악구,관악구 행운동 ,기타연료,0,0,0,0,0,2,15,0,0,0,1,0,18,no
202608,11,11620,1162058500,a,서울,서울특별시 관악구,관악구 낙성대동 ,휘발유,0,0,0,0,583,1,1,0,1,0,0,0,586,no
202608,11,11620,1162058500,b,서울,서울특별시 관악구,관악구 낙성대동 ,경유,0,0,0,0,560,42,200,6,0,3,113,11,935,no
202608,11,11620,1162058500,c,서울,서울특별시 관악구,관악구 낙성대동 ,엘피지,0,0,0,0,140,16,22,0,233,2,4,0,417,no
202608,11,11620,1162058500,e,서울,서울특별시 관악구,관악구 낙성대동 ,전기,0,0,0,0,87,0,5,1,24,0,5,0,122,yes
202608,11,11620,1162058500,h,서울,서울특별시 관악구,관악구 낙성대동 ,휘발유(무연),0,0,0,0,1217,0,3,0,0,0,0,0,1220,no
202608,11,11620,1162058500,j,서울,서울특별시 관악구,관악구 낙성대동 ,CNG,0,0,0,0,1,0,0,0,0,14,0,0,15,no
202608,11,11620,1162058500,l,서울,서울특별시 관악구,관악구 낙성대동 ,하이브리드(휘발유+전기),0,0,0,0,407,0,0,0,0,0,0,0,407,no
202608,11,11620,1162058500,m,서울,서울특별시 관악구,관악구 낙성대동 ,하이브리드(경유+전기),0,0,0,0,3,0,0,0,0,0,0,0,3,no
202608,11,11620,1162058500,q,서울,서울특별시 관악구,관악구 낙성대동 ,수소,0,0,0,0,6,0,0,0,0,0,0,0,6,no
202608,11,11620,1162058500,r,서울,서울특별시 관악구,관악구 낙성대동 ,수소전기,0,0,0,0,1,0,0,0,0,0,0,0,1,no
202608,11,11620,1162058500,z,서울,서울특별시 관악구,관악구 낙성대동 ,기타연료,0,0,0,0,0,1,7,1,0,0,1,0,10,no
202608,11,11620,1162059500,a,서울,서울특별시 관악구,관악구 청룡동 ,휘발유,4,0,0,0,1130,1,4,0,0,0,0,0,1139,no
202608,11,11620,1162059500,b,서울,서울특별시 관악구,관악구 청룡동 ,경유,0,27,111,11,1268,119,371,6,0,0,83,6,2002,no
202608,11,11620,1162059500,c,서울,서울특별시 관악구,관악구 청룡동 ,엘피지,0,0,4,0,265,24,48,0,53,0,12,0,406,no
202608,11,11620,1162059500,e,서울,서울특별시 관악구,관악구 청룡동 ,전기,45,0,5,0,179,1,13,0,8,0,11,0,262,yes
202608,11,11620,1162059500,g,서울,서울특별시 관악구,관악구 청룡동 ,휘발유(유연),0,0,0,0,3,0,0,0,0,0,0,0,3,no
202608,11,11620,1162059500,h,서울,서울특별시 관악구,관악구 청룡동 ,휘발유(무연),11,0,0,0,2737,1,4,0,0,0,0,0,2753,no
202608,11,11620,1162059500,j,서울,서울특별시 관악구,관악구 청룡동 ,CNG,0,0,4,0,0,0,0,0,0,0,0,0,4,no
202608,11,11620,1162059500,l,서울,서울특별시 관악구,관악구 청룡동 ,하이브리드(휘발유+전기),4,2,1,0,839,0,4,0,1,0,0,0,851,no
202608,11,11620,1162059500,m,서울,서울특별시 관악구,관악구 청룡동 ,하이브리드(경유+전기),0,0,0,0,8,0,0,0,0,0,0,0,8,no
202608,11,11620,1162059500,n,서울,서울특별시 관악구,관악구 청룡동 ,하이브리드(LPG+전기),1,0,0,0,4,0,0,0,0,0,0,0,5,no
202608,11,11620,1162059500,q,서울,서울특별시 관악구,관악구 청룡동 ,수소,0,0,0,0,5,0,0,0,0,0,0,0,5,no
202608,11,11620,1162059500,z,서울,서울특별시 관악구,관악구 청룡동 ,기타연료,0,0,1,0,0,1,5,0,0,0,0,0,7,no
202608,11,11620,1162060500,a,서울,서울특별시 관악구,관악구 은천동 ,휘발유,0,0,0,0,1213,1,2,0,0,0,0,0,1216,no
202608,11,11620,1162060500,b,서울,서울특별시 관악구,관악구 은천동 ,경유,0,0,0,0,1511,137,474,5,0,0,60,5,2192,no
202608,11,11620,1162060500,c,서울,서울특별시 관악구,관악구 은천동 ,엘피지,0,0,0,0,385,28,67,0,132,1,17,0,630,no
202608,11,11620,1162060500,e,서울,서울특별시 관악구,관악구 은천동 ,전기,0,0,0,0,188,0,25,0,14,0,11,0,238,yes
202608,11,11620,1162060500,g,서울,서울특별시 관악구,관악구 은천동 ,휘발유(유연),0,0,0,0,3,0,0,0,0,0,0,0,3,no
202608,11,11620,1162060500,h,서울,서울특별시 관악구,관악구 은천동 ,휘발유(무연),0,0,0,0,2954,3,5,0,3,0,0,0,2965,no
202608,11,11620,1162060500,j,서울,서울특별시 관악구,관악구 은천동 ,CNG,0,0,0,0,1,0,0,0,0,2,0,0,3,no
202608,11,11620,1162060500,l,서울,서울특별시 관악구,관악구 은천동 ,하이브리드(휘발유+전기),0,0,0,0,854,2,2,0,4,0,0,0,862,no
202608,11,11620,1162060500,m,서울,서울특별시 관악구,관악구 은천동 ,하이브리드(경유+전기),0,0,0,0,7,0,0,0,0,0,0,0,7,no
202608,11,11620,1162060500,n,서울,서울특별시 관악구,관악구 은천동 ,하이브리드(LPG+전기),0,0,0,0,5,0,0,0,0,0,0,0,5,no
202608,11,11620,1162060500,q,서울,서울특별시 관악구,관악구 은천동 ,수소,0,0,0,0,8,0,0,0,0,0,0,0,8,no
202608,11,11620,1162060500,r,서울,서울특별시 관악구,관악구 은천동 ,수소전기,0,0,0,0,1,0,0,0,0,0,0,0,1,no
202608,11,11620,1162060500,z,서울,서울특별시 관악구,관악구 은천동 ,기타연료,0,0,0,0,0,0,9,3,0,0,0,0,12,no
202608,11,11620,1162061500,a,서울,서울특별시 관악구,관악구 중앙동 ,휘발유,0,0,0,0,420,0,1,0,0,0,0,0,421,no
202608,11,11620,1162061500,b,서울,서울특별시 관악구,관악구 중앙동 ,경유,0,0,0,0,485,50,149,3,0,0,22,2,711,no
202608,11,11620,1162061500,c,서울,서울특별시 관악구,관악구 중앙동 ,엘피지,0,0,0,0,129,13,17,0,37,0,16,0,212,no
202608,11,11620,1162061500,e,서울,서울특별시 관악구,관악구 중앙동 ,전기,0,0,0,0,50,0,2,0,6,0,2,0,60,yes
202608,11,11620,1162061500,g,서울,서울특별시 관악구,관악구 중앙동 ,휘발유(유연),0,0,0,0,1,0,0,0,0,0,0,0,1,no
202608,11,11620,1162061500,h,서울,서울특별시 관악구,관악구 중앙동 ,휘발유(무연),0,0,0,0,1008,2,2,0,0,0,0,0,1012,no
202608,11,11620,1162061500,l,서울,서울특별시 관악구,관악구 중앙동 ,하이브리드(휘발유+전기),0,0,0,0,269,0,3,0,2,0,1,0,275,no
202608,11,11620,1162061500,m,서울,서울특별시 관악구,관악구 중앙동 ,하이브리드(경유+전기),0,0,0,0,4,0,0,0,0,0,0,0,4,no
202608,11,11620,1162061500,n,서울,서울특별시 관악구,관악구 중앙동 ,하이브리드(LPG+전기),0,0,0,0,2,0,0,0,0,0,0,0,2,no
202608,11,11620,1162061500,q,서울,서울특별시 관악구,관악구 중앙동 ,수소,0,0,0,0,2,0,0,0,0,0,0,0,2,no
202608,11,11620,1162061500,r,서울,서울특별시 관악구,관악구 중앙동 ,수소전기,0,0,0,0,1,0,0,0,0,0,0,0,1,no
202608,11,11620,1162061500,z,서울,서울특별시 관악구,관악구 중앙동 ,기타연료,0,0,0,0,0,0,1,0,0,0,1,0,2,no
202608,11,11620,1162062500,a,서울,서울특별시 관악구,관악구 인헌동 ,휘발유,0,0,0,0,822,0,6,0,0,0,0,0,828,no
202608,11,11620,1162062500,b,서울,서울특별시 관악구,관악구 인헌동 ,경유,0,0,0,0,1025,101,324,11,0,0,44,4,1509,no
202608,11,11620,1162062500,c,서울,서울특별시 관악구,관악구 인헌동 ,엘피지,0,0,0,0,268,9,41,2,62,1,18,0,401,no
202608,11,11620,1162062500,e,서울,서울특별시 관악구,관악구 인헌동 ,전기,0,0,0,0,101,0,21,0,12,0,4,0,138,yes
202608,11,11620,1162062500,g,서울,서울특별시 관악구,관악구 인헌동 ,휘발유(유연),0,0,0,0,1,0,0,0,0,0,0,0,1,no
202608,11,11620,1162062500,h,서울,서울특별시 관악구,관악구 인헌동 ,휘발유(무연),0,0,0,0,1973,0,1,0,1,0,0,0,1975,no
202608,11,11620,1162066500,z,서울,서울특별시 관악구,관악구 서림동 ,기타연료,0,0,0,0,0,0,4,2,0,0,0,0,6,no
202608,11,11620,1162062500,l,서울,서울특별시 관악구,관악구 인헌동 ,하이브리드(휘발유+전기),0,0,0,0,513,1,4,0,0,0,0,0,518,no
202608,11,11620,1162062500,m,서울,서울특별시 관악구,관악구 인헌동 ,하이브리드(경유+전기),0,0,0,0,10,0,0,0,0,0,0,0,10,no
202608,11,11620,1162062500,q,서울,서울특별시 관악구,관악구 인헌동 ,수소,0,0,0,0,7,0,0,0,0,0,0,0,7,no
202608,11,11620,1162062500,z,서울,서울특별시 관악구,관악구 인헌동 ,기타연료,0,0,0,0,0,2,4,1,0,0,0,0,7,no
202608,11,11620,1162063000,a,서울,서울특별시 관악구,관악구 남현동 ,휘발유,0,0,0,0,783,0,3,0,0,0,0,0,786,no
202608,11,11620,1162063000,b,서울,서울특별시 관악구,관악구 남현동 ,경유,0,10,1,1,826,71,236,11,1,0,37,4,1198,no
202608,11,11620,1162063000,c,서울,서울특별시 관악구,관악구 남현동 ,엘피지,0,0,0,0,182,15,41,0,41,0,11,0,290,no
202608,11,11620,1162063000,e,서울,서울특별시 관악구,관악구 남현동 ,전기,0,0,0,0,103,1,10,0,9,0,8,0,131,yes
202608,11,11620,1162063000,g,서울,서울특별시 관악구,관악구 남현동 ,휘발유(유연),0,0,0,0,6,0,0,0,0,0,0,0,6,no
202608,11,11620,1162063000,h,서울,서울특별시 관악구,관악구 남현동 ,휘발유(무연),7,0,0,0,1742,1,4,0,22,0,0,0,1776,no
202608,11,11620,1162063000,l,서울,서울특별시 관악구,관악구 남현동 ,하이브리드(휘발유+전기),4,0,0,0,527,0,1,0,8,0,0,0,540,no
202608,11,11620,1162063000,m,서울,서울특별시 관악구,관악구 남현동 ,하이브리드(경유+전기),0,0,0,0,6,0,0,0,0,0,0,0,6,no
202608,11,11620,1162063000,n,서울,서울특별시 관악구,관악구 남현동 ,하이브리드(LPG+전기),0,0,0,0,4,0,0,0,0,0,0,0,4,no
202608,11,11620,1162063000,q,서울,서울특별시 관악구,관악구 남현동 ,수소,0,0,0,0,6,0,0,0,0,0,0,0,6,no
202608,11,11620,1162063000,r,서울,서울특별시 관악구,관악구 남현동 ,수소전기,0,0,0,0,1,0,0,0,0,0,0,0,1,no
202608,11,11620,1162063000,z,서울,서울특별시 관악구,관악구 남현동 ,기타연료,0,0,0,0,0,2,3,1,0,0,0,0,6,no
202608,11,11620,1162064500,a,서울,서울특별시 관악구,관악구 서원동 ,휘발유,0,0,0,0,708,0,3,0,1,0,0,0,712,no
202608,11,11620,1162064500,b,서울,서울특별시 관악구,관악구 서원동 ,경유,0,0,0,0,869,95,332,11,3,1,62,3,1376,no
202608,11,11620,1162064500,c,서울,서울특별시 관악구,관악구 서원동 ,엘피지,0,0,0,0,213,13,55,2,168,0,53,1,505,no
202608,11,11620,1162064500,e,서울,서울특별시 관악구,관악구 서원동 ,전기,0,0,0,0,80,1,34,1,26,1,37,0,180,yes
202608,11,11620,1162064500,g,서울,서울특별시 관악구,관악구 서원동 ,휘발유(유연),0,0,0,0,3,0,0,0,0,0,0,0,3,no
202608,11,11620,1162064500,h,서울,서울특별시 관악구,관악구 서원동 ,휘발유(무연),0,0,0,0,1730,3,5,0,18,0,0,0,1756,no
202608,11,11620,1162064500,j,서울,서울특별시 관악구,관악구 서원동 ,CNG,0,0,0,0,0,0,0,0,0,8,0,0,8,no
202608,11,11620,1162064500,l,서울,서울특별시 관악구,관악구 서원동 ,하이브리드(휘발유+전기),0,0,0,0,380,3,4,0,21,0,0,0,408,no
202608,11,11620,1162064500,m,서울,서울특별시 관악구,관악구 서원동 ,하이브리드(경유+전기),0,0,0,0,6,0,0,0,0,0,0,0,6,no
202608,11,11620,1162064500,n,서울,서울특별시 관악구,관악구 서원동 ,하이브리드(LPG+전기),0,0,0,0,4,0,0,0,1,0,0,0,5,no
202608,11,11620,1162064500,q,서울,서울특별시 관악구,관악구 서원동 ,수소,0,0,0,0,3,0,0,0,0,0,0,0,3,no
202608,11,11620,1162064500,z,서울,서울특별시 관악구,관악구 서원동 ,기타연료,0,0,0,0,0,2,8,2,0,0,0,0,12,no
202608,11,11620,1162065500,a,서울,서울특별시 관악구,관악구 신원동 ,휘발유,0,0,0,0,493,0,0,0,0,0,0,0,493,no
202608,11,11620,1162065500,b,서울,서울특별시 관악구,관악구 신원동 ,경유,0,0,0,0,579,60,224,5,2,1,26,2,899,no
202608,11,11620,1162065500,c,서울,서울특별시 관악구,관악구 신원동 ,엘피지,0,0,0,0,166,16,33,1,44,0,16,0,276,no
202608,11,11620,1162065500,e,서울,서울특별시 관악구,관악구 신원동 ,전기,0,0,0,0,57,0,8,0,6,0,8,0,79,yes
202608,11,11620,1162065500,g,서울,서울특별시 관악구,관악구 신원동 ,휘발유(유연),0,0,0,0,2,0,0,0,0,0,0,0,2,no
202608,11,11620,1162065500,h,서울,서울특별시 관악구,관악구 신원동 ,휘발유(무연),0,0,0,0,1171,0,0,0,1,0,0,0,1172,no
202608,11,11620,1162065500,l,서울,서울특별시 관악구,관악구 신원동 ,하이브리드(휘발유+전기),1,0,0,0,244,0,1,0,1,0,0,0,247,no
202608,11,11620,1162065500,m,서울,서울특별시 관악구,관악구 신원동 ,하이브리드(경유+전기),0,0,0,0,1,0,0,0,0,0,0,0,1,no
202608,11,11620,1162065500,n,서울,서울특별시 관악구,관악구 신원동 ,하이브리드(LPG+전기),0,0,0,0,1,0,0,0,0,0,0,0,1,no
202608,11,11620,1162065500,q,서울,서울특별시 관악구,관악구 신원동 ,수소,0,0,0,0,4,0,0,0,0,0,0,0,4,no
202608,11,11620,1162065500,z,서울,서울특별시 관악구,관악구 신원동 ,기타연료,0,0,0,0,0,1,3,1,0,0,0,0,5,no
202608,11,11620,1162066500,a,서울,서울특별시 관악구,관악구 서림동 ,휘발유,0,0,0,0,808,0,7,0,0,0,0,0,815,no
202608,11,11620,1162066500,b,서울,서울특별시 관악구,관악구 서림동 ,경유,0,0,0,0,994,74,302,8,0,1,43,9,1431,no
202608,11,11620,1162066500,c,서울,서울특별시 관악구,관악구 서림동 ,엘피지,0,0,0,0,295,15,53,0,312,0,23,0,698,no
202608,11,11620,1162066500,e,서울,서울특별시 관악구,관악구 서림동 ,전기,0,0,0,0,88,1,18,0,49,84,3,0,243,yes
202608,11,11620,1162066500,g,서울,서울특별시 관악구,관악구 서림동 ,휘발유(유연),0,0,0,0,4,0,0,0,0,0,0,0,4,no
202608,11,11620,1162066500,h,서울,서울특별시 관악구,관악구 서림동 ,휘발유(무연),0,0,0,0,1908,0,2,0,3,0,0,0,1913,no
202608,11,11620,1162066500,j,서울,서울특별시 관악구,관악구 서림동 ,CNG,0,0,0,0,1,0,0,0,0,119,0,0,120,no
202608,11,11620,1162066500,l,서울,서울특별시 관악구,관악구 서림동 ,하이브리드(휘발유+전기),0,0,0,0,408,1,1,0,9,0,0,0,419,no
202608,11,11620,1162066500,m,서울,서울특별시 관악구,관악구 서림동 ,하이브리드(경유+전기),0,0,0,0,7,0,0,0,0,0,0,0,7,no
202608,11,11620,1162066500,n,서울,서울특별시 관악구,관악구 서림동 ,하이브리드(LPG+전기),0,0,0,0,1,0,0,0,0,0,0,0,1,no
202608,11,11620,1162066500,q,서울,서울특별시 관악구,관악구 서림동 ,수소,0,0,0,0,5,0,0,0,0,0,0,0,5,no
202608,11,11620,1162068000,h,서울,서울특별시 관악구,관악구 신림4동 ,휘발유(무연),0,0,0,0,1,0,0,0,0,0,0,0,1,no
202608,11,11620,1162068500,a,서울,서울특별시 관악구,관악구 신사동 ,휘발유,0,0,0,0,689,1,5,0,0,0,0,0,695,no
202608,11,11620,1162068500,b,서울,서울특별시 관악구,관악구 신사동 ,경유,1,0,0,0,944,108,335,6,0,0,53,3,1450,no
202608,11,11620,1162068500,c,서울,서울특별시 관악구,관악구 신사동 ,엘피지,0,0,0,0,213,15,50,0,41,0,12,0,331,no
202608,11,11620,1162068500,e,서울,서울특별시 관악구,관악구 신사동 ,전기,0,0,0,0,57,0,15,0,7,0,5,0,84,yes
202608,11,11620,1162068500,g,서울,서울특별시 관악구,관악구 신사동 ,휘발유(유연),0,0,0,0,3,0,0,0,0,0,0,0,3,no
202608,11,11620,1162068500,h,서울,서울특별시 관악구,관악구 신사동 ,휘발유(무연),0,0,0,0,1695,2,6,0,0,0,0,0,1703,no
202608,11,11620,1162068500,l,서울,서울특별시 관악구,관악구 신사동 ,하이브리드(휘발유+전기),0,0,0,0,381,1,2,0,1,0,0,0,385,no
202608,11,11620,1162068500,m,서울,서울특별시 관악구,관악구 신사동 ,하이브리드(경유+전기),0,0,0,0,2,0,0,0,0,0,0,0,2,no
202608,11,11620,1162068500,n,서울,서울특별시 관악구,관악구 신사동 ,하이브리드(LPG+전기),0,0,0,0,1,0,0,0,0,0,0,0,1,no
202608,11,11620,1162068500,q,서울,서울특별시 관악구,관악구 신사동 ,수소,0,0,0,0,2,0,0,0,0,0,0,0,2,no
202608,11,11620,1162068500,z,서울,서울특별시 관악구,관악구 신사동 ,기타연료,0,0,0,0,0,1,10,3,0,0,0,0,14,no
202608,11,11620,1162069500,a,서울,서울특별시 관악구,관악구 신림동 ,휘발유,0,0,0,0,636,0,3,0,0,0,0,0,639,no
202608,11,11620,1162069500,b,서울,서울특별시 관악구,관악구 신림동 ,경유,0,0,9,0,680,101,286,5,1,8,68,10,1168,no
202608,11,11620,1162069500,c,서울,서울특별시 관악구,관악구 신림동 ,엘피지,0,0,6,0,197,19,49,0,128,0,35,0,434,no
202608,11,11620,1162069500,e,서울,서울특별시 관악구,관악구 신림동 ,전기,0,0,0,0,84,0,16,0,19,9,63,0,191,yes
202608,11,11620,1162069500,g,서울,서울특별시 관악구,관악구 신림동 ,휘발유(유연),0,0,0,0,4,0,0,0,0,0,0,0,4,no
202608,11,11620,1162069500,h,서울,서울특별시 관악구,관악구 신림동 ,휘발유(무연),3,0,0,0,1483,2,1,0,11,0,0,0,1500,no
202608,11,11620,1162069500,j,서울,서울특별시 관악구,관악구 신림동 ,CNG,0,0,0,0,0,0,0,0,0,22,0,0,22,no
202608,11,11620,1162069500,l,서울,서울특별시 관악구,관악구 신림동 ,하이브리드(휘발유+전기),0,0,0,0,332,1,1,0,3,0,0,0,337,no
202608,11,11620,1162069500,m,서울,서울특별시 관악구,관악구 신림동 ,하이브리드(경유+전기),0,0,0,0,4,0,0,0,0,0,0,0,4,no
202608,11,11620,1162069500,q,서울,서울특별시 관악구,관악구 신림동 ,수소,0,0,0,0,6,0,0,0,0,0,0,0,6,no
202608,11,11620,1162069500,z,서울,서울특별시 관악구,관악구 신림동 ,기타연료,0,0,0,0,0,1,5,0,0,0,0,0,6,no
202608,11,11620,1162071500,a,서울,서울특별시 관악구,관악구 난향동 ,휘발유,0,0,0,0,669,0,2,0,0,0,0,0,671,no
202608,11,11620,1162071500,b,서울,서울특별시 관악구,관악구 난향동 ,경유,0,0,0,0,916,62,226,9,0,0,40,6,1259,no
202608,11,11620,1162071500,c,서울,서울특별시 관악구,관악구 난향동 ,엘피지,0,1,0,0,194,25,40,0,66,0,14,0,340,no
202608,11,11620,1162071500,e,서울,서울특별시 관악구,관악구 난향동 ,전기,0,0,0,0,130,2,6,0,5,0,8,0,151,yes
202608,11,11620,1162071500,h,서울,서울특별시 관악구,관악구 난향동 ,휘발유(무연),0,0,0,0,1685,2,0,0,0,0,0,0,1687,no
202608,11,11620,1162071500,j,서울,서울특별시 관악구,관악구 난향동 ,CNG,0,5,0,0,1,0,0,0,0,0,0,0,6,no
202608,11,11620,1162071500,l,서울,서울특별시 관악구,관악구 난향동 ,하이브리드(휘발유+전기),0,0,0,0,528,0,3,0,0,0,0,0,531,no
202608,11,11620,1162071500,m,서울,서울특별시 관악구,관악구 난향동 ,하이브리드(경유+전기),0,0,0,0,6,0,0,0,0,0,0,0,6,no
202608,11,11620,1162071500,q,서울,서울특별시 관악구,관악구 난향동 ,수소,0,0,0,0,5,0,0,0,0,0,0,0,5,no
202608,11,11620,1162071500,r,서울,서울특별시 관악구,관악구 난향동 ,수소전기,0,0,0,0,1,0,0,0,0,0,0,0,1,no
202608,11,11620,1162071500,z,서울,서울특별시 관악구,관악구 난향동 ,기타연료,0,0,0,0,0,2,6,1,0,0,0,0,9,no
202608,11,11620,1162072500,a,서울,서울특별시 관악구,관악구 조원동 ,휘발유,0,0,0,0,744,1,6,0,0,0,0,0,751,no
202608,11,11620,1162072500,b,서울,서울특별시 관악구,관악구 조원동 ,경유,1,0,0,0,1041,106,385,3,1,0,301,23,1861,no
202608,11,11620,1162072500,c,서울,서울특별시 관악구,관악구 조원동 ,엘피지,0,0,0,0,214,16,60,0,40,0,105,2,437,no
202608,11,11620,1162072500,e,서울,서울특별시 관악구,관악구 조원동 ,전기,0,0,0,0,118,0,17,0,12,14,32,0,193,yes
202608,11,11620,1162072500,g,서울,서울특별시 관악구,관악구 조원동 ,휘발유(유연),0,0,0,0,3,0,0,0,0,0,0,0,3,no
202608,11,11620,1162072500,h,서울,서울특별시 관악구,관악구 조원동 ,휘발유(무연),0,0,0,0,1800,1,3,0,11,0,0,0,1815,no
202608,11,11620,1162072500,j,서울,서울특별시 관악구,관악구 조원동 ,CNG,0,0,0,0,0,4,0,0,0,0,0,0,4,no
202608,11,11620,1162072500,l,서울,서울특별시 관악구,관악구 조원동 ,하이브리드(휘발유+전기),0,0,0,0,476,0,1,0,4,0,0,0,481,no
202608,11,11620,1162072500,m,서울,서울특별시 관악구,관악구 조원동 ,하이브리드(경유+전기),0,0,0,0,3,0,0,0,0,0,0,0,3,no
202608,11,11620,1162072500,n,서울,서울특별시 관악구,관악구 조원동 ,하이브리드(LPG+전기),0,0,0,0,3,0,0,0,0,0,0,0,3,no
202608,11,11620,1162072500,q,서울,서울특별시 관악구,관악구 조원동 ,수소,0,0,0,0,5,0,0,0,0,0,0,0,5,no
202608,11,11620,1162072500,z,서울,서울특별시 관악구,관악구 조원동 ,기타연료,0,0,0,0,0,2,8,0,0,0,0,0,10,no
202608,11,11620,1162073500,a,서울,서울특별시 관악구,관악구 대학동 ,휘발유,0,0,0,0,787,1,4,0,0,0,0,0,792,no
202608,11,11620,1162073500,b,서울,서울특별시 관악구,관악구 대학동 ,경유,1,0,0,0,854,74,219,3,0,0,35,4,1190,no
202608,11,11620,1162073500,c,서울,서울특별시 관악구,관악구 대학동 ,엘피지,0,0,0,0,270,17,32,1,48,0,8,0,376,no
202608,11,11620,1162073500,e,서울,서울특별시 관악구,관악구 대학동 ,전기,0,0,0,0,107,0,14,0,6,0,8,0,135,yes
202608,11,11620,1162073500,g,서울,서울특별시 관악구,관악구 대학동 ,휘발유(유연),0,0,0,0,3,0,0,0,0,0,0,0,3,no
202608,11,11620,1162073500,h,서울,서울특별시 관악구,관악구 대학동 ,휘발유(무연),0,0,0,0,1699,0,4,0,0,0,0,0,1703,no
202608,11,11620,1162073500,j,서울,서울특별시 관악구,관악구 대학동 ,CNG,0,0,0,0,0,6,0,0,0,0,0,0,6,no
202608,11,11620,1162073500,l,서울,서울특별시 관악구,관악구 대학동 ,하이브리드(휘발유+전기),0,0,0,0,427,1,3,0,0,0,0,0,431,no
202608,11,11620,1162073500,m,서울,서울특별시 관악구,관악구 대학동 ,하이브리드(경유+전기),0,0,0,0,4,0,0,0,0,0,0,0,4,no
202608,11,11620,1162073500,n,서울,서울특별시 관악구,관악구 대학동 ,하이브리드(LPG+전기),0,0,0,0,3,0,0,0,0,0,0,0,3,no
202608,11,11620,1162073500,q,서울,서울특별시 관악구,관악구 대학동 ,수소,0,0,0,0,5,0,0,0,0,0,0,0,5,no
202608,11,11620,1162073500,r,서울,서울특별시 관악구,관악구 대학동 ,수소전기,0,0,0,0,1,0,0,0,0,0,0,0,1,no
202608,11,11620,1162073500,z,서울,서울특별시 관악구,관악구 대학동 ,기타연료,0,0,0,0,0,0,4,0,0,0,0,0,4,no
202608,11,11620,1162074500,a,서울,서울특별시 관악구,관악구 삼성동 ,휘발유,0,0,0,0,881,2,4,0,0,0,0,0,887,no
202608,11,11620,1162074500,b,서울,서울특별시 관악구,관악구 삼성동 ,경유,0,0,0,0,1084,109,362,9,0,0,67,9,1640,no
202608,11,11620,1162074500,c,서울,서울특별시 관악구,관악구 삼성동 ,엘피지,0,0,0,0,291,16,56,1,130,1,31,1,527,no
202608,11,11620,1162074500,e,서울,서울특별시 관악구,관악구 삼성동 ,전기,0,0,0,0,108,0,17,3,25,0,9,0,162,yes
202608,11,11620,1162074500,g,서울,서울특별시 관악구,관악구 삼성동 ,휘발유(유연),0,0,0,0,1,0,0,0,0,0,0,0,1,no
202608,11,11620,1162074500,h,서울,서울특별시 관악구,관악구 삼성동 ,휘발유(무연),0,0,0,0,2002,4,5,0,0,0,0,0,2011,no
202608,11,11620,1162074500,l,서울,서울특별시 관악구,관악구 삼성동 ,하이브리드(휘발유+전기),0,0,0,0,593,1,2,0,10,0,0,0,606,no
202608,11,11620,1162074500,m,서울,서울특별시 관악구,관악구 삼성동 ,하이브리드(경유+전기),0,0,0,0,7,0,0,0,0,0,0,0,7,no
202608,11,11620,1162074500,n,서울,서울특별시 관악구,관악구 삼성동 ,하이브리드(LPG+전기),0,0,0,0,6,0,0,0,0,0,0,0,6,no
202608,11,11620,1162074500,q,서울,서울특별시 관악구,관악구 삼성동 ,수소,0,0,0,0,10,0,0,0,0,0,0,0,10,no
202608,11,11620,1162074500,r,서울,서울특별시 관악구,관악구 삼성동 ,수소전기,0,0,0,0,1,0,0,0,0,0,0,0,1,no
202608,11,11620,1162074500,z,서울,서울특별시 관악구,관악구 삼성동 ,기타연료,0,0,0,0,0,2,11,4,0,0,0,0,17,no
202608,11,11620,1162076500,a,서울,서울특별시 관악구,관악구 미성동 ,휘발유,0,0,0,0,1119,0,5,0,2,0,0,0,1126,no
202608,11,11620,1162076500,b,서울,서울특별시 관악구,관악구 미성동 ,경유,0,0,0,0,1535,133,621,12,0,4,100,21,2426,no
202608,11,11620,1162076500,c,서울,서울특별시 관악구,관악구 미성동 ,엘피지,0,0,0,0,342,18,86,1,115,1,42,0,605,no
202608,11,11620,1162076500,e,서울,서울특별시 관악구,관악구 미성동 ,전기,0,0,0,0,130,0,18,0,28,0,15,0,191,yes
202608,11,11620,1162076500,g,서울,서울특별시 관악구,관악구 미성동 ,휘발유(유연),0,0,0,0,5,0,0,0,0,0,0,0,5,no
202608,11,11620,1162076500,h,서울,서울특별시 관악구,관악구 미성동 ,휘발유(무연),0,0,0,0,2805,4,2,0,0,0,0,0,2811,no
202608,11,11620,1162076500,l,서울,서울특별시 관악구,관악구 미성동 ,하이브리드(휘발유+전기),0,0,0,0,737,2,4,0,5,0,0,0,748,no
202608,11,11620,1162076500,m,서울,서울특별시 관악구,관악구 미성동 ,하이브리드(경유+전기),0,0,0,0,9,0,0,0,0,0,0,0,9,no
202608,11,11620,1162076500,n,서울,서울특별시 관악구,관악구 미성동 ,하이브리드(LPG+전기),0,0,0,0,3,0,0,0,0,0,0,0,3,no
202608,11,11620,1162076500,q,서울,서울특별시 관악구,관악구 미성동 ,수소,0,0,0,0,9,0,0,0,0,0,0,0,9,no
202608,11,11620,1162076500,r,서울,서울특별시 관악구,관악구 미성동 ,수소전기,0,0,0,0,1,0,0,0,0,0,0,0,1,no
202608,11,11620,1162076500,z,서울,서울특별시 관악구,관악구 미성동 ,기타연료,0,0,0,0,0,2,11,4,0,0,0,0,17,no
202608,11,11620,1162077500,a,서울,서울특별시 관악구,관악구 난곡동 ,휘발유,0,0,0,0,847,2,7,0,0,0,0,0,856,no
202608,11,11620,1162077500,b,서울,서울특별시 관악구,관악구 난곡동 ,경유,0,0,0,0,1247,147,445,12,0,10,78,11,1950,no
202608,11,11620,1162077500,c,서울,서울특별시 관악구,관악구 난곡동 ,엘피지,0,0,0,0,281,26,67,0,98,0,21,0,493,no
202608,11,11620,1162077500,e,서울,서울특별시 관악구,관악구 난곡동 ,전기,0,0,0,0,71,0,11,0,15,0,13,0,110,yes
202608,11,11620,1162077500,g,서울,서울특별시 관악구,관악구 난곡동 ,휘발유(유연),0,0,0,0,1,0,0,0,0,0,0,0,1,no
202608,11,11620,1162077500,h,서울,서울특별시 관악구,관악구 난곡동 ,휘발유(무연),0,0,0,0,2079,1,3,0,0,0,0,0,2083,no
202608,11,11620,1162077500,l,서울,서울특별시 관악구,관악구 난곡동 ,하이브리드(휘발유+전기),0,0,0,0,485,0,1,1,4,0,0,0,491,no
202608,11,11620,1162077500,m,서울,서울특별시 관악구,관악구 난곡동 ,하이브리드(경유+전기),0,0,0,0,7,0,0,0,0,0,0,0,7,no
202608,11,11620,1162077500,n,서울,서울특별시 관악구,관악구 난곡동 ,하이브리드(LPG+전기),0,0,0,0,5,0,0,0,0,0,0,0,5,no
202608,11,11620,1162077500,q,서울,서울특별시 관악구,관악구 난곡동 ,수소,0,0,0,0,5,0,0,0,0,0,0,0,5,no
202608,11,11620,1162077500,z,서울,서울특별시 관악구,관악구 난곡동 ,기타연료,0,0,0,0,0,2,9,0,0,0,0,0,11,no
202608,11,11650,1165010100,b,서울,서울특별시 서초구,기타,경유,0,0,0,0,0,0,2,0,0,0,0,0,2,no
202608,11,11650,1165010100,h,서울,서울특별시 서초구,기타,휘발유(무연),0,0,0,0,2,0,0,0,0,0,0,0,2,no
202608,11,11650,1165010200,a,서울,서울특별시 서초구,기타,휘발유,0,0,0,0,1,0,0,0,0,0,0,0,1,no
202608,11,11650,1165010200,b,서울,서울특별시 서초구,기타,경유,0,0,0,0,0,0,4,0,0,0,0,0,4,no
202608,11,11650,1165010800,h,서울,서울특별시 서초구,기타,휘발유(무연),0,0,0,0,2,0,0,0,0,0,0,0,2,no
202608,11,11650,1165051000,a,서울,서울특별시 서초구,서초구 서초1동 ,휘발유,3,0,0,0,3068,5,7,1,14,0,0,0,3098,no
202608,11,11650,1165051000,b,서울,서울특별시 서초구,서초구 서초1동 ,경유,8,53,71,4,2324,238,1022,32,29,22,882,53,4738,no
202608,11,11650,1165051000,c,서울,서울특별시 서초구,서초구 서초1동 ,엘피지,0,2,15,0,211,50,131,2,27,0,109,1,548,no
202608,11,11650,1165051000,e,서울,서울특별시 서초구,서초구 서초1동 ,전기,52,0,2,3,604,1,56,1,8,0,37,0,764,yes
202608,11,11650,1165051000,g,서울,서울특별시 서초구,서초구 서초1동 ,휘발유(유연),0,0,0,0,2,0,0,0,0,0,0,0,2,no
202608,11,11650,1165051000,h,서울,서울특별시 서초구,서초구 서초1동 ,휘발유(무연),16,1,0,0,4352,6,6,0,63,0,0,0,4444,no
202608,11,11650,1165051000,j,서울,서울특별시 서초구,서초구 서초1동 ,CNG,0,3,16,0,1,0,0,0,0,0,0,0,20,no
202608,11,11650,1165051000,l,서울,서울특별시 서초구,서초구 서초1동 ,하이브리드(휘발유+전기),13,3,0,0,1887,10,14,0,38,0,0,0,1965,no
202608,11,11650,1165051000,m,서울,서울특별시 서초구,서초구 서초1동 ,하이브리드(경유+전기),0,0,0,0,68,0,0,0,2,0,0,0,70,no
202608,11,11650,1165051000,n,서울,서울특별시 서초구,서초구 서초1동 ,하이브리드(LPG+전기),1,0,0,0,1,0,0,0,0,0,0,0,2,no
202608,11,11650,1165051000,q,서울,서울특별시 서초구,서초구 서초1동 ,수소,1,0,0,0,11,0,0,0,0,0,0,0,12,no
202608,11,11650,1165051000,r,서울,서울특별시 서초구,서초구 서초1동 ,수소전기,0,0,0,0,5,0,0,0,0,0,0,0,5,no
202608,11,11650,1165051000,z,서울,서울특별시 서초구,서초구 서초1동 ,기타연료,0,0,0,0,0,5,22,6,0,0,31,0,64,no
202608,11,11650,1165052000,a,서울,서울특별시 서초구,서초구 서초2동 ,휘발유,0,0,0,0,2557,3,14,0,0,0,0,0,2574,no
202608,11,11650,1165052000,b,서울,서울특별시 서초구,서초구 서초2동 ,경유,2,8,3,0,1497,105,448,7,0,0,148,5,2223,no
202608,11,11650,1165052000,c,서울,서울특별시 서초구,서초구 서초2동 ,엘피지,1,1,0,0,124,19,44,1,12,0,5,0,207,no
202608,11,11650,1165052000,e,서울,서울특별시 서초구,서초구 서초2동 ,전기,1,0,0,0,441,2,44,1,2,0,18,0,509,yes
202608,11,11650,1165052000,g,서울,서울특별시 서초구,서초구 서초2동 ,휘발유(유연),0,0,0,0,1,0,0,0,0,0,0,0,1,no
202608,11,11650,1165052000,h,서울,서울특별시 서초구,서초구 서초2동 ,휘발유(무연),6,0,0,0,3033,2,3,0,10,0,0,0,3054,no
202608,11,11650,1165052000,l,서울,서울특별시 서초구,서초구 서초2동 ,하이브리드(휘발유+전기),0,0,0,0,1329,1,2,0,2,0,0,0,1334,no
202608,11,11650,1165052000,m,서울,서울특별시 서초구,서초구 서초2동 ,하이브리드(경유+전기),0,0,0,0,45,0,0,0,0,0,0,0,45,no
202608,11,11650,1165052000,n,서울,서울특별시 서초구,서초구 서초2동 ,하이브리드(LPG+전기),0,0,0,0,1,0,0,0,0,0,0,0,1,no
202608,11,11650,1165052000,q,서울,서울특별시 서초구,서초구 서초2동 ,수소,0,0,0,0,5,0,0,0,0,0,0,0,5,no
202608,11,11650,1165052000,r,서울,서울특별시 서초구,서초구 서초2동 ,수소전기,0,0,0,0,1,0,0,0,0,0,0,0,1,no
202608,11,11650,1165052000,z,서울,서울특별시 서초구,서초구 서초2동 ,기타연료,0,0,0,0,1,0,7,4,0,0,2,0,14,no
202608,11,11650,1165053000,a,서울,서울특별시 서초구,서초구 서초3동 ,휘발유,1,0,0,0,3555,3,7,0,7,0,0,0,3573,no
202608,11,11650,1165053000,b,서울,서울특별시 서초구,서초구 서초3동 ,경유,2,6,1,0,2243,175,813,67,37,7,348,20,3719,no
202608,11,11650,1165053000,c,서울,서울특별시 서초구,서초구 서초3동 ,엘피지,0,0,0,0,230,70,81,1,84,0,28,0,494,no
202608,11,11650,1165053000,e,서울,서울특별시 서초구,서초구 서초3동 ,전기,0,0,0,0,430,0,22,0,50,2,7,0,511,yes
202608,11,11650,1165053000,g,서울,서울특별시 서초구,서초구 서초3동 ,휘발유(유연),0,0,0,0,5,0,0,0,0,0,0,0,5,no
202608,11,11650,1165053000,h,서울,서울특별시 서초구,서초구 서초3동 ,휘발유(무연),4,0,0,0,4095,6,6,0,208,0,0,0,4319,no
202608,11,11650,1165053000,j,서울,서울특별시 서초구,서초구 서초3동 ,CNG,0,0,0,0,1,1,0,0,0,14,0,0,16,no
202608,11,11650,1165053000,l,서울,서울특별시 서초구,서초구 서초3동 ,하이브리드(휘발유+전기),0,3,1,0,1916,6,3,0,62,0,0,0,1991,no
202608,11,11650,1165053000,m,서울,서울특별시 서초구,서초구 서초3동 ,하이브리드(경유+전기),0,0,0,0,44,0,0,0,0,0,0,0,44,no
202608,11,11650,1165053000,q,서울,서울특별시 서초구,서초구 서초3동 ,수소,0,0,0,0,14,0,0,0,0,0,0,0,14,no
202608,11,11650,1165053000,r,서울,서울특별시 서초구,서초구 서초3동 ,수소전기,0,0,0,0,1,0,0,0,0,0,0,0,1,no
202608,11,11650,1165053000,z,서울,서울특별시 서초구,서초구 서초3동 ,기타연료,0,0,0,0,0,4,28,4,0,0,66,0,102,no
202608,11,11650,1165053100,a,서울,서울특별시 서초구,서초구 서초4동 ,휘발유,0,0,0,0,3407,0,8,0,0,0,0,0,3415,no
202608,11,11650,1165053100,b,서울,서울특별시 서초구,서초구 서초4동 ,경유,0,2,1,0,1739,56,160,3,0,0,37,4,2002,no
202608,11,11650,1165053100,c,서울,서울특별시 서초구,서초구 서초4동 ,엘피지,0,0,1,0,97,14,16,0,6,0,1,0,135,no
202608,11,11650,1165053100,e,서울,서울특별시 서초구,서초구 서초4동 ,전기,0,0,0,0,413,0,14,0,3,0,1,0,431,yes
202608,11,11650,1165053100,g,서울,서울특별시 서초구,서초구 서초4동 ,휘발유(유연),0,0,0,0,3,0,0,0,0,0,0,0,3,no
202608,11,11650,1165053100,h,서울,서울특별시 서초구,서초구 서초4동 ,휘발유(무연),0,0,0,0,3553,0,1,0,0,0,0,0,3554,no
202608,11,11650,1165053100,l,서울,서울특별시 서초구,서초구 서초4동 ,하이브리드(휘발유+전기),0,0,0,0,1916,0,1,0,1,0,0,0,1918,no
202608,11,11650,1165053100,m,서울,서울특별시 서초구,서초구 서초4동 ,하이브리드(경유+전기),0,0,0,0,70,0,0,0,0,0,0,0,70,no
202608,11,11650,1165053100,n,서울,서울특별시 서초구,서초구 서초4동 ,하이브리드(LPG+전기),0,0,0,0,2,0,0,0,0,0,0,0,2,no
202608,11,11650,1165053100,q,서울,서울특별시 서초구,서초구 서초4동 ,수소,0,0,0,0,10,0,0,0,0,0,0,0,10,no
202608,11,11650,1165053100,r,서울,서울특별시 서초구,서초구 서초4동 ,수소전기,0,0,0,0,1,0,0,0,0,0,0,0,1,no
202608,11,11650,1165053100,z,서울,서울특별시 서초구,서초구 서초4동 ,기타연료,0,0,0,0,0,1,18,5,0,0,0,0,24,no
202608,11,11650,1165054000,a,서울,서울특별시 서초구,서초구 잠원동 ,휘발유,0,0,0,0,3630,0,10,1,0,0,0,0,3641,no
202608,11,11650,1165054000,b,서울,서울특별시 서초구,서초구 잠원동 ,경유,0,0,0,0,2241,106,301,6,7,14,32,1,2708,no
202608,11,11650,1165054000,c,서울,서울특별시 서초구,서초구 잠원동 ,엘피지,0,0,0,0,190,32,44,0,33,0,2,0,301,no
202608,11,11650,1165054000,e,서울,서울특별시 서초구,서초구 잠원동 ,전기,0,0,0,0,562,0,27,0,2,0,3,0,594,yes
202608,11,11650,1165054000,g,서울,서울특별시 서초구,서초구 잠원동 ,휘발유(유연),0,0,0,0,6,0,0,0,0,0,0,0,6,no
202608,11,11650,1165054000,h,서울,서울특별시 서초구,서초구 잠원동 ,휘발유(무연),0,0,0,0,3922,1,5,0,4,0,0,0,3932,no
202608,11,11650,1165054000,l,서울,서울특별시 서초구,서초구 잠원동 ,하이브리드(휘발유+전기),0,0,0,0,2047,2,4,1,3,0,0,0,2057,no
202608,11,11650,1165054000,m,서울,서울특별시 서초구,서초구 잠원동 ,하이브리드(경유+전기),0,0,0,0,75,0,0,0,0,0,0,0,75,no
202608,11,11650,1165054000,n,서울,서울특별시 서초구,서초구 잠원동 ,하이브리드(LPG+전기),0,0,0,0,1,0,0,0,0,0,0,0,1,no
202608,11,11650,1165054000,q,서울,서울특별시 서초구,서초구 잠원동 ,수소,0,0,0,0,11,0,0,0,0,0,0,0,11,no
202608,11,11650,1165054000,z,서울,서울특별시 서초구,서초구 잠원동 ,기타연료,0,0,0,0,0,6,16,5,0,0,0,0,27,no
202608,11,11650,1165055000,a,서울,서울특별시 서초구,서초구 반포본동 ,휘발유,1,0,0,0,310,0,1,0,123,0,0,0,435,no
202608,11,11650,1165055000,b,서울,서울특별시 서초구,서초구 반포본동 ,경유,1,23,13,4,223,23,119,3,18,27,2,0,456,no
202608,11,11650,1165055000,c,서울,서울특별시 서초구,서초구 반포본동 ,엘피지,0,0,0,0,30,5,12,0,23,0,0,0,70,no
202608,11,11650,1165055000,e,서울,서울특별시 서초구,서초구 반포본동 ,전기,7,0,1,0,76,0,15,0,109,0,0,0,208,yes
202608,11,11650,1165055000,g,서울,서울특별시 서초구,서초구 반포본동 ,휘발유(유연),0,0,0,0,1,0,0,0,0,0,0,0,1,no
202608,11,11650,1165055000,h,서울,서울특별시 서초구,서초구 반포본동 ,휘발유(무연),1,0,0,0,403,1,2,0,39,0,0,0,446,no
202608,11,11650,1165055000,j,서울,서울특별시 서초구,서초구 반포본동 ,CNG,0,0,0,0,0,2,0,0,0,0,0,0,2,no
202608,11,11650,1165055000,l,서울,서울특별시 서초구,서초구 반포본동 ,하이브리드(휘발유+전기),3,0,0,0,206,1,0,0,124,0,0,0,334,no
202608,11,11650,1165055000,m,서울,서울특별시 서초구,서초구 반포본동 ,하이브리드(경유+전기),0,0,0,0,14,0,0,0,14,0,0,0,28,no
202608,11,11650,1165055000,q,서울,서울특별시 서초구,서초구 반포본동 ,수소,0,0,0,0,2,0,0,0,0,0,0,0,2,no
202608,11,11650,1165055000,r,서울,서울특별시 서초구,서초구 반포본동 ,수소전기,0,0,0,0,2,0,0,0,0,0,0,0,2,no
202608,11,11650,1165055000,z,서울,서울특별시 서초구,서초구 반포본동 ,기타연료,0,0,1,0,0,3,2,1,0,0,0,0,7,no
202608,11,11650,1165056000,a,서울,서울특별시 서초구,서초구 반포1동 ,휘발유,0,0,0,0,3345,3,5,0,0,0,0,0,3353,no
202608,11,11650,1165056000,b,서울,서울특별시 서초구,서초구 반포1동 ,경유,0,0,0,0,1848,98,306,5,4,0,6,1,2268,no
202608,11,11650,1165056000,c,서울,서울특별시 서초구,서초구 반포1동 ,엘피지,1,0,0,0,135,14,33,0,18,0,9,0,210,no
202608,11,11650,1165056000,e,서울,서울특별시 서초구,서초구 반포1동 ,전기,0,0,0,0,524,0,13,0,15,0,4,0,556,yes
202608,11,11650,1165056000,g,서울,서울특별시 서초구,서초구 반포1동 ,휘발유(유연),0,0,0,0,2,0,0,0,0,0,0,0,2,no
202608,11,11650,1165056000,h,서울,서울특별시 서초구,서초구 반포1동 ,휘발유(무연),1,0,0,0,3135,2,2,0,2,0,0,0,3142,no
202608,11,11650,1165056000,l,서울,서울특별시 서초구,서초구 반포1동 ,하이브리드(휘발유+전기),0,0,0,0,1680,1,2,0,1,0,0,0,1684,no
202608,11,11650,1165056000,m,서울,서울특별시 서초구,서초구 반포1동 ,하이브리드(경유+전기),0,0,0,0,64,0,0,0,0,0,0,0,64,no
202608,11,11650,1165056000,q,서울,서울특별시 서초구,서초구 반포1동 ,수소,0,0,0,0,1,0,0,0,0,0,0,0,1,no
202608,11,11650,1165056000,r,서울,서울특별시 서초구,서초구 반포1동 ,수소전기,0,0,0,0,1,0,0,0,0,0,0,0,1,no
202608,11,11650,1165056000,z,서울,서울특별시 서초구,서초구 반포1동 ,기타연료,0,0,0,0,0,2,15,6,0,0,0,0,23,no
202608,11,11650,1165057000,a,서울,서울특별시 서초구,서초구 반포2동 ,휘발유,1,0,0,0,2951,2,2,0,0,0,0,0,2956,no
202608,11,11650,1165057000,b,서울,서울특별시 서초구,서초구 반포2동 ,경유,1,1,0,0,1548,72,126,8,5,0,5,0,1766,no
202608,11,11650,1165057000,c,서울,서울특별시 서초구,서초구 반포2동 ,엘피지,0,0,0,0,86,7,8,0,23,0,4,0,128,no
202608,11,11650,1165057000,e,서울,서울특별시 서초구,서초구 반포2동 ,전기,0,0,0,0,595,0,8,0,2,0,2,0,607,yes
202608,11,11650,1165057000,g,서울,서울특별시 서초구,서초구 반포2동 ,휘발유(유연),0,0,0,0,1,0,0,0,0,0,0,0,1,no
202608,11,11650,1165057000,h,서울,서울특별시 서초구,서초구 반포2동 ,휘발유(무연),0,0,0,0,2552,1,2,0,17,0,0,0,2572,no
202608,11,11650,1165057000,l,서울,서울특별시 서초구,서초구 반포2동 ,하이브리드(휘발유+전기),0,0,0,0,1736,3,1,0,3,0,0,0,1743,no
202608,11,11650,1165057000,m,서울,서울특별시 서초구,서초구 반포2동 ,하이브리드(경유+전기),0,0,0,0,55,0,0,0,0,0,0,0,55,no
202608,11,11650,1165057000,n,서울,서울특별시 서초구,서초구 반포2동 ,하이브리드(LPG+전기),0,0,0,0,1,0,0,0,0,0,0,0,1,no
202608,11,11650,1165057000,q,서울,서울특별시 서초구,서초구 반포2동 ,수소,0,0,0,0,7,0,0,0,0,0,0,0,7,no
202608,11,11650,1165057000,z,서울,서울특별시 서초구,서초구 반포2동 ,기타연료,0,0,1,0,0,4,4,4,0,0,0,0,13,no
202608,11,11650,1165058000,a,서울,서울특별시 서초구,서초구 반포3동 ,휘발유,0,0,0,0,2334,3,6,0,1,0,0,0,2344,no
202608,11,11650,1165058000,b,서울,서울특별시 서초구,서초구 반포3동 ,경유,0,0,0,0,1495,41,141,6,8,5,1,0,1697,no
202608,11,11650,1165058000,c,서울,서울특별시 서초구,서초구 반포3동 ,엘피지,0,0,0,0,95,7,14,1,42,0,1,0,160,no
202608,11,11650,1165058000,e,서울,서울특별시 서초구,서초구 반포3동 ,전기,0,0,0,0,335,0,8,0,5,0,1,0,349,yes
202608,11,11650,1165058000,g,서울,서울특별시 서초구,서초구 반포3동 ,휘발유(유연),0,0,0,0,5,0,0,0,0,0,0,0,5,no
202608,11,11650,1165058000,h,서울,서울특별시 서초구,서초구 반포3동 ,휘발유(무연),0,0,0,0,2569,0,3,0,39,0,0,0,2611,no
202608,11,11650,1165058000,l,서울,서울특별시 서초구,서초구 반포3동 ,하이브리드(휘발유+전기),0,0,0,0,1295,1,0,0,3,0,0,0,1299,no
202608,11,11650,1165058000,m,서울,서울특별시 서초구,서초구 반포3동 ,하이브리드(경유+전기),0,0,0,0,41,0,0,0,0,0,0,0,41,no
202608,11,11650,1165058000,q,서울,서울특별시 서초구,서초구 반포3동 ,수소,0,0,0,0,4,0,0,0,0,0,0,0,4,no
202608,11,11650,1165058000,z,서울,서울특별시 서초구,서초구 반포3동 ,기타연료,0,0,0,0,0,1,3,0,0,0,0,0,4,no
202608,11,11650,1165058100,a,서울,서울특별시 서초구,서초구 반포4동 ,휘발유,1,0,0,0,1839,2,5,0,1,0,0,0,1848,no
202608,11,11650,1165058100,b,서울,서울특별시 서초구,서초구 반포4동 ,경유,1,3,0,0,1146,57,156,2,0,4,9,1,1379,no
202608,11,11650,1165058100,c,서울,서울특별시 서초구,서초구 반포4동 ,엘피지,0,0,0,0,99,13,21,1,6,0,2,0,142,no
202608,11,11650,1165058100,e,서울,서울특별시 서초구,서초구 반포4동 ,전기,2,0,0,0,215,0,8,0,1,0,3,0,229,yes
202608,11,11650,1165058100,g,서울,서울특별시 서초구,서초구 반포4동 ,휘발유(유연),0,0,0,0,1,0,0,0,0,0,0,0,1,no
202608,11,11650,1165058100,h,서울,서울특별시 서초구,서초구 반포4동 ,휘발유(무연),3,0,0,0,2017,1,1,0,1,0,0,0,2023,no
202608,11,11650,1165058100,l,서울,서울특별시 서초구,서초구 반포4동 ,하이브리드(휘발유+전기),2,0,0,0,949,0,0,0,2,0,0,0,953,no
202608,11,11650,1165058100,m,서울,서울특별시 서초구,서초구 반포4동 ,하이브리드(경유+전기),0,0,0,0,24,0,0,0,0,0,0,0,24,no
202608,11,11650,1165058100,q,서울,서울특별시 서초구,서초구 반포4동 ,수소,0,0,0,0,8,0,0,0,0,0,0,0,8,no
202608,11,11650,1165058100,r,서울,서울특별시 서초구,서초구 반포4동 ,수소전기,0,0,0,0,1,0,0,0,0,0,0,0,1,no
202608,11,11650,1165058100,z,서울,서울특별시 서초구,서초구 반포4동 ,기타연료,0,0,0,0,0,2,6,3,0,0,0,0,11,no
202608,11,11650,1165059000,a,서울,서울특별시 서초구,서초구 방배본동 ,휘발유,0,0,0,0,1847,1,6,0,0,0,0,0,1854,no
202608,11,11650,1165059000,b,서울,서울특별시 서초구,서초구 방배본동 ,경유,0,0,0,0,1269,116,303,3,9,2,104,6,1812,no
202608,11,11650,1165059000,c,서울,서울특별시 서초구,서초구 방배본동 ,엘피지,0,0,0,0,117,19,33,0,68,0,28,0,265,no
202608,11,11650,1165059000,e,서울,서울특별시 서초구,서초구 방배본동 ,전기,0,0,0,0,204,0,7,0,2,7,0,0,220,yes
202608,11,11650,1165059000,g,서울,서울특별시 서초구,서초구 방배본동 ,휘발유(유연),0,0,0,0,3,0,0,0,0,0,0,0,3,no
202608,11,11650,1165059000,h,서울,서울특별시 서초구,서초구 방배본동 ,휘발유(무연),0,0,0,0,2168,4,4,0,5,0,0,0,2181,no
202608,11,11650,1165059000,j,서울,서울특별시 서초구,서초구 방배본동 ,CNG,0,0,0,0,0,0,0,0,0,22,0,0,22,no
202608,11,11650,1165059000,l,서울,서울특별시 서초구,서초구 방배본동 ,하이브리드(휘발유+전기),0,0,0,0,1013,1,3,0,1,0,0,0,1018,no
202608,11,11650,1165059000,m,서울,서울특별시 서초구,서초구 방배본동 ,하이브리드(경유+전기),0,0,0,0,32,0,0,0,0,0,0,0,32,no
202608,11,11650,1165059000,n,서울,서울특별시 서초구,서초구 방배본동 ,하이브리드(LPG+전기),0,0,0,0,1,0,0,0,0,0,0,0,1,no
202608,11,11650,1165059000,q,서울,서울특별시 서초구,서초구 방배본동 ,수소,0,0,0,0,15,0,0,0,0,0,0,0,15,no
202608,11,11650,1165059000,z,서울,서울특별시 서초구,서초구 방배본동 ,기타연료,0,0,0,0,1,1,5,0,0,0,0,0,7,no
202608,11,11650,1165060000,a,서울,서울특별시 서초구,서초구 방배1동 ,휘발유,0,0,0,0,1267,4,4,0,0,0,0,0,1275,no
202608,11,11650,1165060000,b,서울,서울특별시 서초구,서초구 방배1동 ,경유,0,0,0,0,996,93,319,4,0,1,149,4,1566,no
202608,11,11650,1165060000,c,서울,서울특별시 서초구,서초구 방배1동 ,엘피지,0,0,0,0,143,16,49,0,20,0,4,0,232,no
202608,11,11650,1165060000,e,서울,서울특별시 서초구,서초구 방배1동 ,전기,0,0,0,0,174,0,12,1,6,10,2,0,205,yes
202608,11,11650,1165060000,g,서울,서울특별시 서초구,서초구 방배1동 ,휘발유(유연),0,0,0,0,4,0,0,0,0,0,0,0,4,no
202608,11,11650,1165060000,h,서울,서울특별시 서초구,서초구 방배1동 ,휘발유(무연),1,0,0,0,1928,1,5,1,16,0,0,0,1952,no
202608,11,11650,1165060000,j,서울,서울특별시 서초구,서초구 방배1동 ,CNG,0,0,0,0,1,0,0,0,0,160,0,0,161,no
202608,11,11650,1165060000,l,서울,서울특별시 서초구,서초구 방배1동 ,하이브리드(휘발유+전기),0,0,0,0,830,0,3,1,3,0,0,0,837,no
202608,11,11650,1165060000,m,서울,서울특별시 서초구,서초구 방배1동 ,하이브리드(경유+전기),0,0,0,0,20,0,0,0,0,0,0,0,20,no
202608,11,11650,1165060000,n,서울,서울특별시 서초구,서초구 방배1동 ,하이브리드(LPG+전기),0,0,0,0,2,0,0,0,0,0,0,0,2,no
202608,11,11650,1165060000,q,서울,서울특별시 서초구,서초구 방배1동 ,수소,0,0,0,0,8,0,0,0,0,0,0,0,8,no
202608,11,11650,1165060000,r,서울,서울특별시 서초구,서초구 방배1동 ,수소전기,0,0,0,0,1,0,0,0,0,0,0,0,1,no
202608,11,11650,1165060000,z,서울,서울특별시 서초구,서초구 방배1동 ,기타연료,0,0,0,0,0,1,4,1,0,0,0,0,6,no
202608,11,11650,1165061000,a,서울,서울특별시 서초구,서초구 방배2동 ,휘발유,0,0,0,0,1140,0,3,0,0,0,0,0,1143,no
202608,11,11650,1165061000,b,서울,서울특별시 서초구,서초구 방배2동 ,경유,0,0,0,0,958,82,335,4,4,8,43,1,1435,no
202608,11,11650,1165061000,c,서울,서울특별시 서초구,서초구 방배2동 ,엘피지,0,0,0,0,207,17,38,0,27,0,6,0,295,no
202608,11,11650,1165061000,e,서울,서울특별시 서초구,서초구 방배2동 ,전기,0,0,0,0,135,0,6,0,1,12,3,0,157,yes
202608,11,11650,1165061000,g,서울,서울특별시 서초구,서초구 방배2동 ,휘발유(유연),0,0,0,0,3,0,0,0,0,0,0,0,3,no
202608,11,11650,1165061000,h,서울,서울특별시 서초구,서초구 방배2동 ,휘발유(무연),0,0,0,0,1866,1,2,0,1,0,0,0,1870,no
202608,11,11650,1165061000,j,서울,서울특별시 서초구,서초구 방배2동 ,CNG,0,0,0,0,2,0,0,0,0,73,0,0,75,no
202608,11,11650,1165061000,l,서울,서울특별시 서초구,서초구 방배2동 ,하이브리드(휘발유+전기),0,0,0,0,629,3,2,0,1,0,0,0,635,no
202608,11,11650,1165061000,m,서울,서울특별시 서초구,서초구 방배2동 ,하이브리드(경유+전기),0,0,0,0,12,0,0,0,0,0,0,0,12,no
202608,11,11650,1165061000,n,서울,서울특별시 서초구,서초구 방배2동 ,하이브리드(LPG+전기),0,0,0,0,1,0,0,0,0,0,0,0,1,no
202608,11,11650,1165061000,q,서울,서울특별시 서초구,서초구 방배2동 ,수소,0,0,0,0,11,0,0,0,0,0,0,0,11,no
202608,11,11650,1165061000,r,서울,서울특별시 서초구,서초구 방배2동 ,수소전기,0,0,0,0,1,0,0,0,0,0,0,0,1,no
202608,11,11650,1165061000,z,서울,서울특별시 서초구,서초구 방배2동 ,기타연료,0,0,0,0,0,1,7,6,0,0,0,0,14,no
202608,11,11650,1165062000,a,서울,서울특별시 서초구,서초구 방배3동 ,휘발유,1,0,0,0,1629,0,4,0,0,0,0,0,1634,no
202608,11,11650,1165062000,b,서울,서울특별시 서초구,서초구 방배3동 ,경유,0,0,0,0,955,55,169,3,0,8,13,2,1205,no
202608,11,11650,1165062000,c,서울,서울특별시 서초구,서초구 방배3동 ,엘피지,0,0,0,0,94,12,23,0,11,0,0,0,140,no
202608,11,11650,1165062000,e,서울,서울특별시 서초구,서초구 방배3동 ,전기,0,0,0,0,208,0,3,1,1,0,2,0,215,yes
202608,11,11650,1165062000,g,서울,서울특별시 서초구,서초구 방배3동 ,휘발유(유연),0,0,0,0,2,0,0,0,0,0,0,0,2,no
202608,11,11650,1165062000,h,서울,서울특별시 서초구,서초구 방배3동 ,휘발유(무연),1,0,0,0,1768,0,1,0,0,0,0,0,1770,no
202608,11,11650,1165062000,l,서울,서울특별시 서초구,서초구 방배3동 ,하이브리드(휘발유+전기),0,0,0,0,989,0,2,0,0,0,0,0,991,no
202608,11,11650,1165062000,m,서울,서울특별시 서초구,서초구 방배3동 ,하이브리드(경유+전기),0,0,0,0,25,0,0,0,0,0,0,0,25,no
202608,11,11650,1165062000,n,서울,서울특별시 서초구,서초구 방배3동 ,하이브리드(LPG+전기),0,0,0,0,1,0,0,0,0,0,0,0,1,no
202608,11,11650,1165062000,q,서울,서울특별시 서초구,서초구 방배3동 ,수소,0,0,0,0,5,0,0,0,0,0,0,0,5,no
202608,11,11650,1165062000,z,서울,서울특별시 서초구,서초구 방배3동 ,기타연료,0,0,0,0,0,2,1,0,0,0,0,0,3,no
202608,11,11650,1165062100,a,서울,서울특별시 서초구,서초구 방배4동 ,휘발유,0,0,0,0,2160,2,7,0,0,0,0,0,2169,no
202608,11,11650,1165062100,b,서울,서울특별시 서초구,서초구 방배4동 ,경유,0,0,1,0,1536,81,347,4,0,1,68,4,2042,no
202608,11,11650,1165062100,c,서울,서울특별시 서초구,서초구 방배4동 ,엘피지,0,0,0,0,158,23,43,0,28,0,7,0,259,no
202608,11,11650,1165062100,e,서울,서울특별시 서초구,서초구 방배4동 ,전기,0,0,0,0,287,0,10,0,3,0,1,0,301,yes
202608,11,11650,1165062100,g,서울,서울특별시 서초구,서초구 방배4동 ,휘발유(유연),0,0,0,0,1,0,0,0,0,0,0,0,1,no
202608,11,11650,1165062100,h,서울,서울특별시 서초구,서초구 방배4동 ,휘발유(무연),0,0,0,0,2677,1,4,0,0,0,0,0,2682,no
202608,11,11650,1165062100,l,서울,서울특별시 서초구,서초구 방배4동 ,하이브리드(휘발유+전기),0,0,0,0,1266,2,1,0,2,0,0,0,1271,no
202608,11,11650,1165062100,m,서울,서울특별시 서초구,서초구 방배4동 ,하이브리드(경유+전기),0,0,0,0,39,0,0,0,0,0,0,0,39,no
202608,11,11650,1165062100,q,서울,서울특별시 서초구,서초구 방배4동 ,수소,0,0,0,0,5,0,0,0,0,0,0,0,5,no
202608,11,11650,1165062100,r,서울,서울특별시 서초구,서초구 방배4동 ,수소전기,0,0,0,0,1,0,0,0,0,0,0,0,1,no
202608,11,11650,1165062100,z,서울,서울특별시 서초구,서초구 방배4동 ,기타연료,0,0,0,0,0,5,14,3,0,0,0,0,22,no
202608,11,11650,1165065100,a,서울,서울특별시 서초구,서초구 양재1동 ,휘발유,0,0,0,0,3525,5,22,0,22,0,0,0,3574,no
202608,11,11650,1165065100,b,서울,서울특별시 서초구,서초구 양재1동 ,경유,1,7,19,2,2928,333,1340,19,4,3,784,33,5473,no
202608,11,11650,1165065100,c,서울,서울특별시 서초구,서초구 양재1동 ,엘피지,0,11,11,0,524,64,206,1,147,0,67,0,1031,no
202608,11,11650,1165065100,e,서울,서울특별시 서초구,서초구 양재1동 ,전기,16,1,2,1,2449,2,122,3,82,13,67,0,2758,yes
202608,11,11650,1165065100,g,서울,서울특별시 서초구,서초구 양재1동 ,휘발유(유연),0,0,0,0,4,0,0,0,0,0,0,0,4,no
202608,11,11650,1165065100,h,서울,서울특별시 서초구,서초구 양재1동 ,휘발유(무연),1,0,0,0,5928,1,14,0,97,0,0,0,6041,no
202608,11,11650,1165065100,j,서울,서울특별시 서초구,서초구 양재1동 ,CNG,0,0,0,0,0,0,0,0,0,23,0,0,23,no
202608,11,11650,1165065100,l,서울,서울특별시 서초구,서초구 양재1동 ,하이브리드(휘발유+전기),1,0,0,0,2950,3,18,0,60,0,1,0,3033,no
202608,11,11650,1165065100,m,서울,서울특별시 서초구,서초구 양재1동 ,하이브리드(경유+전기),0,0,0,0,71,0,0,0,2,0,0,0,73,no
202608,11,11650,1165065100,n,서울,서울특별시 서초구,서초구 양재1동 ,하이브리드(LPG+전기),0,0,0,0,3,0,0,0,0,0,0,0,3,no
202608,11,11650,1165065100,q,서울,서울특별시 서초구,서초구 양재1동 ,수소,0,0,0,0,42,4,0,0,0,0,0,0,46,no
202608,11,11650,1165065100,r,서울,서울특별시 서초구,서초구 양재1동 ,수소전기,0,0,0,0,14,0,0,0,0,0,0,0,14,no
202608,11,11650,1165065100,z,서울,서울특별시 서초구,서초구 양재1동 ,기타연료,0,0,0,0,1,14,19,6,0,0,9,0,49,no
202608,11,11650,1165065200,a,서울,서울특별시 서초구,서초구 양재2동 ,휘발유,0,0,0,0,1772,6,23,0,21,0,0,0,1822,no
202608,11,11650,1165065200,b,서울,서울특별시 서초구,서초구 양재2동 ,경유,0,0,6,0,1632,241,1223,24,15,3,736,30,3910,no
202608,11,11650,1165065200,c,서울,서울특별시 서초구,서초구 양재2동 ,엘피지,0,0,10,0,282,51,135,1,48,0,13,0,540,no
202608,11,11650,1165065200,e,서울,서울특별시 서초구,서초구 양재2동 ,전기,0,0,0,0,402,0,44,0,16,0,24,0,486,yes
202608,11,11650,1165065200,h,서울,서울특별시 서초구,서초구 양재2동 ,휘발유(무연),5,0,0,0,2973,6,44,0,31,0,0,0,3059,no
202608,11,11650,1165065200,j,서울,서울특별시 서초구,서초구 양재2동 ,CNG,0,0,0,0,1,0,0,0,0,0,0,0,1,no
202608,11,11650,1165065200,l,서울,서울특별시 서초구,서초구 양재2동 ,하이브리드(휘발유+전기),0,0,0,0,1005,2,8,0,28,0,0,0,1043,no
202608,11,11650,1165065200,m,서울,서울특별시 서초구,서초구 양재2동 ,하이브리드(경유+전기),0,0,0,0,33,0,0,0,3,0,0,0,36,no
202608,11,11650,1165065200,n,서울,서울특별시 서초구,서초구 양재2동 ,하이브리드(LPG+전기),0,0,0,0,3,0,0,0,0,0,0,0,3,no
202608,11,11650,1165065200,q,서울,서울특별시 서초구,서초구 양재2동 ,수소,0,0,0,0,18,0,0,0,0,0,0,0,18,no
202608,11,11650,1165065200,r,서울,서울특별시 서초구,서초구 양재2동 ,수소전기,0,0,0,0,1,0,0,0,0,0,0,0,1,no
202608,11,11650,1165065200,z,서울,서울특별시 서초구,서초구 양재2동 ,기타연료,0,0,0,0,0,2,49,1,0,0,1,0,53,no
202608,11,11650,1165066000,a,서울,서울특별시 서초구,서초구 내곡동 ,휘발유,0,0,0,0,1212,0,7,0,109,1,0,0,1329,no
202608,11,11650,1165066000,b,서울,서울특별시 서초구,서초구 내곡동 ,경유,2,9,4,0,1198,86,503,10,96,46,115,14,2083,no
202608,11,11650,1165066000,c,서울,서울특별시 서초구,서초구 내곡동 ,엘피지,0,2,0,0,213,17,77,1,249,4,16,0,579,no
202608,11,11650,1165066000,e,서울,서울특별시 서초구,서초구 내곡동 ,전기,0,0,0,0,311,1,25,1,48,47,13,0,446,yes
202608,11,11650,1165066000,h,서울,서울특별시 서초구,서초구 내곡동 ,휘발유(무연),0,0,0,0,2039,1,3,0,202,0,0,0,2245,no
202608,11,11650,1165066000,j,서울,서울특별시 서초구,서초구 내곡동 ,CNG,0,0,0,0,0,3,0,0,0,101,0,0,104,no
202608,11,11650,1165066000,l,서울,서울특별시 서초구,서초구 내곡동 ,하이브리드(휘발유+전기),2,0,0,0,862,3,2,0,160,0,0,0,1029,no
202608,11,11650,1165066000,m,서울,서울특별시 서초구,서초구 내곡동 ,하이브리드(경유+전기),0,0,0,0,24,0,0,0,2,0,0,0,26,no
202608,11,11650,1165066000,n,서울,서울특별시 서초구,서초구 내곡동 ,하이브리드(LPG+전기),0,0,0,0,4,0,0,0,0,0,0,0,4,no
202608,11,11650,1165066000,q,서울,서울특별시 서초구,서초구 내곡동 ,수소,1,0,0,0,11,0,0,0,0,0,0,0,12,no
202608,11,11650,1165066000,r,서울,서울특별시 서초구,서초구 내곡동 ,수소전기,0,0,0,0,4,0,0,0,0,0,0,0,4,no
202608,11,11650,1165066000,z,서울,서울특별시 서초구,서초구 내곡동 ,기타연료,0,0,0,0,0,8,8,3,0,0,0,0,19,no
202608,11,11680,1168010100,b,서울,서울특별시 강남구,기타,경유,0,0,0,0,1,0,0,0,0,0,0,0,1,no
202608,11,11680,1168010100,h,서울,서울특별시 강남구,기타,휘발유(무연),0,0,0,0,2,0,0,0,0,0,0,0,2,no
202608,11,11680,1168010600,a,서울,서울특별시 강남구,기타,휘발유,0,0,0,0,1,0,0,0,0,0,0,0,1,no
202608,11,11680,1168010600,b,서울,서울특별시 강남구,기타,경유,0,0,0,0,1,0,0,0,0,0,0,0,1,no
202608,11,11680,1168010700,h,서울,서울특별시 강남구,기타,휘발유(무연),0,0,0,0,1,0,0,0,0,0,0,0,1,no
202608,11,11680,1168010800,a,서울,서울특별시 강남구,기타,휘발유,0,0,0,0,1,0,0,0,0,0,0,0,1,no
202608,11,11680,1168010800,h,서울,서울특별시 강남구,기타,휘발유(무연),0,0,0,0,1,0,0,0,0,0,0,0,1,no
202608,11,11680,1168051000,a,서울,서울특별시 강남구,강남구 신사동 ,휘발유,0,0,0,0,1991,3,11,0,0,0,0,0,2005,no
202608,11,11680,1168051000,b,서울,서울특별시 강남구,강남구 신사동 ,경유,0,0,0,0,1191,104,392,7,2,0,5,0,1701,no
202608,11,11680,1168051000,c,서울,서울특별시 강남구,강남구 신사동 ,엘피지,1,0,0,0,59,26,101,0,4,0,4,0,195,no
202608,11,11680,1168051000,e,서울,서울특별시 강남구,강남구 신사동 ,전기,0,0,0,0,238,8,20,3,434,0,1,0,704,yes
202608,11,11680,1168051000,g,서울,서울특별시 강남구,강남구 신사동 ,휘발유(유연),0,0,0,0,2,0,0,0,0,0,0,0,2,no
202608,11,11680,1168051000,h,서울,서울특별시 강남구,강남구 신사동 ,휘발유(무연),0,0,0,0,1948,3,7,0,74,0,0,0,2032,no
202608,11,11680,1168051000,j,서울,서울특별시 강남구,강남구 신사동 ,CNG,0,0,0,0,1,0,0,0,0,0,0,0,1,no
202608,11,11680,1168051000,l,서울,서울특별시 강남구,강남구 신사동 ,하이브리드(휘발유+전기),0,0,0,0,1001,13,4,0,359,0,0,0,1377,no
202608,11,11680,1168051000,m,서울,서울특별시 강남구,강남구 신사동 ,하이브리드(경유+전기),0,0,0,0,34,0,0,0,0,0,0,0,34,no
202608,11,11680,1168051000,n,서울,서울특별시 강남구,강남구 신사동 ,하이브리드(LPG+전기),0,0,0,0,1,0,0,0,0,0,0,0,1,no
202608,11,11680,1168051000,q,서울,서울특별시 강남구,강남구 신사동 ,수소,0,0,0,0,4,0,0,0,0,0,0,0,4,no
202608,11,11680,1168051000,r,서울,서울특별시 강남구,강남구 신사동 ,수소전기,0,0,0,0,3,0,0,0,0,0,0,0,3,no
202608,11,11680,1168051000,z,서울,서울특별시 강남구,강남구 신사동 ,기타연료,0,0,0,0,1,2,8,0,0,0,0,0,11,no
202608,11,11680,1168052000,h,서울,서울특별시 강남구,강남구 논현동 ,휘발유(무연),0,0,0,0,1,0,0,0,0,0,0,0,1,no
202608,11,11680,1168052100,a,서울,서울특별시 강남구,강남구 논현1동 ,휘발유,0,0,0,0,2243,4,12,0,22,0,0,0,2281,no
202608,11,11680,1168052100,b,서울,서울특별시 강남구,강남구 논현1동 ,경유,1,6,1,0,1668,214,760,15,18,2,80,2,2767,no
202608,11,11680,1168052100,c,서울,서울특별시 강남구,강남구 논현1동 ,엘피지,0,0,0,0,157,59,125,4,23,0,18,0,386,no
202608,11,11680,1168052100,e,서울,서울특별시 강남구,강남구 논현1동 ,전기,2,0,0,0,467,1,39,0,12,0,1,0,522,yes
202608,11,11680,1168052100,g,서울,서울특별시 강남구,강남구 논현1동 ,휘발유(유연),0,0,0,0,4,0,0,0,0,0,0,0,4,no
202608,11,11680,1168052100,h,서울,서울특별시 강남구,강남구 논현1동 ,휘발유(무연),4,0,0,0,2997,4,15,0,79,0,0,0,3099,no
202608,11,11680,1168052100,l,서울,서울특별시 강남구,강남구 논현1동 ,하이브리드(휘발유+전기),8,0,0,0,1177,7,26,0,42,0,0,0,1260,no
202608,11,11680,1168052100,m,서울,서울특별시 강남구,강남구 논현1동 ,하이브리드(경유+전기),0,0,0,0,48,0,0,0,6,0,0,0,54,no
202608,11,11680,1168052100,n,서울,서울특별시 강남구,강남구 논현1동 ,하이브리드(LPG+전기),0,0,0,0,1,0,0,0,0,0,0,0,1,no
202608,11,11680,1168052100,q,서울,서울특별시 강남구,강남구 논현1동 ,수소,0,0,0,0,7,0,0,0,0,0,0,0,7,no
202608,11,11680,1168052100,r,서울,서울특별시 강남구,강남구 논현1동 ,수소전기,0,0,0,0,1,0,0,0,0,0,0,0,1,no
202608,11,11680,1168052100,z,서울,서울특별시 강남구,강남구 논현1동 ,기타연료,0,0,0,0,0,4,17,5,0,0,1,0,27,no
202608,11,11680,1168053100,a,서울,서울특별시 강남구,강남구 논현2동 ,휘발유,1,0,0,0,2477,3,6,0,23,0,0,0,2510,no
202608,11,11680,1168053100,b,서울,서울특별시 강남구,강남구 논현2동 ,경유,0,0,1,0,1731,143,682,12,22,0,122,2,2715,no
202608,11,11680,1168053100,c,서울,서울특별시 강남구,강남구 논현2동 ,엘피지,0,0,0,0,129,46,60,1,23,0,6,0,265,no
202608,11,11680,1168053100,e,서울,서울특별시 강남구,강남구 논현2동 ,전기,0,0,0,0,313,1,22,0,26,0,4,0,366,yes
202608,11,11680,1168053100,g,서울,서울특별시 강남구,강남구 논현2동 ,휘발유(유연),0,0,0,0,4,0,0,0,0,0,0,0,4,no
202608,11,11680,1168053100,h,서울,서울특별시 강남구,강남구 논현2동 ,휘발유(무연),0,0,0,0,2633,4,14,0,180,0,0,0,2831,no
202608,11,11680,1168053100,l,서울,서울특별시 강남구,강남구 논현2동 ,하이브리드(휘발유+전기),0,0,0,0,972,2,3,0,73,0,0,0,1050,no
202608,11,11680,1168053100,m,서울,서울특별시 강남구,강남구 논현2동 ,하이브리드(경유+전기),0,0,0,0,48,0,0,0,2,0,0,0,50,no
202608,11,11680,1168053100,n,서울,서울특별시 강남구,강남구 논현2동 ,하이브리드(LPG+전기),1,0,0,0,1,0,0,0,0,0,0,0,2,no
202608,11,11680,1168053100,q,서울,서울특별시 강남구,강남구 논현2동 ,수소,0,0,0,0,6,0,0,0,0,0,0,0,6,no
202608,11,11680,1168053100,z,서울,서울특별시 강남구,강남구 논현2동 ,기타연료,0,0,0,0,2,4,15,4,0,0,0,0,25,no
202608,11,11680,1168054500,a,서울,서울특별시 강남구,강남구 압구정동 ,휘발유,1,0,0,0,3143,2,8,0,0,0,0,0,3154,no
202608,11,11680,1168054500,b,서울,서울특별시 강남구,강남구 압구정동 ,경유,1,0,0,0,1638,94,246,5,0,1,7,0,1992,no
202608,11,11680,1168054500,c,서울,서울특별시 강남구,강남구 압구정동 ,엘피지,1,0,0,0,89,25,20,0,3,0,0,0,138,no
202608,11,11680,1168054500,e,서울,서울특별시 강남구,강남구 압구정동 ,전기,0,0,0,0,383,2,9,0,81,0,3,0,478,yes
202608,11,11680,1168054500,g,서울,서울특별시 강남구,강남구 압구정동 ,휘발유(유연),0,0,0,0,3,0,0,0,0,0,0,0,3,no
202608,11,11680,1168054500,h,서울,서울특별시 강남구,강남구 압구정동 ,휘발유(무연),0,0,0,0,2560,1,5,0,27,0,0,0,2593,no
202608,11,11680,1168054500,l,서울,서울특별시 강남구,강남구 압구정동 ,하이브리드(휘발유+전기),0,0,0,0,1526,1,1,0,128,0,0,0,1656,no
202608,11,11680,1168054500,m,서울,서울특별시 강남구,강남구 압구정동 ,하이브리드(경유+전기),0,0,0,0,54,0,0,0,0,0,0,0,54,no
202608,11,11680,1168054500,n,서울,서울특별시 강남구,강남구 압구정동 ,하이브리드(LPG+전기),0,0,0,0,1,0,0,0,0,0,0,0,1,no
202608,11,11680,1168054500,q,서울,서울특별시 강남구,강남구 압구정동 ,수소,0,0,0,0,11,0,0,0,0,0,0,0,11,no
202608,11,11680,1168054500,r,서울,서울특별시 강남구,강남구 압구정동 ,수소전기,0,0,0,0,4,0,0,0,0,0,0,0,4,no
202608,11,11680,1168054500,z,서울,서울특별시 강남구,강남구 압구정동 ,기타연료,0,0,0,0,0,4,13,2,0,0,0,0,19,no
202608,11,11680,1168056500,a,서울,서울특별시 강남구,강남구 청담동 ,휘발유,0,0,0,0,3671,1,23,0,0,0,0,0,3695,no
202608,11,11680,1168056500,b,서울,서울특별시 강남구,강남구 청담동 ,경유,0,0,1,0,1978,144,633,12,0,0,16,1,2785,no
202608,11,11680,1168056500,c,서울,서울특별시 강남구,강남구 청담동 ,엘피지,0,0,0,0,122,32,62,0,9,0,4,0,229,no
202608,11,11680,1168056500,e,서울,서울특별시 강남구,강남구 청담동 ,전기,0,0,0,0,463,0,32,0,2,0,7,0,504,yes
202608,11,11680,1168056500,g,서울,서울특별시 강남구,강남구 청담동 ,휘발유(유연),0,0,0,0,1,0,0,0,0,0,0,0,1,no
202608,11,11680,1168056500,h,서울,서울특별시 강남구,강남구 청담동 ,휘발유(무연),0,0,0,0,3028,6,14,0,1,0,0,0,3049,no
202608,11,11680,1168056500,j,서울,서울특별시 강남구,강남구 청담동 ,CNG,0,0,0,0,0,0,4,0,0,0,0,0,4,no
202608,11,11680,1168056500,l,서울,서울특별시 강남구,강남구 청담동 ,하이브리드(휘발유+전기),0,0,0,0,1583,1,10,0,0,0,0,0,1594,no
202608,11,11680,1168056500,m,서울,서울특별시 강남구,강남구 청담동 ,하이브리드(경유+전기),0,0,0,0,69,0,0,0,0,0,0,0,69,no
202608,11,11680,1168056500,n,서울,서울특별시 강남구,강남구 청담동 ,하이브리드(LPG+전기),0,0,0,0,1,0,0,0,0,0,0,0,1,no
202608,11,11680,1168056500,q,서울,서울특별시 강남구,강남구 청담동 ,수소,0,0,0,0,4,0,0,0,0,0,0,0,4,no
202608,11,11680,1168056500,r,서울,서울특별시 강남구,강남구 청담동 ,수소전기,0,0,0,0,1,0,0,0,0,0,0,0,1,no
202608,11,11680,1168056500,z,서울,서울특별시 강남구,강남구 청담동 ,기타연료,0,0,0,0,1,10,24,7,0,0,0,0,42,no
202608,11,11680,1168058000,a,서울,서울특별시 강남구,강남구 삼성1동 ,휘발유,1,0,0,0,2133,3,15,0,13,0,0,0,2165,no
202608,11,11680,1168058000,b,서울,서울특별시 강남구,강남구 삼성1동 ,경유,7,24,70,9,1252,131,472,38,65,55,77,20,2220,no
202608,11,11680,1168058000,c,서울,서울특별시 강남구,강남구 삼성1동 ,엘피지,1,0,7,0,118,29,79,0,65,0,5,0,304,no
202608,11,11680,1168058000,e,서울,서울특별시 강남구,강남구 삼성1동 ,전기,59,1,9,0,837,0,61,0,248,0,5,0,1220,yes
202608,11,11680,1168058000,h,서울,서울특별시 강남구,강남구 삼성1동 ,휘발유(무연),6,0,0,0,2310,3,14,0,509,0,0,0,2842,no
202608,11,11680,1168058000,j,서울,서울특별시 강남구,강남구 삼성1동 ,CNG,0,3,10,0,1,0,0,0,0,0,0,0,14,no
202608,11,11680,1168058000,l,서울,서울특별시 강남구,강남구 삼성1동 ,하이브리드(휘발유+전기),5,4,0,0,1170,4,2,0,142,1,0,0,1328,no
202608,11,11680,1168058000,m,서울,서울특별시 강남구,강남구 삼성1동 ,하이브리드(경유+전기),0,0,0,0,51,0,0,0,0,0,0,0,51,no
202608,11,11680,1168058000,q,서울,서울특별시 강남구,강남구 삼성1동 ,수소,2,0,0,0,11,0,0,0,0,0,0,0,13,no
202608,11,11680,1168058000,r,서울,서울특별시 강남구,강남구 삼성1동 ,수소전기,0,0,0,0,1,0,0,0,0,0,0,0,1,no
202608,11,11680,1168058000,z,서울,서울특별시 강남구,강남구 삼성1동 ,기타연료,0,0,1,0,0,5,8,4,0,0,57,0,75,no
202608,11,11680,1168059000,a,서울,서울특별시 강남구,강남구 삼성2동 ,휘발유,2,0,0,0,3310,2,7,0,0,0,0,0,3321,no
202608,11,11680,1168059000,b,서울,서울특별시 강남구,강남구 삼성2동 ,경유,0,8,11,2,2012,141,429,15,0,25,14,10,2667,no
202608,11,11680,1168059000,c,서울,서울특별시 강남구,강남구 삼성2동 ,엘피지,0,0,0,0,152,20,40,0,12,0,0,0,224,no
202608,11,11680,1168059000,e,서울,서울특별시 강남구,강남구 삼성2동 ,전기,8,0,1,0,490,0,17,0,7,0,0,0,523,yes
202608,11,11680,1168059000,g,서울,서울특별시 강남구,강남구 삼성2동 ,휘발유(유연),0,0,0,0,1,0,0,0,0,0,0,0,1,no
202608,11,11680,1168059000,h,서울,서울특별시 강남구,강남구 삼성2동 ,휘발유(무연),5,0,0,0,3376,4,2,0,0,0,0,0,3387,no
202608,11,11680,1168059000,l,서울,서울특별시 강남구,강남구 삼성2동 ,하이브리드(휘발유+전기),3,0,0,0,1602,1,2,0,1,0,0,0,1609,no
202608,11,11680,1168059000,m,서울,서울특별시 강남구,강남구 삼성2동 ,하이브리드(경유+전기),0,0,0,0,64,0,0,0,0,0,0,0,64,no
202608,11,11680,1168059000,n,서울,서울특별시 강남구,강남구 삼성2동 ,하이브리드(LPG+전기),0,0,0,0,2,0,0,0,1,0,0,0,3,no
202608,11,11680,1168059000,q,서울,서울특별시 강남구,강남구 삼성2동 ,수소,0,0,0,0,6,0,0,0,0,0,0,0,6,no
202608,11,11680,1168059000,r,서울,서울특별시 강남구,강남구 삼성2동 ,수소전기,0,0,0,0,2,0,0,0,0,0,0,0,2,no
202608,11,11680,1168059000,z,서울,서울특별시 강남구,강남구 삼성2동 ,기타연료,0,0,0,0,0,4,12,4,0,0,0,0,20,no
202608,11,11680,1168060000,a,서울,서울특별시 강남구,강남구 대치1동 ,휘발유,0,0,0,0,3698,5,11,0,72,0,0,0,3786,no
202608,11,11680,1168060000,b,서울,서울특별시 강남구,강남구 대치1동 ,경유,0,0,12,4,1824,136,398,9,70,7,5,1,2466,no
202608,11,11680,1168060000,c,서울,서울특별시 강남구,강남구 대치1동 ,엘피지,0,0,2,0,76,14,55,0,30,0,1,0,178,no
202608,11,11680,1168060000,e,서울,서울특별시 강남구,강남구 대치1동 ,전기,5,0,1,0,956,0,31,1,2487,11,2,0,3494,yes
202608,11,11680,1168060000,g,서울,서울특별시 강남구,강남구 대치1동 ,휘발유(유연),0,0,0,0,4,0,0,0,0,0,0,0,4,no
202608,11,11680,1168060000,h,서울,서울특별시 강남구,강남구 대치1동 ,휘발유(무연),0,1,0,0,3241,0,2,0,804,0,0,0,4048,no
202608,11,11680,1168060000,j,서울,서울특별시 강남구,강남구 대치1동 ,CNG,0,0,0,0,0,0,0,0,0,7,0,0,7,no
202608,11,11680,1168060000,l,서울,서울특별시 강남구,강남구 대치1동 ,하이브리드(휘발유+전기),0,1,0,0,2122,8,3,0,145,0,0,0,2279,no
202608,11,11680,1168060000,m,서울,서울특별시 강남구,강남구 대치1동 ,하이브리드(경유+전기),0,0,0,0,79,0,0,0,7,0,0,0,86,no
202608,11,11680,1168060000,q,서울,서울특별시 강남구,강남구 대치1동 ,수소,0,0,0,0,27,0,0,0,1,0,0,0,28,no
202608,11,11680,1168060000,r,서울,서울특별시 강남구,강남구 대치1동 ,수소전기,0,0,0,0,2,0,0,0,3,0,0,0,5,no
202608,11,11680,1168060000,z,서울,서울특별시 강남구,강남구 대치1동 ,기타연료,0,0,0,0,0,3,15,6,0,0,0,0,24,no
202608,11,11680,1168061000,a,서울,서울특별시 강남구,강남구 대치2동 ,휘발유,0,0,0,0,5123,1,11,1,2,0,0,0,5138,no
202608,11,11680,1168061000,b,서울,서울특별시 강남구,강남구 대치2동 ,경유,0,2,0,0,2462,108,349,11,1,0,11,0,2944,no
202608,11,11680,1168061000,c,서울,서울특별시 강남구,강남구 대치2동 ,엘피지,0,0,0,0,220,26,62,1,20,0,6,0,335,no
202608,11,11680,1168061000,e,서울,서울특별시 강남구,강남구 대치2동 ,전기,0,0,0,0,1453,2,13,0,328,0,0,0,1796,yes
202608,11,11680,1168061000,g,서울,서울특별시 강남구,강남구 대치2동 ,휘발유(유연),0,0,0,0,12,0,0,0,0,0,0,0,12,no
202608,11,11680,1168061000,h,서울,서울특별시 강남구,강남구 대치2동 ,휘발유(무연),0,0,0,0,5158,0,6,0,7,0,0,0,5171,no
202608,11,11680,1168061000,j,서울,서울특별시 강남구,강남구 대치2동 ,CNG,0,0,0,0,2,0,0,0,0,0,0,0,2,no
202608,11,11680,1168061000,l,서울,서울특별시 강남구,강남구 대치2동 ,하이브리드(휘발유+전기),0,0,0,0,2576,2,0,0,2,0,0,0,2580,no
202608,11,11680,1168061000,m,서울,서울특별시 강남구,강남구 대치2동 ,하이브리드(경유+전기),0,0,0,0,59,0,0,0,0,0,0,0,59,no
202608,11,11680,1168061000,n,서울,서울특별시 강남구,강남구 대치2동 ,하이브리드(LPG+전기),0,0,0,0,1,0,0,0,0,0,0,0,1,no
202608,11,11680,1168061000,q,서울,서울특별시 강남구,강남구 대치2동 ,수소,0,0,0,0,16,0,0,0,0,0,0,0,16,no
202608,11,11680,1168061000,r,서울,서울특별시 강남구,강남구 대치2동 ,수소전기,0,0,0,0,1,0,0,0,0,0,0,0,1,no
202608,11,11680,1168061000,z,서울,서울특별시 강남구,강남구 대치2동 ,기타연료,0,0,0,0,0,5,10,2,0,0,0,0,17,no
202608,11,11680,1168063000,a,서울,서울특별시 강남구,강남구 대치4동 ,휘발유,0,0,0,0,2299,2,9,1,3,0,0,0,2314,no
202608,11,11680,1168063000,b,서울,서울특별시 강남구,강남구 대치4동 ,경유,0,0,0,0,1083,77,243,4,108,24,12,6,1557,no
202608,11,11680,1168063000,c,서울,서울특별시 강남구,강남구 대치4동 ,엘피지,0,0,0,0,152,16,41,0,25,0,3,0,237,no
202608,11,11680,1168063000,e,서울,서울특별시 강남구,강남구 대치4동 ,전기,0,0,0,0,414,0,12,0,266,0,1,0,693,yes
202608,11,11680,1168063000,g,서울,서울특별시 강남구,강남구 대치4동 ,휘발유(유연),0,0,0,0,2,0,0,0,0,0,0,0,2,no
202608,11,11680,1168063000,h,서울,서울특별시 강남구,강남구 대치4동 ,휘발유(무연),1,0,0,0,2286,3,0,0,440,0,0,0,2730,no
202608,11,11680,1168063000,l,서울,서울특별시 강남구,강남구 대치4동 ,하이브리드(휘발유+전기),0,0,0,0,791,1,0,0,124,0,0,0,916,no
202608,11,11680,1168063000,m,서울,서울특별시 강남구,강남구 대치4동 ,하이브리드(경유+전기),0,0,0,0,24,0,0,0,9,0,0,0,33,no
202608,11,11680,1168063000,n,서울,서울특별시 강남구,강남구 대치4동 ,하이브리드(LPG+전기),0,0,0,0,2,0,0,0,0,0,0,0,2,no
202608,11,11680,1168063000,q,서울,서울특별시 강남구,강남구 대치4동 ,수소,0,0,0,0,6,0,0,0,1,0,0,0,7,no
202608,11,11680,1168063000,z,서울,서울특별시 강남구,강남구 대치4동 ,기타연료,0,0,0,0,0,1,3,1,0,0,6,0,11,no
202608,11,11680,1168064000,a,서울,서울특별시 강남구,강남구 역삼1동 ,휘발유,0,0,0,0,4006,3,30,0,2,0,0,0,4041,no
202608,11,11680,1168064000,b,서울,서울특별시 강남구,강남구 역삼1동 ,경유,1,2,0,0,2855,281,1531,28,1,0,264,34,4997,no
202608,11,11680,1168064000,c,서울,서울특별시 강남구,강남구 역삼1동 ,엘피지,0,0,0,0,364,93,209,4,26,0,20,3,719,no
202608,11,11680,1168064000,e,서울,서울특별시 강남구,강남구 역삼1동 ,전기,0,0,0,0,653,1,141,4,5,0,6,0,810,yes
202608,11,11680,1168064000,g,서울,서울특별시 강남구,강남구 역삼1동 ,휘발유(유연),0,0,0,0,6,0,0,0,0,0,0,0,6,no
202608,11,11680,1168064000,h,서울,서울특별시 강남구,강남구 역삼1동 ,휘발유(무연),2,0,0,0,5582,5,29,0,4,0,0,0,5622,no
202608,11,11680,1168064000,j,서울,서울특별시 강남구,강남구 역삼1동 ,CNG,0,0,0,0,1,0,0,0,0,0,0,0,1,no
202608,11,11680,1168064000,l,서울,서울특별시 강남구,강남구 역삼1동 ,하이브리드(휘발유+전기),3,0,0,0,1906,3,7,0,4,0,0,0,1923,no
202608,11,11680,1168064000,m,서울,서울특별시 강남구,강남구 역삼1동 ,하이브리드(경유+전기),0,0,0,0,87,0,0,0,0,0,0,0,87,no
202608,11,11680,1168064000,n,서울,서울특별시 강남구,강남구 역삼1동 ,하이브리드(LPG+전기),0,0,0,0,5,0,0,0,0,0,0,0,5,no
202608,11,11680,1168064000,q,서울,서울특별시 강남구,강남구 역삼1동 ,수소,0,0,0,0,13,0,0,0,0,0,0,0,13,no
202608,11,11680,1168064000,r,서울,서울특별시 강남구,강남구 역삼1동 ,수소전기,0,0,0,0,2,0,0,0,0,0,0,0,2,no
202608,11,11680,1168064000,z,서울,서울특별시 강남구,강남구 역삼1동 ,기타연료,0,0,0,0,4,6,21,13,0,0,12,0,56,no
202608,11,11680,1168065000,a,서울,서울특별시 강남구,강남구 역삼2동 ,휘발유,0,0,0,0,3755,7,12,0,1,0,0,0,3775,no
202608,11,11680,1168065000,b,서울,서울특별시 강남구,강남구 역삼2동 ,경유,1,1,0,0,2656,184,658,11,0,0,52,3,3566,no
202608,11,11680,1168065000,c,서울,서울특별시 강남구,강남구 역삼2동 ,엘피지,0,0,0,0,214,36,79,0,21,0,5,0,355,no
202608,11,11680,1168065000,e,서울,서울특별시 강남구,강남구 역삼2동 ,전기,0,0,0,0,555,1,60,0,41,0,4,0,661,yes
202608,11,11680,1168065000,g,서울,서울특별시 강남구,강남구 역삼2동 ,휘발유(유연),0,0,0,0,3,0,0,0,0,0,0,0,3,no
202608,11,11680,1168065000,h,서울,서울특별시 강남구,강남구 역삼2동 ,휘발유(무연),0,0,0,0,4402,1,4,0,4,0,0,0,4411,no
202608,11,11680,1168065000,l,서울,서울특별시 강남구,강남구 역삼2동 ,하이브리드(휘발유+전기),1,0,0,0,2044,3,7,0,5,0,0,0,2060,no
202608,11,11680,1168065000,m,서울,서울특별시 강남구,강남구 역삼2동 ,하이브리드(경유+전기),0,0,0,0,62,0,0,0,1,0,0,0,63,no
202608,11,11680,1168065000,n,서울,서울특별시 강남구,강남구 역삼2동 ,하이브리드(LPG+전기),0,0,0,0,2,0,0,0,0,0,0,0,2,no
202608,11,11680,1168065000,q,서울,서울특별시 강남구,강남구 역삼2동 ,수소,0,0,0,0,12,0,0,0,14,0,0,0,26,no
202608,11,11680,1168065000,r,서울,서울특별시 강남구,강남구 역삼2동 ,수소전기,0,0,0,0,2,0,0,0,0,0,0,0,2,no
202608,11,11680,1168065000,z,서울,서울특별시 강남구,강남구 역삼2동 ,기타연료,0,0,0,0,0,4,19,6,0,0,0,0,29,no
202608,11,11680,1168065500,a,서울,서울특별시 강남구,강남구 도곡1동 ,휘발유,0,0,0,0,2018,2,3,0,5,0,0,0,2028,no
202608,11,11680,1168065500,b,서울,서울특별시 강남구,강남구 도곡1동 ,경유,0,0,2,0,1346,87,405,6,11,35,57,27,1976,no
202608,11,11680,1168065500,c,서울,서울특별시 강남구,강남구 도곡1동 ,엘피지,0,0,8,0,121,15,29,0,61,0,2,0,236,no
202608,11,11680,1168065500,e,서울,서울특별시 강남구,강남구 도곡1동 ,전기,7,0,0,0,300,0,31,0,9,3,1,0,351,yes
202608,11,11680,1168065500,g,서울,서울특별시 강남구,강남구 도곡1동 ,휘발유(유연),0,0,0,0,4,0,0,0,0,0,0,0,4,no
202608,11,11680,1168065500,h,서울,서울특별시 강남구,강남구 도곡1동 ,휘발유(무연),2,0,0,0,2716,2,4,0,10,0,0,0,2734,no
202608,11,11680,1168065500,l,서울,서울특별시 강남구,강남구 도곡1동 ,하이브리드(휘발유+전기),0,0,0,0,1213,1,25,0,19,0,0,0,1258,no
202608,11,11680,1168065500,m,서울,서울특별시 강남구,강남구 도곡1동 ,하이브리드(경유+전기),0,0,0,0,41,0,0,0,1,0,0,0,42,no
202608,11,11680,1168065500,n,서울,서울특별시 강남구,강남구 도곡1동 ,하이브리드(LPG+전기),0,0,0,0,1,0,0,0,0,0,0,0,1,no
202608,11,11680,1168065500,q,서울,서울특별시 강남구,강남구 도곡1동 ,수소,0,0,0,0,18,0,0,0,0,0,0,0,18,no
202608,11,11680,1168065500,r,서울,서울특별시 강남구,강남구 도곡1동 ,수소전기,0,0,0,0,3,0,0,0,0,0,0,0,3,no
202608,11,11680,1168065500,z,서울,서울특별시 강남구,강남구 도곡1동 ,기타연료,0,0,0,0,0,2,13,2,0,0,66,0,83,no
202608,11,11680,1168065600,a,서울,서울특별시 강남구,강남구 도곡2동 ,휘발유,0,0,0,0,4127,6,8,0,0,0,0,0,4141,no
202608,11,11680,1168065600,b,서울,서울특별시 강남구,강남구 도곡2동 ,경유,0,1,0,0,1992,88,389,12,2,76,4,3,2567,no
202608,11,11680,1168065600,c,서울,서울특별시 강남구,강남구 도곡2동 ,엘피지,0,0,0,0,76,17,26,1,9,0,0,1,130,no
202608,11,11680,1168065600,e,서울,서울특별시 강남구,강남구 도곡2동 ,전기,0,0,0,0,567,1,18,0,1,0,2,0,589,yes
202608,11,11680,1168065600,g,서울,서울특별시 강남구,강남구 도곡2동 ,휘발유(유연),0,0,0,0,5,0,0,0,0,0,0,0,5,no
202608,11,11680,1168065600,h,서울,서울특별시 강남구,강남구 도곡2동 ,휘발유(무연),3,0,0,0,3260,0,4,0,6,0,0,0,3273,no
202608,11,11680,1168065600,l,서울,서울특별시 강남구,강남구 도곡2동 ,하이브리드(휘발유+전기),0,0,0,0,2167,1,2,0,0,0,0,0,2170,no
202608,11,11680,1168065600,m,서울,서울특별시 강남구,강남구 도곡2동 ,하이브리드(경유+전기),0,0,0,0,80,0,0,0,0,0,0,0,80,no
202608,11,11680,1168065600,n,서울,서울특별시 강남구,강남구 도곡2동 ,하이브리드(LPG+전기),0,0,0,0,2,0,0,0,0,0,0,0,2,no
202608,11,11680,1168065600,q,서울,서울특별시 강남구,강남구 도곡2동 ,수소,0,0,0,0,5,0,0,0,0,0,0,0,5,no
202608,11,11680,1168065600,r,서울,서울특별시 강남구,강남구 도곡2동 ,수소전기,0,0,0,0,2,0,0,0,0,0,0,0,2,no
202608,11,11680,1168065600,z,서울,서울특별시 강남구,강남구 도곡2동 ,기타연료,0,0,0,0,1,4,77,3,0,0,0,0,85,no
202608,11,11680,1168066000,a,서울,서울특별시 강남구,강남구 개포1동 ,휘발유,0,0,0,0,2817,2,3,0,10,0,0,0,2832,no
202608,11,11680,1168066000,b,서울,서울특별시 강남구,강남구 개포1동 ,경유,0,0,0,0,1856,111,353,9,10,5,14,2,2360,no
202608,11,11680,1168066000,c,서울,서울특별시 강남구,강남구 개포1동 ,엘피지,0,0,1,0,152,12,71,1,41,0,5,1,284,no
202608,11,11680,1168066000,e,서울,서울특별시 강남구,강남구 개포1동 ,전기,0,0,0,0,617,0,18,0,9,3,6,0,653,yes
202608,11,11680,1168066000,g,서울,서울특별시 강남구,강남구 개포1동 ,휘발유(유연),0,0,0,0,3,0,0,0,0,0,0,0,3,no
202608,11,11680,1168066000,h,서울,서울특별시 강남구,강남구 개포1동 ,휘발유(무연),0,0,0,0,3326,0,3,0,23,0,0,0,3352,no
202608,11,11680,1168066000,j,서울,서울특별시 강남구,강남구 개포1동 ,CNG,0,0,0,0,0,0,4,0,0,135,0,0,139,no
202608,11,11680,1168066000,l,서울,서울특별시 강남구,강남구 개포1동 ,하이브리드(휘발유+전기),0,0,0,0,1952,3,2,0,17,0,0,0,1974,no
202608,11,11680,1168066000,m,서울,서울특별시 강남구,강남구 개포1동 ,하이브리드(경유+전기),0,0,0,0,76,0,0,0,0,0,0,0,76,no
202608,11,11680,1168066000,q,서울,서울특별시 강남구,강남구 개포1동 ,수소,0,0,0,0,8,0,0,0,0,0,0,0,8,no
202608,11,11680,1168066000,r,서울,서울특별시 강남구,강남구 개포1동 ,수소전기,0,0,0,0,1,0,0,0,0,0,0,0,1,no
202608,11,11680,1168066000,z,서울,서울특별시 강남구,강남구 개포1동 ,기타연료,0,0,0,0,0,5,17,7,0,0,0,0,29,no
202608,11,11680,1168067000,a,서울,서울특별시 강남구,강남구 개포2동 ,휘발유,0,0,0,0,3634,1,11,0,0,0,0,0,3646,no
202608,11,11680,1168067000,b,서울,서울특별시 강남구,강남구 개포2동 ,경유,0,0,10,0,2305,76,255,10,0,0,23,1,2680,no
202608,11,11680,1168067000,c,서울,서울특별시 강남구,강남구 개포2동 ,엘피지,0,0,2,0,292,25,41,0,300,0,7,0,667,no
202608,11,11680,1168067000,e,서울,서울특별시 강남구,강남구 개포2동 ,전기,0,0,0,0,797,1,12,0,56,0,3,0,869,yes
202608,11,11680,1168067000,g,서울,서울특별시 강남구,강남구 개포2동 ,휘발유(유연),0,0,0,0,2,0,0,0,0,0,0,0,2,no
202608,11,11680,1168067000,h,서울,서울특별시 강남구,강남구 개포2동 ,휘발유(무연),0,0,0,0,4606,0,4,0,6,0,0,0,4616,no
202608,11,11680,1168067000,j,서울,서울특별시 강남구,강남구 개포2동 ,CNG,0,0,0,0,0,0,0,0,0,21,0,0,21,no
202608,11,11680,1168067000,l,서울,서울특별시 강남구,강남구 개포2동 ,하이브리드(휘발유+전기),0,0,0,0,2394,4,2,0,18,0,0,0,2418,no
202608,11,11680,1168067000,m,서울,서울특별시 강남구,강남구 개포2동 ,하이브리드(경유+전기),0,0,0,0,56,0,0,0,0,0,0,0,56,no
202608,11,11680,1168067000,n,서울,서울특별시 강남구,강남구 개포2동 ,하이브리드(LPG+전기),0,0,0,0,1,0,0,0,0,0,0,0,1,no
202608,11,11680,1168067000,q,서울,서울특별시 강남구,강남구 개포2동 ,수소,0,0,0,0,19,0,0,0,0,0,0,0,19,no
202608,11,11680,1168067000,r,서울,서울특별시 강남구,강남구 개포2동 ,수소전기,0,0,0,0,1,0,0,0,0,0,0,0,1,no
202608,11,11680,1168067000,z,서울,서울특별시 강남구,강남구 개포2동 ,기타연료,0,0,0,0,1,4,16,4,0,0,0,0,25,no
202608,11,11680,1168067500,a,서울,서울특별시 강남구,강남구 개포3동 ,휘발유,1,0,0,0,999,0,2,0,2,0,0,0,1004,no
202608,11,11680,1168067500,b,서울,서울특별시 강남구,강남구 개포3동 ,경유,0,0,23,1,756,46,127,2,4,1,16,1,977,no
202608,11,11680,1168067500,c,서울,서울특별시 강남구,강남구 개포3동 ,엘피지,0,1,19,0,137,3,11,0,370,1,2,0,544,no
202608,11,11680,1168067500,e,서울,서울특별시 강남구,강남구 개포3동 ,전기,0,0,0,0,196,1,6,0,70,0,2,0,275,yes
202608,11,11680,1168067500,g,서울,서울특별시 강남구,강남구 개포3동 ,휘발유(유연),0,0,0,0,2,0,0,0,0,0,0,0,2,no
202608,11,11680,1168067500,h,서울,서울특별시 강남구,강남구 개포3동 ,휘발유(무연),2,0,0,0,1608,0,2,0,33,0,0,0,1645,no
202608,11,11680,1168067500,l,서울,서울특별시 강남구,강남구 개포3동 ,하이브리드(휘발유+전기),0,0,0,0,642,0,0,0,5,0,0,0,647,no
202608,11,11680,1168067500,m,서울,서울특별시 강남구,강남구 개포3동 ,하이브리드(경유+전기),0,0,0,0,8,0,0,0,0,0,0,0,8,no
202608,11,11680,1168067500,n,서울,서울특별시 강남구,강남구 개포3동 ,하이브리드(LPG+전기),0,0,0,0,1,0,0,0,2,0,0,0,3,no
202608,11,11680,1168067500,q,서울,서울특별시 강남구,강남구 개포3동 ,수소,0,0,0,0,8,0,0,0,0,0,0,0,8,no
202608,11,11680,1168067500,z,서울,서울특별시 강남구,강남구 개포3동 ,기타연료,0,0,0,0,0,1,5,0,0,0,0,0,6,no
202608,11,11680,1168069000,a,서울,서울특별시 강남구,강남구 개포4동 ,휘발유,0,0,0,0,1810,2,4,0,0,0,0,0,1816,no
202608,11,11680,1168069000,b,서울,서울특별시 강남구,강남구 개포4동 ,경유,0,2,0,0,1440,103,497,10,0,0,32,2,2086,no
202608,11,11680,1168069000,c,서울,서울특별시 강남구,강남구 개포4동 ,엘피지,0,0,0,0,184,51,64,0,23,0,7,0,329,no
202608,11,11680,1168069000,e,서울,서울특별시 강남구,강남구 개포4동 ,전기,0,0,0,0,304,1,24,0,6,0,3,0,338,yes
202608,11,11680,1168069000,g,서울,서울특별시 강남구,강남구 개포4동 ,휘발유(유연),0,0,0,0,3,0,0,0,0,0,0,0,3,no
202608,11,11680,1168069000,h,서울,서울특별시 강남구,강남구 개포4동 ,휘발유(무연),0,0,0,0,2706,1,8,0,0,0,0,0,2715,no
202608,11,11680,1168069000,l,서울,서울특별시 강남구,강남구 개포4동 ,하이브리드(휘발유+전기),2,0,0,0,1156,2,7,0,0,0,0,0,1167,no
202608,11,11680,1168069000,m,서울,서울특별시 강남구,강남구 개포4동 ,하이브리드(경유+전기),0,0,0,0,28,0,0,0,0,0,0,0,28,no
202608,11,11680,1168069000,n,서울,서울특별시 강남구,강남구 개포4동 ,하이브리드(LPG+전기),0,0,0,0,1,0,0,0,0,0,0,0,1,no
202608,11,11680,1168069000,q,서울,서울특별시 강남구,강남구 개포4동 ,수소,0,0,0,0,10,0,0,0,0,0,0,0,10,no
202608,11,11680,1168069000,r,서울,서울특별시 강남구,강남구 개포4동 ,수소전기,0,0,0,0,1,0,0,0,0,0,0,0,1,no
202608,11,11680,1168069000,z,서울,서울특별시 강남구,강남구 개포4동 ,기타연료,0,0,0,0,0,5,6,2,0,0,0,0,13,no
202608,11,11680,1168070000,a,서울,서울특별시 강남구,강남구 세곡동 ,휘발유,0,0,0,0,3560,1,19,0,93,0,0,0,3673,no
202608,11,11680,1168070000,b,서울,서울특별시 강남구,강남구 세곡동 ,경유,0,0,0,0,3532,208,845,51,24,68,119,20,4867,no
202608,11,11680,1168070000,c,서울,서울특별시 강남구,강남구 세곡동 ,엘피지,0,0,0,0,738,40,138,3,524,23,19,0,1485,no
202608,11,11680,1168070000,e,서울,서울특별시 강남구,강남구 세곡동 ,전기,0,0,0,0,871,1,47,0,76,0,27,0,1022,yes
202608,11,11680,1168070000,g,서울,서울특별시 강남구,강남구 세곡동 ,휘발유(유연),0,0,0,0,5,0,0,0,0,0,0,0,5,no
202608,11,11680,1168070000,h,서울,서울특별시 강남구,강남구 세곡동 ,휘발유(무연),1,0,0,0,5927,1,12,0,324,0,0,0,6265,no
202608,11,11680,1168070000,j,서울,서울특별시 강남구,강남구 세곡동 ,CNG,0,0,0,0,1,0,0,0,0,0,0,0,1,no
202608,11,11680,1168070000,l,서울,서울특별시 강남구,강남구 세곡동 ,하이브리드(휘발유+전기),0,0,0,0,2238,1,5,1,26,0,0,0,2271,no
202608,11,11680,1168070000,m,서울,서울특별시 강남구,강남구 세곡동 ,하이브리드(경유+전기),0,0,0,0,50,0,0,0,0,0,0,0,50,no
202608,11,11680,1168070000,n,서울,서울특별시 강남구,강남구 세곡동 ,하이브리드(LPG+전기),0,0,0,0,5,0,0,0,0,0,0,0,5,no
202608,11,11680,1168070000,q,서울,서울특별시 강남구,강남구 세곡동 ,수소,0,0,0,0,23,0,0,0,0,0,0,0,23,no
202608,11,11680,1168070000,z,서울,서울특별시 강남구,강남구 세곡동 ,기타연료,0,0,0,0,0,6,27,5,0,0,21,0,59,no
202608,11,11680,1168072000,a,서울,서울특별시 강남구,강남구 일원본동 ,휘발유,0,0,0,0,1832,0,3,0,21,0,0,0,1856,no
202608,11,11680,1168072000,b,서울,서울특별시 강남구,강남구 일원본동 ,경유,0,0,0,0,1427,49,164,4,12,2,314,3,1975,no
202608,11,11680,1168072000,c,서울,서울특별시 강남구,강남구 일원본동 ,엘피지,0,0,0,0,181,15,16,0,111,3,14,0,340,no
202608,11,11680,1168072000,e,서울,서울특별시 강남구,강남구 일원본동 ,전기,0,0,0,0,268,0,10,1,25,0,2,0,306,yes
202608,11,11680,1168072000,g,서울,서울특별시 강남구,강남구 일원본동 ,휘발유(유연),0,0,0,0,1,0,0,0,0,0,0,0,1,no
202608,11,11680,1168072000,h,서울,서울특별시 강남구,강남구 일원본동 ,휘발유(무연),0,0,0,0,2740,1,1,0,137,0,0,0,2879,no
202608,11,11680,1168072000,j,서울,서울특별시 강남구,강남구 일원본동 ,CNG,0,0,0,0,0,4,0,0,0,0,0,0,4,no
202608,11,11680,1168072000,l,서울,서울특별시 강남구,강남구 일원본동 ,하이브리드(휘발유+전기),0,0,0,0,1294,1,3,0,59,0,0,0,1357,no
202608,11,11680,1168072000,m,서울,서울특별시 강남구,강남구 일원본동 ,하이브리드(경유+전기),0,0,0,0,22,0,0,0,0,0,0,0,22,no
202608,11,11680,1168072000,n,서울,서울특별시 강남구,강남구 일원본동 ,하이브리드(LPG+전기),0,0,0,0,1,0,0,0,0,0,0,0,1,no
202608,11,11680,1168072000,q,서울,서울특별시 강남구,강남구 일원본동 ,수소,0,0,0,0,12,0,0,0,0,0,0,0,12,no
202608,11,11680,1168072000,z,서울,서울특별시 강남구,강남구 일원본동 ,기타연료,0,0,0,0,0,0,4,2,0,0,1,0,7,no
202608,11,11680,1168073000,a,서울,서울특별시 강남구,강남구 일원1동 ,휘발유,0,0,0,0,691,1,2,0,0,0,0,0,694,no
202608,11,11680,1168073000,b,서울,서울특별시 강남구,강남구 일원1동 ,경유,0,0,0,0,720,81,238,6,0,3,43,1,1092,no
202608,11,11680,1168073000,c,서울,서울특별시 강남구,강남구 일원1동 ,엘피지,0,0,0,0,199,12,24,0,341,0,16,0,592,no
202608,11,11680,1168073000,e,서울,서울특별시 강남구,강남구 일원1동 ,전기,0,0,0,0,119,0,12,0,95,0,6,0,232,yes
202608,11,11680,1168073000,h,서울,서울특별시 강남구,강남구 일원1동 ,휘발유(무연),0,0,0,0,1383,0,4,0,5,0,0,0,1392,no
202608,11,11680,1168073000,j,서울,서울특별시 강남구,강남구 일원1동 ,CNG,0,0,0,0,0,1,0,0,0,0,0,0,1,no
202608,11,11680,1168073000,l,서울,서울특별시 강남구,강남구 일원1동 ,하이브리드(휘발유+전기),0,0,0,0,422,0,4,0,7,0,0,0,433,no
202608,11,11680,1168073000,m,서울,서울특별시 강남구,강남구 일원1동 ,하이브리드(경유+전기),0,0,0,0,7,0,0,0,0,0,0,0,7,no
202608,11,11680,1168073000,n,서울,서울특별시 강남구,강남구 일원1동 ,하이브리드(LPG+전기),0,0,0,0,1,0,0,0,1,0,0,0,2,no
202608,11,11680,1168073000,q,서울,서울특별시 강남구,강남구 일원1동 ,수소,0,0,0,0,4,0,0,0,0,0,0,0,4,no
202608,11,11680,1168073000,r,서울,서울특별시 강남구,강남구 일원1동 ,수소전기,0,0,0,0,1,0,0,0,0,0,0,0,1,no
202608,11,11680,1168073000,z,서울,서울특별시 강남구,강남구 일원1동 ,기타연료,0,0,0,0,1,1,8,0,0,0,0,0,10,no
202608,11,11680,1168074000,a,서울,서울특별시 강남구,강남구 일원2동 ,휘발유,0,0,0,0,3,0,0,0,0,0,0,0,3,no
202608,11,11680,1168074000,b,서울,서울특별시 강남구,강남구 일원2동 ,경유,0,0,0,0,1,1,1,0,0,0,0,0,3,no
202608,11,11680,1168074000,c,서울,서울특별시 강남구,강남구 일원2동 ,엘피지,0,0,0,0,2,0,0,0,0,0,0,0,2,no
202608,11,11680,1168074000,h,서울,서울특별시 강남구,강남구 일원2동 ,휘발유(무연),0,0,0,0,2,0,0,0,0,0,0,0,2,no
202608,11,11680,1168075000,a,서울,서울특별시 강남구,강남구 수서동 ,휘발유,0,0,0,0,913,0,2,0,10,0,0,0,925,no
202608,11,11680,1168075000,b,서울,서울특별시 강남구,강남구 수서동 ,경유,0,0,0,0,638,59,308,14,20,42,266,4,1351,no
202608,11,11680,1168075000,c,서울,서울특별시 강남구,강남구 수서동 ,엘피지,0,1,0,0,194,20,40,0,115,0,3,0,373,no
202608,11,11680,1168075000,e,서울,서울특별시 강남구,강남구 수서동 ,전기,2,0,0,0,123,0,7,0,16,0,61,0,209,yes
202608,11,11680,1168075000,h,서울,서울특별시 강남구,강남구 수서동 ,휘발유(무연),1,0,0,0,1410,0,3,0,101,0,0,0,1515,no
202608,11,11680,1168075000,l,서울,서울특별시 강남구,강남구 수서동 ,하이브리드(휘발유+전기),0,0,0,0,556,1,2,0,23,0,0,0,582,no
202608,11,11680,1168075000,m,서울,서울특별시 강남구,강남구 수서동 ,하이브리드(경유+전기),0,0,0,0,14,0,0,0,0,0,0,0,14,no
202608,11,11680,1168075000,n,서울,서울특별시 강남구,강남구 수서동 ,하이브리드(LPG+전기),0,0,0,0,1,0,0,0,0,0,0,0,1,no
202608,11,11680,1168075000,q,서울,서울특별시 강남구,강남구 수서동 ,수소,0,0,0,0,6,0,0,0,0,0,0,0,6,no
202608,11,11680,1168075000,z,서울,서울특별시 강남구,강남구 수서동 ,기타연료,0,0,0,0,0,1,1,2,0,0,0,0,4,no
202608,11,11710,1171010100,a,서울,서울특별시 송파구,기타,휘발유,0,0,0,0,1,0,0,0,0,0,0,0,1,no
202608,11,11710,1171010200,a,서울,서울특별시 송파구,기타,휘발유,0,0,0,0,9,0,7,0,0,0,0,0,16,no
202608,11,11710,1171010200,b,서울,서울특별시 송파구,기타,경유,0,0,0,0,1,1,14,0,0,0,0,0,16,no
202608,11,11710,1171010300,a,서울,서울특별시 송파구,기타,휘발유,0,0,0,0,1,0,0,0,0,0,0,0,1,no
202608,11,11710,1171010700,b,서울,서울특별시 송파구,기타,경유,0,0,0,0,1,0,0,0,0,0,0,0,1,no
202608,11,11710,1171010800,a,서울,서울특별시 송파구,기타,휘발유,0,0,0,0,4,0,0,0,0,0,0,0,4,no
202608,11,11710,1171010800,b,서울,서울특별시 송파구,기타,경유,0,0,0,0,0,0,3,0,0,0,0,0,3,no
202608,11,11710,1171010800,l,서울,서울특별시 송파구,기타,하이브리드(휘발유+전기),0,0,0,0,1,0,0,0,0,0,0,0,1,no
202608,11,11710,1171011100,a,서울,서울특별시 송파구,기타,휘발유,0,0,0,0,5,0,0,0,0,0,0,0,5,no
202608,11,11710,1171011100,b,서울,서울특별시 송파구,기타,경유,0,0,0,0,0,0,4,0,0,0,0,0,4,no
202608,11,11710,1171011100,h,서울,서울특별시 송파구,기타,휘발유(무연),0,0,0,0,1,0,0,0,0,0,0,0,1,no
202608,11,11710,1171011200,b,서울,서울특별시 송파구,기타,경유,0,0,0,0,1,0,1,0,0,0,0,0,2,no
202608,11,11710,1171011300,a,서울,서울특별시 송파구,기타,휘발유,0,0,0,0,1,0,0,0,0,0,0,0,1,no
202608,11,11710,1171011300,b,서울,서울특별시 송파구,기타,경유,0,0,0,0,0,0,1,0,0,0,0,0,1,no
202608,11,11710,1171051000,a,서울,서울특별시 송파구,송파구 풍납1동 ,휘발유,0,0,0,0,537,0,6,0,2,0,0,0,545,no
202608,11,11710,1171051000,b,서울,서울특별시 송파구,송파구 풍납1동 ,경유,1,0,0,0,685,72,215,6,1,39,38,4,1061,no
202608,11,11710,1171051000,c,서울,서울특별시 송파구,송파구 풍납1동 ,엘피지,0,0,0,0,169,5,45,0,183,0,16,0,418,no
202608,11,11710,1171051000,e,서울,서울특별시 송파구,송파구 풍납1동 ,전기,1,0,0,0,78,0,9,0,9,1,11,0,109,yes
202608,11,11710,1171051000,g,서울,서울특별시 송파구,송파구 풍납1동 ,휘발유(유연),0,0,0,0,1,0,0,0,0,0,0,0,1,no
202608,11,11710,1171051000,h,서울,서울특별시 송파구,송파구 풍납1동 ,휘발유(무연),0,0,0,0,1131,0,0,0,85,0,0,0,1216,no
202608,11,11710,1171051000,l,서울,서울특별시 송파구,송파구 풍납1동 ,하이브리드(휘발유+전기),1,0,0,0,346,0,0,0,2,0,0,0,349,no
202608,11,11710,1171051000,m,서울,서울특별시 송파구,송파구 풍납1동 ,하이브리드(경유+전기),0,0,0,0,6,0,0,0,0,0,0,0,6,no
202608,11,11710,1171051000,n,서울,서울특별시 송파구,송파구 풍납1동 ,하이브리드(LPG+전기),0,0,0,0,1,0,0,0,0,0,0,0,1,no
202608,11,11710,1171051000,q,서울,서울특별시 송파구,송파구 풍납1동 ,수소,0,0,0,0,6,0,0,0,1,0,0,0,7,no
202608,11,11710,1171051000,r,서울,서울특별시 송파구,송파구 풍납1동 ,수소전기,0,0,0,0,1,0,0,0,0,0,0,0,1,no
202608,11,11710,1171051000,z,서울,서울특별시 송파구,송파구 풍납1동 ,기타연료,0,0,0,0,0,0,5,0,0,0,3,0,8,no
202608,11,11710,1171052000,a,서울,서울특별시 송파구,송파구 풍납2동 ,휘발유,0,0,0,0,1400,0,7,0,0,0,0,0,1407,no
202608,11,11710,1171052000,b,서울,서울특별시 송파구,송파구 풍납2동 ,경유,0,0,0,0,1312,101,305,4,1,0,42,6,1771,no
202608,11,11710,1171052000,c,서울,서울특별시 송파구,송파구 풍납2동 ,엘피지,0,0,0,0,244,19,46,0,179,0,18,2,508,no
202608,11,11710,1171052000,e,서울,서울특별시 송파구,송파구 풍납2동 ,전기,0,0,0,0,248,1,16,0,8,0,8,0,281,yes
202608,11,11710,1171052000,g,서울,서울특별시 송파구,송파구 풍납2동 ,휘발유(유연),0,0,0,0,3,0,0,0,0,0,0,0,3,no
202608,11,11710,1171052000,h,서울,서울특별시 송파구,송파구 풍납2동 ,휘발유(무연),0,0,0,0,2632,0,4,0,0,0,0,0,2636,no
202608,11,11710,1171052000,j,서울,서울특별시 송파구,송파구 풍납2동 ,CNG,0,0,0,0,0,2,1,0,0,0,0,0,3,no
202608,11,11710,1171052000,l,서울,서울특별시 송파구,송파구 풍납2동 ,하이브리드(휘발유+전기),0,0,0,0,955,0,5,1,3,0,0,0,964,no
202608,11,11710,1171052000,m,서울,서울특별시 송파구,송파구 풍납2동 ,하이브리드(경유+전기),0,0,0,0,9,0,0,0,0,0,0,0,9,no
202608,11,11710,1171052000,n,서울,서울특별시 송파구,송파구 풍납2동 ,하이브리드(LPG+전기),0,0,0,0,1,0,0,0,0,0,0,0,1,no
202608,11,11710,1171052000,q,서울,서울특별시 송파구,송파구 풍납2동 ,수소,0,0,0,0,8,0,0,0,0,0,0,0,8,no
202608,11,11710,1171052000,r,서울,서울특별시 송파구,송파구 풍납2동 ,수소전기,0,0,0,0,1,0,0,0,0,0,0,0,1,no
202608,11,11710,1171052000,z,서울,서울특별시 송파구,송파구 풍납2동 ,기타연료,0,0,0,0,0,3,7,3,0,0,2,0,15,no
202608,11,11710,1171053100,a,서울,서울특별시 송파구,송파구 거여1동 ,휘발유,0,0,0,0,534,0,2,0,0,0,0,0,536,no
202608,11,11710,1171053100,b,서울,서울특별시 송파구,송파구 거여1동 ,경유,0,0,0,0,743,102,414,1,0,0,56,11,1327,no
202608,11,11710,1171053100,c,서울,서울특별시 송파구,송파구 거여1동 ,엘피지,0,0,0,0,194,12,69,0,53,0,23,0,351,no
202608,11,11710,1171053100,e,서울,서울특별시 송파구,송파구 거여1동 ,전기,0,0,0,0,68,0,8,0,12,0,6,0,94,yes
202608,11,11710,1171053100,g,서울,서울특별시 송파구,송파구 거여1동 ,휘발유(유연),0,0,0,0,1,0,0,0,0,0,0,0,1,no
202608,11,11710,1171053100,h,서울,서울특별시 송파구,송파구 거여1동 ,휘발유(무연),0,0,0,0,1378,2,2,0,1,0,0,0,1383,no
202608,11,11710,1171053100,l,서울,서울특별시 송파구,송파구 거여1동 ,하이브리드(휘발유+전기),0,0,0,0,374,5,1,0,2,0,0,0,382,no
202608,11,11710,1171053100,m,서울,서울특별시 송파구,송파구 거여1동 ,하이브리드(경유+전기),0,0,0,0,5,0,0,0,0,0,0,0,5,no
202608,11,11710,1171053100,q,서울,서울특별시 송파구,송파구 거여1동 ,수소,0,0,0,0,4,0,0,0,0,0,0,0,4,no
202608,11,11710,1171053100,z,서울,서울특별시 송파구,송파구 거여1동 ,기타연료,0,0,0,0,0,2,5,0,0,0,0,0,7,no
202608,11,11710,1171053200,a,서울,서울특별시 송파구,송파구 거여2동 ,휘발유,0,0,0,0,1244,1,5,0,0,0,0,0,1250,no
202608,11,11710,1171053200,b,서울,서울특별시 송파구,송파구 거여2동 ,경유,0,0,0,0,1357,88,369,5,0,0,61,2,1882,no
202608,11,11710,1171053200,c,서울,서울특별시 송파구,송파구 거여2동 ,엘피지,0,0,0,0,273,20,55,1,83,0,20,0,452,no
202608,11,11710,1171053200,e,서울,서울특별시 송파구,송파구 거여2동 ,전기,0,0,0,0,237,2,22,0,27,0,11,0,299,yes
202608,11,11710,1171053200,g,서울,서울특별시 송파구,송파구 거여2동 ,휘발유(유연),0,0,0,0,2,0,0,0,0,0,0,0,2,no
202608,11,11710,1171053200,h,서울,서울특별시 송파구,송파구 거여2동 ,휘발유(무연),0,0,0,0,2676,0,5,0,1,0,0,0,2682,no
202608,11,11710,1171053200,l,서울,서울특별시 송파구,송파구 거여2동 ,하이브리드(휘발유+전기),0,0,0,0,957,2,3,0,1,0,0,0,963,no
202608,11,11710,1171053200,m,서울,서울특별시 송파구,송파구 거여2동 ,하이브리드(경유+전기),0,0,0,0,22,0,0,0,0,0,0,0,22,no
202608,11,11710,1171053200,n,서울,서울특별시 송파구,송파구 거여2동 ,하이브리드(LPG+전기),0,0,0,0,3,0,0,0,0,0,0,0,3,no
202608,11,11710,1171053200,q,서울,서울특별시 송파구,송파구 거여2동 ,수소,0,0,0,0,9,0,0,0,0,0,0,0,9,no
202608,11,11710,1171053200,z,서울,서울특별시 송파구,송파구 거여2동 ,기타연료,0,0,0,0,0,3,10,5,0,0,0,0,18,no
202608,11,11710,1171054000,a,서울,서울특별시 송파구,송파구 마천1동 ,휘발유,0,0,0,0,645,0,8,0,1,0,0,0,654,no
202608,11,11710,1171054000,b,서울,서울특별시 송파구,송파구 마천1동 ,경유,1,13,12,7,859,109,451,10,0,8,87,8,1565,no
202608,11,11710,1171054000,c,서울,서울특별시 송파구,송파구 마천1동 ,엘피지,0,0,1,0,249,26,79,2,290,0,26,0,673,no
202608,11,11710,1171054000,e,서울,서울특별시 송파구,송파구 마천1동 ,전기,6,0,1,0,75,0,19,0,18,20,13,0,152,yes
202608,11,11710,1171054000,h,서울,서울특별시 송파구,송파구 마천1동 ,휘발유(무연),0,0,0,0,1530,0,2,0,0,0,0,0,1532,no
202608,11,11710,1171054000,j,서울,서울특별시 송파구,송파구 마천1동 ,CNG,0,0,0,0,0,0,0,0,0,29,0,0,29,no
202608,11,11710,1171054000,l,서울,서울특별시 송파구,송파구 마천1동 ,하이브리드(휘발유+전기),1,0,0,0,347,2,2,1,3,0,0,0,356,no
202608,11,11710,1171054000,m,서울,서울특별시 송파구,송파구 마천1동 ,하이브리드(경유+전기),0,0,0,0,4,0,0,0,0,0,0,0,4,no
202608,11,11710,1171054000,n,서울,서울특별시 송파구,송파구 마천1동 ,하이브리드(LPG+전기),0,0,0,0,3,0,0,0,20,0,0,0,23,no
202608,11,11710,1171054000,q,서울,서울특별시 송파구,송파구 마천1동 ,수소,0,0,0,0,5,0,0,0,0,2,0,0,7,no
202608,11,11710,1171054000,z,서울,서울특별시 송파구,송파구 마천1동 ,기타연료,0,0,1,0,0,3,4,4,0,0,1,0,13,no
202608,11,11710,1171055000,a,서울,서울특별시 송파구,송파구 마천2동 ,휘발유,0,0,0,0,709,0,4,0,0,0,0,0,713,no
202608,11,11710,1171055000,b,서울,서울특별시 송파구,송파구 마천2동 ,경유,0,0,0,1,973,137,499,9,0,9,109,21,1758,no
202608,11,11710,1171055000,c,서울,서울특별시 송파구,송파구 마천2동 ,엘피지,0,0,0,0,253,36,79,0,172,0,24,1,565,no
202608,11,11710,1171055000,e,서울,서울특별시 송파구,송파구 마천2동 ,전기,0,0,0,0,72,3,14,0,29,0,14,0,132,yes
202608,11,11710,1171055000,g,서울,서울특별시 송파구,송파구 마천2동 ,휘발유(유연),0,0,0,0,2,0,0,0,0,0,0,0,2,no
202608,11,11710,1171055000,h,서울,서울특별시 송파구,송파구 마천2동 ,휘발유(무연),0,0,0,0,1687,1,6,0,0,0,0,0,1694,no
202608,11,11710,1171055000,j,서울,서울특별시 송파구,송파구 마천2동 ,CNG,0,0,0,0,0,0,0,0,1,50,0,0,51,no
202608,11,11710,1171055000,l,서울,서울특별시 송파구,송파구 마천2동 ,하이브리드(휘발유+전기),0,0,0,0,376,0,0,0,5,0,0,0,381,no
202608,11,11710,1171055000,m,서울,서울특별시 송파구,송파구 마천2동 ,하이브리드(경유+전기),0,0,0,0,5,0,0,0,0,0,0,0,5,no
202608,11,11710,1171055000,n,서울,서울특별시 송파구,송파구 마천2동 ,하이브리드(LPG+전기),0,0,0,0,4,0,0,0,42,0,0,0,46,no
202608,11,11710,1171055000,q,서울,서울특별시 송파구,송파구 마천2동 ,수소,0,0,0,0,4,0,0,0,0,0,0,0,4,no
202608,11,11710,1171055000,z,서울,서울특별시 송파구,송파구 마천2동 ,기타연료,0,0,0,0,0,0,4,0,0,0,0,0,4,no
202608,11,11710,1171056100,a,서울,서울특별시 송파구,송파구 방이1동 ,휘발유,0,0,0,0,1113,1,4,0,0,0,0,0,1118,no
202608,11,11710,1171056100,b,서울,서울특별시 송파구,송파구 방이1동 ,경유,0,1,1,0,1082,102,522,7,0,0,203,28,1946,no
202608,11,11710,1171056100,c,서울,서울특별시 송파구,송파구 방이1동 ,엘피지,1,2,0,0,154,17,65,0,84,0,15,0,338,no
202608,11,11710,1171056100,e,서울,서울특별시 송파구,송파구 방이1동 ,전기,1,0,0,0,152,0,18,2,4,0,11,0,188,yes
202608,11,11710,1171056100,g,서울,서울특별시 송파구,송파구 방이1동 ,휘발유(유연),0,0,0,0,1,0,0,0,0,0,0,0,1,no
202608,11,11710,1171056100,h,서울,서울특별시 송파구,송파구 방이1동 ,휘발유(무연),0,0,0,0,2126,1,3,0,0,0,0,0,2130,no
202608,11,11710,1171056100,l,서울,서울특별시 송파구,송파구 방이1동 ,하이브리드(휘발유+전기),0,0,0,0,782,0,1,1,3,0,0,0,787,no
202608,11,11710,1171056100,m,서울,서울특별시 송파구,송파구 방이1동 ,하이브리드(경유+전기),0,0,0,0,15,0,0,0,0,0,0,0,15,no
202608,11,11710,1171056100,n,서울,서울특별시 송파구,송파구 방이1동 ,하이브리드(LPG+전기),0,0,0,0,3,0,0,0,0,0,0,0,3,no
202608,11,11710,1171056100,q,서울,서울특별시 송파구,송파구 방이1동 ,수소,0,0,0,0,5,0,0,0,0,0,0,0,5,no
202608,11,11710,1171056100,r,서울,서울특별시 송파구,송파구 방이1동 ,수소전기,0,0,0,0,1,0,0,0,0,0,0,0,1,no
202608,11,11710,1171056100,z,서울,서울특별시 송파구,송파구 방이1동 ,기타연료,0,0,0,0,0,2,5,1,0,0,0,0,8,no
202608,11,11710,1171056200,a,서울,서울특별시 송파구,송파구 방이2동 ,휘발유,0,0,0,0,1353,1,7,0,0,0,0,0,1361,no
202608,11,11710,1171056200,b,서울,서울특별시 송파구,송파구 방이2동 ,경유,0,3,0,0,1263,120,463,9,0,0,71,8,1937,no
202608,11,11710,1171056200,c,서울,서울특별시 송파구,송파구 방이2동 ,엘피지,0,2,0,0,262,33,68,0,61,0,13,1,440,no
202608,11,11710,1171056200,e,서울,서울특별시 송파구,송파구 방이2동 ,전기,0,0,0,0,197,0,12,0,16,0,13,0,238,yes
202608,11,11710,1171056200,g,서울,서울특별시 송파구,송파구 방이2동 ,휘발유(유연),0,0,0,0,3,0,0,0,0,0,0,0,3,no
202608,11,11710,1171056200,h,서울,서울특별시 송파구,송파구 방이2동 ,휘발유(무연),0,0,0,0,2687,1,7,0,0,0,0,0,2695,no
202608,11,11710,1171056200,l,서울,서울특별시 송파구,송파구 방이2동 ,하이브리드(휘발유+전기),0,0,0,0,796,0,3,0,4,0,0,0,803,no
202608,11,11710,1171056200,m,서울,서울특별시 송파구,송파구 방이2동 ,하이브리드(경유+전기),0,0,0,0,13,0,0,0,0,0,0,0,13,no
202608,11,11710,1171056200,n,서울,서울특별시 송파구,송파구 방이2동 ,하이브리드(LPG+전기),0,0,0,0,4,0,0,0,0,0,0,0,4,no
202608,11,11710,1171056200,q,서울,서울특별시 송파구,송파구 방이2동 ,수소,0,0,0,0,7,0,0,0,0,0,0,0,7,no
202608,11,11710,1171056200,r,서울,서울특별시 송파구,송파구 방이2동 ,수소전기,0,0,0,0,1,0,0,0,0,0,0,0,1,no
202608,11,11710,1171056200,z,서울,서울특별시 송파구,송파구 방이2동 ,기타연료,0,0,0,0,0,3,8,0,0,0,0,0,11,no
202608,11,11710,1171056600,a,서울,서울특별시 송파구,송파구 오륜동 ,휘발유,0,0,0,0,1668,1,2,1,0,0,0,0,1672,no
202608,11,11710,1171056600,b,서울,서울특별시 송파구,송파구 오륜동 ,경유,1,7,0,0,1096,50,109,8,0,0,3,0,1274,no
202608,11,11710,1171056600,c,서울,서울특별시 송파구,송파구 오륜동 ,엘피지,0,0,0,0,62,12,11,1,5,0,1,0,92,no
202608,11,11710,1171056600,e,서울,서울특별시 송파구,송파구 오륜동 ,전기,0,0,0,0,198,0,6,0,1,0,1,0,206,yes
202608,11,11710,1171056600,g,서울,서울특별시 송파구,송파구 오륜동 ,휘발유(유연),0,0,0,0,1,0,0,0,0,0,0,0,1,no
202608,11,11710,1171056600,h,서울,서울특별시 송파구,송파구 오륜동 ,휘발유(무연),2,0,0,0,2190,1,3,0,0,0,0,0,2196,no
202608,11,11710,1171056600,l,서울,서울특별시 송파구,송파구 오륜동 ,하이브리드(휘발유+전기),0,0,0,0,1054,1,0,1,0,0,0,0,1056,no
202608,11,11710,1171056600,m,서울,서울특별시 송파구,송파구 오륜동 ,하이브리드(경유+전기),0,0,0,0,21,0,0,0,0,0,0,0,21,no
202608,11,11710,1171056600,q,서울,서울특별시 송파구,송파구 오륜동 ,수소,0,0,0,0,2,0,0,0,0,0,0,0,2,no
202608,11,11710,1171056600,r,서울,서울특별시 송파구,송파구 오륜동 ,수소전기,0,1,0,0,0,0,0,0,0,0,0,0,1,no
202608,11,11710,1171056600,z,서울,서울특별시 송파구,송파구 오륜동 ,기타연료,0,0,0,0,0,3,8,3,0,0,0,0,14,no
202608,11,11710,1171057000,a,서울,서울특별시 송파구,송파구 오금동 ,휘발유,1,0,0,0,2258,0,9,0,8,0,0,0,2276,no
202608,11,11710,1171057000,b,서울,서울특별시 송파구,송파구 오금동 ,경유,0,0,25,0,2300,205,1128,7,12,1,125,38,3841,no
202608,11,11710,1171057000,c,서울,서울특별시 송파구,송파구 오금동 ,엘피지,0,0,11,0,484,67,170,0,130,1,45,0,908,no
202608,11,11710,1171057000,e,서울,서울특별시 송파구,송파구 오금동 ,전기,0,0,0,0,305,2,34,0,43,2,19,0,405,yes
202608,11,11710,1171057000,g,서울,서울특별시 송파구,송파구 오금동 ,휘발유(유연),0,0,0,0,5,0,0,0,0,0,0,0,5,no
202608,11,11710,1171057000,h,서울,서울특별시 송파구,송파구 오금동 ,휘발유(무연),5,0,0,0,4657,1,5,0,61,0,0,0,4729,no
202608,11,11710,1171057000,j,서울,서울특별시 송파구,송파구 오금동 ,CNG,0,0,0,0,2,0,0,0,0,8,0,0,10,no
202608,11,11710,1171057000,l,서울,서울특별시 송파구,송파구 오금동 ,하이브리드(휘발유+전기),0,0,0,0,1455,0,5,0,39,0,0,0,1499,no
202608,11,11710,1171057000,m,서울,서울특별시 송파구,송파구 오금동 ,하이브리드(경유+전기),0,0,0,0,28,0,0,0,0,0,0,0,28,no
202608,11,11710,1171057000,n,서울,서울특별시 송파구,송파구 오금동 ,하이브리드(LPG+전기),0,0,0,0,3,0,0,0,0,0,0,0,3,no
202608,11,11710,1171057000,q,서울,서울특별시 송파구,송파구 오금동 ,수소,0,0,0,0,22,0,0,0,0,0,0,0,22,no
202608,11,11710,1171057000,r,서울,서울특별시 송파구,송파구 오금동 ,수소전기,0,0,0,0,1,0,0,0,0,0,0,0,1,no
202608,11,11710,1171057000,z,서울,서울특별시 송파구,송파구 오금동 ,기타연료,0,0,0,0,0,4,12,2,0,0,1,0,19,no
202608,11,11710,1171058000,a,서울,서울특별시 송파구,송파구 송파1동 ,휘발유,0,0,0,0,1261,1,11,0,0,0,0,0,1273,no
202608,11,11710,1171058000,b,서울,서울특별시 송파구,송파구 송파1동 ,경유,0,0,0,0,1269,103,429,7,62,12,327,35,2244,no
202608,11,11710,1171058000,c,서울,서울특별시 송파구,송파구 송파1동 ,엘피지,0,0,0,0,267,21,65,1,154,1,24,0,533,no
202608,11,11710,1171058000,e,서울,서울특별시 송파구,송파구 송파1동 ,전기,0,0,0,0,160,0,12,2,15,0,7,0,196,yes
202608,11,11710,1171058000,h,서울,서울특별시 송파구,송파구 송파1동 ,휘발유(무연),0,0,0,0,2350,1,5,0,9,0,0,0,2365,no
202608,11,11710,1171058000,l,서울,서울특별시 송파구,송파구 송파1동 ,하이브리드(휘발유+전기),0,0,0,0,727,0,3,0,12,1,0,0,743,no
202608,11,11710,1171058000,m,서울,서울특별시 송파구,송파구 송파1동 ,하이브리드(경유+전기),0,0,0,0,16,0,0,0,0,0,0,0,16,no
202608,11,11710,1171058000,n,서울,서울특별시 송파구,송파구 송파1동 ,하이브리드(LPG+전기),0,0,0,0,1,0,0,0,2,0,0,0,3,no
202608,11,11710,1171058000,q,서울,서울특별시 송파구,송파구 송파1동 ,수소,0,0,0,0,9,0,0,0,0,0,0,0,9,no
202608,11,11710,1171058000,r,서울,서울특별시 송파구,송파구 송파1동 ,수소전기,0,0,0,0,1,0,0,0,0,0,0,0,1,no
202608,11,11710,1171058000,z,서울,서울특별시 송파구,송파구 송파1동 ,기타연료,0,0,0,0,0,2,5,2,0,0,0,0,9,no
202608,11,11710,1171059000,a,서울,서울특별시 송파구,송파구 송파2동 ,휘발유,0,0,0,0,1174,0,4,0,0,0,0,0,1178,no
202608,11,11710,1171059000,b,서울,서울특별시 송파구,송파구 송파2동 ,경유,0,1,0,0,1051,32,228,3,3,0,39,3,1360,no
202608,11,11710,1171059000,c,서울,서울특별시 송파구,송파구 송파2동 ,엘피지,0,0,0,0,149,10,34,0,67,0,4,0,264,no
202608,11,11710,1171059000,e,서울,서울특별시 송파구,송파구 송파2동 ,전기,0,0,0,0,178,0,8,1,8,0,2,0,197,yes
202608,11,11710,1171059000,g,서울,서울특별시 송파구,송파구 송파2동 ,휘발유(유연),0,0,0,0,3,0,0,0,0,0,0,0,3,no
202608,11,11710,1171059000,h,서울,서울특별시 송파구,송파구 송파2동 ,휘발유(무연),1,0,0,0,2118,1,1,0,5,0,0,0,2126,no
202608,11,11710,1171059000,l,서울,서울특별시 송파구,송파구 송파2동 ,하이브리드(휘발유+전기),0,0,0,0,782,1,2,0,2,0,0,0,787,no
202608,11,11710,1171059000,m,서울,서울특별시 송파구,송파구 송파2동 ,하이브리드(경유+전기),0,0,0,0,18,0,0,0,0,0,0,0,18,no
202608,11,11710,1171059000,n,서울,서울특별시 송파구,송파구 송파2동 ,하이브리드(LPG+전기),0,0,0,0,1,0,0,0,0,0,0,0,1,no
202608,11,11710,1171059000,q,서울,서울특별시 송파구,송파구 송파2동 ,수소,0,0,0,0,9,0,0,0,0,0,0,0,9,no
202608,11,11710,1171059000,r,서울,서울특별시 송파구,송파구 송파2동 ,수소전기,0,0,0,0,1,0,0,0,0,0,0,0,1,no
202608,11,11710,1171059000,z,서울,서울특별시 송파구,송파구 송파2동 ,기타연료,0,0,0,0,0,4,4,2,0,0,0,0,10,no
202608,11,11710,1171060000,a,서울,서울특별시 송파구,송파구 석촌동 ,휘발유,0,0,0,0,1592,3,15,0,0,0,0,0,1610,no
202608,11,11710,1171060000,b,서울,서울특별시 송파구,송파구 석촌동 ,경유,0,0,0,0,1632,156,661,20,1,52,79,3,2604,no
202608,11,11710,1171060000,c,서울,서울특별시 송파구,송파구 석촌동 ,엘피지,0,2,0,0,344,42,125,2,112,1,26,0,654,no
202608,11,11710,1171060000,e,서울,서울특별시 송파구,송파구 석촌동 ,전기,0,0,0,0,201,1,26,0,11,1,18,0,258,yes
202608,11,11710,1171060000,g,서울,서울특별시 송파구,송파구 석촌동 ,휘발유(유연),0,0,0,0,4,0,0,0,0,0,0,0,4,no
202608,11,11710,1171060000,h,서울,서울특별시 송파구,송파구 석촌동 ,휘발유(무연),0,0,0,0,3039,0,6,0,3,0,0,0,3048,no
202608,11,11710,1171060000,j,서울,서울특별시 송파구,송파구 석촌동 ,CNG,0,0,0,0,0,0,0,0,0,1,0,0,1,no
202608,11,11710,1171060000,l,서울,서울특별시 송파구,송파구 석촌동 ,하이브리드(휘발유+전기),0,0,0,0,889,1,4,0,2,0,0,0,896,no
202608,11,11710,1171060000,m,서울,서울특별시 송파구,송파구 석촌동 ,하이브리드(경유+전기),0,0,0,0,20,0,0,0,0,0,0,0,20,no
202608,11,11710,1171060000,n,서울,서울특별시 송파구,송파구 석촌동 ,하이브리드(LPG+전기),0,0,0,0,3,0,0,0,0,0,0,0,3,no
202608,11,11710,1171060000,q,서울,서울특별시 송파구,송파구 석촌동 ,수소,0,0,0,0,5,0,0,0,0,0,0,0,5,no
202608,11,11710,1171060000,z,서울,서울특별시 송파구,송파구 석촌동 ,기타연료,0,0,0,0,0,3,8,4,0,0,0,0,15,no
202608,11,11710,1171061000,a,서울,서울특별시 송파구,송파구 삼전동 ,휘발유,0,0,0,0,1450,1,12,0,0,0,0,0,1463,no
202608,11,11710,1171061000,b,서울,서울특별시 송파구,송파구 삼전동 ,경유,0,0,1,0,1479,131,568,12,0,1,51,3,2246,no
202608,11,11710,1171061000,c,서울,서울특별시 송파구,송파구 삼전동 ,엘피지,0,0,0,0,305,41,78,1,142,2,25,0,594,no
202608,11,11710,1171061000,e,서울,서울특별시 송파구,송파구 삼전동 ,전기,0,0,0,0,190,1,37,0,24,0,17,0,269,yes
202608,11,11710,1171061000,g,서울,서울특별시 송파구,송파구 삼전동 ,휘발유(유연),0,0,0,0,2,0,0,0,0,0,0,0,2,no
202608,11,11710,1171061000,h,서울,서울특별시 송파구,송파구 삼전동 ,휘발유(무연),1,0,0,0,2804,2,7,0,0,0,0,0,2814,no
202608,11,11710,1171061000,j,서울,서울특별시 송파구,송파구 삼전동 ,CNG,0,1,0,0,0,0,0,0,0,0,0,0,1,no
202608,11,11710,1171061000,l,서울,서울특별시 송파구,송파구 삼전동 ,하이브리드(휘발유+전기),0,0,0,0,782,1,4,0,6,0,0,0,793,no
202608,11,11710,1171061000,m,서울,서울특별시 송파구,송파구 삼전동 ,하이브리드(경유+전기),0,0,0,0,11,0,0,0,0,0,0,0,11,no
202608,11,11710,1171061000,n,서울,서울특별시 송파구,송파구 삼전동 ,하이브리드(LPG+전기),0,0,0,0,2,0,0,0,4,0,0,0,6,no
202608,11,11710,1171061000,q,서울,서울특별시 송파구,송파구 삼전동 ,수소,0,0,0,0,4,0,0,0,0,0,0,0,4,no
202608,11,11710,1171061000,r,서울,서울특별시 송파구,송파구 삼전동 ,수소전기,0,0,0,0,1,0,0,0,0,0,0,0,1,no
202608,11,11710,1171061000,z,서울,서울특별시 송파구,송파구 삼전동 ,기타연료,0,0,0,0,0,2,8,2,0,0,0,0,12,no
202608,11,11710,1171062000,a,서울,서울특별시 송파구,송파구 가락본동 ,휘발유,0,0,0,0,1876,2,13,0,240,0,0,0,2131,no
202608,11,11710,1171062000,b,서울,서울특별시 송파구,송파구 가락본동 ,경유,2,10,2,0,1830,160,1089,23,417,72,146,16,3767,no
202608,11,11710,1171062000,c,서울,서울특별시 송파구,송파구 가락본동 ,엘피지,1,0,0,0,340,41,173,2,712,0,20,1,1290,no
202608,11,11710,1171062000,e,서울,서울특별시 송파구,송파구 가락본동 ,전기,0,0,0,0,238,0,43,2,100,0,7,0,390,yes
202608,11,11710,1171062000,g,서울,서울특별시 송파구,송파구 가락본동 ,휘발유(유연),0,0,0,0,4,0,0,0,0,0,0,0,4,no
202608,11,11710,1171062000,h,서울,서울특별시 송파구,송파구 가락본동 ,휘발유(무연),1,0,0,0,3635,6,10,0,998,0,0,0,4650,no
202608,11,11710,1171062000,l,서울,서울특별시 송파구,송파구 가락본동 ,하이브리드(휘발유+전기),2,0,0,0,1170,4,9,0,120,1,0,0,1306,no
202608,11,11710,1171062000,m,서울,서울특별시 송파구,송파구 가락본동 ,하이브리드(경유+전기),0,0,0,0,29,0,0,0,0,0,0,0,29,no
202608,11,11710,1171062000,n,서울,서울특별시 송파구,송파구 가락본동 ,하이브리드(LPG+전기),0,0,0,0,2,0,0,0,0,0,0,0,2,no
202608,11,11710,1171062000,q,서울,서울특별시 송파구,송파구 가락본동 ,수소,0,0,0,0,10,0,0,0,0,0,0,0,10,no
202608,11,11710,1171062000,r,서울,서울특별시 송파구,송파구 가락본동 ,수소전기,0,0,0,0,2,0,0,0,0,0,0,0,2,no
202608,11,11710,1171062000,z,서울,서울특별시 송파구,송파구 가락본동 ,기타연료,0,0,0,0,0,3,13,0,0,0,32,0,48,no
202608,11,11710,1171063100,a,서울,서울특별시 송파구,송파구 가락1동 ,휘발유,0,0,0,0,2295,1,6,0,3,0,0,0,2305,no
202608,11,11710,1171063100,b,서울,서울특별시 송파구,송파구 가락1동 ,경유,0,0,0,0,1744,72,591,11,14,10,162,21,2625,no
202608,11,11710,1171063100,c,서울,서울특별시 송파구,송파구 가락1동 ,엘피지,0,0,0,0,208,17,55,0,137,0,16,0,433,no
202608,11,11710,1171063100,e,서울,서울특별시 송파구,송파구 가락1동 ,전기,0,0,0,0,533,2,46,0,9,0,7,0,597,yes
202608,11,11710,1171063100,g,서울,서울특별시 송파구,송파구 가락1동 ,휘발유(유연),0,0,0,0,1,0,0,0,0,0,0,0,1,no
202608,11,11710,1171063100,h,서울,서울특별시 송파구,송파구 가락1동 ,휘발유(무연),0,0,0,0,3569,0,5,0,60,0,0,0,3634,no
202608,11,11710,1171063100,j,서울,서울특별시 송파구,송파구 가락1동 ,CNG,0,0,0,0,0,0,2,0,0,0,0,0,2,no
202608,11,11710,1171063100,l,서울,서울특별시 송파구,송파구 가락1동 ,하이브리드(휘발유+전기),0,0,0,0,1733,1,5,0,2,0,1,0,1742,no
202608,11,11710,1171063100,m,서울,서울특별시 송파구,송파구 가락1동 ,하이브리드(경유+전기),0,0,0,0,51,0,0,0,0,0,0,0,51,no
202608,11,11710,1171063100,n,서울,서울특별시 송파구,송파구 가락1동 ,하이브리드(LPG+전기),0,0,0,0,2,0,0,0,0,0,0,0,2,no
202608,11,11710,1171063100,q,서울,서울특별시 송파구,송파구 가락1동 ,수소,0,0,0,0,6,0,0,0,1,0,0,0,7,no
202608,11,11710,1171063100,r,서울,서울특별시 송파구,송파구 가락1동 ,수소전기,0,0,0,0,1,0,0,0,0,0,0,0,1,no
202608,11,11710,1171063100,z,서울,서울특별시 송파구,송파구 가락1동 ,기타연료,0,0,0,0,0,7,16,8,0,0,30,0,61,no
202608,11,11710,1171063200,a,서울,서울특별시 송파구,송파구 가락2동 ,휘발유,0,0,0,0,1699,1,12,1,1,0,0,0,1714,no
202608,11,11710,1171063200,b,서울,서울특별시 송파구,송파구 가락2동 ,경유,0,0,0,0,1741,102,531,10,0,0,73,6,2463,no
202608,11,11710,1171063200,c,서울,서울특별시 송파구,송파구 가락2동 ,엘피지,0,0,0,0,282,26,94,0,64,0,21,0,487,no
202608,11,11710,1171063200,e,서울,서울특별시 송파구,송파구 가락2동 ,전기,0,0,0,0,223,2,28,0,13,0,10,0,276,yes
202608,11,11710,1171063200,g,서울,서울특별시 송파구,송파구 가락2동 ,휘발유(유연),0,0,0,0,1,0,0,0,0,0,0,0,1,no
202608,11,11710,1171063200,h,서울,서울특별시 송파구,송파구 가락2동 ,휘발유(무연),0,0,0,0,3360,2,6,0,1,0,0,0,3369,no
202608,11,11710,1171063200,l,서울,서울특별시 송파구,송파구 가락2동 ,하이브리드(휘발유+전기),0,0,0,0,1157,2,2,0,0,0,0,0,1161,no
202608,11,11710,1171063200,m,서울,서울특별시 송파구,송파구 가락2동 ,하이브리드(경유+전기),0,0,0,0,21,0,0,0,0,0,0,0,21,no
202608,11,11710,1171063200,n,서울,서울특별시 송파구,송파구 가락2동 ,하이브리드(LPG+전기),0,0,0,0,2,0,0,0,0,0,0,0,2,no
202608,11,11710,1171063200,q,서울,서울특별시 송파구,송파구 가락2동 ,수소,0,0,0,0,12,0,0,0,0,0,0,0,12,no
202608,11,11710,1171063200,z,서울,서울특별시 송파구,송파구 가락2동 ,기타연료,0,0,0,0,0,4,8,3,0,0,1,0,16,no
202608,11,11710,1171064100,a,서울,서울특별시 송파구,송파구 문정1동 ,휘발유,0,0,0,0,1764,0,10,0,22,0,0,0,1796,no
202608,11,11710,1171064100,b,서울,서울특별시 송파구,송파구 문정1동 ,경유,0,5,0,0,1811,129,1051,40,14,23,781,82,3936,no
202608,11,11710,1171064100,c,서울,서울특별시 송파구,송파구 문정1동 ,엘피지,0,0,0,0,273,26,188,1,92,2,47,0,629,no
202608,11,11710,1171064100,e,서울,서울특별시 송파구,송파구 문정1동 ,전기,0,0,1,0,327,1,41,3,22,0,6,0,401,yes
202608,11,11710,1171064100,g,서울,서울특별시 송파구,송파구 문정1동 ,휘발유(유연),0,0,0,0,2,0,0,0,0,0,0,0,2,no
202608,11,11710,1171064100,h,서울,서울특별시 송파구,송파구 문정1동 ,휘발유(무연),0,0,0,0,3404,2,9,1,152,0,0,0,3568,no
202608,11,11710,1171064100,j,서울,서울특별시 송파구,송파구 문정1동 ,CNG,0,0,0,0,1,0,1,0,0,0,0,0,2,no
202608,11,11710,1171064100,l,서울,서울특별시 송파구,송파구 문정1동 ,하이브리드(휘발유+전기),0,1,0,0,1371,5,12,0,35,0,0,0,1424,no
202608,11,11710,1171064100,m,서울,서울특별시 송파구,송파구 문정1동 ,하이브리드(경유+전기),0,0,0,0,54,0,0,0,0,0,0,0,54,no
202608,11,11710,1171064100,n,서울,서울특별시 송파구,송파구 문정1동 ,하이브리드(LPG+전기),0,0,0,0,5,0,0,0,0,0,0,0,5,no
202608,11,11710,1171064100,q,서울,서울특별시 송파구,송파구 문정1동 ,수소,0,0,0,0,6,0,0,0,0,0,0,0,6,no
202608,11,11710,1171064100,r,서울,서울특별시 송파구,송파구 문정1동 ,수소전기,0,0,0,0,2,0,0,0,0,0,0,0,2,no
202608,11,11710,1171064100,z,서울,서울특별시 송파구,송파구 문정1동 ,기타연료,0,0,0,0,0,4,12,5,0,0,1,0,22,no
202608,11,11710,1171064200,a,서울,서울특별시 송파구,송파구 문정2동 ,휘발유,1,0,0,0,2693,2,3,0,7,0,0,0,2706,no
202608,11,11710,1171064200,b,서울,서울특별시 송파구,송파구 문정2동 ,경유,2,14,0,0,2195,65,576,38,16,8,658,7,3579,no
202608,11,11710,1171064200,c,서울,서울특별시 송파구,송파구 문정2동 ,엘피지,0,0,0,0,233,14,85,1,615,89,40,0,1077,no
202608,11,11710,1171064200,e,서울,서울특별시 송파구,송파구 문정2동 ,전기,0,0,0,0,533,0,18,0,148,32,13,0,744,yes
202608,11,11710,1171064200,g,서울,서울특별시 송파구,송파구 문정2동 ,휘발유(유연),0,0,0,0,3,0,0,0,0,0,0,0,3,no
202608,11,11710,1171064200,h,서울,서울특별시 송파구,송파구 문정2동 ,휘발유(무연),4,0,0,0,4505,1,2,0,46,0,0,0,4558,no
202608,11,11710,1171064200,j,서울,서울특별시 송파구,송파구 문정2동 ,CNG,0,0,0,0,0,0,0,0,0,111,0,0,111,no
202608,11,11710,1171064200,l,서울,서울특별시 송파구,송파구 문정2동 ,하이브리드(휘발유+전기),5,0,0,0,1830,2,4,0,30,0,0,0,1871,no
202608,11,11710,1171064200,m,서울,서울특별시 송파구,송파구 문정2동 ,하이브리드(경유+전기),0,0,0,0,57,0,0,0,1,0,0,0,58,no
202608,11,11710,1171064200,n,서울,서울특별시 송파구,송파구 문정2동 ,하이브리드(LPG+전기),0,0,0,0,0,0,0,0,2,0,0,0,2,no
202608,11,11710,1171064200,q,서울,서울특별시 송파구,송파구 문정2동 ,수소,0,0,0,0,13,0,0,0,0,0,0,0,13,no
202608,11,11710,1171064200,r,서울,서울특별시 송파구,송파구 문정2동 ,수소전기,0,0,0,0,1,0,0,0,0,0,0,0,1,no
202608,11,11710,1171064200,z,서울,서울특별시 송파구,송파구 문정2동 ,기타연료,0,0,0,0,1,5,17,7,0,0,1,0,31,no
202608,11,11710,1171064600,a,서울,서울특별시 송파구,송파구 장지동 ,휘발유,1,0,0,0,1691,0,4,0,0,0,0,0,1696,no
202608,11,11710,1171064600,b,서울,서울특별시 송파구,송파구 장지동 ,경유,0,1,0,0,1917,117,608,10,0,134,123,11,2921,no
202608,11,11710,1171064600,c,서울,서울특별시 송파구,송파구 장지동 ,엘피지,0,0,0,0,447,37,89,2,556,9,37,0,1177,no
202608,11,11710,1171064600,e,서울,서울특별시 송파구,송파구 장지동 ,전기,2,0,0,0,297,0,21,0,202,105,80,0,707,yes
202608,11,11710,1171064600,g,서울,서울특별시 송파구,송파구 장지동 ,휘발유(유연),0,0,0,0,4,0,0,0,0,0,0,0,4,no
202608,11,11710,1171064600,h,서울,서울특별시 송파구,송파구 장지동 ,휘발유(무연),3,0,0,0,3628,1,7,0,1,0,0,0,3640,no
202608,11,11710,1171064600,j,서울,서울특별시 송파구,송파구 장지동 ,CNG,0,0,0,0,2,2,0,0,0,426,0,0,430,no
202608,11,11710,1171064600,l,서울,서울특별시 송파구,송파구 장지동 ,하이브리드(휘발유+전기),1,0,0,0,1221,1,1,0,10,0,0,0,1234,no
202608,11,11710,1171064600,m,서울,서울특별시 송파구,송파구 장지동 ,하이브리드(경유+전기),0,0,0,0,23,0,0,0,0,0,0,0,23,no
202608,11,11710,1171064600,n,서울,서울특별시 송파구,송파구 장지동 ,하이브리드(LPG+전기),1,0,0,0,3,0,0,0,0,0,0,0,4,no
202608,11,11710,1171064600,q,서울,서울특별시 송파구,송파구 장지동 ,수소,0,0,0,0,11,0,0,0,0,2,0,0,13,no
202608,11,11710,1171064600,r,서울,서울특별시 송파구,송파구 장지동 ,수소전기,0,0,0,0,1,0,0,0,0,3,0,0,4,no
202608,11,11710,1171064600,z,서울,서울특별시 송파구,송파구 장지동 ,기타연료,0,0,0,0,0,8,10,3,0,0,0,0,21,no
202608,11,11710,1171064700,a,서울,서울특별시 송파구,송파구 위례동 ,휘발유,1,0,0,0,2775,0,2,0,0,0,0,0,2778,no
202608,11,11710,1171064700,b,서울,서울특별시 송파구,송파구 위례동 ,경유,1,0,0,0,3156,115,395,17,0,0,48,8,3740,no
202608,11,11710,1171064700,c,서울,서울특별시 송파구,송파구 위례동 ,엘피지,0,0,0,0,540,26,57,0,242,0,22,0,887,no
202608,11,11710,1171064700,e,서울,서울특별시 송파구,송파구 위례동 ,전기,0,0,0,0,830,2,40,1,49,0,15,0,937,yes
202608,11,11710,1171064700,g,서울,서울특별시 송파구,송파구 위례동 ,휘발유(유연),0,0,0,0,6,0,0,0,0,0,0,0,6,no
202608,11,11710,1171064700,h,서울,서울특별시 송파구,송파구 위례동 ,휘발유(무연),1,0,0,0,5170,3,0,0,0,0,0,0,5174,no
202608,11,11710,1171064700,j,서울,서울특별시 송파구,송파구 위례동 ,CNG,0,0,0,0,1,0,0,0,0,0,0,0,1,no
202608,11,11710,1171064700,l,서울,서울특별시 송파구,송파구 위례동 ,하이브리드(휘발유+전기),0,0,0,0,2344,1,0,0,7,0,0,0,2352,no
202608,11,11710,1171064700,m,서울,서울특별시 송파구,송파구 위례동 ,하이브리드(경유+전기),0,0,0,0,64,0,0,0,0,0,0,0,64,no
202608,11,11710,1171064700,n,서울,서울특별시 송파구,송파구 위례동 ,하이브리드(LPG+전기),0,0,0,0,4,0,0,0,0,0,0,0,4,no
202608,11,11710,1171064700,q,서울,서울특별시 송파구,송파구 위례동 ,수소,0,0,0,0,19,0,0,0,0,0,0,0,19,no
202608,11,11710,1171064700,r,서울,서울특별시 송파구,송파구 위례동 ,수소전기,0,0,0,0,3,0,0,0,0,0,0,0,3,no
202608,11,11710,1171064700,z,서울,서울특별시 송파구,송파구 위례동 ,기타연료,0,0,0,0,0,21,30,14,0,0,0,0,65,no
202608,11,11710,1171065000,a,서울,서울특별시 송파구,송파구 잠실본동 ,휘발유,0,0,0,0,1551,2,10,0,12,0,0,0,1575,no
202608,11,11710,1171065000,b,서울,서울특별시 송파구,송파구 잠실본동 ,경유,1,1,0,1,1338,151,484,7,42,189,59,8,2281,no
202608,11,11710,1171065000,c,서울,서울특별시 송파구,송파구 잠실본동 ,엘피지,0,0,0,0,288,39,90,1,138,12,26,0,594,no
202608,11,11710,1171065000,e,서울,서울특별시 송파구,송파구 잠실본동 ,전기,0,0,0,0,179,0,28,0,10,0,7,0,224,yes
202608,11,11710,1171065000,g,서울,서울특별시 송파구,송파구 잠실본동 ,휘발유(유연),0,0,0,0,1,0,0,0,0,0,0,0,1,no
202608,11,11710,1171065000,h,서울,서울특별시 송파구,송파구 잠실본동 ,휘발유(무연),0,0,0,0,2809,1,5,0,97,0,0,0,2912,no
202608,11,11710,1171065000,j,서울,서울특별시 송파구,송파구 잠실본동 ,CNG,0,0,0,0,0,2,0,0,0,5,0,0,7,no
202608,11,11710,1171065000,l,서울,서울특별시 송파구,송파구 잠실본동 ,하이브리드(휘발유+전기),1,0,0,0,758,3,7,0,25,0,0,0,794,no
202608,11,11710,1171065000,m,서울,서울특별시 송파구,송파구 잠실본동 ,하이브리드(경유+전기),0,0,0,0,23,0,0,0,5,0,0,0,28,no
202608,11,11710,1171065000,n,서울,서울특별시 송파구,송파구 잠실본동 ,하이브리드(LPG+전기),0,0,0,0,2,0,0,0,0,0,0,0,2,no
202608,11,11710,1171065000,q,서울,서울특별시 송파구,송파구 잠실본동 ,수소,0,0,0,0,11,0,0,0,0,3,0,0,14,no
202608,11,11710,1171065000,r,서울,서울특별시 송파구,송파구 잠실본동 ,수소전기,0,0,0,0,0,0,0,0,0,17,0,0,17,no
202608,11,11710,1171065000,z,서울,서울특별시 송파구,송파구 잠실본동 ,기타연료,0,0,0,0,0,2,16,2,0,0,0,0,20,no
202608,11,11710,1171067000,a,서울,서울특별시 송파구,송파구 잠실2동 ,휘발유,0,0,0,0,3144,2,7,0,0,0,0,0,3153,no
202608,11,11710,1171067000,b,서울,서울특별시 송파구,송파구 잠실2동 ,경유,0,0,2,0,2108,66,151,5,0,14,7,0,2353,no
202608,11,11710,1171067000,c,서울,서울특별시 송파구,송파구 잠실2동 ,엘피지,0,0,0,0,148,11,30,0,18,0,1,0,208,no
202608,11,11710,1171067000,e,서울,서울특별시 송파구,송파구 잠실2동 ,전기,0,0,0,0,593,0,7,0,3,0,0,0,603,yes
202608,11,11710,1171067000,g,서울,서울특별시 송파구,송파구 잠실2동 ,휘발유(유연),0,0,0,0,4,0,0,0,0,0,0,0,4,no
202608,11,11710,1171067000,h,서울,서울특별시 송파구,송파구 잠실2동 ,휘발유(무연),2,0,0,0,3796,0,3,0,0,0,0,0,3801,no
202608,11,11710,1171067000,l,서울,서울특별시 송파구,송파구 잠실2동 ,하이브리드(휘발유+전기),0,0,0,0,1992,0,3,0,2,0,0,0,1997,no
202608,11,11710,1171067000,m,서울,서울특별시 송파구,송파구 잠실2동 ,하이브리드(경유+전기),0,0,0,0,56,0,0,0,0,0,0,0,56,no
202608,11,11710,1171067000,n,서울,서울특별시 송파구,송파구 잠실2동 ,하이브리드(LPG+전기),0,0,0,0,1,0,0,0,0,0,0,0,1,no
202608,11,11710,1171067000,q,서울,서울특별시 송파구,송파구 잠실2동 ,수소,0,0,0,0,6,0,0,0,0,0,0,0,6,no
202608,11,11710,1171067000,r,서울,서울특별시 송파구,송파구 잠실2동 ,수소전기,0,0,0,0,1,0,0,0,0,0,0,0,1,no
202608,11,11710,1171067000,z,서울,서울특별시 송파구,송파구 잠실2동 ,기타연료,0,0,0,0,0,11,21,5,0,0,0,0,37,no
202608,11,11710,1171068000,a,서울,서울특별시 송파구,송파구 잠실3동 ,휘발유,0,0,0,0,3136,2,9,1,12,1,0,0,3161,no
202608,11,11710,1171068000,b,서울,서울특별시 송파구,송파구 잠실3동 ,경유,0,0,2,0,2059,61,176,3,24,19,26,3,2373,no
202608,11,11710,1171068000,c,서울,서울특별시 송파구,송파구 잠실3동 ,엘피지,0,0,0,0,195,9,30,2,32,0,12,0,280,no
202608,11,11710,1171068000,e,서울,서울특별시 송파구,송파구 잠실3동 ,전기,3,0,1,0,433,0,15,1,5,0,8,0,466,yes
202608,11,11710,1171068000,g,서울,서울특별시 송파구,송파구 잠실3동 ,휘발유(유연),0,0,0,0,3,0,0,0,0,0,0,0,3,no
202608,11,11710,1171068000,h,서울,서울특별시 송파구,송파구 잠실3동 ,휘발유(무연),0,0,0,0,3793,1,3,0,7,0,0,0,3804,no
202608,11,11710,1171068000,l,서울,서울특별시 송파구,송파구 잠실3동 ,하이브리드(휘발유+전기),0,0,0,0,1740,0,2,0,21,0,0,0,1763,no
202608,11,11710,1171068000,m,서울,서울특별시 송파구,송파구 잠실3동 ,하이브리드(경유+전기),0,0,0,0,50,0,0,0,5,0,0,0,55,no
202608,11,11710,1171068000,n,서울,서울특별시 송파구,송파구 잠실3동 ,하이브리드(LPG+전기),0,0,0,0,1,0,0,0,0,0,0,0,1,no
202608,11,11710,1171068000,q,서울,서울특별시 송파구,송파구 잠실3동 ,수소,0,0,0,0,7,0,0,0,0,0,0,0,7,no
202608,11,11710,1171068000,r,서울,서울특별시 송파구,송파구 잠실3동 ,수소전기,0,0,0,0,2,0,0,0,0,0,0,0,2,no
202608,11,11710,1171068000,z,서울,서울특별시 송파구,송파구 잠실3동 ,기타연료,0,0,0,0,0,6,17,6,0,0,0,0,29,no
202608,11,11710,1171069000,a,서울,서울특별시 송파구,송파구 잠실4동 ,휘발유,0,0,0,0,2902,1,7,0,0,0,0,0,2910,no
202608,11,11710,1171069000,b,서울,서울특별시 송파구,송파구 잠실4동 ,경유,1,5,29,0,2132,50,246,20,0,0,198,13,2694,no
202608,11,11710,1171069000,c,서울,서울특별시 송파구,송파구 잠실4동 ,엘피지,0,0,2,0,211,11,41,1,25,0,108,1,400,no
202608,11,11710,1171069000,e,서울,서울특별시 송파구,송파구 잠실4동 ,전기,15,0,2,1,571,0,15,0,9,0,29,0,642,yes
202608,11,11710,1171069000,g,서울,서울특별시 송파구,송파구 잠실4동 ,휘발유(유연),0,0,0,0,2,0,0,0,0,0,0,0,2,no
202608,11,11710,1171069000,h,서울,서울특별시 송파구,송파구 잠실4동 ,휘발유(무연),2,2,0,0,3843,2,4,0,0,0,0,0,3853,no
202608,11,11710,1171069000,j,서울,서울특별시 송파구,송파구 잠실4동 ,CNG,0,0,4,0,1,0,0,0,0,0,0,0,5,no
202608,11,11710,1171069000,l,서울,서울특별시 송파구,송파구 잠실4동 ,하이브리드(휘발유+전기),0,3,0,0,1964,1,2,0,1,0,0,0,1971,no
202608,11,11710,1171069000,m,서울,서울특별시 송파구,송파구 잠실4동 ,하이브리드(경유+전기),0,0,0,0,80,0,0,0,0,0,0,0,80,no
202608,11,11710,1171069000,n,서울,서울특별시 송파구,송파구 잠실4동 ,하이브리드(LPG+전기),0,0,0,0,4,0,0,0,0,0,0,0,4,no
202608,11,11710,1171069000,q,서울,서울특별시 송파구,송파구 잠실4동 ,수소,0,0,0,0,7,0,0,0,0,0,0,0,7,no
202608,11,11710,1171069000,r,서울,서울특별시 송파구,송파구 잠실4동 ,수소전기,0,0,0,0,6,0,0,0,0,0,0,0,6,no
202608,11,11710,1171069000,z,서울,서울특별시 송파구,송파구 잠실4동 ,기타연료,0,0,0,0,0,7,24,6,0,0,5,0,42,no
202608,11,11710,1171071000,a,서울,서울특별시 송파구,송파구 잠실6동 ,휘발유,1,0,0,0,1519,1,3,0,0,0,0,0,1524,no
202608,11,11710,1171071000,b,서울,서울특별시 송파구,송파구 잠실6동 ,경유,3,24,46,7,1006,54,201,6,0,0,239,10,1596,no
202608,11,11710,1171071000,c,서울,서울특별시 송파구,송파구 잠실6동 ,엘피지,0,0,4,0,81,10,19,0,10,0,59,0,183,no
202608,11,11710,1171071000,e,서울,서울특별시 송파구,송파구 잠실6동 ,전기,39,0,2,2,240,0,5,0,2,0,4,0,294,yes
202608,11,11710,1171071000,g,서울,서울특별시 송파구,송파구 잠실6동 ,휘발유(유연),0,0,0,0,1,0,0,0,0,0,0,0,1,no
202608,11,11710,1171071000,h,서울,서울특별시 송파구,송파구 잠실6동 ,휘발유(무연),2,1,0,0,2014,0,4,0,0,0,0,0,2021,no
202608,11,11710,1171071000,j,서울,서울특별시 송파구,송파구 잠실6동 ,CNG,0,0,7,0,0,0,0,0,0,0,0,0,7,no
202608,11,11710,1171071000,l,서울,서울특별시 송파구,송파구 잠실6동 ,하이브리드(휘발유+전기),3,0,0,0,818,3,0,0,1,0,0,0,825,no
202608,11,11710,1171071000,m,서울,서울특별시 송파구,송파구 잠실6동 ,하이브리드(경유+전기),0,0,0,0,30,0,0,0,0,0,0,0,30,no
202608,11,11710,1171071000,n,서울,서울특별시 송파구,송파구 잠실6동 ,하이브리드(LPG+전기),1,0,0,0,1,0,0,0,0,0,0,0,2,no
202608,11,11710,1171071000,q,서울,서울특별시 송파구,송파구 잠실6동 ,수소,1,0,0,0,3,0,0,0,0,0,0,0,4,no
202608,11,11710,1171071000,r,서울,서울특별시 송파구,송파구 잠실6동 ,수소전기,0,0,0,0,1,0,0,0,0,0,0,0,1,no
202608,11,11710,1171071000,z,서울,서울특별시 송파구,송파구 잠실6동 ,기타연료,0,0,0,0,0,2,8,3,0,0,49,0,62,no
202608,11,11710,1171072000,a,서울,서울특별시 송파구,송파구 잠실7동 ,휘발유,0,0,0,0,1044,0,1,0,0,0,0,0,1045,no
202608,11,11710,1171072000,b,서울,서울특별시 송파구,송파구 잠실7동 ,경유,0,0,0,0,501,14,40,2,0,3,5,0,565,no
202608,11,11710,1171072000,c,서울,서울특별시 송파구,송파구 잠실7동 ,엘피지,0,0,0,0,46,1,5,0,2,0,1,0,55,no
202608,11,11710,1171072000,e,서울,서울특별시 송파구,송파구 잠실7동 ,전기,0,0,0,0,129,0,5,1,0,0,1,0,136,yes
202608,11,11710,1171072000,h,서울,서울특별시 송파구,송파구 잠실7동 ,휘발유(무연),0,0,0,0,1137,0,0,0,0,0,0,0,1137,no
202608,11,11710,1171072000,l,서울,서울특별시 송파구,송파구 잠실7동 ,하이브리드(휘발유+전기),0,0,0,0,606,0,0,0,0,0,0,0,606,no
202608,11,11710,1171072000,m,서울,서울특별시 송파구,송파구 잠실7동 ,하이브리드(경유+전기),0,0,0,0,17,0,0,0,0,0,0,0,17,no
202608,11,11710,1171072000,z,서울,서울특별시 송파구,송파구 잠실7동 ,기타연료,0,0,0,0,0,1,4,1,0,0,0,0,6,no
202608,11,11740,1174010100,a,서울,서울특별시 강동구,기타,휘발유,0,0,0,0,1,0,0,0,0,0,0,0,1,no
202608,11,11740,1174010800,a,서울,서울특별시 강동구,기타,휘발유,0,0,0,0,1,0,0,0,0,0,0,0,1,no
202608,11,11740,1174010800,b,서울,서울특별시 강동구,기타,경유,0,0,0,0,0,0,3,0,0,0,0,0,3,no
202608,11,11740,1174011000,a,서울,서울특별시 강동구,기타,휘발유,0,0,0,0,1,0,0,0,0,0,0,0,1,no
202608,11,11740,1174011000,b,서울,서울특별시 강동구,기타,경유,0,0,0,0,1,0,1,0,0,0,0,0,2,no
202608,11,11740,1174051000,b,서울,서울특별시 강동구,강동구 하일동 ,경유,0,0,0,0,0,1,4,0,0,0,0,0,5,no
202608,11,11740,1174051000,c,서울,서울특별시 강동구,강동구 하일동 ,엘피지,0,0,0,0,0,1,0,0,0,0,0,0,1,no
202608,11,11740,1174051000,h,서울,서울특별시 강동구,강동구 하일동 ,휘발유(무연),0,0,0,0,1,0,0,0,0,0,0,0,1,no
202608,11,11740,1174051500,a,서울,서울특별시 강동구,강동구 강일동 ,휘발유,0,0,0,0,1807,1,14,0,0,0,0,0,1822,no
202608,11,11740,1174051500,b,서울,서울특별시 강동구,강동구 강일동 ,경유,0,0,0,0,2268,162,684,6,1,86,153,19,3379,no
202608,11,11740,1174051500,c,서울,서울특별시 강동구,강동구 강일동 ,엘피지,0,0,0,0,665,46,88,1,369,55,51,0,1275,no
202608,11,11740,1174051500,e,서울,서울특별시 강동구,강동구 강일동 ,전기,0,0,0,0,383,0,42,1,66,100,35,0,627,yes
202608,11,11740,1174051500,g,서울,서울특별시 강동구,강동구 강일동 ,휘발유(유연),0,0,0,0,1,0,0,0,0,0,0,0,1,no
202608,11,11740,1174051500,h,서울,서울특별시 강동구,강동구 강일동 ,휘발유(무연),0,0,0,0,4037,3,5,1,3,0,0,0,4049,no
202608,11,11740,1174051500,j,서울,서울특별시 강동구,강동구 강일동 ,CNG,0,0,0,0,0,0,0,0,0,103,0,0,103,no
202608,11,11740,1174051500,l,서울,서울특별시 강동구,강동구 강일동 ,하이브리드(휘발유+전기),0,0,0,0,1172,1,2,0,7,0,0,0,1182,no
202608,11,11740,1174051500,m,서울,서울특별시 강동구,강동구 강일동 ,하이브리드(경유+전기),0,0,0,0,15,0,0,0,0,0,0,0,15,no
202608,11,11740,1174051500,n,서울,서울특별시 강동구,강동구 강일동 ,하이브리드(LPG+전기),0,0,0,0,4,0,0,0,1,0,0,0,5,no
202608,11,11740,1174051500,q,서울,서울특별시 강동구,강동구 강일동 ,수소,0,0,0,0,20,0,0,0,0,0,0,0,20,no
202608,11,11740,1174051500,r,서울,서울특별시 강동구,강동구 강일동 ,수소전기,0,0,0,0,1,0,0,0,0,0,0,0,1,no
202608,11,11740,1174051500,z,서울,서울특별시 강동구,강동구 강일동 ,기타연료,0,0,0,0,0,8,23,3,0,0,0,0,34,no
202608,11,11740,1174052000,a,서울,서울특별시 강동구,강동구 상일동 ,휘발유,0,0,0,0,891,0,3,0,0,0,0,0,894,no
202608,11,11740,1174052000,b,서울,서울특별시 강동구,강동구 상일동 ,경유,0,0,1,0,972,55,211,3,8,0,35,2,1287,no
202608,11,11740,1174052000,c,서울,서울특별시 강동구,강동구 상일동 ,엘피지,0,0,0,0,154,8,21,0,25,0,5,0,213,no
202608,11,11740,1174052000,e,서울,서울특별시 강동구,강동구 상일동 ,전기,0,0,0,0,39,0,0,0,1,0,0,0,40,yes
202608,11,11740,1174052000,g,서울,서울특별시 강동구,강동구 상일동 ,휘발유(유연),0,0,0,0,2,0,0,0,0,0,0,0,2,no
202608,11,11740,1174052000,h,서울,서울특별시 강동구,강동구 상일동 ,휘발유(무연),0,0,0,0,1560,0,1,0,14,0,0,0,1575,no
202608,11,11740,1174052000,l,서울,서울특별시 강동구,강동구 상일동 ,하이브리드(휘발유+전기),0,0,0,0,309,0,0,0,2,0,0,0,311,no
202608,11,11740,1174052000,m,서울,서울특별시 강동구,강동구 상일동 ,하이브리드(경유+전기),0,0,0,0,6,0,0,0,0,0,0,0,6,no
202608,11,11740,1174052000,n,서울,서울특별시 강동구,강동구 상일동 ,하이브리드(LPG+전기),0,0,0,0,3,0,0,0,0,0,0,0,3,no
202608,11,11740,1174052000,q,서울,서울특별시 강동구,강동구 상일동 ,수소,0,0,0,0,15,0,0,0,0,0,0,0,15,no
202608,11,11740,1174052000,z,서울,서울특별시 강동구,강동구 상일동 ,기타연료,0,0,0,0,0,3,7,1,0,0,0,0,11,no
202608,11,11740,1174052500,a,서울,서울특별시 강동구,강동구 상일제1동 ,휘발유,0,0,0,0,1665,0,5,0,1,0,0,0,1671,no
202608,11,11740,1174052500,b,서울,서울특별시 강동구,강동구 상일제1동 ,경유,0,0,0,0,1604,66,323,5,14,5,32,4,2053,no
202608,11,11740,1174052500,c,서울,서울특별시 강동구,강동구 상일제1동 ,엘피지,0,0,0,0,242,15,63,0,82,1,14,0,417,no
202608,11,11740,1174052500,e,서울,서울특별시 강동구,강동구 상일제1동 ,전기,0,0,0,0,627,1,39,1,41,0,4,0,713,yes
202608,11,11740,1174052500,g,서울,서울특별시 강동구,강동구 상일제1동 ,휘발유(유연),0,0,0,0,3,0,0,0,0,0,0,0,3,no
202608,11,11740,1174052500,h,서울,서울특별시 강동구,강동구 상일제1동 ,휘발유(무연),0,0,0,0,3205,0,0,0,83,0,0,0,3288,no
202608,11,11740,1174052500,j,서울,서울특별시 강동구,강동구 상일제1동 ,CNG,0,0,0,0,1,0,0,0,0,0,0,0,1,no
202608,11,11740,1174052500,l,서울,서울특별시 강동구,강동구 상일제1동 ,하이브리드(휘발유+전기),0,0,0,0,1849,3,4,0,19,0,0,0,1875,no
202608,11,11740,1174052500,m,서울,서울특별시 강동구,강동구 상일제1동 ,하이브리드(경유+전기),0,0,0,0,40,0,0,0,0,0,0,0,40,no
202608,11,11740,1174052500,n,서울,서울특별시 강동구,강동구 상일제1동 ,하이브리드(LPG+전기),0,0,0,0,3,0,0,0,0,0,0,0,3,no
202608,11,11740,1174052500,q,서울,서울특별시 강동구,강동구 상일제1동 ,수소,0,0,0,0,23,0,0,0,0,0,0,0,23,no
202608,11,11740,1174052500,r,서울,서울특별시 강동구,강동구 상일제1동 ,수소전기,0,0,0,0,2,0,0,0,0,0,0,0,2,no
202608,11,11740,1174052500,z,서울,서울특별시 강동구,강동구 상일제1동 ,기타연료,0,0,0,0,0,2,20,9,0,0,0,0,31,no
202608,11,11740,1174052600,a,서울,서울특별시 강동구,강동구 상일제2동 ,휘발유,0,0,0,0,433,0,1,0,0,0,0,0,434,no
202608,11,11740,1174052600,b,서울,서울특별시 강동구,강동구 상일제2동 ,경유,0,0,0,0,537,39,136,1,0,0,29,7,749,no
202608,11,11740,1174052600,c,서울,서울특별시 강동구,강동구 상일제2동 ,엘피지,0,0,0,0,174,6,30,0,35,0,8,0,253,no
202608,11,11740,1174052600,e,서울,서울특별시 강동구,강동구 상일제2동 ,전기,0,0,0,0,137,1,18,0,11,0,9,0,176,yes
202608,11,11740,1174052600,g,서울,서울특별시 강동구,강동구 상일제2동 ,휘발유(유연),0,0,0,0,2,0,0,0,0,0,0,0,2,no
202608,11,11740,1174052600,h,서울,서울특별시 강동구,강동구 상일제2동 ,휘발유(무연),0,0,0,0,1036,0,1,0,1,0,0,0,1038,no
202608,11,11740,1174052600,l,서울,서울특별시 강동구,강동구 상일제2동 ,하이브리드(휘발유+전기),0,0,0,0,366,1,1,0,4,0,1,0,373,no
202608,11,11740,1174052600,m,서울,서울특별시 강동구,강동구 상일제2동 ,하이브리드(경유+전기),0,0,0,0,6,0,0,0,0,0,0,0,6,no
202608,11,11740,1174052600,q,서울,서울특별시 강동구,강동구 상일제2동 ,수소,0,0,0,0,8,0,0,0,0,0,0,0,8,no
202608,11,11740,1174052600,z,서울,서울특별시 강동구,강동구 상일제2동 ,기타연료,0,0,0,0,0,1,3,0,0,0,0,0,4,no
202608,11,11740,1174053000,a,서울,서울특별시 강동구,강동구 명일1동 ,휘발유,0,0,0,0,1314,0,1,0,1,0,0,0,1316,no
202608,11,11740,1174053000,b,서울,서울특별시 강동구,강동구 명일1동 ,경유,0,0,0,0,1486,86,313,4,1,2,41,7,1940,no
202608,11,11740,1174053000,c,서울,서울특별시 강동구,강동구 명일1동 ,엘피지,0,0,0,0,331,25,60,0,74,1,22,0,513,no
202608,11,11740,1174053000,e,서울,서울특별시 강동구,강동구 명일1동 ,전기,0,0,0,0,206,1,10,0,21,0,5,0,243,yes
202608,11,11740,1174053000,g,서울,서울특별시 강동구,강동구 명일1동 ,휘발유(유연),0,0,0,0,6,0,0,0,0,0,0,0,6,no
202608,11,11740,1174053000,h,서울,서울특별시 강동구,강동구 명일1동 ,휘발유(무연),0,0,0,0,3006,0,2,0,13,0,0,0,3021,no
202608,11,11740,1174053000,l,서울,서울특별시 강동구,강동구 명일1동 ,하이브리드(휘발유+전기),0,0,0,0,1031,1,3,0,5,0,0,0,1040,no
202608,11,11740,1174053000,m,서울,서울특별시 강동구,강동구 명일1동 ,하이브리드(경유+전기),0,0,0,0,15,0,0,0,0,0,0,0,15,no
202608,11,11740,1174053000,q,서울,서울특별시 강동구,강동구 명일1동 ,수소,0,0,0,0,9,0,0,0,0,0,0,0,9,no
202608,11,11740,1174053000,z,서울,서울특별시 강동구,강동구 명일1동 ,기타연료,0,0,0,0,0,3,14,2,0,0,0,0,19,no
202608,11,11740,1174054000,a,서울,서울특별시 강동구,강동구 명일2동 ,휘발유,0,0,0,0,1082,1,2,0,0,0,0,0,1085,no
202608,11,11740,1174054000,b,서울,서울특별시 강동구,강동구 명일2동 ,경유,1,0,0,0,1015,50,171,2,0,0,18,1,1258,no
202608,11,11740,1174054000,c,서울,서울특별시 강동구,강동구 명일2동 ,엘피지,0,0,0,0,197,17,18,0,30,0,5,0,267,no
202608,11,11740,1174054000,e,서울,서울특별시 강동구,강동구 명일2동 ,전기,0,0,0,0,168,2,7,0,6,0,6,0,189,yes
202608,11,11740,1174054000,g,서울,서울특별시 강동구,강동구 명일2동 ,휘발유(유연),0,0,0,0,2,0,0,0,0,0,0,0,2,no
202608,11,11740,1174054000,h,서울,서울특별시 강동구,강동구 명일2동 ,휘발유(무연),0,0,0,0,2120,0,2,0,0,0,0,0,2122,no
202608,11,11740,1174054000,l,서울,서울특별시 강동구,강동구 명일2동 ,하이브리드(휘발유+전기),0,0,0,0,756,0,0,0,1,0,1,0,758,no
202608,11,11740,1174054000,m,서울,서울특별시 강동구,강동구 명일2동 ,하이브리드(경유+전기),0,0,0,0,12,0,0,0,0,0,0,0,12,no
202608,11,11740,1174054000,n,서울,서울특별시 강동구,강동구 명일2동 ,하이브리드(LPG+전기),0,0,0,0,2,0,0,0,0,0,0,0,2,no
202608,11,11740,1174054000,q,서울,서울특별시 강동구,강동구 명일2동 ,수소,0,0,0,0,11,0,0,0,0,0,0,0,11,no
202608,11,11740,1174054000,r,서울,서울특별시 강동구,강동구 명일2동 ,수소전기,0,0,0,0,2,0,0,0,0,0,0,0,2,no
202608,11,11740,1174054000,z,서울,서울특별시 강동구,강동구 명일2동 ,기타연료,0,0,0,0,0,1,5,2,0,0,0,0,8,no
202608,11,11740,1174055000,a,서울,서울특별시 강동구,강동구 고덕1동 ,휘발유,0,0,0,0,1524,0,3,0,0,0,0,0,1527,no
202608,11,11740,1174055000,b,서울,서울특별시 강동구,강동구 고덕1동 ,경유,1,0,1,0,1595,86,389,28,0,0,44,8,2152,no
202608,11,11740,1174055000,c,서울,서울특별시 강동구,강동구 고덕1동 ,엘피지,0,0,0,0,270,17,53,0,57,0,15,0,412,no
202608,11,11740,1174055000,e,서울,서울특별시 강동구,강동구 고덕1동 ,전기,0,0,0,0,365,0,18,0,10,0,13,0,406,yes
202608,11,11740,1174055000,h,서울,서울특별시 강동구,강동구 고덕1동 ,휘발유(무연),0,0,0,0,2911,1,5,0,0,0,0,0,2917,no
202608,11,11740,1174055000,j,서울,서울특별시 강동구,강동구 고덕1동 ,CNG,0,0,0,0,1,0,0,0,0,0,0,0,1,no
202608,11,11740,1174055000,l,서울,서울특별시 강동구,강동구 고덕1동 ,하이브리드(휘발유+전기),0,0,0,0,1304,2,2,0,3,0,0,0,1311,no
202608,11,11740,1174055000,m,서울,서울특별시 강동구,강동구 고덕1동 ,하이브리드(경유+전기),0,0,0,0,28,0,0,0,0,0,0,0,28,no
202608,11,11740,1174055000,q,서울,서울특별시 강동구,강동구 고덕1동 ,수소,0,0,0,0,19,0,0,0,0,0,0,0,19,no
202608,11,11740,1174055000,r,서울,서울특별시 강동구,강동구 고덕1동 ,수소전기,0,0,0,0,1,0,0,0,0,0,0,0,1,no
202608,11,11740,1174055000,z,서울,서울특별시 강동구,강동구 고덕1동 ,기타연료,0,0,0,0,0,7,27,10,0,0,1,0,45,no
202608,11,11740,1174056000,a,서울,서울특별시 강동구,강동구 고덕2동 ,휘발유,0,0,0,0,1603,0,2,0,1,0,0,0,1606,no
202608,11,11740,1174056000,b,서울,서울특별시 강동구,강동구 고덕2동 ,경유,0,0,0,0,1788,93,402,5,0,4,58,7,2357,no
202608,11,11740,1174056000,c,서울,서울특별시 강동구,강동구 고덕2동 ,엘피지,0,0,0,0,315,35,58,2,58,0,17,0,485,no
202608,11,11740,1174056000,e,서울,서울특별시 강동구,강동구 고덕2동 ,전기,0,0,0,0,466,1,23,0,16,0,18,0,524,yes
202608,11,11740,1174056000,g,서울,서울특별시 강동구,강동구 고덕2동 ,휘발유(유연),0,0,0,0,2,0,0,0,0,0,0,0,2,no
202608,11,11740,1174056000,h,서울,서울특별시 강동구,강동구 고덕2동 ,휘발유(무연),0,0,0,0,3198,3,11,0,0,0,0,0,3212,no
202608,11,11740,1174056000,l,서울,서울특별시 강동구,강동구 고덕2동 ,하이브리드(휘발유+전기),0,0,0,0,1312,0,1,0,1,0,0,0,1314,no
202608,11,11740,1174056000,m,서울,서울특별시 강동구,강동구 고덕2동 ,하이브리드(경유+전기),0,0,0,0,27,0,0,0,0,0,0,0,27,no
202608,11,11740,1174056000,n,서울,서울특별시 강동구,강동구 고덕2동 ,하이브리드(LPG+전기),0,0,0,0,3,0,0,0,0,0,0,0,3,no
202608,11,11740,1174056000,q,서울,서울특별시 강동구,강동구 고덕2동 ,수소,0,0,0,0,22,0,0,0,0,0,0,0,22,no
202608,11,11740,1174056000,r,서울,서울특별시 강동구,강동구 고덕2동 ,수소전기,0,0,0,0,1,0,0,0,0,0,0,0,1,no
202608,11,11740,1174056000,z,서울,서울특별시 강동구,강동구 고덕2동 ,기타연료,0,0,0,0,0,5,30,6,0,0,0,0,41,no
202608,11,11740,1174057000,a,서울,서울특별시 강동구,강동구 암사1동 ,휘발유,0,0,0,0,1354,1,7,0,1,0,0,0,1363,no
202608,11,11740,1174057000,b,서울,서울특별시 강동구,강동구 암사1동 ,경유,0,1,1,0,1800,180,713,15,20,12,125,23,2890,no
202608,11,11740,1174057000,c,서울,서울특별시 강동구,강동구 암사1동 ,엘피지,0,1,0,0,469,40,93,1,372,1,40,0,1017,no
202608,11,11740,1174057000,e,서울,서울특별시 강동구,강동구 암사1동 ,전기,1,0,0,0,168,0,37,0,42,0,18,0,266,yes
202608,11,11740,1174057000,h,서울,서울특별시 강동구,강동구 암사1동 ,휘발유(무연),1,0,0,0,3441,1,6,0,70,0,0,0,3519,no
202608,11,11740,1174057000,j,서울,서울특별시 강동구,강동구 암사1동 ,CNG,0,0,0,0,0,1,0,0,0,0,0,0,1,no
202608,11,11740,1174057000,l,서울,서울특별시 강동구,강동구 암사1동 ,하이브리드(휘발유+전기),0,0,0,0,936,1,2,0,8,0,1,0,948,no
202608,11,11740,1174057000,m,서울,서울특별시 강동구,강동구 암사1동 ,하이브리드(경유+전기),0,0,0,0,15,0,0,0,0,0,0,0,15,no
202608,11,11740,1174057000,n,서울,서울특별시 강동구,강동구 암사1동 ,하이브리드(LPG+전기),0,0,0,0,5,0,0,0,0,0,0,0,5,no
202608,11,11740,1174057000,q,서울,서울특별시 강동구,강동구 암사1동 ,수소,0,0,0,0,8,0,0,0,0,0,0,0,8,no
202608,11,11740,1174057000,z,서울,서울특별시 강동구,강동구 암사1동 ,기타연료,0,0,0,0,1,4,7,1,0,0,0,0,13,no
202608,11,11740,1174058000,a,서울,서울특별시 강동구,강동구 암사2동 ,휘발유,0,0,0,0,840,0,9,0,0,0,0,0,849,no
202608,11,11740,1174058000,b,서울,서울특별시 강동구,강동구 암사2동 ,경유,0,0,0,0,888,61,230,4,0,0,35,5,1223,no
202608,11,11740,1174058000,c,서울,서울특별시 강동구,강동구 암사2동 ,엘피지,0,0,0,0,188,13,35,1,55,0,14,0,306,no
202608,11,11740,1174058000,e,서울,서울특별시 강동구,강동구 암사2동 ,전기,0,0,0,0,140,0,13,1,19,0,4,0,177,yes
202608,11,11740,1174058000,g,서울,서울특별시 강동구,강동구 암사2동 ,휘발유(유연),0,0,0,0,2,0,0,0,0,0,0,0,2,no
202608,11,11740,1174058000,h,서울,서울특별시 강동구,강동구 암사2동 ,휘발유(무연),0,0,0,0,1736,0,4,0,0,0,0,0,1740,no
202608,11,11740,1174058000,l,서울,서울특별시 강동구,강동구 암사2동 ,하이브리드(휘발유+전기),0,0,0,0,608,1,3,0,2,0,0,0,614,no
202608,11,11740,1174058000,m,서울,서울특별시 강동구,강동구 암사2동 ,하이브리드(경유+전기),0,0,0,0,13,0,0,0,0,0,0,0,13,no
202608,11,11740,1174058000,q,서울,서울특별시 강동구,강동구 암사2동 ,수소,0,0,0,0,5,0,0,0,0,0,0,0,5,no
202608,11,11740,1174058000,r,서울,서울특별시 강동구,강동구 암사2동 ,수소전기,0,0,0,0,1,0,0,0,0,0,0,0,1,no
202608,11,11740,1174058000,z,서울,서울특별시 강동구,강동구 암사2동 ,기타연료,0,0,0,0,0,1,8,1,0,0,1,0,11,no
202608,11,11740,1174059000,a,서울,서울특별시 강동구,강동구 암사3동 ,휘발유,0,0,0,0,1056,0,3,0,0,0,0,0,1059,no
202608,11,11740,1174059000,b,서울,서울특별시 강동구,강동구 암사3동 ,경유,0,0,0,0,1124,39,198,4,1,1,33,5,1405,no
202608,11,11740,1174059000,c,서울,서울특별시 강동구,강동구 암사3동 ,엘피지,0,0,0,0,187,7,40,2,59,3,16,0,314,no
202608,11,11740,1174059000,e,서울,서울특별시 강동구,강동구 암사3동 ,전기,0,0,0,0,173,0,9,0,16,0,4,0,202,yes
202608,11,11740,1174059000,g,서울,서울특별시 강동구,강동구 암사3동 ,휘발유(유연),0,0,0,0,1,0,0,0,0,0,0,0,1,no
202608,11,11740,1174059000,h,서울,서울특별시 강동구,강동구 암사3동 ,휘발유(무연),0,0,0,0,2172,0,0,0,19,0,0,0,2191,no
202608,11,11740,1174059000,l,서울,서울특별시 강동구,강동구 암사3동 ,하이브리드(휘발유+전기),0,0,0,0,808,0,1,0,25,0,0,0,834,no
202608,11,11740,1174059000,m,서울,서울특별시 강동구,강동구 암사3동 ,하이브리드(경유+전기),0,0,0,0,20,0,0,0,0,0,0,0,20,no
202608,11,11740,1174059000,q,서울,서울특별시 강동구,강동구 암사3동 ,수소,0,0,0,0,5,0,0,0,0,0,0,0,5,no
202608,11,11740,1174059000,r,서울,서울특별시 강동구,강동구 암사3동 ,수소전기,0,0,0,0,1,0,0,0,0,0,0,0,1,no
202608,11,11740,1174059000,z,서울,서울특별시 강동구,강동구 암사3동 ,기타연료,0,0,0,0,0,2,11,2,0,0,0,0,15,no
202608,11,11740,1174060000,a,서울,서울특별시 강동구,강동구 천호1동 ,휘발유,1,0,0,0,1074,1,10,0,4,0,0,0,1090,no
202608,11,11740,1174060000,b,서울,서울특별시 강동구,강동구 천호1동 ,경유,1,0,0,0,1354,223,723,18,14,10,462,16,2821,no
202608,11,11740,1174060000,c,서울,서울특별시 강동구,강동구 천호1동 ,엘피지,0,0,0,0,383,34,99,3,160,63,49,0,791,no
202608,11,11740,1174060000,e,서울,서울특별시 강동구,강동구 천호1동 ,전기,0,0,0,0,122,1,32,0,28,0,13,0,196,yes
202608,11,11740,1174060000,g,서울,서울특별시 강동구,강동구 천호1동 ,휘발유(유연),0,0,0,0,4,0,0,0,0,0,0,0,4,no
202608,11,11740,1174060000,h,서울,서울특별시 강동구,강동구 천호1동 ,휘발유(무연),0,0,0,0,2487,1,6,0,43,0,0,0,2537,no
202608,11,11740,1174060000,j,서울,서울특별시 강동구,강동구 천호1동 ,CNG,0,0,0,0,0,0,1,0,0,0,0,0,1,no
202608,11,11740,1174060000,l,서울,서울특별시 강동구,강동구 천호1동 ,하이브리드(휘발유+전기),0,0,0,0,599,3,9,0,21,0,0,0,632,no
202608,11,11740,1174060000,m,서울,서울특별시 강동구,강동구 천호1동 ,하이브리드(경유+전기),0,0,0,0,7,0,0,0,0,0,0,0,7,no
202608,11,11740,1174060000,n,서울,서울특별시 강동구,강동구 천호1동 ,하이브리드(LPG+전기),0,0,0,0,2,0,0,0,0,0,0,0,2,no
202608,11,11740,1174060000,q,서울,서울특별시 강동구,강동구 천호1동 ,수소,0,0,0,0,12,0,0,0,1,0,0,0,13,no
202608,11,11740,1174060000,z,서울,서울특별시 강동구,강동구 천호1동 ,기타연료,0,0,0,0,0,3,6,1,0,0,8,0,18,no
202608,11,11740,1174061000,a,서울,서울특별시 강동구,강동구 천호2동 ,휘발유,0,0,0,0,1690,1,16,0,19,0,0,0,1726,no
202608,11,11740,1174061000,b,서울,서울특별시 강동구,강동구 천호2동 ,경유,0,0,0,0,1998,181,757,19,20,33,110,23,3141,no
202608,11,11740,1174061000,c,서울,서울특별시 강동구,강동구 천호2동 ,엘피지,0,0,0,0,471,46,109,2,174,3,34,0,839,no
202608,11,11740,1174061000,e,서울,서울특별시 강동구,강동구 천호2동 ,전기,0,0,0,0,248,0,24,1,28,0,13,0,314,yes
202608,11,11740,1174061000,g,서울,서울특별시 강동구,강동구 천호2동 ,휘발유(유연),0,0,0,0,2,0,0,0,0,0,0,0,2,no
202608,11,11740,1174061000,h,서울,서울특별시 강동구,강동구 천호2동 ,휘발유(무연),0,0,0,0,3528,0,5,0,24,0,0,0,3557,no
202608,11,11740,1174061000,l,서울,서울특별시 강동구,강동구 천호2동 ,하이브리드(휘발유+전기),0,0,0,0,1020,1,4,0,44,1,0,0,1070,no
202608,11,11740,1174061000,m,서울,서울특별시 강동구,강동구 천호2동 ,하이브리드(경유+전기),0,0,0,0,17,0,0,0,0,0,0,0,17,no
202608,11,11740,1174061000,n,서울,서울특별시 강동구,강동구 천호2동 ,하이브리드(LPG+전기),0,0,0,0,1,0,0,0,0,0,0,0,1,no
202608,11,11740,1174061000,q,서울,서울특별시 강동구,강동구 천호2동 ,수소,0,0,0,0,10,0,0,0,0,0,0,0,10,no
202608,11,11740,1174061000,r,서울,서울특별시 강동구,강동구 천호2동 ,수소전기,0,0,0,0,3,0,0,0,0,0,0,0,3,no
202608,11,11740,1174061000,z,서울,서울특별시 강동구,강동구 천호2동 ,기타연료,0,0,0,0,1,6,15,2,0,0,1,0,25,no
202608,11,11740,1174062000,a,서울,서울특별시 강동구,강동구 천호3동 ,휘발유,0,0,0,0,1367,2,8,0,3,0,0,0,1380,no
202608,11,11740,1174062000,b,서울,서울특별시 강동구,강동구 천호3동 ,경유,0,0,0,0,1376,104,478,10,3,4,72,5,2052,no
202608,11,11740,1174062000,c,서울,서울특별시 강동구,강동구 천호3동 ,엘피지,0,0,0,0,338,29,77,1,78,0,25,0,548,no
202608,11,11740,1174062000,e,서울,서울특별시 강동구,강동구 천호3동 ,전기,0,0,0,0,222,0,18,0,25,0,13,0,278,yes
202608,11,11740,1174062000,g,서울,서울특별시 강동구,강동구 천호3동 ,휘발유(유연),0,0,0,0,1,0,0,0,0,0,0,0,1,no
202608,11,11740,1174062000,h,서울,서울특별시 강동구,강동구 천호3동 ,휘발유(무연),1,0,0,0,2746,0,3,0,2,0,0,0,2752,no
202608,11,11740,1174062000,l,서울,서울특별시 강동구,강동구 천호3동 ,하이브리드(휘발유+전기),0,0,0,0,836,0,3,1,4,0,0,0,844,no
202608,11,11740,1174062000,m,서울,서울특별시 강동구,강동구 천호3동 ,하이브리드(경유+전기),0,0,0,0,14,0,0,0,0,0,0,0,14,no
202608,11,11740,1174062000,n,서울,서울특별시 강동구,강동구 천호3동 ,하이브리드(LPG+전기),0,0,0,0,3,0,0,0,0,0,0,0,3,no
202608,11,11740,1174062000,q,서울,서울특별시 강동구,강동구 천호3동 ,수소,0,0,0,0,8,0,0,0,0,0,0,0,8,no
202608,11,11740,1174062000,z,서울,서울특별시 강동구,강동구 천호3동 ,기타연료,0,0,0,0,0,1,8,1,0,0,5,0,15,no
202608,11,11740,1174064000,a,서울,서울특별시 강동구,강동구 성내1동 ,휘발유,1,0,0,0,1202,1,10,0,4,0,0,0,1218,no
202608,11,11740,1174064000,b,서울,서울특별시 강동구,강동구 성내1동 ,경유,0,13,19,2,1321,155,800,13,14,28,68,16,2449,no
202608,11,11740,1174064000,c,서울,서울특별시 강동구,강동구 성내1동 ,엘피지,0,0,3,0,265,40,93,0,100,0,23,1,525,no
202608,11,11740,1174064000,e,서울,서울특별시 강동구,강동구 성내1동 ,전기,10,0,1,0,170,0,25,0,17,0,10,0,233,yes
202608,11,11740,1174064000,g,서울,서울특별시 강동구,강동구 성내1동 ,휘발유(유연),0,0,0,0,2,0,0,0,0,0,0,0,2,no
202608,11,11740,1174064000,h,서울,서울특별시 강동구,강동구 성내1동 ,휘발유(무연),7,0,0,0,2489,2,1,0,83,0,0,0,2582,no
202608,11,11740,1174064000,j,서울,서울특별시 강동구,강동구 성내1동 ,CNG,0,0,0,0,0,0,1,0,0,0,0,0,1,no
202608,11,11740,1174064000,l,서울,서울특별시 강동구,강동구 성내1동 ,하이브리드(휘발유+전기),3,1,0,0,855,3,7,0,14,0,0,0,883,no
202608,11,11740,1174064000,m,서울,서울특별시 강동구,강동구 성내1동 ,하이브리드(경유+전기),0,0,0,0,14,0,0,0,3,0,0,0,17,no
202608,11,11740,1174064000,n,서울,서울특별시 강동구,강동구 성내1동 ,하이브리드(LPG+전기),0,0,0,0,1,0,0,0,0,0,0,0,1,no
202608,11,11740,1174064000,q,서울,서울특별시 강동구,강동구 성내1동 ,수소,0,0,0,0,6,0,0,0,0,0,0,0,6,no
202608,11,11740,1174064000,r,서울,서울특별시 강동구,강동구 성내1동 ,수소전기,0,0,0,0,2,0,0,0,0,0,0,0,2,no
202608,11,11740,1174064000,z,서울,서울특별시 강동구,강동구 성내1동 ,기타연료,0,0,1,1,0,2,5,1,0,0,0,0,10,no
202608,11,11740,1174065000,a,서울,서울특별시 강동구,강동구 성내2동 ,휘발유,0,0,0,0,1016,3,6,0,0,0,0,0,1025,no
202608,11,11740,1174065000,b,서울,서울특별시 강동구,강동구 성내2동 ,경유,4,23,81,5,1151,100,461,8,3,0,130,9,1975,no
202608,11,11740,1174065000,c,서울,서울특별시 강동구,강동구 성내2동 ,엘피지,0,1,9,0,272,30,67,0,107,2,28,0,516,no
202608,11,11740,1174065000,e,서울,서울특별시 강동구,강동구 성내2동 ,전기,50,0,5,0,134,1,19,0,17,0,12,0,238,yes
202608,11,11740,1174065000,g,서울,서울특별시 강동구,강동구 성내2동 ,휘발유(유연),0,0,0,0,2,0,0,0,0,0,0,0,2,no
202608,11,11740,1174065000,h,서울,서울특별시 강동구,강동구 성내2동 ,휘발유(무연),12,0,0,0,2136,2,3,0,4,0,0,0,2157,no
202608,11,11740,1174065000,j,서울,서울특별시 강동구,강동구 성내2동 ,CNG,0,0,9,0,2,0,1,0,0,0,0,0,12,no
202608,11,11740,1174065000,l,서울,서울특별시 강동구,강동구 성내2동 ,하이브리드(휘발유+전기),2,0,0,0,596,1,4,0,10,0,0,0,613,no
202608,11,11740,1174065000,m,서울,서울특별시 강동구,강동구 성내2동 ,하이브리드(경유+전기),0,0,0,0,7,0,0,0,2,0,0,0,9,no
202608,11,11740,1174065000,n,서울,서울특별시 강동구,강동구 성내2동 ,하이브리드(LPG+전기),0,0,0,0,3,0,0,0,3,0,0,0,6,no
202608,11,11740,1174065000,q,서울,서울특별시 강동구,강동구 성내2동 ,수소,10,0,0,0,6,0,0,0,0,0,0,0,16,no
202608,11,11740,1174065000,r,서울,서울특별시 강동구,강동구 성내2동 ,수소전기,0,0,0,0,1,0,0,0,0,0,0,0,1,no
202608,11,11740,1174065000,z,서울,서울특별시 강동구,강동구 성내2동 ,기타연료,0,0,1,0,0,3,9,0,0,0,0,0,13,no
202608,11,11740,1174066000,a,서울,서울특별시 강동구,강동구 성내3동 ,휘발유,0,0,0,0,1015,0,4,0,0,0,0,0,1019,no
202608,11,11740,1174066000,b,서울,서울특별시 강동구,강동구 성내3동 ,경유,0,0,0,0,1186,117,512,7,0,0,55,5,1882,no
202608,11,11740,1174066000,c,서울,서울특별시 강동구,강동구 성내3동 ,엘피지,0,0,0,0,288,30,60,1,76,0,22,0,477,no
202608,11,11740,1174066000,e,서울,서울특별시 강동구,강동구 성내3동 ,전기,0,0,0,0,128,0,18,0,23,0,14,0,183,yes
202608,11,11740,1174066000,g,서울,서울특별시 강동구,강동구 성내3동 ,휘발유(유연),0,0,0,0,2,0,0,0,0,0,0,0,2,no
202608,11,11740,1174066000,h,서울,서울특별시 강동구,강동구 성내3동 ,휘발유(무연),0,0,0,0,2210,1,4,0,5,0,0,0,2220,no
202608,11,11740,1174066000,j,서울,서울특별시 강동구,강동구 성내3동 ,CNG,0,0,0,0,1,0,2,0,0,0,0,0,3,no
202608,11,11740,1174066000,l,서울,서울특별시 강동구,강동구 성내3동 ,하이브리드(휘발유+전기),0,0,0,0,589,3,2,0,3,0,0,0,597,no
202608,11,11740,1174066000,m,서울,서울특별시 강동구,강동구 성내3동 ,하이브리드(경유+전기),0,0,0,0,8,0,0,0,0,0,0,0,8,no
202608,11,11740,1174066000,n,서울,서울특별시 강동구,강동구 성내3동 ,하이브리드(LPG+전기),0,0,0,0,3,0,0,0,0,0,0,0,3,no
202608,11,11740,1174066000,q,서울,서울특별시 강동구,강동구 성내3동 ,수소,0,0,0,0,7,0,0,0,0,0,0,0,7,no
202608,11,11740,1174066000,z,서울,서울특별시 강동구,강동구 성내3동 ,기타연료,0,0,0,0,0,1,7,1,0,0,1,0,10,no
202608,11,11740,1174067000,a,서울,서울특별시 강동구,강동구 길1동 ,휘발유,0,0,0,0,1,0,0,0,0,0,0,0,1,no
202608,11,11740,1174067000,b,서울,서울특별시 강동구,강동구 길1동 ,경유,0,0,0,0,0,0,0,0,0,0,0,1,1,no
202608,11,11740,1174068500,a,서울,서울특별시 강동구,강동구 길동 ,휘발유,1,0,0,0,2330,1,10,0,0,0,0,0,2342,no
202608,11,11740,1174068500,b,서울,서울특별시 강동구,강동구 길동 ,경유,0,1,15,0,2700,240,1180,21,1,32,213,21,4424,no
202608,11,11740,1174068500,c,서울,서울특별시 강동구,강동구 길동 ,엘피지,0,0,3,0,701,49,171,1,1174,4,57,0,2160,no
202608,11,11740,1174068500,e,서울,서울특별시 강동구,강동구 길동 ,전기,0,0,0,0,303,2,33,0,325,0,38,0,701,yes
202608,11,11740,1174068500,g,서울,서울특별시 강동구,강동구 길동 ,휘발유(유연),0,0,0,0,6,0,0,0,0,0,0,0,6,no
202608,11,11740,1174068500,h,서울,서울특별시 강동구,강동구 길동 ,휘발유(무연),1,0,0,0,5199,2,10,0,1,0,0,0,5213,no
202608,11,11740,1174068500,l,서울,서울특별시 강동구,강동구 길동 ,하이브리드(휘발유+전기),1,0,0,0,1517,2,6,0,32,0,0,0,1558,no
202608,11,11740,1174068500,m,서울,서울특별시 강동구,강동구 길동 ,하이브리드(경유+전기),0,0,0,0,23,0,0,0,0,0,0,0,23,no
202608,11,11740,1174068500,n,서울,서울특별시 강동구,강동구 길동 ,하이브리드(LPG+전기),0,0,0,0,3,0,0,0,3,0,0,0,6,no
202608,11,11740,1174068500,q,서울,서울특별시 강동구,강동구 길동 ,수소,0,0,0,0,27,0,0,0,0,0,0,0,27,no
202608,11,11740,1174068500,r,서울,서울특별시 강동구,강동구 길동 ,수소전기,0,0,0,0,1,0,0,0,0,0,0,0,1,no
202608,11,11740,1174068500,z,서울,서울특별시 강동구,강동구 길동 ,기타연료,0,0,0,0,0,4,22,3,0,0,0,0,29,no
202608,11,11740,1174069000,a,서울,서울특별시 강동구,강동구 둔촌1동 ,휘발유,0,0,0,0,2481,2,7,0,0,0,0,0,2490,no
202608,11,11740,1174069000,b,서울,서울특별시 강동구,강동구 둔촌1동 ,경유,0,0,0,0,2038,67,247,18,1,1,25,1,2398,no
202608,11,11740,1174069000,c,서울,서울특별시 강동구,강동구 둔촌1동 ,엘피지,0,0,0,0,244,13,31,0,221,43,8,0,560,no
202608,11,11740,1174069000,e,서울,서울특별시 강동구,강동구 둔촌1동 ,전기,0,0,0,0,647,3,27,0,16,0,3,0,696,yes
202608,11,11740,1174069000,g,서울,서울특별시 강동구,강동구 둔촌1동 ,휘발유(유연),0,0,0,0,2,0,0,0,0,0,0,0,2,no
202608,11,11740,1174069000,h,서울,서울특별시 강동구,강동구 둔촌1동 ,휘발유(무연),0,0,0,0,4379,0,3,0,0,0,0,0,4382,no
202608,11,11740,1174069000,j,서울,서울특별시 강동구,강동구 둔촌1동 ,CNG,0,0,0,0,1,0,0,0,0,0,0,0,1,no
202608,11,11740,1174069000,l,서울,서울특별시 강동구,강동구 둔촌1동 ,하이브리드(휘발유+전기),0,0,0,0,2124,0,1,0,2,0,0,0,2127,no
202608,11,11740,1174069000,m,서울,서울특별시 강동구,강동구 둔촌1동 ,하이브리드(경유+전기),0,0,0,0,56,0,0,0,0,0,0,0,56,no
202608,11,11740,1174069000,n,서울,서울특별시 강동구,강동구 둔촌1동 ,하이브리드(LPG+전기),0,0,0,0,1,0,0,0,1,0,0,0,2,no
202608,11,11740,1174069000,q,서울,서울특별시 강동구,강동구 둔촌1동 ,수소,0,0,0,0,14,0,0,0,1,0,0,0,15,no
202608,11,11740,1174069000,z,서울,서울특별시 강동구,강동구 둔촌1동 ,기타연료,0,0,0,0,0,7,16,8,0,0,0,0,31,no
202608,11,11740,1174070000,a,서울,서울특별시 강동구,강동구 둔촌2동 ,휘발유,0,0,0,0,1361,1,7,0,0,0,0,0,1369,no
202608,11,11740,1174070000,b,서울,서울특별시 강동구,강동구 둔촌2동 ,경유,0,0,0,0,1562,108,493,11,0,0,78,10,2262,no
202608,11,11740,1174070000,c,서울,서울특별시 강동구,강동구 둔촌2동 ,엘피지,0,0,0,0,335,34,77,2,152,0,25,0,625,no
202608,11,11740,1174070000,e,서울,서울특별시 강동구,강동구 둔촌2동 ,전기,0,0,0,0,223,1,24,0,20,0,14,0,282,yes
202608,11,11740,1174070000,g,서울,서울특별시 강동구,강동구 둔촌2동 ,휘발유(유연),0,0,0,0,2,0,0,0,0,0,0,0,2,no
202608,11,11740,1174070000,h,서울,서울특별시 강동구,강동구 둔촌2동 ,휘발유(무연),0,0,0,0,2909,1,5,0,0,0,0,0,2915,no
202608,11,11740,1174070000,l,서울,서울특별시 강동구,강동구 둔촌2동 ,하이브리드(휘발유+전기),0,0,0,0,1063,1,3,0,4,0,0,0,1071,no
202608,11,11740,1174070000,m,서울,서울특별시 강동구,강동구 둔촌2동 ,하이브리드(경유+전기),0,0,0,0,13,0,0,0,0,0,0,0,13,no
202608,11,11740,1174070000,n,서울,서울특별시 강동구,강동구 둔촌2동 ,하이브리드(LPG+전기),0,0,0,0,0,0,0,0,1,0,0,0,1,no
202608,11,11740,1174070000,q,서울,서울특별시 강동구,강동구 둔촌2동 ,수소,0,0,0,0,8,0,0,0,0,0,0,0,8,no
202608,11,11740,1174070000,r,서울,서울특별시 강동구,강동구 둔촌2동 ,수소전기,0,0,0,0,5,0,0,0,0,0,0,0,5,no
202608,11,11740,1174070000,z,서울,서울특별시 강동구,강동구 둔촌2동 ,기타연료,0,0,0,0,0,2,14,2,0,0,0,0,18,no
