연도,월,시도,시군구코드,지역,등록대수,내연기관,전기차,하이브리드,기타,검증
2023,1,강원도,,강원도,853900,803171,14065,29470,7194,
2023,1,경기,41820.0,가평군,33381,31644,479,1032,226,
2023,1,경기,41280.0,고양시,454150,422093,6576,23482,1999,
2023,1,경기,41290.0,과천시,31133,27757,699,2555,122,
2023,1,경기,41210.0,광명시,106584,98988,1344,5870,382,
2023,1,경기,41610.0,광주시,211425,199169,2043,9215,998,
2023,1,경기,41310.0,구리시,74111,69427,753,3623,308,
2023,1,경기,41410.0,군포시,105554,98205,1208,5713,428,
2023,1,경기,41570.0,김포시,242949,225368,4139,11906,1536,
2023,1,경기,41360.0,남양주시,327424,306920,3889,14954,1661,
2023,1,경기,41250.0,동두천시,40905,39082,473,1210,140,
2023,1,경기,41190.0,부천시,309791,292553,3577,12767,894,
2023,1,경기,41130.0,성남시,357594,325631,7163,23544,1256,
2023,1,경기,41110.0,수원시,555027,515509,6266,30847,2405,
2023,1,경기,41390.0,시흥시,270434,255977,1926,11218,1313,
2023,1,경기,41270.0,안산시,322217,305378,3161,12119,1559,
2023,1,경기,41550.0,안성시,116167,110565,1073,3669,860,
2023,1,경기,41170.0,안양시,219852,203913,2644,12602,693,
2023,1,경기,41630.0,양주시,123577,116973,1499,4539,566,
2023,1,경기,41830.0,양평군,66802,62670,1107,2643,382,
2023,1,경기,41670.0,여주시,74874,71220,845,2108,701,
2023,1,경기,41800.0,연천군,30006,28180,384,742,700,
2023,1,경기,41370.0,오산시,115554,108646,962,4946,1000,
2023,1,경기,41460.0,용인시,501190,460817,7250,30216,2907,
2023,1,경기,41430.0,의왕시,69584,63281,952,4194,1157,
2023,1,경기,41150.0,의정부시,178135,167930,2114,7464,627,
2023,1,경기,41500.0,이천시,127791,120620,1300,4664,1207,
2023,1,경기,41480.0,파주시,248836,234004,2850,10671,1311,
2023,1,경기,41220.0,평택시,331187,310066,2568,14069,4484,
2023,1,경기,41650.0,포천시,99159,94405,805,3352,597,
2023,1,경기,41450.0,하남시,141939,130370,2447,8291,831,
2023,1,경기,41590.0,화성시,505972,468700,5177,27844,4251,
2023,1,경상도,,경상도,6752696,6313290,93184,290890,55332,
2023,1,서울,11680.0,강남구,248437,215414,14046,18135,842,
2023,1,서울,11740.0,강동구,153446,142183,2265,8408,590,
2023,1,서울,11305.0,강북구,75208,71358,889,2813,148,
2023,1,서울,11500.0,강서구,206811,191526,2857,11817,611,
2023,1,서울,11620.0,관악구,118742,111448,1349,5690,255,
2023,1,서울,11215.0,광진구,98013,91831,1062,4886,234,
2023,1,서울,11530.0,구로구,148825,136495,5151,6656,523,
2023,1,서울,11545.0,금천구,91948,86665,1025,4028,230,
2023,1,서울,11350.0,노원구,152661,143429,1571,7279,382,
2023,1,서울,11320.0,도봉구,95686,90588,1093,3787,218,
2023,1,서울,11230.0,동대문구,99667,93664,1113,4596,294,
2023,1,서울,11590.0,동작구,106121,98352,1204,6284,281,
2023,1,서울,11440.0,마포구,122168,112900,1774,7039,455,
2023,1,서울,11410.0,서대문구,91399,84939,1207,4953,300,
2023,1,서울,11650.0,서초구,176910,159150,4805,12287,668,
2023,1,서울,11200.0,성동구,104232,96020,2248,5580,384,
2023,1,서울,11290.0,성북구,122756,114749,1488,6179,340,
2023,1,서울,11710.0,송파구,250206,231129,3286,14923,868,
2023,1,서울,11470.0,양천구,151900,141990,1741,7733,436,
2023,1,서울,11560.0,영등포구,144736,134206,2208,7686,636,
2023,1,서울,11170.0,용산구,75562,69452,1217,4541,352,
2023,1,서울,11380.0,은평구,133756,125581,1531,6286,358,
2023,1,서울,11110.0,종로구,50966,46995,914,2730,327,
2023,1,서울,11140.0,중구,57876,52097,2118,3325,336,
2023,1,서울,11260.0,중랑구,116319,110100,1462,4495,262,
2023,1,전라도,,전라도,2934325,2759168,37307,114267,23583,
2023,1,충청도,,충청도,3039386,2847139,49304,115809,27134,
2023,2,강원도,,강원도,856006,804321,14427,29989,7269,
2023,2,경기,41110.0,수원시,108767,101117,1073,6176,401,
2023,2,경상도,,경상도,6766749,6315583,97729,297815,55622,
2023,2,서울,11680.0,강남구,248933,215654,14026,18416,837,
2023,2,서울,11740.0,강동구,153609,142214,2271,8529,595,
2023,2,서울,11305.0,강북구,75134,71237,890,2857,150,
2023,2,서울,11500.0,강서구,206082,190745,2867,11857,613,
2023,2,서울,11620.0,관악구,118747,111378,1355,5760,254,
2023,2,서울,11215.0,광진구,97950,91668,1069,4974,239,
2023,2,서울,11530.0,구로구,148391,135953,5161,6756,521,
2023,2,서울,11545.0,금천구,92099,86715,1033,4118,233,
2023,2,서울,11350.0,노원구,152563,143209,1561,7407,386,
2023,2,서울,11320.0,도봉구,95639,90468,1093,3860,218,
2023,2,서울,11230.0,동대문구,99759,93660,1112,4690,297,
2023,2,서울,11590.0,동작구,105916,98055,1203,6381,277,
2023,2,서울,11440.0,마포구,122183,112802,1776,7152,453,
2023,2,서울,11410.0,서대문구,91705,85114,1221,5062,308,
2023,2,서울,11650.0,서초구,176168,158288,4757,12464,659,
2023,2,서울,11200.0,성동구,103707,95427,2239,5658,383,
2023,2,서울,11290.0,성북구,122804,114720,1482,6258,344,
2023,2,서울,11710.0,송파구,249372,230056,3273,15172,871,
2023,2,서울,11470.0,양천구,151905,141825,1763,7881,436,
2023,2,서울,11560.0,영등포구,144694,134052,2182,7819,641,
2023,2,서울,11170.0,용산구,75553,69387,1201,4613,352,
2023,2,서울,11380.0,은평구,133558,125281,1533,6390,354,
2023,2,서울,11110.0,종로구,50971,46975,907,2763,326,
2023,2,서울,11140.0,중구,57822,51974,2152,3361,335,
2023,2,서울,11260.0,중랑구,116417,110111,1457,4583,266,
2023,2,전라도,,전라도,2939323,2759472,39069,117026,23756,
2023,2,충청도,,충청도,3048137,2851824,50470,118420,27423,
2023,3,강원도,,강원도,858456,805390,14823,30910,7333,
2023,3,경기,41820.0,가평군,33483,31674,502,1077,230,
2023,3,경기,41280.0,고양시,456217,422592,7114,24457,2054,
2023,3,경기,41290.0,과천시,31389,27855,741,2671,122,
2023,3,경기,41210.0,광명시,106089,98150,1434,6125,380,
2023,3,경기,41610.0,광주시,212189,199366,2245,9570,1008,
2023,3,경기,41310.0,구리시,74462,69543,821,3788,310,
2023,3,경기,41410.0,군포시,105940,98273,1260,5983,424,
2023,3,경기,41570.0,김포시,243358,224953,4529,12326,1550,
2023,3,경기,41360.0,남양주시,327933,306505,4259,15477,1692,
2023,3,경기,41250.0,동두천시,40760,38833,501,1281,145,
2023,3,경기,41190.0,부천시,309665,291570,3810,13391,894,
2023,3,경기,41130.0,성남시,358619,325235,7510,24613,1261,
2023,3,경기,41110.0,수원시,554200,512908,6573,32326,2393,
2023,3,경기,41390.0,시흥시,273060,257729,2227,11770,1334,
2023,3,경기,41270.0,안산시,321959,304286,3338,12759,1576,
2023,3,경기,41550.0,안성시,116440,110478,1248,3816,898,
2023,3,경기,41170.0,안양시,220456,203760,2779,13219,698,
2023,3,경기,41630.0,양주시,126736,119545,1775,4842,574,
2023,3,경기,41830.0,양평군,67313,62898,1250,2775,390,
2023,3,경기,41670.0,여주시,75297,71417,947,2231,702,
2023,3,경기,41800.0,연천군,30135,28235,420,785,695,
2023,3,경기,41370.0,오산시,115982,108735,1061,5171,1015,
2023,3,경기,41460.0,용인시,502205,460328,7677,31279,2921,
2023,3,경기,41430.0,의왕시,69569,63062,989,4356,1162,
2023,3,경기,41150.0,의정부시,178399,167698,2277,7786,638,
2023,3,경기,41500.0,이천시,128570,120940,1514,4890,1226,
2023,3,경기,41480.0,파주시,251041,235460,3141,11116,1324,
2023,3,경기,41220.0,평택시,334597,312049,3091,14869,4588,
2023,3,경기,41650.0,포천시,98812,93762,1038,3411,601,
2023,3,경기,41450.0,하남시,142464,130416,2611,8616,821,
2023,3,경기,41590.0,화성시,511951,472179,5851,29371,4550,
2023,3,경상도,,경상도,6778308,6312917,102848,306750,55793,
2023,3,서울,11680.0,강남구,240480,211437,12377,15876,790,
2023,3,서울,11740.0,강동구,151875,142747,1392,7195,541,
2023,3,서울,11305.0,강북구,75148,72070,555,2380,143,
2023,3,서울,11500.0,강서구,206352,192995,1857,10994,506,
2023,3,서울,11620.0,관악구,118148,112339,828,4763,218,
2023,3,서울,11215.0,광진구,99126,94068,671,4188,199,
2023,3,서울,11530.0,구로구,146040,136229,3849,5476,486,
2023,3,서울,11545.0,금천구,90508,86460,594,3249,205,
2023,3,서울,11350.0,노원구,152305,144860,952,6133,360,
2023,3,서울,11320.0,도봉구,95573,91534,672,3176,191,
2023,3,서울,11230.0,동대문구,98574,93757,702,3847,268,
2023,3,서울,11590.0,동작구,106263,99868,770,5379,246,
2023,3,서울,11440.0,마포구,121250,113718,1139,5975,418,
2023,3,서울,11410.0,서대문구,89435,84266,713,4183,273,
2023,3,서울,11650.0,서초구,176639,161543,3624,10810,662,
2023,3,서울,11200.0,성동구,106035,99361,1517,4785,372,
2023,3,서울,11290.0,성북구,122016,115416,982,5288,330,
2023,3,서울,11710.0,송파구,248750,232976,2108,12850,816,
2023,3,서울,11470.0,양천구,151251,143111,1073,6663,404,
2023,3,서울,11560.0,영등포구,145946,136056,2407,6878,605,
2023,3,서울,11170.0,용산구,79420,73835,996,4255,334,
2023,3,서울,11380.0,은평구,133291,126714,954,5294,329,
2023,3,서울,11110.0,종로구,50832,47415,638,2492,287,
2023,3,서울,11140.0,중구,60081,56002,1014,2737,328,
2023,3,서울,11260.0,중랑구,114961,110239,822,3658,242,
2023,3,전라도,,전라도,2946351,2758955,42872,120639,23885,
2023,3,충청도,,충청도,3057198,2853922,53912,121671,27693,
2023,4,강원도,,강원도,858905,804722,15218,31603,7362,
2023,4,경기,41820.0,가평군,33493,31648,517,1096,232,
2023,4,경기,41280.0,고양시,457142,422772,7408,24902,2060,
2023,4,경기,41290.0,과천시,31638,28031,755,2726,126,
2023,4,경기,41210.0,광명시,105757,97660,1477,6242,378,
2023,4,경기,41610.0,광주시,212213,199145,2307,9750,1011,
2023,4,경기,41310.0,구리시,74596,69548,871,3864,313,
2023,4,경기,41410.0,군포시,105949,98139,1296,6089,425,
2023,4,경기,41570.0,김포시,244173,225371,4712,12529,1561,
2023,4,경기,41360.0,남양주시,328266,306366,4408,15794,1698,
2023,4,경기,41250.0,동두천시,40727,38766,522,1295,144,
2023,4,경기,41190.0,부천시,310669,292074,3977,13728,890,
2023,4,경기,41130.0,성남시,359164,325025,7788,25072,1279,
2023,4,경기,41110.0,수원시,555644,513227,6799,33217,2401,
2023,4,경기,41390.0,시흥시,274155,258475,2307,12043,1330,
2023,4,경기,41270.0,안산시,322313,304161,3509,13063,1580,
2023,4,경기,41550.0,안성시,117021,110914,1288,3917,902,
2023,4,경기,41170.0,안양시,220637,203563,2898,13474,702,
2023,4,경기,41630.0,양주시,127661,120240,1868,4968,585,
2023,4,경기,41830.0,양평군,67409,62904,1291,2819,395,
2023,4,경기,41670.0,여주시,75500,71506,994,2292,708,
2023,4,경기,41800.0,연천군,30098,28165,445,801,687,
2023,4,경기,41370.0,오산시,116241,108870,1086,5266,1019,
2023,4,경기,41460.0,용인시,503275,460629,7841,31865,2940,
2023,4,경기,41430.0,의왕시,69556,62936,1021,4434,1165,
2023,4,경기,41150.0,의정부시,178481,167543,2349,7950,639,
2023,4,경기,41500.0,이천시,128854,121041,1551,5028,1234,
2023,4,경기,41480.0,파주시,251656,235662,3321,11335,1338,
2023,4,경기,41220.0,평택시,335876,312727,3256,15261,4632,
2023,4,경기,41650.0,포천시,98705,93576,1089,3438,602,
2023,4,경기,41450.0,하남시,142732,130471,2685,8755,821,
2023,4,경기,41590.0,화성시,514341,473563,6143,30078,4557,
2023,4,경상도,,경상도,6785862,6308213,107343,314376,55930,
2023,4,서울,11680.0,강남구,251046,217052,14027,19108,859,
2023,4,서울,11740.0,강동구,153697,141789,2428,8875,605,
2023,4,서울,11305.0,강북구,75175,71047,977,3003,148,
2023,4,서울,11500.0,강서구,206008,190388,3003,12000,617,
2023,4,서울,11620.0,관악구,118824,111168,1441,5959,256,
2023,4,서울,11215.0,광진구,97927,91380,1140,5164,243,
2023,4,서울,11530.0,구로구,148429,135556,5297,7036,540,
2023,4,서울,11545.0,금천구,92291,86649,1095,4306,241,
2023,4,서울,11350.0,노원구,152595,142751,1746,7698,400,
2023,4,서울,11320.0,도봉구,95537,90105,1178,4032,222,
2023,4,서울,11230.0,동대문구,100103,93671,1195,4937,300,
2023,4,서울,11590.0,동작구,106390,98144,1292,6672,282,
2023,4,서울,11440.0,마포구,122477,112604,1956,7450,467,
2023,4,서울,11410.0,서대문구,91971,85095,1292,5270,314,
2023,4,서울,11650.0,서초구,175983,157434,5021,12868,660,
2023,4,서울,11200.0,성동구,104697,96086,2359,5864,388,
2023,4,서울,11290.0,성북구,122885,114444,1587,6503,351,
2023,4,서울,11710.0,송파구,245312,225123,3479,15832,878,
2023,4,서울,11470.0,양천구,151670,141124,1879,8229,438,
2023,4,서울,11560.0,영등포구,144538,133459,2237,8192,650,
2023,4,서울,11170.0,용산구,75451,69065,1252,4782,352,
2023,4,서울,11380.0,은평구,133448,124748,1668,6667,365,
2023,4,서울,11110.0,종로구,50866,46668,1001,2864,333,
2023,4,서울,11140.0,중구,57588,51598,2225,3455,310,
2023,4,서울,11260.0,중랑구,116608,109940,1610,4787,271,
2023,4,전라도,,전라도,2946885,2754249,45049,123559,24028,
2023,4,충청도,,충청도,3062063,2854664,55228,124316,27855,
2023,5,강원도,,강원도,859896,804328,15728,32442,7398,
2023,5,경기,41820.0,가평군,33524,31624,538,1119,243,
2023,5,경기,41280.0,고양시,458423,423253,7726,25374,2070,
2023,5,경기,41290.0,과천시,31837,28156,783,2768,130,
2023,5,경기,41210.0,광명시,105600,97340,1526,6360,374,
2023,5,경기,41610.0,광주시,212552,199213,2386,9945,1008,
2023,5,경기,41310.0,구리시,74636,69485,915,3922,314,
2023,5,경기,41410.0,군포시,105957,97992,1318,6223,424,
2023,5,경기,41570.0,김포시,244710,225525,4810,12795,1580,
2023,5,경기,41360.0,남양주시,328380,306048,4535,16102,1695,
2023,5,경기,41250.0,동두천시,40689,38703,529,1308,149,
2023,5,경기,41190.0,부천시,310879,291824,4129,14030,896,
2023,5,경기,41130.0,성남시,359358,324497,8000,25576,1285,
2023,5,경기,41110.0,수원시,556134,512833,6957,33958,2386,
2023,5,경기,41390.0,시흥시,274724,258667,2372,12347,1338,
2023,5,경기,41270.0,안산시,322499,303925,3578,13419,1577,
2023,5,경기,41550.0,안성시,116960,110702,1320,4028,910,
2023,5,경기,41170.0,안양시,220631,203129,3018,13784,700,
2023,5,경기,41630.0,양주시,129037,121324,1931,5184,598,
2023,5,경기,41830.0,양평군,67554,62947,1329,2879,399,
2023,5,경기,41670.0,여주시,75616,71525,1037,2349,705,
2023,5,경기,41800.0,연천군,30162,28174,470,830,688,
2023,5,경기,41370.0,오산시,116478,108929,1122,5412,1015,
2023,5,경기,41460.0,용인시,504137,460620,8106,32440,2971,
2023,5,경기,41430.0,의왕시,69482,62735,1066,4522,1159,
2023,5,경기,41150.0,의정부시,178603,167398,2420,8137,648,
2023,5,경기,41500.0,이천시,129101,121100,1597,5168,1236,
2023,5,경기,41480.0,파주시,251914,235551,3448,11559,1356,
2023,5,경기,41220.0,평택시,336656,312870,3392,15713,4681,
2023,5,경기,41650.0,포천시,98460,93274,1108,3479,599,
2023,5,경기,41450.0,하남시,143019,130484,2758,8951,826,
2023,5,경기,41590.0,화성시,516882,474951,6400,30946,4585,
2023,5,경상도,,경상도,6795321,6305641,110661,322892,56127,
2023,5,서울,11680.0,강남구,251123,216824,14068,19352,879,
2023,5,서울,11740.0,강동구,153780,141596,2497,9083,604,
2023,5,서울,11305.0,강북구,75185,70991,1003,3044,147,
2023,5,서울,11500.0,강서구,205650,189854,3095,12076,625,
2023,5,서울,11620.0,관악구,118810,111013,1477,6067,253,
2023,5,서울,11215.0,광진구,97920,91226,1176,5277,241,
2023,5,서울,11530.0,구로구,148384,135287,5351,7202,544,
2023,5,서울,11545.0,금천구,92322,86544,1133,4404,241,
2023,5,서울,11350.0,노원구,152503,142464,1802,7837,400,
2023,5,서울,11320.0,도봉구,95577,90054,1212,4089,222,
2023,5,서울,11230.0,동대문구,100165,93574,1236,5058,297,
2023,5,서울,11590.0,동작구,106573,98123,1326,6835,289,
2023,5,서울,11440.0,마포구,122545,112480,2006,7594,465,
2023,5,서울,11410.0,서대문구,91906,84867,1347,5379,313,
2023,5,서울,11650.0,서초구,176265,157269,5192,13150,654,
2023,5,서울,11200.0,성동구,104531,95812,2376,5961,382,
2023,5,서울,11290.0,성북구,122850,114233,1629,6639,349,
2023,5,서울,11710.0,송파구,244929,224367,3574,16110,878,
2023,5,서울,11470.0,양천구,151604,140884,1928,8350,442,
2023,5,서울,11560.0,영등포구,144626,133326,2336,8317,647,
2023,5,서울,11170.0,용산구,75425,68899,1303,4871,352,
2023,5,서울,11380.0,은평구,133358,124508,1716,6765,369,
2023,5,서울,11110.0,종로구,50841,46511,1074,2926,330,
2023,5,서울,11140.0,중구,56739,50726,2257,3445,311,
2023,5,서울,11260.0,중랑구,116677,109839,1693,4874,271,
2023,5,전라도,,전라도,2949650,2751015,46525,127983,24127,
2023,5,충청도,,충청도,3066417,2853914,56862,127622,28019,
2023,6,강원도,,강원도,861361,804505,16143,33278,7435,
2023,6,경기,41820.0,가평군,33621,31678,560,1140,243,
2023,6,경기,41280.0,고양시,459311,423265,7994,25972,2080,
2023,6,경기,41290.0,과천시,32065,28274,830,2833,128,
2023,6,경기,41210.0,광명시,105655,97189,1582,6514,370,
2023,6,경기,41610.0,광주시,213137,199411,2483,10233,1010,
2023,6,경기,41310.0,구리시,74692,69399,947,4030,316,
2023,6,경기,41410.0,군포시,105951,97807,1344,6370,430,
2023,6,경기,41570.0,김포시,245506,225847,4993,13080,1586,
2023,6,경기,41360.0,남양주시,328341,305459,4663,16479,1740,
2023,6,경기,41250.0,동두천시,40480,38472,531,1330,147,
2023,6,경기,41190.0,부천시,311405,291771,4269,14459,906,
2023,6,경기,41130.0,성남시,359573,323814,8284,26183,1292,
2023,6,경기,41110.0,수원시,559087,514375,7236,35070,2406,
2023,6,경기,41390.0,시흥시,275464,258965,2464,12700,1335,
2023,6,경기,41270.0,안산시,323102,303926,3761,13841,1574,
2023,6,경기,41550.0,안성시,117500,111064,1358,4169,909,
2023,6,경기,41170.0,안양시,220783,202855,3105,14117,706,
2023,6,경기,41630.0,양주시,130943,122845,2036,5452,610,
2023,6,경기,41830.0,양평군,67620,62883,1378,2957,402,
2023,6,경기,41670.0,여주시,75852,71642,1074,2426,710,
2023,6,경기,41800.0,연천군,30239,28222,470,859,688,
2023,6,경기,41370.0,오산시,116596,108849,1167,5561,1019,
2023,6,경기,41460.0,용인시,505424,460712,8450,33309,2953,
2023,6,경기,41430.0,의왕시,69424,62552,1099,4620,1153,
2023,6,경기,41150.0,의정부시,179575,168037,2507,8381,650,
2023,6,경기,41500.0,이천시,129433,121224,1657,5313,1239,
2023,6,경기,41480.0,파주시,252263,235591,3529,11781,1362,
2023,6,경기,41220.0,평택시,337802,313270,3551,16286,4695,
2023,6,경기,41650.0,포천시,98091,92871,1126,3498,596,
2023,6,경기,41450.0,하남시,143314,130529,2798,9157,830,
2023,6,경기,41590.0,화성시,518927,475794,6749,31774,4610,
2023,6,경상도,,경상도,6810360,6306997,114540,332516,56307,
2023,6,서울,11680.0,강남구,251915,217195,14121,19722,877,
2023,6,서울,11740.0,강동구,153870,141397,2573,9294,606,
2023,6,서울,11305.0,강북구,75103,70835,1030,3093,145,
2023,6,서울,11500.0,강서구,206090,190003,3197,12265,625,
2023,6,서울,11620.0,관악구,118845,110812,1525,6253,255,
2023,6,서울,11215.0,광진구,97866,91028,1197,5400,241,
2023,6,서울,11530.0,구로구,148653,135251,5443,7413,546,
2023,6,서울,11545.0,금천구,92397,86482,1169,4505,241,
2023,6,서울,11350.0,노원구,152329,142071,1846,8012,400,
2023,6,서울,11320.0,도봉구,95488,89814,1256,4190,228,
2023,6,서울,11230.0,동대문구,100625,93851,1281,5202,291,
2023,6,서울,11590.0,동작구,106665,98034,1374,6962,295,
2023,6,서울,11440.0,마포구,122664,112400,2061,7734,469,
2023,6,서울,11410.0,서대문구,91947,84725,1391,5519,312,
2023,6,서울,11650.0,서초구,176673,157061,5554,13420,638,
2023,6,서울,11200.0,성동구,104414,95486,2436,6111,381,
2023,6,서울,11290.0,성북구,122899,114093,1677,6778,351,
2023,6,서울,11710.0,송파구,245143,224064,3743,16452,884,
2023,6,서울,11470.0,양천구,151562,140546,1993,8574,449,
2023,6,서울,11560.0,영등포구,144765,133157,2468,8491,649,
2023,6,서울,11170.0,용산구,75476,68773,1353,4996,354,
2023,6,서울,11380.0,은평구,133366,124351,1768,6872,375,
2023,6,서울,11110.0,종로구,50666,46242,1111,2986,327,
2023,6,서울,11140.0,중구,56438,50361,2302,3463,312,
2023,6,서울,11260.0,중랑구,116575,109564,1745,4995,271,
2023,6,전라도,,전라도,2949269,2745093,48151,131811,24214,
2023,6,충청도,,충청도,3072816,2855038,58158,131421,28199,
2023,7,강원도,,강원도,862524,804588,16459,34019,7458,
2023,7,경기,41820.0,가평군,33636,31655,577,1159,245,
2023,7,경기,41280.0,고양시,459852,423215,8126,26432,2079,
2023,7,경기,41290.0,과천시,32425,28497,848,2952,128,
2023,7,경기,41210.0,광명시,105550,96825,1614,6642,469,
2023,7,경기,41610.0,광주시,213407,199282,2668,10445,1012,
2023,7,경기,41310.0,구리시,74811,69392,962,4140,317,
2023,7,경기,41410.0,군포시,106033,97718,1373,6510,432,
2023,7,경기,41570.0,김포시,246006,225923,5191,13291,1601,
2023,7,경기,41360.0,남양주시,328489,305068,4923,16760,1738,
2023,7,경기,41250.0,동두천시,40411,38346,557,1359,149,
2023,7,경기,41190.0,부천시,311353,291262,4390,14780,921,
2023,7,경기,41130.0,성남시,359244,322942,8402,26602,1298,
2023,7,경기,41110.0,수원시,560520,514713,7581,35811,2415,
2023,7,경기,41390.0,시흥시,275871,259008,2557,12966,1340,
2023,7,경기,41270.0,안산시,323386,303741,3899,14153,1593,
2023,7,경기,41550.0,안성시,117854,111232,1457,4248,917,
2023,7,경기,41170.0,안양시,220830,202505,3204,14415,706,
2023,7,경기,41630.0,양주시,132321,123975,2095,5629,622,
2023,7,경기,41830.0,양평군,67741,62936,1394,3010,401,
2023,7,경기,41670.0,여주시,76076,71777,1107,2484,708,
2023,7,경기,41800.0,연천군,30280,28236,472,883,689,
2023,7,경기,41370.0,오산시,116979,108987,1251,5714,1027,
2023,7,경기,41460.0,용인시,506089,460644,8616,33955,2874,
2023,7,경기,41430.0,의왕시,69318,62325,1137,4706,1150,
2023,7,경기,41150.0,의정부시,180086,168218,2626,8579,663,
2023,7,경기,41500.0,이천시,129857,121463,1697,5450,1247,
2023,7,경기,41480.0,파주시,252587,235570,3671,11986,1360,
2023,7,경기,41220.0,평택시,338951,313764,3862,16638,4687,
2023,7,경기,41650.0,포천시,98001,92580,1279,3544,598,
2023,7,경기,41450.0,하남시,143784,130638,2946,9369,831,
2023,7,경기,41590.0,화성시,520763,476372,7256,32463,4672,
2023,7,경상도,,경상도,6821186,6305399,118996,340336,56455,
2023,7,서울,11680.0,강남구,252157,217135,14094,20033,895,
2023,7,서울,11740.0,강동구,153760,141095,2608,9445,612,
2023,7,서울,11305.0,강북구,75119,70762,1050,3161,146,
2023,7,서울,11500.0,강서구,205940,189641,3269,12389,641,
2023,7,서울,11620.0,관악구,118967,110783,1582,6343,259,
2023,7,서울,11215.0,광진구,97886,90919,1216,5505,246,
2023,7,서울,11530.0,구로구,148670,135083,5466,7568,553,
2023,7,서울,11545.0,금천구,92430,86350,1208,4631,241,
2023,7,서울,11350.0,노원구,152465,141996,1890,8178,401,
2023,7,서울,11320.0,도봉구,95444,89656,1299,4257,232,
2023,7,서울,11230.0,동대문구,101055,94093,1309,5356,297,
2023,7,서울,11590.0,동작구,106762,97966,1410,7088,298,
2023,7,서울,11440.0,마포구,122586,112165,2104,7851,466,
2023,7,서울,11410.0,서대문구,91949,84591,1415,5629,314,
2023,7,서울,11650.0,서초구,176189,156344,5615,13562,668,
2023,7,서울,11200.0,성동구,104288,95192,2481,6226,389,
2023,7,서울,11290.0,성북구,122862,113889,1716,6901,356,
2023,7,서울,11710.0,송파구,244940,223552,3817,16690,881,
2023,7,서울,11470.0,양천구,151531,140316,2034,8727,454,
2023,7,서울,11560.0,영등포구,144824,133018,2505,8647,654,
2023,7,서울,11170.0,용산구,75440,68625,1378,5081,356,
2023,7,서울,11380.0,은평구,133628,124400,1813,7038,377,
2023,7,서울,11110.0,종로구,50800,46277,1147,3051,325,
2023,7,서울,11140.0,중구,56180,50062,2314,3489,315,
2023,7,서울,11260.0,중랑구,116542,109362,1788,5119,273,
2023,7,전라도,,전라도,2946713,2738181,49523,134687,24322,
2023,7,충청도,,충청도,3078777,2856414,59453,134555,28355,
2023,8,강원도,,강원도,863056,804107,16723,34735,7491,
2023,8,경기,41820.0,가평군,33652,31642,587,1177,246,
2023,8,경기,41280.0,고양시,460214,423029,8278,26824,2083,
2023,8,경기,41290.0,과천시,32597,28586,862,3016,133,
2023,8,경기,41210.0,광명시,105487,96643,1634,6737,473,
2023,8,경기,41610.0,광주시,213983,199574,2740,10638,1031,
2023,8,경기,41310.0,구리시,74767,69230,1006,4216,315,
2023,8,경기,41410.0,군포시,105653,97182,1394,6642,435,
2023,8,경기,41570.0,김포시,245877,225537,5266,13463,1611,
2023,8,경기,41360.0,남양주시,328601,304713,5087,17054,1747,
2023,8,경기,41250.0,동두천시,40429,38324,571,1384,150,
2023,8,경기,41190.0,부천시,310896,290466,4479,15041,910,
2023,8,경기,41130.0,성남시,359232,322401,8560,26974,1297,
2023,8,경기,41110.0,수원시,560700,514026,7688,36550,2436,
2023,8,경기,41390.0,시흥시,276045,258793,2679,13212,1361,
2023,8,경기,41270.0,안산시,323378,303397,3948,14435,1598,
2023,8,경기,41550.0,안성시,117774,111048,1482,4325,919,
2023,8,경기,41170.0,안양시,220844,202175,3265,14689,715,
2023,8,경기,41630.0,양주시,133107,124552,2146,5785,624,
2023,8,경기,41830.0,양평군,67941,63041,1415,3077,408,
2023,8,경기,41670.0,여주시,76204,71811,1134,2546,713,
2023,8,경기,41800.0,연천군,30267,28206,471,897,693,
2023,8,경기,41370.0,오산시,117122,108948,1312,5810,1052,
2023,8,경기,41460.0,용인시,506266,460182,8783,34431,2870,
2023,8,경기,41430.0,의왕시,69233,62141,1157,4774,1161,
2023,8,경기,41150.0,의정부시,180346,168251,2682,8752,661,
2023,8,경기,41500.0,이천시,129832,121300,1724,5553,1255,
2023,8,경기,41480.0,파주시,252953,235646,3789,12164,1354,
2023,8,경기,41220.0,평택시,339519,313830,3968,16999,4722,
2023,8,경기,41650.0,포천시,97711,92236,1299,3576,600,
2023,8,경기,41450.0,하남시,144101,130673,3039,9552,837,
2023,8,경기,41590.0,화성시,522162,476849,7480,33130,4703,
2023,8,경상도,,경상도,6825818,6299582,121856,347860,56520,
2023,8,서울,11680.0,강남구,252440,217168,14066,20306,900,
2023,8,서울,11740.0,강동구,153676,140796,2665,9605,610,
2023,8,서울,11305.0,강북구,74992,70564,1079,3203,146,
2023,8,서울,11500.0,강서구,205425,188990,3327,12455,653,
2023,8,서울,11620.0,관악구,118750,110468,1611,6410,261,
2023,8,서울,11215.0,광진구,97941,90855,1238,5599,249,
2023,8,서울,11530.0,구로구,148325,134609,5471,7688,557,
2023,8,서울,11545.0,금천구,92362,86154,1226,4738,244,
2023,8,서울,11350.0,노원구,152478,141815,1925,8335,403,
2023,8,서울,11320.0,도봉구,95277,89405,1332,4307,233,
2023,8,서울,11230.0,동대문구,101674,94539,1353,5479,303,
2023,8,서울,11590.0,동작구,106758,97799,1438,7222,299,
2023,8,서울,11440.0,마포구,122447,111834,2140,8007,466,
2023,8,서울,11410.0,서대문구,91839,84387,1439,5703,310,
2023,8,서울,11650.0,서초구,176237,156017,5701,13812,707,
2023,8,서울,11200.0,성동구,103875,94671,2508,6311,385,
2023,8,서울,11290.0,성북구,122724,113610,1752,7007,355,
2023,8,서울,11710.0,송파구,244506,222769,3883,16978,876,
2023,8,서울,11470.0,양천구,151577,140127,2079,8909,462,
2023,8,서울,11560.0,영등포구,144521,132568,2551,8753,649,
2023,8,서울,11170.0,용산구,75359,68443,1399,5159,358,
2023,8,서울,11380.0,은평구,134357,124913,1855,7214,375,
2023,8,서울,11110.0,종로구,50710,46148,1155,3082,325,
2023,8,서울,11140.0,중구,55833,49679,2332,3503,319,
2023,8,서울,11260.0,중랑구,116363,109085,1826,5178,274,
2023,8,전라도,,전라도,2947499,2735189,50385,137439,24486,
2023,8,충청도,,충청도,3081686,2855140,60540,137528,28478,
2023,9,강원도,,강원도,864245,804125,17014,35572,7534,
2023,9,경기,41820.0,가평군,33803,31753,596,1207,247,
2023,9,경기,41280.0,고양시,460826,422869,8597,27276,2084,
2023,9,경기,41290.0,과천시,32707,28594,908,3069,136,
2023,9,경기,41210.0,광명시,105494,96481,1671,6871,471,
2023,9,경기,41610.0,광주시,214235,199508,2860,10837,1030,
2023,9,경기,41310.0,구리시,74787,69124,1056,4290,317,
2023,9,경기,41410.0,군포시,105604,96947,1452,6771,434,
2023,9,경기,41570.0,김포시,246299,225541,5413,13730,1615,
2023,9,경기,41360.0,남양주시,328580,304216,5254,17360,1750,
2023,9,경기,41250.0,동두천시,40441,38282,585,1418,156,
2023,9,경기,41190.0,부천시,310895,290030,4596,15357,912,
2023,9,경기,41130.0,성남시,359633,321950,8977,27415,1291,
2023,9,경기,41110.0,수원시,561679,513884,8084,37255,2456,
2023,9,경기,41390.0,시흥시,276620,258942,2806,13473,1399,
2023,9,경기,41270.0,안산시,323544,303171,4047,14717,1609,
2023,9,경기,41550.0,안성시,118038,111210,1486,4417,925,
2023,9,경기,41170.0,안양시,220900,201734,3434,15014,718,
2023,9,경기,41630.0,양주시,133887,125090,2207,5958,632,
2023,9,경기,41830.0,양평군,68194,63190,1430,3165,409,
2023,9,경기,41670.0,여주시,76387,71909,1156,2608,714,
2023,9,경기,41800.0,연천군,30289,28220,472,920,677,
2023,9,경기,41370.0,오산시,117371,109040,1344,5937,1050,
2023,9,경기,41460.0,용인시,507498,460225,9276,35117,2880,
2023,9,경기,41430.0,의왕시,69498,62261,1202,4884,1151,
2023,9,경기,41150.0,의정부시,180752,168369,2787,8929,667,
2023,9,경기,41500.0,이천시,130069,121387,1756,5649,1277,
2023,9,경기,41480.0,파주시,253347,235641,3909,12434,1363,
2023,9,경기,41220.0,평택시,340490,314180,4162,17429,4719,
2023,9,경기,41650.0,포천시,97622,92075,1311,3628,608,
2023,9,경기,41450.0,하남시,144362,130630,3147,9747,838,
2023,9,경기,41590.0,화성시,524246,477839,7723,33944,4740,
2023,9,경상도,,경상도,6834468,6297170,125018,355609,56671,
2023,9,서울,11680.0,강남구,252538,216922,14094,20621,901,
2023,9,서울,11740.0,강동구,153652,140482,2744,9812,614,
2023,9,서울,11305.0,강북구,74962,70437,1117,3263,145,
2023,9,서울,11500.0,강서구,205174,188547,3426,12505,696,
2023,9,서울,11620.0,관악구,118721,110272,1679,6514,256,
2023,9,서울,11215.0,광진구,98141,90894,1292,5704,251,
2023,9,서울,11530.0,구로구,148342,134448,5510,7826,558,
2023,9,서울,11545.0,금천구,92349,86026,1249,4831,243,
2023,9,서울,11350.0,노원구,152633,141730,1989,8511,403,
2023,9,서울,11320.0,도봉구,95196,89216,1355,4395,230,
2023,9,서울,11230.0,동대문구,102127,94795,1407,5621,304,
2023,9,서울,11590.0,동작구,106741,97616,1495,7328,302,
2023,9,서울,11440.0,마포구,122374,111562,2210,8132,470,
2023,9,서울,11410.0,서대문구,91858,84263,1488,5795,312,
2023,9,서울,11650.0,서초구,177073,156398,5899,14075,701,
2023,9,서울,11200.0,성동구,103867,94579,2508,6399,381,
2023,9,서울,11290.0,성북구,122668,113389,1809,7108,362,
2023,9,서울,11710.0,송파구,244705,222477,4069,17282,877,
2023,9,서울,11470.0,양천구,151687,139969,2146,9112,460,
2023,9,서울,11560.0,영등포구,144627,132497,2613,8862,655,
2023,9,서울,11170.0,용산구,75328,68319,1454,5200,355,
2023,9,서울,11380.0,은평구,134959,125262,1932,7375,390,
2023,9,서울,11110.0,종로구,50704,46071,1164,3139,330,
2023,9,서울,11140.0,중구,55518,49340,2338,3523,317,
2023,9,서울,11260.0,중랑구,116415,108973,1905,5261,276,
2023,9,전라도,,전라도,2952229,2735056,51822,140772,24579,
2023,9,충청도,,충청도,3087277,2855925,61792,140986,28574,
2023,10,강원도,,강원도,864864,803611,17363,36346,7544,
2023,10,경기,41820.0,가평군,33908,31808,607,1240,253,
2023,10,경기,41280.0,고양시,460730,422071,8857,27715,2087,
2023,10,경기,41290.0,과천시,32700,28511,940,3114,135,
2023,10,경기,41210.0,광명시,105702,96504,1715,7004,479,
2023,10,경기,41610.0,광주시,214057,199089,2920,11021,1027,
2023,10,경기,41310.0,구리시,74732,68968,1085,4358,321,
2023,10,경기,41410.0,군포시,105484,96640,1502,6909,433,
2023,10,경기,41570.0,김포시,246300,225088,5592,14015,1605,
2023,10,경기,41360.0,남양주시,328357,303480,5446,17690,1741,
2023,10,경기,41250.0,동두천시,40347,38142,603,1445,157,
2023,10,경기,41190.0,부천시,311071,289762,4711,15682,916,
2023,10,경기,41130.0,성남시,359714,321350,9245,27823,1296,
2023,10,경기,41110.0,수원시,563540,514463,8443,38175,2459,
2023,10,경기,41390.0,시흥시,277014,258977,2860,13775,1402,
2023,10,경기,41270.0,안산시,323371,302529,4156,15055,1631,
2023,10,경기,41550.0,안성시,118519,111466,1583,4540,930,
2023,10,경기,41170.0,안양시,220924,201389,3555,15258,722,
2023,10,경기,41630.0,양주시,134748,125696,2276,6136,640,
2023,10,경기,41830.0,양평군,68483,63352,1476,3243,412,
2023,10,경기,41670.0,여주시,76539,71930,1214,2671,724,
2023,10,경기,41800.0,연천군,30312,28219,479,942,672,
2023,10,경기,41370.0,오산시,117942,109408,1368,6096,1070,
2023,10,경기,41460.0,용인시,508839,460239,9770,35938,2892,
2023,10,경기,41430.0,의왕시,69627,62258,1240,4975,1154,
2023,10,경기,41150.0,의정부시,180941,168439,2724,9103,675,
2023,10,경기,41500.0,이천시,130305,121350,1873,5792,1290,
2023,10,경기,41480.0,파주시,253680,235631,3990,12695,1364,
2023,10,경기,41220.0,평택시,341049,314117,4407,17819,4706,
2023,10,경기,41650.0,포천시,97533,91912,1359,3658,604,
2023,10,경기,41450.0,하남시,144349,130351,3269,9888,841,
2023,10,경기,41590.0,화성시,525583,478093,8077,34669,4744,
2023,10,경상도,,경상도,6842105,6292018,129004,364285,56798,
2023,10,서울,11680.0,강남구,252792,216706,14168,21018,900,
2023,10,서울,11740.0,강동구,153612,140230,2792,9974,616,
2023,10,서울,11305.0,강북구,74754,70145,1144,3321,144,
2023,10,서울,11500.0,강서구,205158,188317,3462,12671,708,
2023,10,서울,11620.0,관악구,118628,110026,1718,6626,258,
2023,10,서울,11215.0,광진구,97898,90557,1317,5770,254,
2023,10,서울,11530.0,구로구,148248,134192,5529,7968,559,
2023,10,서울,11545.0,금천구,92286,85845,1276,4923,242,
2023,10,서울,11350.0,노원구,152580,141460,2031,8684,405,
2023,10,서울,11320.0,도봉구,95163,89042,1395,4489,237,
2023,10,서울,11230.0,동대문구,102467,94913,1467,5783,304,
2023,10,서울,11590.0,동작구,106613,97333,1533,7444,303,
2023,10,서울,11440.0,마포구,122376,111374,2271,8262,469,
2023,10,서울,11410.0,서대문구,91778,84005,1534,5925,314,
2023,10,서울,11650.0,서초구,176941,155986,6003,14265,687,
2023,10,서울,11200.0,성동구,104351,94875,2588,6511,377,
2023,10,서울,11290.0,성북구,122648,113154,1872,7258,364,
2023,10,서울,11710.0,송파구,244749,222135,4192,17548,874,
2023,10,서울,11470.0,양천구,151604,139690,2193,9261,460,
2023,10,서울,11560.0,영등포구,144595,132249,2675,9015,656,
2023,10,서울,11170.0,용산구,75195,68088,1494,5261,352,
2023,10,서울,11380.0,은평구,135231,125283,2020,7540,388,
2023,10,서울,11110.0,종로구,50690,45941,1232,3194,323,
2023,10,서울,11140.0,중구,55191,48946,2354,3573,318,
2023,10,서울,11260.0,중랑구,116284,108693,1934,5379,278,
2023,10,전라도,,전라도,2955282,2733310,53407,143899,24666,
2023,10,충청도,,충청도,3090851,2854536,63599,144029,28687,
2023,11,강원도,,강원도,865983,803142,17927,37352,7562,
2023,11,경기,41820.0,가평군,33952,31802,618,1273,259,
2023,11,경기,41280.0,고양시,461270,421646,9221,28318,2085,
2023,11,경기,41290.0,과천시,32673,28412,967,3158,136,
2023,11,경기,41210.0,광명시,105940,96520,1732,7205,483,
2023,11,경기,41610.0,광주시,214274,198976,2972,11296,1030,
2023,11,경기,41310.0,구리시,74726,68808,1143,4449,326,
2023,11,경기,41410.0,군포시,105386,96316,1563,7072,435,
2023,11,경기,41570.0,김포시,246857,225150,5771,14324,1612,
2023,11,경기,41360.0,남양주시,328830,303186,5717,18182,1745,
2023,11,경기,41250.0,동두천시,40378,38094,631,1494,159,
2023,11,경기,41190.0,부천시,311587,289618,4924,16126,919,
2023,11,경기,41130.0,성남시,360885,321455,9609,28515,1306,
2023,11,경기,41110.0,수원시,567146,516645,8728,39268,2505,
2023,11,경기,41390.0,시흥시,277982,259240,3109,14242,1391,
2023,11,경기,41270.0,안산시,323572,302266,4285,15400,1621,
2023,11,경기,41550.0,안성시,118706,111471,1629,4673,933,
2023,11,경기,41170.0,안양시,221028,200920,3750,15638,720,
2023,11,경기,41630.0,양주시,135494,126149,2357,6340,648,
2023,11,경기,41830.0,양평군,68782,63492,1530,3347,413,
2023,11,경기,41670.0,여주시,76833,72105,1261,2743,724,
2023,11,경기,41800.0,연천군,30301,28156,513,962,670,
2023,11,경기,41370.0,오산시,118069,109349,1369,6243,1108,
2023,11,경기,41460.0,용인시,510249,460239,10266,36875,2869,
2023,11,경기,41430.0,의왕시,70058,62462,1301,5144,1151,
2023,11,경기,41150.0,의정부시,180980,168181,2820,9294,685,
2023,11,경기,41500.0,이천시,130426,121245,1916,5975,1290,
2023,11,경기,41480.0,파주시,254804,236423,4034,12969,1378,
2023,11,경기,41220.0,평택시,341945,314196,4684,18350,4715,
2023,11,경기,41650.0,포천시,100056,93855,1382,4210,609,
2023,11,경기,41450.0,하남시,144574,130274,3348,10124,828,
2023,11,경기,41590.0,화성시,527586,478864,8316,35650,4756,
2023,11,경상도,,경상도,6855784,6290046,133088,375700,56950,
2023,11,서울,11680.0,강남구,252435,216130,14122,21278,905,
2023,11,서울,11740.0,강동구,153823,140069,2893,10246,615,
2023,11,서울,11305.0,강북구,74659,69932,1170,3414,143,
2023,11,서울,11500.0,강서구,205573,188433,3563,12867,710,
2023,11,서울,11620.0,관악구,118495,109707,1764,6764,260,
2023,11,서울,11215.0,광진구,97808,90293,1348,5908,259,
2023,11,서울,11530.0,구로구,148048,133758,5584,8149,557,
2023,11,서울,11545.0,금천구,92236,85583,1327,5080,246,
2023,11,서울,11350.0,노원구,152647,141241,2116,8887,403,
2023,11,서울,11320.0,도봉구,95183,88900,1436,4609,238,
2023,11,서울,11230.0,동대문구,102610,94837,1520,5948,305,
2023,11,서울,11590.0,동작구,106596,97103,1587,7605,301,
2023,11,서울,11440.0,마포구,122429,111175,2338,8448,468,
2023,11,서울,11410.0,서대문구,91725,83757,1586,6071,311,
2023,11,서울,11650.0,서초구,177071,155780,6060,14540,691,
2023,11,서울,11200.0,성동구,104414,94718,2645,6681,370,
2023,11,서울,11290.0,성북구,122638,112882,1952,7442,362,
2023,11,서울,11710.0,송파구,244671,221557,4331,17904,879,
2023,11,서울,11470.0,양천구,151622,139429,2269,9460,464,
2023,11,서울,11560.0,영등포구,144717,132080,2741,9241,655,
2023,11,서울,11170.0,용산구,74997,67756,1531,5363,347,
2023,11,서울,11380.0,은평구,135299,125133,2088,7691,387,
2023,11,서울,11110.0,종로구,50700,45860,1266,3258,316,
2023,11,서울,11140.0,중구,54890,48615,2367,3589,319,
2023,11,서울,11260.0,중랑구,116262,108498,1987,5500,277,
2023,11,전라도,,전라도,2961552,2733311,55371,148136,24734,
2023,11,충청도,,충청도,3098269,2855943,64924,148607,28795,
2023,12,강원도,,강원도,866640,802665,18236,38166,7573,
2023,12,경기,41820.0,가평군,34070,31852,641,1311,266,
2023,12,경기,41280.0,고양시,461498,421077,9472,28858,2091,
2023,12,경기,41290.0,과천시,32689,28343,988,3219,139,
2023,12,경기,41210.0,광명시,106091,96456,1784,7366,485,
2023,12,경기,41610.0,광주시,214351,198764,3057,11502,1028,
2023,12,경기,41310.0,구리시,74584,68574,1157,4527,326,
2023,12,경기,41410.0,군포시,105135,95886,1620,7197,432,
2023,12,경기,41570.0,김포시,246989,224996,5791,14587,1615,
2023,12,경기,41360.0,남양주시,329204,303071,5862,18519,1752,
2023,12,경기,41250.0,동두천시,40405,38083,634,1529,159,
2023,12,경기,41190.0,부천시,311658,289205,5077,16465,911,
2023,12,경기,41130.0,성남시,361213,320945,9841,29127,1300,
2023,12,경기,41110.0,수원시,569460,517945,8969,40029,2517,
2023,12,경기,41390.0,시흥시,278384,259197,3186,14611,1390,
2023,12,경기,41270.0,안산시,323710,301995,4409,15685,1621,
2023,12,경기,41550.0,안성시,118627,111260,1686,4732,949,
2023,12,경기,41170.0,안양시,221466,200921,3845,15974,726,
2023,12,경기,41630.0,양주시,136401,126804,2406,6534,657,
2023,12,경기,41830.0,양평군,68960,63601,1541,3404,414,
2023,12,경기,41670.0,여주시,76999,72188,1272,2814,725,
2023,12,경기,41800.0,연천군,30089,27922,527,985,655,
2023,12,경기,41370.0,오산시,118211,109332,1392,6375,1112,
2023,12,경기,41460.0,용인시,511129,460098,10487,37671,2873,
2023,12,경기,41430.0,의왕시,70058,62329,1323,5251,1155,
2023,12,경기,41150.0,의정부시,181038,168005,2865,9483,685,
2023,12,경기,41500.0,이천시,130537,121201,1954,6085,1297,
2023,12,경기,41480.0,파주시,255100,236392,4119,13212,1377,
2023,12,경기,41220.0,평택시,342776,314535,4765,18737,4739,
2023,12,경기,41650.0,포천시,99820,93540,1415,4260,605,
2023,12,경기,41450.0,하남시,144590,130050,3406,10307,827,
2023,12,경기,41590.0,화성시,529610,479691,8626,36531,4762,
2023,12,경상도,,경상도,6862814,6284179,135878,385630,57127,
2023,12,서울,11680.0,강남구,253856,216993,14215,21743,905,
2023,12,서울,11740.0,강동구,154020,139980,2965,10460,615,
2023,12,서울,11305.0,강북구,74549,69737,1189,3479,144,
2023,12,서울,11500.0,강서구,205821,188472,3683,12957,709,
2023,12,서울,11620.0,관악구,118303,109340,1815,6887,261,
2023,12,서울,11215.0,광진구,97627,89988,1381,6002,256,
2023,12,서울,11530.0,구로구,147818,133312,5615,8332,559,
2023,12,서울,11545.0,금천구,92139,85359,1355,5179,246,
2023,12,서울,11350.0,노원구,152510,140891,2172,9044,403,
2023,12,서울,11320.0,도봉구,95127,88686,1472,4732,237,
2023,12,서울,11230.0,동대문구,102637,94654,1575,6101,307,
2023,12,서울,11590.0,동작구,106496,96823,1633,7743,297,
2023,12,서울,11440.0,마포구,122309,110828,2383,8625,473,
2023,12,서울,11410.0,서대문구,91648,83544,1627,6165,312,
2023,12,서울,11650.0,서초구,177103,155447,6054,14913,689,
2023,12,서울,11200.0,성동구,104416,94543,2707,6792,374,
2023,12,서울,11290.0,성북구,122505,112539,1995,7610,361,
2023,12,서울,11710.0,송파구,244299,220717,4453,18249,880,
2023,12,서울,11470.0,양천구,151409,138977,2324,9648,460,
2023,12,서울,11560.0,영등포구,144663,131794,2800,9418,651,
2023,12,서울,11170.0,용산구,74770,67371,1600,5454,345,
2023,12,서울,11380.0,은평구,135169,124810,2139,7832,388,
2023,12,서울,11110.0,종로구,50768,45840,1305,3302,321,
2023,12,서울,11140.0,중구,54772,48333,2445,3676,318,
2023,12,서울,11260.0,중랑구,116428,108454,2035,5660,279,
2023,12,전라도,,전라도,2966158,2733103,56533,151684,24838,
2023,12,충청도,,충청도,3103199,2855724,66384,152277,28814,
2024,1,강원도,,강원도,868134,803034,18247,39292,7561,
2024,1,경기,41820.0,가평군,34162,31889,644,1357,272,
2024,1,경기,41280.0,고양시,461904,420731,9520,29565,2088,
2024,1,경기,41290.0,과천시,32754,28313,992,3308,141,
2024,1,경기,41210.0,광명시,106249,96373,1792,7595,489,
2024,1,경기,41610.0,광주시,214829,198890,3075,11840,1024,
2024,1,경기,41310.0,구리시,74570,68418,1167,4662,323,
2024,1,경기,41410.0,군포시,105122,95663,1627,7402,430,
2024,1,경기,41570.0,김포시,247212,224915,5778,14912,1607,
2024,1,경기,41360.0,남양주시,329940,303257,5899,19026,1758,
2024,1,경기,41250.0,동두천시,40523,38175,638,1554,156,
2024,1,경기,41190.0,부천시,388,375,1,5,7,
2024,1,경기,41130.0,성남시,361562,320625,9884,29756,1297,
2024,1,경기,41110.0,수원시,569850,517463,8956,40913,2518,
2024,1,경기,41390.0,시흥시,279082,259432,3206,15051,1393,
2024,1,경기,41270.0,안산시,324026,301881,4430,16099,1616,
2024,1,경기,41550.0,안성시,119413,111860,1666,4932,955,
2024,1,경기,41170.0,안양시,222378,201286,3877,16482,733,
2024,1,경기,41630.0,양주시,137273,127399,2424,6790,660,
2024,1,경기,41830.0,양평군,69169,63709,1544,3507,409,
2024,1,경기,41670.0,여주시,77253,72342,1270,2915,726,
2024,1,경기,41800.0,연천군,30046,27866,525,1002,653,
2024,1,경기,41370.0,오산시,118640,109516,1414,6591,1119,
2024,1,경기,41460.0,용인시,512250,460106,10567,38714,2863,
2024,1,경기,41430.0,의왕시,69999,62122,1334,5393,1150,
2024,1,경기,41150.0,의정부시,181229,167931,2875,9734,689,
2024,1,경기,41500.0,이천시,130623,121092,1957,6272,1302,
2024,1,경기,41480.0,파주시,256413,237202,4153,13675,1383,
2024,1,경기,41220.0,평택시,344023,315115,4805,19352,4751,
2024,1,경기,41650.0,포천시,99838,93469,1428,4337,604,
2024,1,경기,41450.0,하남시,144756,129923,3437,10575,821,
2024,1,경기,41590.0,화성시,531663,480440,8762,37708,4753,
2024,1,경상도,,경상도,6874118,6283052,136404,397453,57209,
2024,1,서울,11680.0,강남구,254803,217567,14144,22197,895,
2024,1,서울,11740.0,강동구,154078,139748,2991,10728,611,
2024,1,서울,11305.0,강북구,74477,69574,1196,3563,144,
2024,1,서울,11500.0,강서구,205529,188089,3665,13061,714,
2024,1,서울,11620.0,관악구,118278,109100,1823,7094,261,
2024,1,서울,11215.0,광진구,97574,89781,1386,6151,256,
2024,1,서울,11530.0,구로구,147781,133105,5584,8544,548,
2024,1,서울,11545.0,금천구,92059,85137,1334,5338,250,
2024,1,서울,11350.0,노원구,152408,140524,2181,9298,405,
2024,1,서울,11320.0,도봉구,95084,88497,1481,4870,236,
2024,1,서울,11230.0,동대문구,102695,94552,1577,6262,304,
2024,1,서울,11590.0,동작구,106517,96639,1635,7949,294,
2024,1,서울,11440.0,마포구,122202,110532,2403,8797,470,
2024,1,서울,11410.0,서대문구,91620,83369,1624,6316,311,
2024,1,서울,11650.0,서초구,176888,155026,6058,15118,686,
2024,1,서울,11200.0,성동구,104855,94810,2741,6924,380,
2024,1,서울,11290.0,성북구,122349,112176,1996,7812,365,
2024,1,서울,11710.0,송파구,243998,220135,4461,18535,867,
2024,1,서울,11470.0,양천구,151671,138970,2330,9908,463,
2024,1,서울,11560.0,영등포구,144778,131664,2788,9676,650,
2024,1,서울,11170.0,용산구,74550,67054,1599,5549,348,
2024,1,서울,11380.0,은평구,135084,124548,2106,8042,388,
2024,1,서울,11110.0,종로구,50838,45852,1315,3349,322,
2024,1,서울,11140.0,중구,54434,47962,2408,3750,314,
2024,1,서울,11260.0,중랑구,116554,108407,2051,5817,279,
2024,1,전라도,,전라도,2971657,2733586,56632,156576,24863,
2024,1,충청도,,충청도,3112065,2859084,66608,157517,28856,
2024,2,강원도,,강원도,869266,803324,18240,40128,7574,
2024,2,경기,41820.0,가평군,34216,31900,645,1405,266,
2024,2,경기,41280.0,고양시,461974,420247,9527,30117,2083,
2024,2,경기,41290.0,과천시,32943,28391,1003,3408,141,
2024,2,경기,41210.0,광명시,106251,96190,1796,7771,494,
2024,2,경기,41610.0,광주시,215160,198920,3107,12114,1019,
2024,2,경기,41310.0,구리시,74604,68356,1174,4753,321,
2024,2,경기,41410.0,군포시,105088,95495,1636,7531,426,
2024,2,경기,41570.0,김포시,247281,224661,5808,15208,1604,
2024,2,경기,41360.0,남양주시,330441,303341,5951,19390,1759,
2024,2,경기,41250.0,동두천시,40535,38152,639,1590,154,
2024,2,경기,41190.0,부천시,380,369,1,5,5,
2024,2,경기,41130.0,성남시,362005,320519,9939,30244,1303,
2024,2,경기,41110.0,수원시,568600,515584,8977,41533,2506,
2024,2,경기,41390.0,시흥시,279027,259055,3236,15342,1394,
2024,2,경기,41270.0,안산시,323646,301136,4446,16443,1621,
2024,2,경기,41550.0,안성시,119764,112056,1675,5068,965,
2024,2,경기,41170.0,안양시,222683,201234,3889,16832,728,
2024,2,경기,41630.0,양주시,138601,128484,2451,7000,666,
2024,2,경기,41830.0,양평군,69432,63906,1546,3572,408,
2024,2,경기,41670.0,여주시,77373,72359,1300,2987,727,
2024,2,경기,41800.0,연천군,30059,27868,525,1017,649,
2024,2,경기,41370.0,오산시,119507,110100,1438,6848,1121,
2024,2,경기,41460.0,용인시,512991,460154,10630,39341,2866,
2024,2,경기,41430.0,의왕시,69907,61917,1343,5504,1143,
2024,2,경기,41150.0,의정부시,181314,167796,2874,9955,689,
2024,2,경기,41500.0,이천시,130771,121081,1981,6402,1307,
2024,2,경기,41480.0,파주시,257688,238042,4229,14029,1388,
2024,2,경기,41220.0,평택시,344746,315381,4831,19778,4756,
2024,2,경기,41650.0,포천시,99596,93200,1422,4372,602,
2024,2,경기,41450.0,하남시,144876,129809,3451,10798,818,
2024,2,경기,41590.0,화성시,533021,480846,8864,38565,4746,
2024,2,경상도,,경상도,6882882,6282003,136843,406697,57339,
2024,2,서울,11680.0,강남구,256189,218447,14189,22655,898,
2024,2,서울,11740.0,강동구,154348,139846,2984,10900,618,
2024,2,서울,11305.0,강북구,74398,69413,1195,3645,145,
2024,2,서울,11500.0,강서구,204788,187266,3659,13153,710,
2024,2,서울,11620.0,관악구,118099,108802,1819,7214,264,
2024,2,서울,11215.0,광진구,97372,89509,1380,6229,254,
2024,2,서울,11530.0,구로구,147617,132783,5566,8717,551,
2024,2,서울,11545.0,금천구,92017,84973,1347,5446,251,
2024,2,서울,11350.0,노원구,152320,140234,2196,9485,405,
2024,2,서울,11320.0,도봉구,95044,88348,1510,4951,235,
2024,2,서울,11230.0,동대문구,102676,94415,1578,6375,308,
2024,2,서울,11590.0,동작구,106363,96379,1636,8051,297,
2024,2,서울,11440.0,마포구,121931,110145,2408,8909,469,
2024,2,서울,11410.0,서대문구,91684,83297,1627,6443,317,
2024,2,서울,11650.0,서초구,176725,154623,6023,15398,681,
2024,2,서울,11200.0,성동구,104784,94598,2767,7037,382,
2024,2,서울,11290.0,성북구,122198,111892,1987,7953,366,
2024,2,서울,11710.0,송파구,244265,220033,4480,18875,877,
2024,2,서울,11470.0,양천구,151890,139001,2342,10084,463,
2024,2,서울,11560.0,영등포구,144728,131425,2788,9861,654,
2024,2,서울,11170.0,용산구,74302,66700,1612,5644,346,
2024,2,서울,11380.0,은평구,134974,124302,2112,8168,392,
2024,2,서울,11110.0,종로구,50807,45767,1314,3400,326,
2024,2,서울,11140.0,중구,54226,47718,2403,3791,314,
2024,2,서울,11260.0,중랑구,116613,108325,2059,5947,282,
2024,2,전라도,,전라도,2975447,2733580,56711,160233,24923,
2024,2,충청도,,충청도,3117512,2860789,66542,161174,29007,
2024,3,강원도,,강원도,869978,802726,18546,41110,7596,
2024,3,경기,41820.0,가평군,34283,31919,664,1437,263,
2024,3,경기,41280.0,고양시,461986,419289,9844,30765,2088,
2024,3,경기,41290.0,과천시,33483,28760,1055,3524,144,
2024,3,경기,41210.0,광명시,106362,96056,1866,7945,495,
2024,3,경기,41610.0,광주시,215568,198757,3353,12442,1016,
2024,3,경기,41310.0,구리시,74626,68231,1223,4852,320,
2024,3,경기,41410.0,군포시,105134,95314,1681,7713,426,
2024,3,경기,41570.0,김포시,247555,224355,6018,15561,1621,
2024,3,경기,41360.0,남양주시,330899,302992,6204,19953,1750,
2024,3,경기,41250.0,동두천시,40346,37926,656,1613,151,
2024,3,경기,41190.0,부천시,211,200,1,5,5,
2024,3,경기,41130.0,성남시,362326,320041,10156,30810,1319,
2024,3,경기,41110.0,수원시,569111,514608,9501,42506,2496,
2024,3,경기,41390.0,시흥시,279753,259145,3469,15738,1401,
2024,3,경기,41270.0,안산시,323526,300422,4614,16868,1622,
2024,3,경기,41550.0,안성시,120161,112175,1783,5227,976,
2024,3,경기,41170.0,안양시,222934,200998,3993,17204,739,
2024,3,경기,41630.0,양주시,140232,129586,2700,7267,679,
2024,3,경기,41830.0,양평군,69783,64118,1612,3640,413,
2024,3,경기,41670.0,여주시,77750,72615,1321,3083,731,
2024,3,경기,41800.0,연천군,30041,27823,539,1039,640,
2024,3,경기,41370.0,오산시,120623,110885,1569,7053,1116,
2024,3,경기,41460.0,용인시,513299,459261,11128,40036,2874,
2024,3,경기,41430.0,의왕시,69769,61612,1385,5634,1138,
2024,3,경기,41150.0,의정부시,181369,167521,2974,10181,693,
2024,3,경기,41500.0,이천시,130864,120868,2087,6590,1319,
2024,3,경기,41480.0,파주시,258707,238405,4481,14421,1400,
2024,3,경기,41220.0,평택시,346075,315820,5156,20306,4793,
2024,3,경기,41650.0,포천시,99194,92672,1477,4439,606,
2024,3,경기,41450.0,하남시,145111,129649,3603,11048,811,
2024,3,경기,41590.0,화성시,535147,481108,9658,39616,4765,
2024,3,경상도,,경상도,6893505,6276151,142446,417466,57442,
2024,3,서울,11680.0,강남구,256099,217908,14279,23006,906,
2024,3,서울,11740.0,강동구,154522,139703,3062,11135,622,
2024,3,서울,11305.0,강북구,74169,69076,1216,3736,141,
2024,3,서울,11500.0,강서구,204600,186680,3794,13420,706,
2024,3,서울,11620.0,관악구,117936,108441,1859,7373,263,
2024,3,서울,11215.0,광진구,97218,89157,1419,6389,253,
2024,3,서울,11530.0,구로구,147678,132549,5625,8953,551,
2024,3,서울,11545.0,금천구,91975,84776,1383,5570,246,
2024,3,서울,11350.0,노원구,152155,139848,2267,9634,406,
2024,3,서울,11320.0,도봉구,94946,88085,1570,5053,238,
2024,3,서울,11230.0,동대문구,102749,94297,1619,6527,306,
2024,3,서울,11590.0,동작구,106362,96159,1680,8226,297,
2024,3,서울,11440.0,마포구,121943,109952,2451,9071,469,
2024,3,서울,11410.0,서대문구,91650,83060,1685,6590,315,
2024,3,서울,11650.0,서초구,176628,154088,6123,15738,679,
2024,3,서울,11200.0,성동구,104641,94245,2834,7179,383,
2024,3,서울,11290.0,성북구,122135,111600,2051,8117,367,
2024,3,서울,11710.0,송파구,244079,219331,4602,19261,885,
2024,3,서울,11470.0,양천구,151189,138105,2379,10245,460,
2024,3,서울,11560.0,영등포구,144665,131098,2834,10073,660,
2024,3,서울,11170.0,용산구,74001,66263,1645,5748,345,
2024,3,서울,11380.0,은평구,135047,124145,2192,8325,385,
2024,3,서울,11110.0,종로구,50482,45396,1326,3431,329,
2024,3,서울,11140.0,중구,54332,47720,2445,3886,281,
2024,3,서울,11260.0,중랑구,116575,108124,2098,6072,281,
2024,3,전라도,,전라도,2980265,2731880,59133,164111,25141,
2024,3,충청도,,충청도,3124664,2860750,69414,165302,29198,
2024,4,강원도,,강원도,870321,801849,18742,42097,7633,
2024,4,경기,41820.0,가평군,34305,31895,675,1472,263,
2024,4,경기,41280.0,고양시,462295,418872,9962,31405,2056,
2024,4,경기,41290.0,과천시,33708,28884,1074,3607,143,
2024,4,경기,41210.0,광명시,106246,95733,1902,8117,494,
2024,4,경기,41610.0,광주시,215942,198743,3453,12727,1019,
2024,4,경기,41310.0,구리시,74504,68006,1249,4933,316,
2024,4,경기,41410.0,군포시,105130,95132,1706,7862,430,
2024,4,경기,41570.0,김포시,247413,223764,6205,15838,1606,
2024,4,경기,41360.0,남양주시,331313,302820,6342,20394,1757,
2024,4,경기,41250.0,동두천시,40316,37867,660,1638,151,
2024,4,경기,41190.0,부천시,82,81,1,0,0,
2024,4,경기,41130.0,성남시,362162,319053,10288,31498,1323,
2024,4,경기,41110.0,수원시,569296,513359,9890,43547,2500,
2024,4,경기,41390.0,시흥시,279789,258749,3550,16089,1401,
2024,4,경기,41270.0,안산시,323599,299963,4737,17267,1632,
2024,4,경기,41550.0,안성시,120695,112447,1847,5423,978,
2024,4,경기,41170.0,안양시,222967,200617,4060,17550,740,
2024,4,경기,41630.0,양주시,140940,129957,2781,7523,679,
2024,4,경기,41830.0,양평군,69929,64130,1641,3738,420,
2024,4,경기,41670.0,여주시,77849,72628,1337,3154,730,
2024,4,경기,41800.0,연천군,29997,27769,540,1052,636,
2024,4,경기,41370.0,오산시,121684,111640,1624,7297,1123,
2024,4,경기,41460.0,용인시,513988,458970,11314,40845,2859,
2024,4,경기,41430.0,의왕시,69644,61332,1418,5747,1147,
2024,4,경기,41150.0,의정부시,181029,166951,3011,10367,700,
2024,4,경기,41500.0,이천시,130954,120772,2121,6738,1323,
2024,4,경기,41480.0,파주시,259567,238755,4618,14789,1405,
2024,4,경기,41220.0,평택시,346247,315386,5297,20759,4805,
2024,4,경기,41650.0,포천시,98953,92330,1504,4511,608,
2024,4,경기,41450.0,하남시,145096,129492,3527,11268,809,
2024,4,경기,41590.0,화성시,536772,481443,9976,40587,4766,
2024,4,경상도,,경상도,6896124,6265103,145053,428427,57541,
2024,4,서울,11680.0,강남구,256090,217525,14236,23407,922,
2024,4,서울,11740.0,강동구,154739,139629,3127,11358,625,
2024,4,서울,11305.0,강북구,74089,68903,1244,3800,142,
2024,4,서울,11500.0,강서구,204367,186256,3859,13543,709,
2024,4,서울,11620.0,관악구,117862,108197,1893,7505,267,
2024,4,서울,11215.0,광진구,97233,88996,1440,6546,251,
2024,4,서울,11530.0,구로구,147608,132268,5660,9135,545,
2024,4,서울,11545.0,금천구,91917,84566,1414,5700,237,
2024,4,서울,11350.0,노원구,152189,139685,2301,9798,405,
2024,4,서울,11320.0,도봉구,94939,87940,1597,5164,238,
2024,4,서울,11230.0,동대문구,102786,94189,1650,6639,308,
2024,4,서울,11590.0,동작구,106424,96011,1713,8399,301,
2024,4,서울,11440.0,마포구,121954,109728,2501,9257,468,
2024,4,서울,11410.0,서대문구,91698,82930,1722,6730,316,
2024,4,서울,11650.0,서초구,176587,153625,6261,16020,681,
2024,4,서울,11200.0,성동구,104708,94119,2847,7353,389,
2024,4,서울,11290.0,성북구,122127,111413,2095,8250,369,
2024,4,서울,11710.0,송파구,243942,218724,4663,19664,891,
2024,4,서울,11470.0,양천구,150749,137440,2409,10441,459,
2024,4,서울,11560.0,영등포구,144720,130923,2844,10285,668,
2024,4,서울,11170.0,용산구,73686,65846,1650,5847,343,
2024,4,서울,11380.0,은평구,135005,123923,2224,8475,383,
2024,4,서울,11110.0,종로구,50397,45248,1333,3486,330,
2024,4,서울,11140.0,중구,54074,47386,2455,3952,281,
2024,4,서울,11260.0,중랑구,116580,107943,2144,6209,284,
2024,4,전라도,,전라도,2981641,2727870,60486,168075,25210,
2024,4,충청도,,충청도,3128268,2858850,70794,169183,29441,
2024,5,강원도,,강원도,870880,801224,19003,42992,7661,
2024,5,경기,41820.0,가평군,34393,31948,681,1501,263,
2024,5,경기,41280.0,고양시,462555,418240,10175,32081,2059,
2024,5,경기,41290.0,과천시,34159,29209,1116,3687,147,
2024,5,경기,41210.0,광명시,106238,95506,1953,8289,490,
2024,5,경기,41610.0,광주시,215953,198393,3543,12998,1019,
2024,5,경기,41310.0,구리시,74480,67849,1286,5024,321,
2024,5,경기,41410.0,군포시,105027,94822,1746,8032,427,
2024,5,경기,41570.0,김포시,247818,223652,6362,16192,1612,
2024,5,경기,41360.0,남양주시,331289,302213,6494,20821,1761,
2024,5,경기,41250.0,동두천시,40257,37769,670,1665,153,
2024,5,경기,41190.0,부천시,81,80,1,0,0,
2024,5,경기,41130.0,성남시,362138,318244,10526,32054,1314,
2024,5,경기,41110.0,수원시,571148,513865,10279,44501,2503,
2024,5,경기,41390.0,시흥시,279883,258370,3664,16450,1399,
2024,5,경기,41270.0,안산시,324101,300061,4768,17643,1629,
2024,5,경기,41550.0,안성시,121051,112630,1892,5547,982,
2024,5,경기,41170.0,안양시,223030,200239,4179,17876,736,
2024,5,경기,41630.0,양주시,141799,130490,2879,7761,669,
2024,5,경기,41830.0,양평군,70035,64149,1673,3792,421,
2024,5,경기,41670.0,여주시,77984,72667,1355,3232,730,
2024,5,경기,41800.0,연천군,29963,27734,543,1059,627,
2024,5,경기,41370.0,오산시,122206,111842,1717,7516,1131,
2024,5,경기,41460.0,용인시,515354,459090,11671,41720,2873,
2024,5,경기,41430.0,의왕시,69465,61013,1459,5855,1138,
2024,5,경기,41150.0,의정부시,181091,166729,3083,10562,717,
2024,5,경기,41500.0,이천시,131298,120908,2177,6883,1330,
2024,5,경기,41480.0,파주시,260009,238797,4748,15056,1408,
2024,5,경기,41220.0,평택시,346425,314886,5485,21227,4827,
2024,5,경기,41650.0,포천시,98703,92007,1546,4548,602,
2024,5,경기,41450.0,하남시,145232,129316,3644,11468,804,
2024,5,경기,41590.0,화성시,537832,481287,10391,41381,4773,
2024,5,경상도,,경상도,6902445,6257465,148545,438775,57660,
2024,5,서울,11680.0,강남구,256333,217365,14301,23743,924,
2024,5,서울,11740.0,강동구,154925,139543,3173,11583,626,
2024,5,서울,11305.0,강북구,74054,68775,1265,3865,149,
2024,5,서울,11500.0,강서구,204369,185885,3992,13773,719,
2024,5,서울,11620.0,관악구,117868,108014,1943,7640,271,
2024,5,서울,11215.0,광진구,97175,88763,1474,6688,250,
2024,5,서울,11530.0,구로구,147367,131835,5684,9304,544,
2024,5,서울,11545.0,금천구,91860,84381,1440,5803,236,
2024,5,서울,11350.0,노원구,152120,139407,2350,9960,403,
2024,5,서울,11320.0,도봉구,94832,87713,1615,5267,237,
2024,5,서울,11230.0,동대문구,102790,93989,1693,6799,309,
2024,5,서울,11590.0,동작구,106537,95934,1741,8558,304,
2024,5,서울,11440.0,마포구,121998,109513,2561,9457,467,
2024,5,서울,11410.0,서대문구,91828,82905,1766,6841,316,
2024,5,서울,11650.0,서초구,176517,153157,6389,16294,677,
2024,5,서울,11200.0,성동구,104783,93964,2943,7490,386,
2024,5,서울,11290.0,성북구,122096,111144,2162,8419,371,
2024,5,서울,11710.0,송파구,243951,218307,4747,20012,885,
2024,5,서울,11470.0,양천구,150705,137181,2442,10625,457,
2024,5,서울,11560.0,영등포구,144702,130711,2890,10440,661,
2024,5,서울,11170.0,용산구,73517,65501,1691,5982,343,
2024,5,서울,11380.0,은평구,135019,123777,2276,8584,382,
2024,5,서울,11110.0,종로구,50389,45149,1360,3552,328,
2024,5,서울,11140.0,중구,53806,47047,2473,4007,279,
2024,5,서울,11260.0,중랑구,116678,107889,2180,6328,281,
2024,5,전라도,,전라도,2984639,2725784,61721,171835,25299,
2024,5,충청도,,충청도,3131974,2857354,72024,172968,29628,
2024,6,강원도,,강원도,871904,801190,19268,43770,7676,
2024,6,경기,41820.0,가평군,34400,31904,691,1538,267,
2024,6,경기,41280.0,고양시,462924,417763,10500,32595,2066,
2024,6,경기,41290.0,과천시,34463,29380,1156,3775,152,
2024,6,경기,41210.0,광명시,106225,95292,2012,8427,494,
2024,6,경기,41610.0,광주시,216295,198353,3689,13233,1020,
2024,6,경기,41310.0,구리시,74612,67832,1337,5115,328,
2024,6,경기,41410.0,군포시,104926,94590,1777,8132,427,
2024,6,경기,41570.0,김포시,248441,223788,6592,16461,1600,
2024,6,경기,41360.0,남양주시,331515,301997,6586,21186,1746,
2024,6,경기,41250.0,동두천시,40183,37647,680,1705,151,
2024,6,경기,41190.0,부천시,81,80,1,0,0,
2024,6,경기,41130.0,성남시,362258,317619,10804,32527,1308,
2024,6,경기,41110.0,수원시,572948,514081,10850,45516,2501,
2024,6,경기,41390.0,시흥시,280249,258308,3777,16761,1403,
2024,6,경기,41270.0,안산시,324576,300031,4882,18029,1634,
2024,6,경기,41550.0,안성시,121768,113182,1925,5678,983,
2024,6,경기,41170.0,안양시,223336,200115,4257,18221,743,
2024,6,경기,41630.0,양주시,142776,131150,2984,7970,672,
2024,6,경기,41830.0,양평군,70172,64154,1717,3871,430,
2024,6,경기,41670.0,여주시,78083,72648,1398,3310,727,
2024,6,경기,41800.0,연천군,29968,27722,547,1075,624,
2024,6,경기,41370.0,오산시,123156,112483,1789,7742,1142,
2024,6,경기,41460.0,용인시,516628,459226,12077,42446,2879,
2024,6,경기,41430.0,의왕시,69404,60828,1473,5966,1137,
2024,6,경기,41150.0,의정부시,181087,166456,3176,10743,712,
2024,6,경기,41500.0,이천시,131673,121093,2242,7007,1331,
2024,6,경기,41480.0,파주시,260616,238974,4903,15319,1420,
2024,6,경기,41220.0,평택시,346955,314881,5625,21604,4845,
2024,6,경기,41650.0,포천시,98604,91838,1574,4596,596,
2024,6,경기,41450.0,하남시,145454,129189,3768,11693,804,
2024,6,경기,41590.0,화성시,539018,481303,10741,42184,4790,
2024,6,경상도,,경상도,6913767,6254777,152005,449125,57860,
2024,6,서울,11680.0,강남구,257346,217788,14333,24302,923,
2024,6,서울,11740.0,강동구,155237,139538,3263,11802,634,
2024,6,서울,11305.0,강북구,73920,68538,1292,3938,152,
2024,6,서울,11500.0,강서구,204475,185643,4100,14022,710,
2024,6,서울,11620.0,관악구,117778,107766,1984,7754,274,
2024,6,서울,11215.0,광진구,97081,88519,1494,6816,252,
2024,6,서울,11530.0,구로구,147189,131491,5689,9466,543,
2024,6,서울,11545.0,금천구,91772,84152,1474,5908,238,
2024,6,서울,11350.0,노원구,152070,139158,2402,10110,400,
2024,6,서울,11320.0,도봉구,94733,87477,1655,5360,241,
2024,6,서울,11230.0,동대문구,102775,93793,1750,6924,308,
2024,6,서울,11590.0,동작구,106576,95759,1809,8703,305,
2024,6,서울,11440.0,마포구,121933,109243,2631,9590,469,
2024,6,서울,11410.0,서대문구,91941,82884,1810,6929,318,
2024,6,서울,11650.0,서초구,176788,152772,6708,16624,684,
2024,6,서울,11200.0,성동구,105069,93996,3015,7674,384,
2024,6,서울,11290.0,성북구,122101,110949,2220,8565,367,
2024,6,서울,11710.0,송파구,243967,217879,4910,20295,883,
2024,6,서울,11470.0,양천구,150532,136764,2522,10787,459,
2024,6,서울,11560.0,영등포구,144814,130559,2952,10647,656,
2024,6,서울,11170.0,용산구,73590,65433,1735,6079,343,
2024,6,서울,11380.0,은평구,134794,123357,2352,8708,377,
2024,6,서울,11110.0,종로구,50247,44935,1391,3592,329,
2024,6,서울,11140.0,중구,53597,46782,2504,4029,282,
2024,6,서울,11260.0,중랑구,116730,107773,2220,6451,286,
2024,6,전라도,,전라도,2988245,2724359,63025,175462,25399,
2024,6,충청도,,충청도,3137591,2857557,73926,176371,29737,
2024,7,강원도,,강원도,872562,800688,19611,44570,7693,
2024,7,경기,41820.0,가평군,34412,31881,703,1558,270,
2024,7,경기,41280.0,고양시,463111,417150,10794,33102,2065,
2024,7,경기,41290.0,과천시,34546,29358,1195,3840,153,
2024,7,경기,41210.0,광명시,106057,94960,2030,8572,495,
2024,7,경기,41610.0,광주시,216711,198318,3859,13510,1024,
2024,7,경기,41310.0,구리시,74723,67813,1378,5201,331,
2024,7,경기,41410.0,군포시,104702,94366,1656,8249,431,
2024,7,경기,41570.0,김포시,248760,223694,6703,16756,1607,
2024,7,경기,41360.0,남양주시,331759,301636,6833,21534,1756,
2024,7,경기,41250.0,동두천시,40152,37561,699,1740,152,
2024,7,경기,41190.0,부천시,80,79,1,0,0,
2024,7,경기,41130.0,성남시,362362,317100,10974,32979,1309,
2024,7,경기,41110.0,수원시,573959,513907,11168,46376,2508,
2024,7,경기,41390.0,시흥시,280289,257883,3939,17055,1412,
2024,7,경기,41270.0,안산시,325067,300043,4996,18375,1653,
2024,7,경기,41550.0,안성시,122298,113464,2007,5835,992,
2024,7,경기,41170.0,안양시,224071,200273,4359,18693,746,
2024,7,경기,41630.0,양주시,143797,131828,3105,8190,674,
2024,7,경기,41830.0,양평군,70346,64200,1762,3954,430,
2024,7,경기,41670.0,여주시,78238,72684,1450,3382,722,
2024,7,경기,41800.0,연천군,29948,27659,561,1098,630,
2024,7,경기,41370.0,오산시,123771,112836,1858,7935,1142,
2024,7,경기,41460.0,용인시,518070,459430,12458,43296,2886,
2024,7,경기,41430.0,의왕시,69320,60608,1511,6071,1130,
2024,7,경기,41150.0,의정부시,181216,166289,3246,10967,714,
2024,7,경기,41500.0,이천시,131895,121072,2302,7176,1345,
2024,7,경기,41480.0,파주시,261601,239450,5078,15652,1421,
2024,7,경기,41220.0,평택시,347497,314711,5851,22068,4867,
2024,7,경기,41650.0,포천시,98415,91540,1625,4642,608,
2024,7,경기,41450.0,하남시,145658,129090,3860,11900,808,
2024,7,경기,41590.0,화성시,540687,481695,11187,43016,4789,
2024,7,경상도,,경상도,6922787,6249653,155705,459405,58024,
2024,7,서울,11680.0,강남구,257138,217216,14325,24668,929,
2024,7,서울,11740.0,강동구,155608,139599,3356,12023,630,
2024,7,서울,11305.0,강북구,73778,68325,1314,3990,149,
2024,7,서울,11500.0,강서구,204019,184968,4116,14220,715,
2024,7,서울,11620.0,관악구,117606,107438,2027,7868,273,
2024,7,서울,11215.0,광진구,96866,88172,1520,6929,245,
2024,7,서울,11530.0,구로구,146958,131103,5685,9624,546,
2024,7,서울,11545.0,금천구,91812,84064,1515,5996,237,
2024,7,서울,11350.0,노원구,152124,138981,2459,10284,400,
2024,7,서울,11320.0,도봉구,94625,87234,1718,5432,241,
2024,7,서울,11230.0,동대문구,102737,93593,1776,7065,303,
2024,7,서울,11590.0,동작구,106531,95531,1845,8850,305,
2024,7,서울,11440.0,마포구,121935,109022,2678,9765,470,
2024,7,서울,11410.0,서대문구,91876,82665,1853,7040,318,
2024,7,서울,11650.0,서초구,176853,152255,7003,16910,685,
2024,7,서울,11200.0,성동구,104816,93557,3081,7788,390,
2024,7,서울,11290.0,성북구,122072,110675,2271,8759,367,
2024,7,서울,11710.0,송파구,243732,217271,5006,20570,885,
2024,7,서울,11470.0,양천구,150518,136497,2590,10968,463,
2024,7,서울,11560.0,영등포구,144647,130153,3016,10816,662,
2024,7,서울,11170.0,용산구,73465,65177,1777,6167,344,
2024,7,서울,11380.0,은평구,134632,122942,2415,8894,381,
2024,7,서울,11110.0,종로구,50360,44957,1428,3649,326,
2024,7,서울,11140.0,중구,53324,46448,2516,4084,276,
2024,7,서울,11260.0,중랑구,116711,107608,2258,6563,282,
2024,7,전라도,,전라도,2992220,2722804,64700,179184,25532,
2024,7,충청도,,충청도,3141456,2856180,75576,179852,29848,
2024,8,강원도,,강원도,872800,799958,19851,45264,7727,
2024,8,경기,41820.0,가평군,34502,31927,729,1576,270,
2024,8,경기,41280.0,고양시,463229,416497,11026,33627,2079,
2024,8,경기,41290.0,과천시,34688,29412,1216,3907,153,
2024,8,경기,41210.0,광명시,105893,94673,2076,8647,497,
2024,8,경기,41610.0,광주시,217231,198425,4006,13769,1031,
2024,8,경기,41310.0,구리시,74759,67717,1418,5293,331,
2024,8,경기,41410.0,군포시,104550,94084,1686,8348,432,
2024,8,경기,41570.0,김포시,248964,223519,6864,16967,1614,
2024,8,경기,41360.0,남양주시,331862,301178,7026,21864,1794,
2024,8,경기,41250.0,동두천시,40039,37410,712,1764,153,
2024,8,경기,41190.0,부천시,80,79,1,0,0,
2024,8,경기,41130.0,성남시,362121,316247,11141,33431,1302,
2024,8,경기,41110.0,수원시,573163,511924,11691,47047,2501,
2024,8,경기,41390.0,시흥시,280591,257739,4077,17362,1413,
2024,8,경기,41270.0,안산시,324753,299402,5059,18634,1658,
2024,8,경기,41550.0,안성시,122388,113429,2056,5915,988,
2024,8,경기,41170.0,안양시,224753,200478,4475,19044,756,
2024,8,경기,41630.0,양주시,144908,132605,3249,8382,672,
2024,8,경기,41830.0,양평군,70448,64192,1827,4003,426,
2024,8,경기,41670.0,여주시,78378,72729,1484,3448,717,
2024,8,경기,41800.0,연천군,29916,27597,567,1124,628,
2024,8,경기,41370.0,오산시,124266,113077,1940,8110,1139,
2024,8,경기,41460.0,용인시,518410,458595,12924,43997,2894,
2024,8,경기,41430.0,의왕시,69329,60528,1543,6127,1131,
2024,8,경기,41150.0,의정부시,181145,165974,3339,11110,722,
2024,8,경기,41500.0,이천시,131805,120823,2362,7257,1363,
2024,8,경기,41480.0,파주시,261986,239386,5263,15918,1419,
2024,8,경기,41220.0,평택시,348122,314808,6070,22368,4876,
2024,8,경기,41650.0,포천시,98166,91241,1658,4661,606,
2024,8,경기,41450.0,하남시,145593,128770,3943,12046,834,
2024,8,경기,41590.0,화성시,542112,481988,11570,43762,4792,
2024,8,경상도,,경상도,6927327,6241915,158772,468457,58183,
2024,8,서울,11680.0,강남구,257184,216887,14290,25090,917,
2024,8,서울,11740.0,강동구,156109,139833,3437,12214,625,
2024,8,서울,11305.0,강북구,73697,68162,1339,4049,147,
2024,8,서울,11500.0,강서구,203381,184075,4220,14374,712,
2024,8,서울,11620.0,관악구,117460,107151,2071,7956,282,
2024,8,서울,11215.0,광진구,96700,87886,1560,7022,232,
2024,8,서울,11530.0,구로구,146792,130842,5651,9754,545,
2024,8,서울,11545.0,금천구,91779,83934,1524,6084,237,
2024,8,서울,11350.0,노원구,152142,138774,2511,10444,413,
2024,8,서울,11320.0,도봉구,94418,86906,1765,5503,244,
2024,8,서울,11230.0,동대문구,102648,93350,1801,7192,305,
2024,8,서울,11590.0,동작구,106390,95266,1860,8965,299,
2024,8,서울,11440.0,마포구,121760,108724,2684,9883,469,
2024,8,서울,11410.0,서대문구,91853,82552,1865,7120,316,
2024,8,서울,11650.0,서초구,176908,151948,7109,17167,684,
2024,8,서울,11200.0,성동구,104781,93330,3168,7893,390,
2024,8,서울,11290.0,성북구,122069,110540,2301,8863,365,
2024,8,서울,11710.0,송파구,243575,216714,5103,20875,883,
2024,8,서울,11470.0,양천구,150498,136299,2639,11096,464,
2024,8,서울,11560.0,영등포구,144302,129625,3052,10963,662,
2024,8,서울,11170.0,용산구,73465,65029,1809,6284,343,
2024,8,서울,11380.0,은평구,134376,122579,2448,8970,379,
2024,8,서울,11110.0,종로구,50349,44867,1458,3698,326,
2024,8,서울,11140.0,중구,53065,46194,2509,4086,276,
2024,8,서울,11260.0,중랑구,116564,107344,2300,6645,275,
2024,8,전라도,,전라도,2993833,2719643,66295,182218,25677,
2024,8,충청도,,충청도,3144023,2853992,77494,182588,29949,
2024,9,강원도,,강원도,873480,799391,20142,46212,7735,
2024,9,경기,41820.0,가평군,34574,31954,736,1615,269,
2024,9,경기,41280.0,고양시,463610,416015,11198,34297,2100,
2024,9,경기,41290.0,과천시,34806,29427,1240,3985,154,
2024,9,경기,41210.0,광명시,105829,94407,2117,8808,497,
2024,9,경기,41610.0,광주시,217645,198474,4106,14028,1037,
2024,9,경기,41310.0,구리시,74838,67662,1444,5406,326,
2024,9,경기,41410.0,군포시,104449,93835,1708,8474,432,
2024,9,경기,41570.0,김포시,249189,223234,7002,17339,1614,
2024,9,경기,41360.0,남양주시,332007,300784,7171,22253,1799,
2024,9,경기,41250.0,동두천시,40026,37354,725,1789,158,
2024,9,경기,41190.0,부천시,78,77,1,0,0,
2024,9,경기,41130.0,성남시,361970,315312,11259,34097,1302,
2024,9,경기,41110.0,수원시,572179,509803,11928,47954,2494,
2024,9,경기,41390.0,시흥시,280782,257465,4171,17722,1424,
2024,9,경기,41270.0,안산시,325058,299202,5154,19038,1664,
2024,9,경기,41550.0,안성시,122943,113770,2113,6070,990,
2024,9,경기,41170.0,안양시,225755,200899,4579,19521,756,
2024,9,경기,41630.0,양주시,145587,132941,3367,8600,679,
2024,9,경기,41830.0,양평군,70512,64126,1870,4089,427,
2024,9,경기,41670.0,여주시,78454,72690,1527,3518,719,
2024,9,경기,41800.0,연천군,29915,27572,578,1136,629,
2024,9,경기,41370.0,오산시,124906,113444,1991,8333,1138,
2024,9,경기,41460.0,용인시,519681,458616,13140,45049,2876,
2024,9,경기,41430.0,의왕시,69335,60395,1569,6236,1135,
2024,9,경기,41150.0,의정부시,181175,165713,3392,11347,723,
2024,9,경기,41500.0,이천시,131944,120719,2405,7450,1370,
2024,9,경기,41480.0,파주시,262547,239472,5421,16240,1414,
2024,9,경기,41220.0,평택시,349057,315046,6243,22892,4876,
2024,9,경기,41650.0,포천시,98210,91205,1701,4701,603,
2024,9,경기,41450.0,하남시,145623,128498,4007,12283,835,
2024,9,경기,41590.0,화성시,544289,482949,11734,44815,4791,
2024,9,경상도,,경상도,6936929,6235994,161294,481284,58357,
2024,9,서울,11680.0,강남구,256849,216244,14158,25530,917,
2024,9,서울,11740.0,강동구,156406,139849,3482,12445,630,
2024,9,서울,11305.0,강북구,73784,68131,1358,4150,145,
2024,9,서울,11500.0,강서구,203185,183580,4243,14640,722,
2024,9,서울,11620.0,관악구,117363,106907,2087,8085,284,
2024,9,서울,11215.0,광진구,96622,87638,1591,7161,232,
2024,9,서울,11530.0,구로구,146763,130611,5649,9957,546,
2024,9,서울,11545.0,금천구,91710,83703,1554,6215,238,
2024,9,서울,11350.0,노원구,152038,138466,2562,10595,415,
2024,9,서울,11320.0,도봉구,94342,86720,1779,5601,242,
2024,9,서울,11230.0,동대문구,102841,93364,1824,7350,303,
2024,9,서울,11590.0,동작구,106438,95124,1898,9119,297,
2024,9,서울,11440.0,마포구,121828,108559,2729,10080,460,
2024,9,서울,11410.0,서대문구,91833,82380,1886,7248,319,
2024,9,서울,11650.0,서초구,177256,151820,7186,17554,696,
2024,9,서울,11200.0,성동구,104650,92999,3218,8041,392,
2024,9,서울,11290.0,성북구,121970,110252,2332,9023,363,
2024,9,서울,11710.0,송파구,243654,216343,5188,21245,878,
2024,9,서울,11470.0,양천구,150536,136095,2684,11291,466,
2024,9,서울,11560.0,영등포구,144302,129361,3093,11204,644,
2024,9,서울,11170.0,용산구,73477,64879,1845,6404,349,
2024,9,서울,11380.0,은평구,134337,122348,2483,9131,375,
2024,9,서울,11110.0,종로구,50304,44753,1478,3749,324,
2024,9,서울,11140.0,중구,52939,45946,2435,4281,277,
2024,9,서울,11260.0,중랑구,116500,107093,2346,6786,275,
2024,9,전라도,,전라도,2998897,2718727,67893,186530,25747,
2024,9,충청도,,충청도,3148283,2852862,78883,186536,30002,
2024,10,강원도,,강원도,874041,798526,20458,47317,7740,
2024,10,경기,41820.0,가평군,34610,31930,756,1652,272,
2024,10,경기,41280.0,고양시,463520,414888,11414,35096,2122,
2024,10,경기,41290.0,과천시,34860,29386,1249,4071,154,
2024,10,경기,41210.0,광명시,105881,94234,2184,8973,490,
2024,10,경기,41610.0,광주시,218326,198634,4248,14406,1038,
2024,10,경기,41310.0,구리시,74954,67612,1481,5529,332,
2024,10,경기,41410.0,군포시,104306,93506,1754,8617,429,
2024,10,경기,41570.0,김포시,249534,223060,7111,17748,1615,
2024,10,경기,41360.0,남양주시,332125,300318,7353,22654,1800,
2024,10,경기,41250.0,동두천시,40052,37290,747,1853,162,
2024,10,경기,41190.0,부천시,76,75,1,0,0,
2024,10,경기,41130.0,성남시,361809,314302,11414,34795,1298,
2024,10,경기,41110.0,수원시,574364,510005,12408,49468,2483,
2024,10,경기,41390.0,시흥시,281141,257258,4325,18139,1419,
2024,10,경기,41270.0,안산시,324928,298466,5245,19551,1666,
2024,10,경기,41550.0,안성시,123003,113595,2213,6194,1001,
2024,10,경기,41170.0,안양시,226522,200971,4746,20049,756,
2024,10,경기,41630.0,양주시,146313,133341,3431,8852,689,
2024,10,경기,41830.0,양평군,70604,64091,1917,4168,428,
2024,10,경기,41670.0,여주시,78507,72625,1554,3610,718,
2024,10,경기,41800.0,연천군,29989,27581,589,1191,628,
2024,10,경기,41370.0,오산시,125286,113507,2058,8578,1143,
2024,10,경기,41460.0,용인시,520780,458279,13465,46153,2883,
2024,10,경기,41430.0,의왕시,69288,60202,1607,6346,1133,
2024,10,경기,41150.0,의정부시,181459,165618,3485,11636,720,
2024,10,경기,41500.0,이천시,132113,120648,2464,7627,1374,
2024,10,경기,41480.0,파주시,262964,239411,5567,16575,1411,
2024,10,경기,41220.0,평택시,349771,315020,6415,23449,4887,
2024,10,경기,41650.0,포천시,98098,90969,1741,4787,601,
2024,10,경기,41450.0,하남시,145492,128051,4099,12509,833,
2024,10,경기,41590.0,화성시,546690,483559,12255,46078,4798,
2024,10,경상도,,경상도,6945916,6228941,163972,494445,58558,
2024,10,서울,11680.0,강남구,254893,214405,13968,25607,913,
2024,10,서울,11740.0,강동구,156761,139853,3543,12740,625,
2024,10,서울,11305.0,강북구,73860,68095,1380,4240,145,
2024,10,서울,11500.0,강서구,203598,183670,4296,14903,729,
2024,10,서울,11620.0,관악구,117015,106403,2099,8224,289,
2024,10,서울,11215.0,광진구,96427,87267,1612,7316,232,
2024,10,서울,11530.0,구로구,146584,130203,5651,10188,542,
2024,10,서울,11545.0,금천구,91583,83440,1572,6323,248,
2024,10,서울,11350.0,노원구,151771,137941,2625,10794,411,
2024,10,서울,11320.0,도봉구,94160,86389,1813,5713,245,
2024,10,서울,11230.0,동대문구,102848,93158,1868,7516,306,
2024,10,서울,11590.0,동작구,106416,94904,1919,9301,292,
2024,10,서울,11440.0,마포구,121662,108164,2766,10274,458,
2024,10,서울,11410.0,서대문구,91683,82083,1910,7374,316,
2024,10,서울,11650.0,서초구,177342,151498,7259,17905,680,
2024,10,서울,11200.0,성동구,104476,92608,3231,8240,397,
2024,10,서울,11290.0,성북구,121909,109971,2371,9203,364,
2024,10,서울,11710.0,송파구,243715,215863,5278,21687,887,
2024,10,서울,11470.0,양천구,150440,135697,2742,11526,475,
2024,10,서울,11560.0,영등포구,144179,129013,3121,11402,643,
2024,10,서울,11170.0,용산구,73347,64643,1854,6500,350,
2024,10,서울,11380.0,은평구,134127,121918,2513,9318,378,
2024,10,서울,11110.0,종로구,50178,44540,1488,3819,331,
2024,10,서울,11140.0,중구,52570,45610,2337,4349,274,
2024,10,서울,11260.0,중랑구,116320,106746,2383,6913,278,
2024,10,전라도,,전라도,3003321,2716498,69294,191729,25800,
2024,10,충청도,,충청도,3153057,2851011,80821,191149,30076,
2024,11,강원도,,강원도,874282,797334,20730,48450,7768,
2024,11,경기,41820.0,가평군,34633,31881,788,1691,273,
2024,11,경기,41280.0,고양시,463850,414154,11762,35814,2120,
2024,11,경기,41290.0,과천시,35033,29437,1290,4152,154,
2024,11,경기,41210.0,광명시,106298,94283,2276,9250,489,
2024,11,경기,41610.0,광주시,218809,198616,4372,14781,1040,
2024,11,경기,41310.0,구리시,75040,67528,1520,5657,335,
2024,11,경기,41410.0,군포시,104203,93189,1801,8780,433,
2024,11,경기,41570.0,김포시,249846,222767,7318,18152,1609,
2024,11,경기,41360.0,남양주시,332247,299699,7567,23180,1801,
2024,11,경기,41250.0,동두천시,40100,37271,766,1897,166,
2024,11,경기,41190.0,부천시,76,75,1,0,0,
2024,11,경기,41130.0,성남시,362074,313521,11695,35475,1383,
2024,11,경기,41110.0,수원시,577000,511001,12709,50811,2479,
2024,11,경기,41390.0,시흥시,281460,256928,4483,18624,1425,
2024,11,경기,41270.0,안산시,325441,298356,5368,20055,1662,
2024,11,경기,41550.0,안성시,123630,113927,2275,6422,1006,
2024,11,경기,41170.0,안양시,227589,201318,4920,20596,755,
2024,11,경기,41630.0,양주시,147123,133798,3515,9115,695,
2024,11,경기,41830.0,양평군,70450,63806,1955,4261,428,
2024,11,경기,41670.0,여주시,78653,72629,1608,3702,714,
2024,11,경기,41800.0,연천군,30001,27547,612,1217,625,
2024,11,경기,41370.0,오산시,126172,113982,2170,8871,1149,
2024,11,경기,41460.0,용인시,522015,457932,13850,47346,2887,
2024,11,경기,41430.0,의왕시,69385,60106,1658,6495,1126,
2024,11,경기,41150.0,의정부시,181880,165656,3569,11930,725,
2024,11,경기,41500.0,이천시,132425,120671,2535,7841,1378,
2024,11,경기,41480.0,파주시,263624,239443,5758,17008,1415,
2024,11,경기,41220.0,평택시,350861,315210,6642,24098,4911,
2024,11,경기,41650.0,포천시,98109,90823,1795,4889,602,
2024,11,경기,41450.0,하남시,145587,127761,4208,12792,826,
2024,11,경기,41590.0,화성시,548257,483584,12682,47207,4784,
2024,11,경상도,,경상도,6957460,6222873,167932,508026,58629,
2024,11,서울,11680.0,강남구,254629,213642,14045,26032,910,
2024,11,서울,11740.0,강동구,157836,140383,3667,13155,631,
2024,11,서울,11305.0,강북구,73823,67924,1411,4340,148,
2024,11,서울,11500.0,강서구,203528,183629,4162,15034,703,
2024,11,서울,11620.0,관악구,116881,106037,2148,8406,290,
2024,11,서울,11215.0,광진구,96356,87027,1654,7442,233,
2024,11,서울,11530.0,구로구,146418,129848,5639,10391,540,
2024,11,서울,11545.0,금천구,91468,83148,1599,6471,250,
2024,11,서울,11350.0,노원구,151720,137601,2682,11032,405,
2024,11,서울,11320.0,도봉구,94103,86188,1874,5797,244,
2024,11,서울,11230.0,동대문구,102657,92765,1907,7683,302,
2024,11,서울,11590.0,동작구,106360,94605,1978,9484,293,
2024,11,서울,11440.0,마포구,121715,107921,2831,10503,460,
2024,11,서울,11410.0,서대문구,91628,81833,1952,7523,320,
2024,11,서울,11650.0,서초구,177431,151105,7324,18323,679,
2024,11,서울,11200.0,성동구,104421,92307,3288,8433,393,
2024,11,서울,11290.0,성북구,121869,109634,2426,9446,363,
2024,11,서울,11710.0,송파구,243652,215219,5420,22134,879,
2024,11,서울,11470.0,양천구,150292,135268,2792,11769,463,
2024,11,서울,11560.0,영등포구,144190,128705,3196,11643,646,
2024,11,서울,11170.0,용산구,73224,64347,1895,6633,349,
2024,11,서울,11380.0,은평구,134044,121559,2593,9516,376,
2024,11,서울,11110.0,종로구,50150,44402,1508,3907,333,
2024,11,서울,11140.0,중구,52829,45442,2406,4689,292,
2024,11,서울,11260.0,중랑구,116203,106443,2427,7053,280,
2024,11,전라도,,전라도,3007857,2714562,70917,196542,25836,
2024,11,충청도,,충청도,3159167,2850710,82200,196167,30090,
2024,12,강원도,,강원도,874655,796299,21004,49584,7768,
2024,12,경기,41820.0,가평군,34587,31779,798,1737,273,
2024,12,경기,41280.0,고양시,463886,413222,11966,36569,2129,
2024,12,경기,41290.0,과천시,35041,29331,1320,4240,150,
2024,12,경기,41210.0,광명시,106550,94273,2317,9471,489,
2024,12,경기,41610.0,광주시,219175,198528,4434,15171,1042,
2024,12,경기,41310.0,구리시,75141,67454,1551,5806,330,
2024,12,경기,41410.0,군포시,104120,92865,1830,8996,429,
2024,12,경기,41570.0,김포시,250737,222722,7620,18776,1619,
2024,12,경기,41360.0,남양주시,332401,299235,7658,23699,1809,
2024,12,경기,41250.0,동두천시,40131,37234,777,1949,171,
2024,12,경기,41190.0,부천시,76,75,1,0,0,
2024,12,경기,41130.0,성남시,362025,312526,11878,36225,1396,
2024,12,경기,41110.0,수원시,579437,512213,12685,52068,2471,
2024,12,경기,41390.0,시흥시,281885,256798,4593,19059,1435,
2024,12,경기,41270.0,안산시,325528,297942,5397,20525,1664,
2024,12,경기,41550.0,안성시,123626,113722,2281,6605,1018,
2024,12,경기,41170.0,안양시,228365,201417,5049,21142,757,
2024,12,경기,41630.0,양주시,147661,134001,3560,9394,706,
2024,12,경기,41830.0,양평군,70452,63698,1978,4342,434,
2024,12,경기,41670.0,여주시,78537,72380,1638,3803,716,
2024,12,경기,41800.0,연천군,30060,27572,621,1245,622,
2024,12,경기,41370.0,오산시,126899,114351,2220,9178,1150,
2024,12,경기,41460.0,용인시,522890,457460,14060,48465,2905,
2024,12,경기,41430.0,의왕시,69302,59885,1681,6619,1117,
2024,12,경기,41150.0,의정부시,182158,165528,3602,12298,730,
2024,12,경기,41500.0,이천시,132905,120823,2603,8076,1403,
2024,12,경기,41480.0,파주시,264832,240011,5905,17501,1415,
2024,12,경기,41220.0,평택시,351450,315147,6749,24642,4912,
2024,12,경기,41650.0,포천시,100306,92405,1856,5433,612,
2024,12,경기,41450.0,하남시,145549,127341,4250,13133,825,
2024,12,경기,41590.0,화성시,549396,483122,12917,48577,4780,
2024,12,경상도,,경상도,6964149,6213432,169821,522158,58738,
2024,12,서울,11680.0,강남구,254871,212800,14364,26788,919,
2024,12,서울,11740.0,강동구,160983,142615,3821,13909,638,
2024,12,서울,11305.0,강북구,73728,67707,1438,4435,148,
2024,12,서울,11500.0,강서구,203720,183536,4161,15319,704,
2024,12,서울,11620.0,관악구,116745,105711,2169,8577,288,
2024,12,서울,11215.0,광진구,96335,86853,1687,7565,230,
2024,12,서울,11530.0,구로구,145790,129106,5550,10597,537,
2024,12,서울,11545.0,금천구,91402,82854,1629,6668,251,
2024,12,서울,11350.0,노원구,151503,137055,2756,11295,397,
2024,12,서울,11320.0,도봉구,94041,85919,1928,5948,246,
2024,12,서울,11230.0,동대문구,102535,92477,1927,7827,304,
2024,12,서울,11590.0,동작구,106189,94205,2015,9678,291,
2024,12,서울,11440.0,마포구,121558,107478,2889,10733,458,
2024,12,서울,11410.0,서대문구,91453,81484,1977,7666,326,
2024,12,서울,11650.0,서초구,177348,150493,7369,18811,675,
2024,12,서울,11200.0,성동구,104163,91824,3319,8620,400,
2024,12,서울,11290.0,성북구,121752,109246,2486,9662,358,
2024,12,서울,11710.0,송파구,242897,213988,5496,22544,869,
2024,12,서울,11470.0,양천구,150231,134915,2838,12015,463,
2024,12,서울,11560.0,영등포구,143967,128195,3224,11902,646,
2024,12,서울,11170.0,용산구,73109,64068,1925,6766,350,
2024,12,서울,11380.0,은평구,134017,121239,2650,9751,377,
2024,12,서울,11110.0,종로구,50099,44224,1536,4005,334,
2024,12,서울,11140.0,중구,52361,45081,2255,4731,294,
2024,12,서울,11260.0,중랑구,116136,106203,2459,7192,282,
2024,12,전라도,,전라도,3011566,2711796,71529,202351,25890,
2024,12,충청도,,충청도,3161726,2847800,82767,200980,30179,
2025,1,강원도,,강원도,875775,796379,21077,50564,7755,
2025,1,경기,41820.0,가평군,34670,31807,798,1792,273,
2025,1,경기,41280.0,고양시,463840,412639,11934,37139,2128,
2025,1,경기,41290.0,과천시,35036,29274,1310,4302,150,
2025,1,경기,41210.0,광명시,107156,94631,2344,9692,489,
2025,1,경기,41610.0,광주시,219217,198289,4451,15421,1056,
2025,1,경기,41310.0,구리시,75182,67410,1559,5883,330,
2025,1,경기,41410.0,군포시,104124,92736,1836,9127,425,
2025,1,경기,41570.0,김포시,250829,222577,7623,19018,1611,
2025,1,경기,41360.0,남양주시,332582,299030,7681,24064,1807,
2025,1,경기,41250.0,동두천시,40164,37244,774,1975,171,
2025,1,경기,41190.0,부천시,76,75,1,0,0,
2025,1,경기,41130.0,성남시,361850,311830,11870,36768,1382,
2025,1,경기,41110.0,수원시,578598,510863,12454,52781,2500,
2025,1,경기,41390.0,시흥시,281705,256217,4611,19441,1436,
2025,1,경기,41270.0,안산시,325379,297445,5391,20884,1659,
2025,1,경기,41550.0,안성시,124218,114146,2301,6746,1025,
2025,1,경기,41170.0,안양시,228994,201570,5090,21570,764,
2025,1,경기,41630.0,양주시,148110,134218,3595,9588,709,
2025,1,경기,41830.0,양평군,70529,63681,1986,4426,436,
2025,1,경기,41670.0,여주시,78626,72408,1644,3877,697,
2025,1,경기,41800.0,연천군,30158,27632,623,1280,623,
2025,1,경기,41370.0,오산시,127205,114409,2243,9401,1152,
2025,1,경기,41460.0,용인시,524450,458061,14163,49325,2901,
2025,1,경기,41430.0,의왕시,69371,59844,1698,6714,1115,
2025,1,경기,41150.0,의정부시,182230,165360,3614,12528,728,
2025,1,경기,41500.0,이천시,133290,121023,2621,8242,1404,
2025,1,경기,41480.0,파주시,265986,240711,5957,17897,1421,
2025,1,경기,41220.0,평택시,352278,315309,6800,25252,4917,
2025,1,경기,41650.0,포천시,100242,92259,1867,5509,607,
2025,1,경기,41450.0,하남시,145661,127216,4256,13332,857,
2025,1,경기,41590.0,화성시,551481,483965,13021,49693,4802,
2025,1,경상도,,경상도,6977569,6213207,170398,535174,58790,
2025,1,서울,11680.0,강남구,254482,212179,14227,27161,915,
2025,1,서울,11740.0,강동구,163493,144449,3914,14485,645,
2025,1,서울,11305.0,강북구,73738,67638,1444,4508,148,
2025,1,서울,11500.0,강서구,203050,182762,4137,15453,698,
2025,1,서울,11620.0,관악구,116745,105582,2158,8708,297,
2025,1,서울,11215.0,광진구,95990,86403,1694,7660,233,
2025,1,서울,11530.0,구로구,145544,128718,5584,10753,489,
2025,1,서울,11545.0,금천구,91190,82504,1640,6794,252,
2025,1,서울,11350.0,노원구,151436,136832,2755,11453,396,
2025,1,서울,11320.0,도봉구,94084,85873,1925,6040,246,
2025,1,서울,11230.0,동대문구,102626,92416,1942,7962,306,
2025,1,서울,11590.0,동작구,106069,93954,2016,9809,290,
2025,1,서울,11440.0,마포구,121416,107149,2881,10923,463,
2025,1,서울,11410.0,서대문구,91387,81299,1984,7778,326,
2025,1,서울,11650.0,서초구,176869,150093,7105,18999,672,
2025,1,서울,11200.0,성동구,104521,91974,3327,8777,443,
2025,1,서울,11290.0,성북구,121606,108991,2480,9781,354,
2025,1,서울,11710.0,송파구,242552,213308,5500,22867,877,
2025,1,서울,11470.0,양천구,150445,134908,2837,12239,461,
2025,1,서울,11560.0,영등포구,143675,127747,3222,12101,605,
2025,1,서울,11170.0,용산구,73083,63919,1947,6864,353,
2025,1,서울,11380.0,은평구,134190,121176,2696,9944,374,
2025,1,서울,11110.0,종로구,50155,44189,1546,4075,345,
2025,1,서울,11140.0,중구,52026,44844,2148,4741,293,
2025,1,서울,11260.0,중랑구,116066,106026,2453,7308,279,
2025,1,전라도,,전라도,3016254,2711843,71791,206687,25933,
2025,1,충청도,,충청도,3167013,2848978,82786,205059,30190,
2025,2,강원도,,강원도,876092,795603,21287,51455,7747,
2025,2,경기,41820.0,가평군,34588,31693,805,1819,271,
2025,2,경기,41280.0,고양시,463512,411567,12044,37783,2118,
2025,2,경기,41290.0,과천시,34998,29180,1325,4346,147,
2025,2,경기,41210.0,광명시,107795,94938,2387,9977,493,
2025,2,경기,41610.0,광주시,219182,197886,4551,15693,1052,
2025,2,경기,41310.0,구리시,75037,67176,1578,5958,325,
2025,2,경기,41410.0,군포시,103969,92414,1851,9281,423,
2025,2,경기,41570.0,김포시,250512,221849,7710,19353,1600,
2025,2,경기,41360.0,남양주시,332582,298416,7850,24504,1812,
2025,2,경기,41250.0,동두천시,40238,37236,802,2031,169,
2025,2,경기,41190.0,부천시,75,74,1,0,0,
2025,2,경기,41130.0,성남시,361678,310825,11995,37478,1380,
2025,2,경기,41110.0,수원시,575769,507403,12552,53289,2525,
2025,2,경기,41390.0,시흥시,281552,255595,4755,19772,1430,
2025,2,경기,41270.0,안산시,324578,296251,5451,21201,1675,
2025,2,경기,41550.0,안성시,124670,114374,2345,6935,1016,
2025,2,경기,41170.0,안양시,230067,202041,5179,22085,762,
2025,2,경기,41630.0,양주시,148303,134119,3710,9767,707,
2025,2,경기,41830.0,양평군,70561,63605,2013,4512,431,
2025,2,경기,41670.0,여주시,78712,72380,1666,3966,700,
2025,2,경기,41800.0,연천군,30247,27674,639,1311,623,
2025,2,경기,41370.0,오산시,127618,114507,2340,9614,1157,
2025,2,경기,41460.0,용인시,526165,458280,14586,50387,2912,
2025,2,경기,41430.0,의왕시,69332,59688,1724,6808,1112,
2025,2,경기,41150.0,의정부시,182471,165283,3700,12761,727,
2025,2,경기,41500.0,이천시,133480,120964,2694,8412,1410,
2025,2,경기,41480.0,파주시,266716,240884,6147,18263,1422,
2025,2,경기,41220.0,평택시,352850,315146,6934,25851,4919,
2025,2,경기,41650.0,포천시,100102,92013,1908,5571,610,
2025,2,경기,41450.0,하남시,145607,126878,4329,13549,851,
2025,2,경기,41590.0,화성시,553808,484676,13397,50937,4798,
2025,2,경상도,,경상도,6982291,6201690,174523,547152,58926,
2025,2,서울,11680.0,강남구,254051,211432,14165,27534,920,
2025,2,서울,11740.0,강동구,166203,146411,4011,15124,657,
2025,2,서울,11305.0,강북구,73634,67430,1458,4598,148,
2025,2,서울,11500.0,강서구,202214,181673,4211,15626,704,
2025,2,서울,11620.0,관악구,116612,105262,2185,8866,299,
2025,2,서울,11215.0,광진구,95829,86105,1705,7781,238,
2025,2,서울,11530.0,구로구,145248,128289,5634,10869,456,
2025,2,서울,11545.0,금천구,90653,81889,1661,6853,250,
2025,2,서울,11350.0,노원구,151308,136459,2792,11659,398,
2025,2,서울,11320.0,도봉구,93999,85680,1953,6124,242,
2025,2,서울,11230.0,동대문구,103025,92568,1988,8162,307,
2025,2,서울,11590.0,동작구,105984,93695,2043,9959,287,
2025,2,서울,11440.0,마포구,121233,106757,2925,11092,459,
2025,2,서울,11410.0,서대문구,91209,81012,2013,7865,319,
2025,2,서울,11650.0,서초구,176598,149506,7114,19315,663,
2025,2,서울,11200.0,성동구,104009,91424,3235,8908,442,
2025,2,서울,11290.0,성북구,121292,108492,2502,9949,349,
2025,2,서울,11710.0,송파구,242304,212652,5562,23214,876,
2025,2,서울,11470.0,양천구,150252,134477,2887,12431,457,
2025,2,서울,11560.0,영등포구,143579,127428,3243,12297,611,
2025,2,서울,11170.0,용산구,73135,63839,1973,6970,353,
2025,2,서울,11380.0,은평구,134098,120916,2722,10087,373,
2025,2,서울,11110.0,종로구,50202,44158,1563,4139,342,
2025,2,서울,11140.0,중구,51576,44402,2131,4750,293,
2025,2,서울,11260.0,중랑구,115877,105676,2496,7429,276,
2025,2,전라도,,전라도,3019776,2708973,73344,211436,26023,
2025,2,충청도,,충청도,3170207,2846237,84769,208945,30256,
2025,3,강원도,,강원도,876165,794189,21619,52586,7771,
2025,3,경기,41820.0,가평군,34564,31614,823,1855,272,
2025,3,경기,41280.0,고양시,463674,410702,12290,38553,2129,
2025,3,경기,41290.0,과천시,34915,29008,1357,4402,148,
2025,3,경기,41210.0,광명시,108352,95160,2456,10239,497,
2025,3,경기,41610.0,광주시,219093,197383,4659,15994,1057,
2025,3,경기,41310.0,구리시,75090,67077,1630,6060,323,
2025,3,경기,41410.0,군포시,103757,92008,1897,9432,420,
2025,3,경기,41570.0,김포시,250458,221249,7857,19760,1592,
2025,3,경기,41360.0,남양주시,332709,297872,8055,24973,1809,
2025,3,경기,41250.0,동두천시,40237,37166,816,2085,170,
2025,3,경기,41190.0,부천시,75,74,1,0,0,
2025,3,경기,41130.0,성남시,361626,309899,12249,38096,1382,
2025,3,경기,41110.0,수원시,574985,505234,12939,54285,2527,
2025,3,경기,41390.0,시흥시,281621,255046,4911,20232,1432,
2025,3,경기,41270.0,안산시,324045,295258,5513,21597,1677,
2025,3,경기,41550.0,안성시,125062,114530,2411,7099,1022,
2025,3,경기,41170.0,안양시,230688,202062,5322,22537,767,
2025,3,경기,41630.0,양주시,148613,134116,3802,9967,728,
2025,3,경기,41830.0,양평군,70747,63667,2056,4595,429,
2025,3,경기,41670.0,여주시,78841,72381,1694,4066,700,
2025,3,경기,41800.0,연천군,30335,27716,648,1341,630,
2025,3,경기,41370.0,오산시,128454,114936,2433,9912,1173,
2025,3,경기,41460.0,용인시,527356,457556,15494,51393,2913,
2025,3,경기,41430.0,의왕시,69258,59450,1762,6938,1108,
2025,3,경기,41150.0,의정부시,182761,165170,3789,13076,726,
2025,3,경기,41500.0,이천시,133600,120807,2764,8599,1430,
2025,3,경기,41480.0,파주시,267268,240833,6378,18635,1422,
2025,3,경기,41220.0,평택시,353439,314951,7159,26403,4926,
2025,3,경기,41650.0,포천시,99986,91785,1955,5637,609,
2025,3,경기,41450.0,하남시,145543,126434,4423,13838,848,
2025,3,경기,41590.0,화성시,554933,484078,13861,52175,4819,
2025,3,경상도,,경상도,6984627,6187298,178601,559644,59084,
2025,3,서울,11680.0,강남구,253796,210789,14166,27908,933,
2025,3,서울,11740.0,강동구,167473,147098,4132,15587,656,
2025,3,서울,11305.0,강북구,73490,67183,1472,4690,145,
2025,3,서울,11500.0,강서구,202553,181522,4352,15961,718,
2025,3,서울,11620.0,관악구,116484,104978,2246,8964,296,
2025,3,서울,11215.0,광진구,95888,85961,1747,7940,240,
2025,3,서울,11530.0,구로구,145109,127941,5698,11032,438,
2025,3,서울,11545.0,금천구,90451,81529,1688,6983,251,
2025,3,서울,11350.0,노원구,151000,135946,2835,11823,396,
2025,3,서울,11320.0,도봉구,93928,85461,1985,6237,245,
2025,3,서울,11230.0,동대문구,103502,92749,2043,8404,306,
2025,3,서울,11590.0,동작구,105950,93423,2096,10143,288,
2025,3,서울,11440.0,마포구,121146,106450,2970,11269,457,
2025,3,서울,11410.0,서대문구,91093,80710,2054,8011,318,
2025,3,서울,11650.0,서초구,176461,148928,7215,19654,664,
2025,3,서울,11200.0,성동구,104230,91420,3265,9104,441,
2025,3,서울,11290.0,성북구,121078,108053,2557,10117,351,
2025,3,서울,11710.0,송파구,242083,211987,5635,23585,876,
2025,3,서울,11470.0,양천구,150117,134106,2915,12642,454,
2025,3,서울,11560.0,영등포구,143538,127111,3300,12514,613,
2025,3,서울,11170.0,용산구,72932,63509,2001,7069,353,
2025,3,서울,11380.0,은평구,133936,120559,2749,10258,370,
2025,3,서울,11110.0,종로구,50083,43958,1582,4199,344,
2025,3,서울,11140.0,중구,51221,44111,1993,4827,290,
2025,3,서울,11260.0,중랑구,115735,105388,2524,7554,269,
2025,3,전라도,,전라도,3022196,2704497,75156,216401,26142,
2025,3,충청도,,충청도,3172741,2841805,87355,213214,30367,
2025,4,강원도,,강원도,876354,792785,21975,53803,7791,
2025,4,경기,41820.0,가평군,34583,31573,830,1909,271,
2025,4,경기,41280.0,고양시,462909,408978,12528,39267,2136,
2025,4,경기,41290.0,과천시,34716,28738,1384,4446,148,
2025,4,경기,41210.0,광명시,108472,94955,2544,10471,502,
2025,4,경기,41610.0,광주시,218759,196580,4755,16365,1059,
2025,4,경기,41310.0,구리시,74940,66777,1656,6179,328,
2025,4,경기,41410.0,군포시,103400,91459,1938,9582,421,
2025,4,경기,41570.0,김포시,250398,220674,8004,20132,1588,
2025,4,경기,41360.0,남양주시,332130,296615,8250,25462,1803,
2025,4,경기,41250.0,동두천시,40234,37098,830,2133,173,
2025,4,경기,41190.0,부천시,74,73,1,0,0,
2025,4,경기,41130.0,성남시,361083,308486,12434,38781,1382,
2025,4,경기,41110.0,수원시,576220,504392,13525,55783,2520,
2025,4,경기,41390.0,시흥시,281612,254461,5026,20697,1428,
2025,4,경기,41270.0,안산시,323896,294291,5698,22221,1686,
2025,4,경기,41550.0,안성시,125218,114417,2495,7285,1021,
2025,4,경기,41170.0,안양시,231197,201957,5429,23041,770,
2025,4,경기,41630.0,양주시,148830,133965,3941,10194,730,
2025,4,경기,41830.0,양평군,70781,63565,2103,4683,430,
2025,4,경기,41670.0,여주시,78935,72346,1737,4145,707,
2025,4,경기,41800.0,연천군,30435,27768,666,1383,618,
2025,4,경기,41370.0,오산시,128861,114938,2550,10188,1185,
2025,4,경기,41460.0,용인시,527355,456247,15924,52277,2907,
2025,4,경기,41430.0,의왕시,69311,59349,1784,7065,1113,
2025,4,경기,41150.0,의정부시,182813,164839,3901,13345,728,
2025,4,경기,41500.0,이천시,133567,120454,2850,8826,1437,
2025,4,경기,41480.0,파주시,267378,240329,6565,19062,1422,
2025,4,경기,41220.0,평택시,353516,314283,7351,26959,4923,
2025,4,경기,41650.0,포천시,99808,91499,1995,5708,606,
2025,4,경기,41450.0,하남시,145503,126017,4519,14095,872,
2025,4,경기,41590.0,화성시,555572,483180,14287,53294,4811,
2025,4,경상도,,경상도,6986582,6172280,182482,572643,59177,
2025,4,서울,11680.0,강남구,253382,209894,14106,28459,923,
2025,4,서울,11740.0,강동구,167953,147129,4194,15971,659,
2025,4,서울,11305.0,강북구,73293,66888,1482,4780,143,
2025,4,서울,11500.0,강서구,202263,180742,4529,16275,717,
2025,4,서울,11620.0,관악구,116541,104832,2285,9124,300,
2025,4,서울,11215.0,광진구,96042,85929,1758,8114,241,
2025,4,서울,11530.0,구로구,145015,127605,5721,11252,437,
2025,4,서울,11545.0,금천구,90379,81319,1704,7103,253,
2025,4,서울,11350.0,노원구,150767,135455,2875,12040,397,
2025,4,서울,11320.0,도봉구,93808,85165,2019,6381,243,
2025,4,서울,11230.0,동대문구,103582,92628,2086,8563,305,
2025,4,서울,11590.0,동작구,105887,93143,2125,10328,291,
2025,4,서울,11440.0,마포구,121017,106091,3034,11427,465,
2025,4,서울,11410.0,서대문구,91090,80514,2095,8162,319,
2025,4,서울,11650.0,서초구,176415,148423,7305,20017,670,
2025,4,서울,11200.0,성동구,103848,90847,3301,9255,445,
2025,4,서울,11290.0,성북구,121421,108067,2602,10397,355,
2025,4,서울,11710.0,송파구,242011,211409,5734,23990,878,
2025,4,서울,11470.0,양천구,150000,133753,2948,12850,449,
2025,4,서울,11560.0,영등포구,143327,126706,3322,12686,613,
2025,4,서울,11170.0,용산구,72947,63326,2064,7201,356,
2025,4,서울,11380.0,은평구,133820,120199,2797,10458,366,
2025,4,서울,11110.0,종로구,50039,43846,1606,4237,350,
2025,4,서울,11140.0,중구,50924,43748,1990,4892,294,
2025,4,서울,11260.0,중랑구,115701,105205,2535,7698,263,
2025,4,전라도,,전라도,3024569,2699216,76931,222213,26209,
2025,4,충청도,,충청도,3173777,2835965,89327,218030,30455,
2025,5,강원도,,강원도,876779,791521,22455,54998,7805,
2025,5,경기,41820.0,가평군,34480,31420,853,1937,270,
2025,5,경기,41280.0,고양시,462700,407611,13024,39927,2138,
2025,5,경기,41290.0,과천시,34348,28306,1415,4478,149,
2025,5,경기,41210.0,광명시,108740,94853,2642,10737,508,
2025,5,경기,41610.0,광주시,219092,196383,4926,16723,1060,
2025,5,경기,41310.0,구리시,74923,66615,1702,6277,329,
2025,5,경기,41410.0,군포시,103286,91064,2009,9785,428,
2025,5,경기,41570.0,김포시,250565,220309,8189,20485,1582,
2025,5,경기,41360.0,남양주시,331928,295616,8564,25954,1794,
2025,5,경기,41250.0,동두천시,40365,37141,866,2184,174,
2025,5,경기,41190.0,부천시,73,72,1,0,0,
2025,5,경기,41130.0,성남시,361370,307740,12798,39434,1398,
2025,5,경기,41110.0,수원시,577821,504111,14130,57078,2502,
2025,5,경기,41390.0,시흥시,281549,253714,5233,21165,1437,
2025,5,경기,41270.0,안산시,327380,296443,6048,23166,1723,
2025,5,경기,41550.0,안성시,125296,114155,2603,7501,1037,
2025,5,경기,41170.0,안양시,231689,201716,5657,23547,769,
2025,5,경기,41630.0,양주시,149278,134030,4102,10409,737,
2025,5,경기,41830.0,양평군,70858,63468,2172,4789,429,
2025,5,경기,41670.0,여주시,78876,72130,1802,4238,706,
2025,5,경기,41800.0,연천군,30505,27799,687,1401,618,
2025,5,경기,41370.0,오산시,129579,115247,2673,10473,1186,
2025,5,경기,41460.0,용인시,528157,455693,16251,53317,2896,
2025,5,경기,41430.0,의왕시,69306,59178,1841,7177,1110,
2025,5,경기,41150.0,의정부시,182468,164139,3980,13628,721,
2025,5,경기,41500.0,이천시,133639,120220,2968,9015,1436,
2025,5,경기,41480.0,파주시,267993,240261,6890,19424,1418,
2025,5,경기,41220.0,평택시,353826,313573,7709,27608,4936,
2025,5,경기,41650.0,포천시,99487,91050,2042,5785,610,
2025,5,경기,41450.0,하남시,145453,125556,4672,14345,880,
2025,5,경기,41590.0,화성시,556562,482513,14946,54289,4814,
2025,5,경상도,,경상도,6993089,6160671,187249,585908,59261,
2025,5,서울,11680.0,강남구,253530,209381,14342,28882,925,
2025,5,서울,11740.0,강동구,168386,147046,4335,16341,664,
2025,5,서울,11305.0,강북구,73145,66639,1506,4855,145,
2025,5,서울,11500.0,강서구,202058,180105,4663,16564,726,
2025,5,서울,11620.0,관악구,116493,104566,2344,9288,295,
2025,5,서울,11215.0,광진구,96272,85921,1840,8274,237,
2025,5,서울,11530.0,구로구,144814,127112,5824,11441,437,
2025,5,서울,11545.0,금천구,90342,81095,1771,7228,248,
2025,5,서울,11350.0,노원구,150480,134864,2955,12273,388,
2025,5,서울,11320.0,도봉구,93692,84927,2057,6467,241,
2025,5,서울,11230.0,동대문구,103573,92397,2148,8723,305,
2025,5,서울,11590.0,동작구,105860,92880,2185,10505,290,
2025,5,서울,11440.0,마포구,121521,106300,3124,11636,461,
2025,5,서울,11410.0,서대문구,90949,80186,2158,8285,320,
2025,5,서울,11650.0,서초구,175777,147416,7396,20295,670,
2025,5,서울,11200.0,성동구,103254,89988,3349,9471,446,
2025,5,서울,11290.0,성북구,122078,108358,2695,10667,358,
2025,5,서울,11710.0,송파구,241820,210622,5922,24412,864,
2025,5,서울,11470.0,양천구,149855,133260,3029,13113,453,
2025,5,서울,11560.0,영등포구,143059,126119,3406,12922,612,
2025,5,서울,11170.0,용산구,73020,63213,2117,7332,358,
2025,5,서울,11380.0,은평구,133748,119876,2852,10657,363,
2025,5,서울,11110.0,종로구,49991,43742,1619,4283,347,
2025,5,서울,11140.0,중구,50591,43390,1985,4929,287,
2025,5,서울,11260.0,중랑구,115397,104702,2590,7843,262,
2025,5,전라도,,전라도,3028306,2695569,78712,227755,26270,
2025,5,충청도,,충청도,3176895,2831295,92182,222943,30475,
2025,6,강원도,,강원도,876969,790201,22708,56260,7800,
2025,6,경기,41820.0,가평군,34517,31383,882,1986,266,
2025,6,경기,41280.0,고양시,462113,406372,12979,40610,2152,
2025,6,경기,41290.0,과천시,34031,27939,1441,4506,145,
2025,6,경기,41210.0,광명시,109650,95372,2684,11087,507,
2025,6,경기,41610.0,광주시,219052,195838,5119,17021,1074,
2025,6,경기,41310.0,구리시,74974,66506,1767,6372,329,
2025,6,경기,41410.0,군포시,103156,90701,2088,9935,432,
2025,6,경기,41570.0,김포시,250494,219612,8410,20895,1577,
2025,6,경기,41360.0,남양주시,332083,294981,8854,26459,1789,
2025,6,경기,41250.0,동두천시,40420,37126,893,2230,171,
2025,6,경기,41190.0,부천시,78,76,2,0,0,
2025,6,경기,41130.0,성남시,360895,306575,12888,40029,1403,
2025,6,경기,41110.0,수원시,579366,504267,14374,58266,2459,
2025,6,경기,41390.0,시흥시,281605,253143,5398,21628,1436,
2025,6,경기,41270.0,안산시,327911,296327,6153,23706,1725,
2025,6,경기,41550.0,안성시,125581,114256,2670,7622,1033,
2025,6,경기,41170.0,안양시,231718,201119,5848,23986,765,
2025,6,경기,41630.0,양주시,149710,134051,4242,10665,752,
2025,6,경기,41830.0,양평군,70936,63378,2230,4894,434,
2025,6,경기,41670.0,여주시,78940,72050,1844,4339,707,
2025,6,경기,41800.0,연천군,30583,27812,705,1451,615,
2025,6,경기,41370.0,오산시,130188,115473,2794,10739,1182,
2025,6,경기,41460.0,용인시,529156,454945,16881,54471,2859,
2025,6,경기,41430.0,의왕시,69893,59511,1914,7364,1104,
2025,6,경기,41150.0,의정부시,182494,163857,4009,13909,719,
2025,6,경기,41500.0,이천시,133760,120075,3066,9220,1399,
2025,6,경기,41480.0,파주시,269143,240654,7212,19856,1421,
2025,6,경기,41220.0,평택시,354055,312942,7885,28246,4982,
2025,6,경기,41650.0,포천시,100857,91814,2219,6204,620,
2025,6,경기,41450.0,하남시,145578,125219,4821,14617,921,
2025,6,경기,41590.0,화성시,557971,482123,15564,55491,4793,
2025,6,경상도,,경상도,6997164,6148336,190972,598507,59349,
2025,6,서울,11680.0,강남구,253611,208699,14524,29465,923,
2025,6,서울,11740.0,강동구,168704,146867,4472,16705,660,
2025,6,서울,11305.0,강북구,73126,66461,1551,4964,150,
2025,6,서울,11500.0,강서구,201805,179474,4773,16831,727,
2025,6,서울,11620.0,관악구,116511,104353,2401,9458,299,
2025,6,서울,11215.0,광진구,96413,85884,1890,8400,239,
2025,6,서울,11530.0,구로구,144673,126732,5864,11644,433,
2025,6,서울,11545.0,금천구,90147,80776,1814,7312,245,
2025,6,서울,11350.0,노원구,150277,134405,3040,12446,386,
2025,6,서울,11320.0,도봉구,93656,84730,2087,6592,247,
2025,6,서울,11230.0,동대문구,103695,92252,2220,8923,300,
2025,6,서울,11590.0,동작구,105974,92740,2268,10676,290,
2025,6,서울,11440.0,마포구,121478,105998,3214,11812,454,
2025,6,서울,11410.0,서대문구,90939,79993,2204,8417,325,
2025,6,서울,11650.0,서초구,175566,146733,7459,20703,671,
2025,6,서울,11200.0,성동구,104048,90458,3511,9636,443,
2025,6,서울,11290.0,성북구,122448,108404,2774,10919,351,
2025,6,서울,11710.0,송파구,241860,210056,6117,24818,869,
2025,6,서울,11470.0,양천구,149804,132853,3132,13371,448,
2025,6,서울,11560.0,영등포구,142881,125661,3476,13131,613,
2025,6,서울,11170.0,용산구,73083,63077,2165,7477,364,
2025,6,서울,11380.0,은평구,133708,119527,2932,10882,367,
2025,6,서울,11110.0,종로구,49930,43546,1674,4363,347,
2025,6,서울,11140.0,중구,50375,43130,1998,4963,284,
2025,6,서울,11260.0,중랑구,115341,104435,2631,8008,267,
2025,6,전라도,,전라도,3032817,2692814,80619,233047,26337,
2025,6,충청도,,충청도,3178926,2827304,93237,227826,30559,
2025,7,강원도,,강원도,877677,788994,23342,57516,7825,
2025,7,경기,41820.0,가평군,34538,31347,908,2016,267,
2025,7,경기,41280.0,고양시,461544,404874,13305,41201,2164,
2025,7,경기,41290.0,과천시,33747,27589,1469,4540,149,
2025,7,경기,41210.0,광명시,110558,95783,2841,11417,517,
2025,7,경기,41610.0,광주시,219156,195360,5310,17413,1073,
2025,7,경기,41310.0,구리시,74875,66244,1824,6480,327,
2025,7,경기,41410.0,군포시,102940,90306,2164,10044,426,
2025,7,경기,41570.0,김포시,250432,219032,8612,21218,1570,
2025,7,경기,41360.0,남양주시,332113,294138,9179,27009,1787,
2025,7,경기,41250.0,동두천시,40406,37034,926,2273,173,
2025,7,경기,41190.0,부천시,79,76,2,1,0,
2025,7,경기,41130.0,성남시,360996,305785,13207,40591,1413,
2025,7,경기,41110.0,수원시,578689,501685,15326,59215,2463,
2025,7,경기,41390.0,시흥시,281379,252328,5607,22013,1431,
2025,7,경기,41270.0,안산시,327850,295585,6299,24235,1731,
2025,7,경기,41550.0,안성시,125987,114394,2772,7788,1033,
2025,7,경기,41170.0,안양시,231661,200427,6061,24401,772,
2025,7,경기,41630.0,양주시,150006,133950,4384,10907,765,
2025,7,경기,41830.0,양평군,70886,63175,2297,4980,434,
2025,7,경기,41670.0,여주시,78926,71875,1902,4441,708,
2025,7,경기,41800.0,연천군,30646,27802,734,1496,614,
2025,7,경기,41370.0,오산시,130051,114959,2940,10961,1191,
2025,7,경기,41460.0,용인시,529688,453973,17344,55477,2894,
2025,7,경기,41430.0,의왕시,70650,59901,2018,7624,1107,
2025,7,경기,41150.0,의정부시,182573,163497,4148,14207,721,
2025,7,경기,41500.0,이천시,133944,119948,3162,9430,1404,
2025,7,경기,41480.0,파주시,269868,240645,7513,20283,1427,
2025,7,경기,41220.0,평택시,354662,312529,8311,28824,4998,
2025,7,경기,41650.0,포천시,100612,91478,2243,6274,617,
2025,7,경기,41450.0,하남시,145433,124658,4980,14838,957,
2025,7,경기,41590.0,화성시,559475,481802,16262,56591,4820,
2025,7,경상도,,경상도,7005106,6135089,198551,611834,59632,
2025,7,서울,11680.0,강남구,253031,207739,14485,29879,928,
2025,7,서울,11740.0,강동구,168994,146679,4626,17023,666,
2025,7,서울,11305.0,강북구,73005,66227,1578,5050,150,
2025,7,서울,11500.0,강서구,201567,178914,4881,17042,730,
2025,7,서울,11620.0,관악구,116462,104114,2421,9628,299,
2025,7,서울,11215.0,광진구,96359,85627,1929,8563,240,
2025,7,서울,11530.0,구로구,144327,126369,5739,11780,439,
2025,7,서울,11545.0,금천구,89980,80432,1858,7444,246,
2025,7,서울,11350.0,노원구,150149,133984,3124,12659,382,
2025,7,서울,11320.0,도봉구,93639,84559,2127,6702,251,
2025,7,서울,11230.0,동대문구,104250,92521,2320,9111,298,
2025,7,서울,11590.0,동작구,105720,92265,2330,10835,290,
2025,7,서울,11440.0,마포구,121201,105471,3330,11939,461,
2025,7,서울,11410.0,서대문구,90982,79808,2269,8583,322,
2025,7,서울,11650.0,서초구,175924,146666,7499,21088,671,
2025,7,서울,11200.0,성동구,104002,90154,3592,9814,442,
2025,7,서울,11290.0,성북구,122492,108212,2848,11084,348,
2025,7,서울,11710.0,송파구,241577,209205,6264,25234,874,
2025,7,서울,11470.0,양천구,149543,132305,3212,13567,459,
2025,7,서울,11560.0,영등포구,142800,125233,3572,13385,610,
2025,7,서울,11170.0,용산구,72542,62383,2227,7568,364,
2025,7,서울,11380.0,은평구,133751,119320,2993,11076,362,
2025,7,서울,11110.0,종로구,49823,43363,1692,4420,348,
2025,7,서울,11140.0,중구,50174,42970,1971,4948,285,
2025,7,서울,11260.0,중랑구,115373,104263,2689,8151,270,
2025,7,전라도,,전라도,3034426,2686542,83369,238042,26473,
2025,7,충청도,,충청도,3183214,2823654,95740,233063,30757,
2025,8,강원도,,강원도,877591,787503,23801,58400,7887,
2025,8,경기,41820.0,가평군,34552,31287,933,2061,271,
2025,8,경기,41280.0,고양시,461596,403904,13735,41766,2191,
2025,8,경기,41290.0,과천시,33571,27349,1504,4564,154,
2025,8,경기,41210.0,광명시,110988,95870,2907,11686,525,
2025,8,경기,41610.0,광주시,219150,194899,5572,17596,1083,
2025,8,경기,41310.0,구리시,74772,66004,1886,6556,326,
2025,8,경기,41410.0,군포시,102761,89928,2248,10156,429,
2025,8,경기,41570.0,김포시,250219,218310,8798,21531,1580,
2025,8,경기,41360.0,남양주시,332509,293772,9510,27430,1797,
2025,8,경기,41250.0,동두천시,40433,36980,957,2320,176,
2025,8,경기,41190.0,부천시,81,78,2,1,0,
2025,8,경기,41130.0,성남시,360767,304651,13600,41087,1429,
2025,8,경기,41110.0,수원시,577678,499377,15918,59848,2535,
2025,8,경기,41390.0,시흥시,281209,251592,5836,22350,1431,
2025,8,경기,41270.0,안산시,327590,294805,6473,24559,1753,
2025,8,경기,41550.0,안성시,125988,114183,2840,7923,1042,
2025,8,경기,41170.0,안양시,231781,199972,6287,24740,782,
2025,8,경기,41630.0,양주시,150343,133887,4569,11115,772,
2025,8,경기,41830.0,양평군,70924,63050,2382,5064,428,
2025,8,경기,41670.0,여주시,78948,71779,1950,4505,714,
2025,8,경기,41800.0,연천군,30645,27753,754,1525,613,
2025,8,경기,41370.0,오산시,130094,114715,3061,11090,1228,
2025,8,경기,41460.0,용인시,529338,452452,17660,56281,2945,
2025,8,경기,41430.0,의왕시,70982,60000,2095,7778,1109,
2025,8,경기,41150.0,의정부시,182266,163020,4058,14456,732,
2025,8,경기,41500.0,이천시,134124,119839,3292,9584,1409,
2025,8,경기,41480.0,파주시,270236,240344,7864,20595,1433,
2025,8,경기,41220.0,평택시,355643,312729,8468,29375,5071,
2025,8,경기,41650.0,포천시,100427,91165,2297,6337,628,
2025,8,경기,41450.0,하남시,145426,124311,5131,15012,972,
2025,8,경기,41590.0,화성시,561014,481752,16933,57466,4863,
2025,8,경상도,,경상도,7010333,6123183,204883,622280,59987,
2025,8,서울,11680.0,강남구,252784,207076,14572,30203,933,
2025,8,서울,11740.0,강동구,169190,146479,4772,17271,668,
2025,8,서울,11305.0,강북구,72798,65918,1614,5115,151,
2025,8,서울,11500.0,강서구,201153,178145,5028,17237,743,
2025,8,서울,11620.0,관악구,116320,103793,2491,9731,305,
2025,8,서울,11215.0,광진구,96218,85314,1998,8667,239,
2025,8,서울,11530.0,구로구,143949,125939,5629,11938,443,
2025,8,서울,11545.0,금천구,89931,80239,1914,7532,246,
2025,8,서울,11350.0,노원구,150000,133569,3231,12814,386,
2025,8,서울,11320.0,도봉구,93650,84403,2191,6803,253,
2025,8,서울,11230.0,동대문구,104500,92508,2425,9272,295,
2025,8,서울,11590.0,동작구,105619,91971,2419,10941,288,
2025,8,서울,11440.0,마포구,121085,105097,3463,12063,462,
2025,8,서울,11410.0,서대문구,91073,79681,2348,8720,324,
2025,8,서울,11650.0,서초구,176775,146800,7812,21506,657,
2025,8,서울,11200.0,성동구,104259,90070,3747,10001,441,
2025,8,서울,11290.0,성북구,122549,107997,2956,11244,352,
2025,8,서울,11710.0,송파구,241401,208505,6437,25587,872,
2025,8,서울,11470.0,양천구,149356,131830,3318,13747,461,
2025,8,서울,11560.0,영등포구,142459,124651,3678,13515,615,
2025,8,서울,11170.0,용산구,72429,62084,2285,7698,362,
2025,8,서울,11380.0,은평구,133706,119051,3076,11218,361,
2025,8,서울,11110.0,종로구,49748,43207,1718,4470,353,
2025,8,서울,11140.0,중구,49920,42707,1966,4939,308,
2025,8,서울,11260.0,중랑구,115325,104068,2742,8248,267,
2025,8,전라도,,전라도,3035233,2681324,85292,241981,26636,
2025,8,충청도,,충청도,3186560,2819799,98519,237227,31015,
2025,9,강원도,,강원도,878344,786484,24465,59429,7966,
2025,9,경기,41820.0,가평군,34617,31260,968,2116,273,
2025,9,경기,41280.0,고양시,462080,403092,14340,42402,2246,
2025,9,경기,41290.0,과천시,33443,27138,1536,4610,159,
2025,9,경기,41210.0,광명시,111178,95731,3036,11884,527,
2025,9,경기,41610.0,광주시,219502,194625,5843,17954,1080,
2025,9,경기,41310.0,구리시,74797,65820,1987,6657,333,
2025,9,경기,41410.0,군포시,102817,89733,2350,10299,435,
2025,9,경기,41570.0,김포시,249849,217422,9145,21695,1587,
2025,9,경기,41360.0,남양주시,332638,293024,9921,27891,1802,
2025,9,경기,41250.0,동두천시,40415,36878,987,2375,175,
2025,9,경기,41190.0,부천시,82,78,2,2,0,
2025,9,경기,41130.0,성남시,361500,303598,14041,42384,1477,
2025,9,경기,41110.0,수원시,576884,496937,16463,60928,2556,
2025,9,경기,41390.0,시흥시,281295,250942,6181,22739,1433,
2025,9,경기,41270.0,안산시,327590,294223,6680,24931,1756,
2025,9,경기,41550.0,안성시,126087,113975,2919,8140,1053,
2025,9,경기,41170.0,안양시,231848,199345,6572,25156,775,
2025,9,경기,41630.0,양주시,150887,133985,4756,11361,785,
2025,9,경기,41830.0,양평군,70993,62941,2442,5177,433,
2025,9,경기,41670.0,여주시,78967,71630,2032,4574,731,
2025,9,경기,41800.0,연천군,30765,27801,800,1555,609,
2025,9,경기,41370.0,오산시,130525,114731,3253,11312,1229,
2025,9,경기,41460.0,용인시,529002,450772,18157,57108,2965,
2025,9,경기,41430.0,의왕시,71242,60008,2167,7953,1114,
2025,9,경기,41150.0,의정부시,182307,162526,4338,14699,744,
2025,9,경기,41500.0,이천시,134197,119583,3449,9758,1407,
2025,9,경기,41480.0,파주시,270627,239994,8102,21066,1465,
2025,9,경기,41220.0,평택시,356841,312885,8791,30051,5114,
2025,9,경기,41650.0,포천시,100202,90852,2342,6387,621,
2025,9,경기,41450.0,하남시,145408,123844,5394,15190,980,
2025,9,경기,41590.0,화성시,562339,481386,17443,58559,4951,
2025,9,경상도,,경상도,7018554,6110241,213719,634330,60264,
2025,9,서울,11680.0,강남구,252119,206198,14717,30275,929,
2025,9,서울,11740.0,강동구,169109,145984,4911,17544,670,
2025,9,서울,11305.0,강북구,72632,65613,1655,5209,155,
2025,9,서울,11500.0,강서구,200485,177068,5206,17455,756,
2025,9,서울,11620.0,관악구,116225,103440,2578,9896,311,
2025,9,서울,11215.0,광진구,96182,85050,2075,8819,238,
2025,9,서울,11530.0,구로구,143656,125578,5515,12117,446,
2025,9,서울,11545.0,금천구,89983,80070,1984,7681,248,
2025,9,서울,11350.0,노원구,149802,133056,3356,13003,387,
2025,9,서울,11320.0,도봉구,93661,84186,2261,6958,256,
2025,9,서울,11230.0,동대문구,104532,92261,2520,9449,302,
2025,9,서울,11590.0,동작구,105412,91547,2500,11078,287,
2025,9,서울,11440.0,마포구,121112,104769,3576,12299,468,
2025,9,서울,11410.0,서대문구,91070,79469,2426,8843,332,
2025,9,서울,11650.0,서초구,177176,146527,8032,21965,652,
2025,9,서울,11200.0,성동구,104659,90176,3865,10174,444,
2025,9,서울,11290.0,성북구,122572,107685,3070,11457,360,
2025,9,서울,11710.0,송파구,241328,207755,6694,25994,885,
2025,9,서울,11470.0,양천구,149103,131276,3429,13944,454,
2025,9,서울,11560.0,영등포구,142454,124269,3789,13789,607,
2025,9,서울,11170.0,용산구,72442,61923,2350,7808,361,
2025,9,서울,11380.0,은평구,133494,118580,3157,11398,359,
2025,9,서울,11110.0,종로구,49854,43200,1746,4554,354,
2025,9,서울,11140.0,중구,49936,42434,1942,5254,306,
2025,9,서울,11260.0,중랑구,115302,103832,2837,8368,265,
2025,9,전라도,,전라도,3038253,2677022,87381,246972,26878,
2025,9,충청도,,충청도,3189940,2815499,101068,242144,31229,
2025,10,강원도,,강원도,878510,785167,25004,60330,8009,
2025,10,경기,41820.0,가평군,34660,31239,996,2153,272,
2025,10,경기,41280.0,고양시,461748,401756,14732,42994,2266,
2025,10,경기,41290.0,과천시,33343,26984,1556,4644,159,
2025,10,경기,41210.0,광명시,111238,95463,3175,12067,533,
2025,10,경기,41610.0,광주시,219619,194298,6038,18194,1089,
2025,10,경기,41310.0,구리시,74696,65566,2034,6760,336,
2025,10,경기,41410.0,군포시,102570,89344,2386,10406,434,
2025,10,경기,41570.0,김포시,250257,217330,9392,21936,1599,
2025,10,경기,41360.0,남양주시,332592,292338,10173,28260,1821,
2025,10,경기,41250.0,동두천시,40322,36700,1010,2434,178,
2025,10,경기,41190.0,부천시,82,79,2,1,0,
2025,10,경기,41130.0,성남시,360636,302599,14260,42285,1492,
2025,10,경기,41110.0,수원시,575417,494184,16942,61733,2558,
2025,10,경기,41390.0,시흥시,281452,250610,6293,23104,1445,
2025,10,경기,41270.0,안산시,327934,294056,6844,25265,1769,
2025,10,경기,41550.0,안성시,126304,113929,3046,8263,1066,
2025,10,경기,41170.0,안양시,231743,198752,6734,25473,784,
2025,10,경기,41630.0,양주시,151162,133893,4908,11573,788,
2025,10,경기,41830.0,양평군,71066,62830,2524,5274,438,
2025,10,경기,41670.0,여주시,78982,71504,2089,4648,741,
2025,10,경기,41800.0,연천군,30894,27843,837,1605,609,
2025,10,경기,41370.0,오산시,130554,114514,3342,11472,1226,
2025,10,경기,41460.0,용인시,529388,449820,18867,57734,2967,
2025,10,경기,41430.0,의왕시,71652,60145,2262,8125,1120,
2025,10,경기,41150.0,의정부시,182391,162277,4470,14894,750,
2025,10,경기,41500.0,이천시,134271,119373,3558,9907,1433,
2025,10,경기,41480.0,파주시,271117,239884,8317,21436,1480,
2025,10,경기,41220.0,평택시,357867,313144,8964,30618,5141,
2025,10,경기,41650.0,포천시,100024,90593,2393,6411,627,
2025,10,경기,41450.0,하남시,145494,123502,5558,15442,992,
2025,10,경기,41590.0,화성시,563459,480791,18277,59422,4969,
2025,10,경상도,,경상도,7019509,6096171,219089,643766,60483,
2025,10,서울,11680.0,강남구,251770,205501,14750,30587,932,
2025,10,서울,11740.0,강동구,169013,145512,5040,17788,673,
2025,10,서울,11305.0,강북구,72539,65432,1685,5273,149,
2025,10,서울,11500.0,강서구,199798,176120,5321,17589,768,
2025,10,서울,11620.0,관악구,116164,103173,2647,10029,315,
2025,10,서울,11215.0,광진구,95987,84657,2152,8945,233,
2025,10,서울,11530.0,구로구,143644,125333,5415,12448,448,
2025,10,서울,11545.0,금천구,89970,79896,2022,7799,253,
2025,10,서울,11350.0,노원구,149723,132715,3454,13170,384,
2025,10,서울,11320.0,도봉구,93569,83958,2317,7036,258,
2025,10,서울,11230.0,동대문구,104454,92003,2572,9583,296,
2025,10,서울,11590.0,동작구,105359,91306,2549,11219,285,
2025,10,서울,11440.0,마포구,120991,104430,3670,12415,476,
2025,10,서울,11410.0,서대문구,91089,79292,2505,8967,325,
2025,10,서울,11650.0,서초구,177383,146317,8129,22279,658,
2025,10,서울,11200.0,성동구,104439,89671,3957,10370,441,
2025,10,서울,11290.0,성북구,122441,107346,3148,11587,360,
2025,10,서울,11710.0,송파구,241094,207017,6862,26332,883,
2025,10,서울,11470.0,양천구,149060,130959,3511,14136,454,
2025,10,서울,11560.0,영등포구,142227,123790,3887,13941,609,
2025,10,서울,11170.0,용산구,72413,61730,2398,7921,364,
2025,10,서울,11380.0,은평구,133245,118126,3233,11526,360,
2025,10,서울,11110.0,종로구,49839,43093,1769,4618,359,
2025,10,서울,11140.0,중구,49742,42284,1906,5248,304,
2025,10,서울,11260.0,중랑구,115270,103648,2871,8486,265,
2025,10,전라도,,전라도,3039938,2673082,89096,250787,26973,
2025,10,충청도,,충청도,3191816,2811443,102831,246164,31378,
2025,11,강원도,,강원도,878970,784058,25457,61392,8063,
2025,11,경기,41820.0,가평군,34629,31160,1002,2191,276,
2025,11,경기,41280.0,고양시,461635,400720,15035,43606,2274,
2025,11,경기,41290.0,과천시,33351,26895,1602,4697,157,
2025,11,경기,41210.0,광명시,111738,95594,3239,12365,540,
2025,11,경기,41610.0,광주시,219538,193795,6158,18493,1092,
2025,11,경기,41310.0,구리시,74785,65462,2109,6881,333,
2025,11,경기,41410.0,군포시,102561,89144,2416,10559,442,
2025,11,경기,41570.0,김포시,250515,217017,9605,22296,1597,
2025,11,경기,41360.0,남양주시,332570,291657,10351,28740,1822,
2025,11,경기,41250.0,동두천시,40342,36654,1056,2457,175,
2025,11,경기,41190.0,부천시,82,79,2,1,0,
2025,11,경기,41130.0,성남시,360851,301691,14825,42811,1524,
2025,11,경기,41110.0,수원시,579371,495899,17420,63507,2545,
2025,11,경기,41390.0,시흥시,281918,250534,6392,23543,1449,
2025,11,경기,41270.0,안산시,328978,294368,7146,25687,1777,
2025,11,경기,41550.0,안성시,126597,113993,3065,8462,1077,
2025,11,경기,41170.0,안양시,231687,198007,7050,25846,784,
2025,11,경기,41630.0,양주시,151474,133846,5047,11791,790,
2025,11,경기,41830.0,양평군,71137,62782,2553,5355,447,
2025,11,경기,41670.0,여주시,79069,71461,2136,4737,735,
2025,11,경기,41800.0,연천군,31448,28280,859,1697,612,
2025,11,경기,41370.0,오산시,130940,114608,3431,11669,1232,
2025,11,경기,41460.0,용인시,529702,448963,19295,58472,2972,
2025,11,경기,41430.0,의왕시,71992,60250,2336,8291,1115,
2025,11,경기,41150.0,의정부시,182446,161974,4672,15054,746,
2025,11,경기,41500.0,이천시,134321,119167,3612,10095,1447,
2025,11,경기,41480.0,파주시,271663,239913,8426,21827,1497,
2025,11,경기,41220.0,평택시,359661,313814,9178,31516,5153,
2025,11,경기,41650.0,포천시,100887,90999,2468,6790,630,
2025,11,경기,41450.0,하남시,145473,123148,5673,15649,1003,
2025,11,경기,41590.0,화성시,564078,480091,18687,60330,4970,
2025,11,경상도,,경상도,7023345,6083289,224949,654425,60682,
2025,11,서울,11680.0,강남구,251998,204718,15194,31151,935,
2025,11,서울,11740.0,강동구,169167,145208,5210,18081,668,
2025,11,서울,11305.0,강북구,72500,65247,1717,5386,150,
2025,11,서울,11500.0,강서구,199985,175787,5567,17872,759,
2025,11,서울,11620.0,관악구,116055,102799,2749,10192,315,
2025,11,서울,11215.0,광진구,95913,84376,2231,9070,236,
2025,11,서울,11530.0,구로구,143442,124995,5375,12625,447,
2025,11,서울,11545.0,금천구,89980,79716,2086,7919,259,
2025,11,서울,11350.0,노원구,149736,132423,3589,13341,383,
2025,11,서울,11320.0,도봉구,93538,83764,2373,7143,258,
2025,11,서울,11230.0,동대문구,104404,91696,2667,9741,300,
2025,11,서울,11590.0,동작구,105220,90977,2627,11335,281,
2025,11,서울,11440.0,마포구,120981,104070,3810,12623,478,
2025,11,서울,11410.0,서대문구,91106,79084,2588,9110,324,
2025,11,서울,11650.0,서초구,177502,145960,8279,22603,660,
2025,11,서울,11200.0,성동구,104139,89112,4078,10506,443,
2025,11,서울,11290.0,성북구,122488,107105,3237,11783,363,
2025,11,서울,11710.0,송파구,240993,206374,7072,26665,882,
2025,11,서울,11470.0,양천구,149076,130644,3625,14351,456,
2025,11,서울,11560.0,영등포구,142275,123478,4017,14178,602,
2025,11,서울,11170.0,용산구,72305,61421,2470,8049,365,
2025,11,서울,11380.0,은평구,133069,117697,3325,11685,362,
2025,11,서울,11110.0,종로구,49820,42973,1799,4691,357,
2025,11,서울,11140.0,중구,49637,42122,1922,5291,302,
2025,11,서울,11260.0,중랑구,115285,103474,2954,8595,262,
2025,11,전라도,,전라도,3043914,2670994,90215,255656,27049,
2025,11,충청도,,충청도,3195045,2808436,104518,250735,31356,
2025,12,강원도,,강원도,879336,782929,25679,62622,8106,
2025,12,경기,41820.0,가평군,34553,31022,1005,2250,276,
2025,12,경기,41280.0,고양시,461510,399687,15233,44288,2302,
2025,12,경기,41290.0,과천시,33400,26834,1615,4793,158,
2025,12,경기,41210.0,광명시,112888,96258,3310,12780,540,
2025,12,경기,41610.0,광주시,219673,193490,6243,18829,1111,
2025,12,경기,41310.0,구리시,74786,65313,2144,6996,333,
2025,12,경기,41410.0,군포시,102377,88754,2438,10741,444,
2025,12,경기,41570.0,김포시,250297,216307,9739,22654,1597,
2025,12,경기,41360.0,남양주시,332424,290851,10487,29260,1826,
2025,12,경기,41250.0,동두천시,40296,36539,1063,2518,176,
2025,12,경기,41190.0,부천시,80,77,2,1,0,
2025,12,경기,41130.0,성남시,360687,300519,15062,43562,1544,
2025,12,경기,41110.0,수원시,585501,499266,17599,66088,2548,
2025,12,경기,41390.0,시흥시,281772,249832,6486,24015,1439,
2025,12,경기,41270.0,안산시,329879,294491,7284,26314,1790,
2025,12,경기,41550.0,안성시,126773,113878,3101,8725,1069,
2025,12,경기,41170.0,안양시,231815,197547,7144,26342,782,
2025,12,경기,41630.0,양주시,151643,133737,5145,11971,790,
2025,12,경기,41830.0,양평군,71062,62561,2589,5465,447,
2025,12,경기,41670.0,여주시,79071,71306,2166,4862,737,
2025,12,경기,41800.0,연천군,31789,28511,889,1771,618,
2025,12,경기,41370.0,오산시,131998,115222,3509,12025,1242,
2025,12,경기,41460.0,용인시,530263,448185,19508,59710,2860,
2025,12,경기,41430.0,의왕시,72221,60236,2391,8473,1121,
2025,12,경기,41150.0,의정부시,182447,161584,4780,15338,745,
2025,12,경기,41500.0,이천시,134398,119051,3645,10252,1450,
2025,12,경기,41480.0,파주시,272088,239751,8587,22242,1508,
2025,12,경기,41220.0,평택시,360960,313903,9491,32387,5179,
2025,12,경기,41650.0,포천시,100620,90669,2486,6833,632,
2025,12,경기,41450.0,하남시,145367,122689,5751,15923,1004,
2025,12,경기,41590.0,화성시,564721,479354,19087,61313,4967,
2025,12,경상도,,경상도,7027925,6072349,227643,667087,60846,
2025,12,서울,11680.0,강남구,251807,204019,15124,31622,1042,
2025,12,서울,11740.0,강동구,168985,144650,5268,18407,660,
2025,12,서울,11305.0,강북구,72418,65032,1736,5503,147,
2025,12,서울,11500.0,강서구,201040,176212,5639,18430,759,
2025,12,서울,11620.0,관악구,115861,102357,2821,10372,311,
2025,12,서울,11215.0,광진구,95415,83714,2261,9206,234,
2025,12,서울,11530.0,구로구,142906,124402,5239,12820,445,
2025,12,서울,11545.0,금천구,89958,79526,2112,8060,260,
2025,12,서울,11350.0,노원구,149347,131784,3640,13544,379,
2025,12,서울,11320.0,도봉구,93338,83432,2387,7262,257,
2025,12,서울,11230.0,동대문구,105229,92128,2735,10057,309,
2025,12,서울,11590.0,동작구,104970,90556,2656,11480,278,
2025,12,서울,11440.0,마포구,120604,103473,3841,12816,474,
2025,12,서울,11410.0,서대문구,90999,78805,2615,9261,318,
2025,12,서울,11650.0,서초구,177927,145837,8295,23129,666,
2025,12,서울,11200.0,성동구,104624,89223,4143,10818,440,
2025,12,서울,11290.0,성북구,122197,106608,3276,11947,366,
2025,12,서울,11710.0,송파구,240595,205408,7201,27103,883,
2025,12,서울,11470.0,양천구,148905,130195,3672,14583,455,
2025,12,서울,11560.0,영등포구,142084,123033,4051,14400,600,
2025,12,서울,11170.0,용산구,72157,61141,2495,8167,354,
2025,12,서울,11380.0,은평구,132846,117162,3388,11933,363,
2025,12,서울,11110.0,종로구,49780,42830,1804,4786,360,
2025,12,서울,11140.0,중구,49407,41826,1946,5341,294,
2025,12,서울,11260.0,중랑구,115199,103203,2986,8747,263,
2025,12,전라도,,전라도,3052325,2671836,90948,262423,27118,
2025,12,충청도,,충청도,3197974,2805126,105502,255877,31469,
2026,1,강원도,,강원도,880137,782538,25785,63710,8104,
2026,1,경기,41820.0,가평군,34550,30978,1007,2288,277,
2026,1,경기,41280.0,고양시,461439,398863,15298,44974,2304,
2026,1,경기,41290.0,과천시,33545,26921,1608,4858,158,
2026,1,경기,41210.0,광명시,114362,97273,3392,13150,547,
2026,1,경기,41610.0,광주시,219627,193089,6313,19113,1112,
2026,1,경기,41310.0,구리시,74750,65151,2141,7126,332,
2026,1,경기,41410.0,군포시,102201,88445,2448,10862,446,
2026,1,경기,41570.0,김포시,250459,216116,9768,22972,1603,
2026,1,경기,41360.0,남양주시,332327,290156,10594,29750,1827,
2026,1,경기,41250.0,동두천시,40292,36488,1064,2564,176,
2026,1,경기,41190.0,부천시,79,76,2,1,0,
2026,1,경기,41130.0,성남시,360967,300129,15086,44202,1550,
2026,1,경기,41110.0,수원시,587437,499521,17590,67785,2541,
2026,1,경기,41390.0,시흥시,281764,249379,6548,24393,1444,
2026,1,경기,41270.0,안산시,332826,296882,7314,26828,1802,
2026,1,경기,41550.0,안성시,126589,113520,3133,8868,1068,
2026,1,경기,41170.0,안양시,231751,197072,7189,26702,788,
2026,1,경기,41630.0,양주시,151966,133797,5168,12205,796,
2026,1,경기,41830.0,양평군,71083,62506,2599,5534,444,
2026,1,경기,41670.0,여주시,79083,71221,2172,4950,740,
2026,1,경기,41800.0,연천군,31910,28532,932,1823,623,
2026,1,경기,41370.0,오산시,132100,115030,3562,12270,1238,
2026,1,경기,41460.0,용인시,530924,447743,19640,60689,2852,
2026,1,경기,41430.0,의왕시,72447,60286,2410,8629,1122,
2026,1,경기,41150.0,의정부시,182573,161376,4841,15613,743,
2026,1,경기,41500.0,이천시,134527,118958,3661,10459,1449,
2026,1,경기,41480.0,파주시,272387,239553,8725,22601,1508,
2026,1,경기,41220.0,평택시,362165,314347,9608,33025,5185,
2026,1,경기,41650.0,포천시,100486,90435,2491,6925,635,
2026,1,경기,41450.0,하남시,145344,122407,5754,16188,995,
2026,1,경기,41590.0,화성시,565405,478943,19241,62252,4969,
2026,1,경상도,,경상도,7034184,6065490,229286,678622,60786,
2026,1,서울,11680.0,강남구,251463,203201,15131,32077,1054,
2026,1,서울,11740.0,강동구,168935,144283,5316,18671,665,
2026,1,서울,11305.0,강북구,72357,64886,1745,5581,145,
2026,1,서울,11500.0,강서구,201271,176133,5703,18689,746,
2026,1,서울,11620.0,관악구,115609,101946,2847,10506,310,
2026,1,서울,11215.0,광진구,95312,83474,2273,9330,235,
2026,1,서울,11530.0,구로구,142629,123783,5393,13009,444,
2026,1,서울,11545.0,금천구,89816,79268,2128,8154,266,
2026,1,서울,11350.0,노원구,149224,131498,3653,13693,380,
2026,1,서울,11320.0,도봉구,93207,83238,2388,7330,251,
2026,1,서울,11230.0,동대문구,106096,92666,2776,10345,309,
2026,1,서울,11590.0,동작구,105021,90398,2679,11666,278,
2026,1,서울,11440.0,마포구,120429,103148,3879,12932,470,
2026,1,서울,11410.0,서대문구,90863,78516,2642,9386,319,
2026,1,서울,11650.0,서초구,178425,145783,8368,23601,673,
2026,1,서울,11200.0,성동구,104752,89146,4171,10994,441,
2026,1,서울,11290.0,성북구,122169,106375,3302,12127,365,
2026,1,서울,11710.0,송파구,241402,205603,7277,27636,886,
2026,1,서울,11470.0,양천구,148730,129788,3707,14783,452,
2026,1,서울,11560.0,영등포구,142055,122723,4073,14653,606,
2026,1,서울,11170.0,용산구,71933,60788,2504,8293,348,
2026,1,서울,11380.0,은평구,132807,116927,3404,12120,356,
2026,1,서울,11110.0,종로구,49869,42787,1818,4889,375,
2026,1,서울,11140.0,중구,49104,41618,1935,5260,291,
2026,1,서울,11260.0,중랑구,115077,102928,2991,8895,263,
2026,1,전라도,,전라도,3057795,2671239,91195,268181,27180,
2026,1,충청도,,충청도,3201502,2803390,106296,260380,31436,
2026,2,강원도,,강원도,880694,781493,26677,64421,8103,
2026,2,경기,41820.0,가평군,34591,30962,1044,2308,277,
2026,2,경기,41280.0,고양시,461527,397965,15768,45492,2302,
2026,2,경기,41290.0,과천시,33622,26891,1637,4934,160,
2026,2,경기,41210.0,광명시,115755,98100,3623,13480,552,
2026,2,경기,41610.0,광주시,219675,192716,6497,19335,1127,
2026,2,경기,41310.0,구리시,74722,64977,2222,7198,325,
2026,2,경기,41410.0,군포시,102172,88184,2549,10992,447,
2026,2,경기,41570.0,김포시,250825,215986,9993,23244,1602,
2026,2,경기,41360.0,남양주시,332539,289429,11153,30123,1834,
2026,2,경기,41250.0,동두천시,40262,36406,1094,2586,176,
2026,2,경기,41190.0,부천시,77,73,3,1,0,
2026,2,경기,41130.0,성남시,361305,299581,15332,44833,1559,
2026,2,경기,41110.0,수원시,588723,498855,18305,69013,2550,
2026,2,경기,41390.0,시흥시,281936,249013,6857,24633,1433,
2026,2,경기,41270.0,안산시,333335,296911,7433,27186,1805,
2026,2,경기,41550.0,안성시,127141,113692,3332,9038,1079,
2026,2,경기,41170.0,안양시,231787,196630,7320,27047,790,
2026,2,경기,41630.0,양주시,152208,133631,5431,12343,803,
2026,2,경기,41830.0,양평군,71064,62334,2694,5595,441,
2026,2,경기,41670.0,여주시,79148,71143,2240,5028,737,
2026,2,경기,41800.0,연천군,32037,28567,994,1854,622,
2026,2,경기,41370.0,오산시,132609,115170,3781,12408,1250,
2026,2,경기,41460.0,용인시,531534,446906,20455,61314,2859,
2026,2,경기,41430.0,의왕시,72537,60166,2497,8749,1125,
2026,2,경기,41150.0,의정부시,182732,161119,5017,15839,757,
2026,2,경기,41500.0,이천시,134774,118837,3839,10641,1457,
2026,2,경기,41480.0,파주시,273311,239470,9375,22969,1497,
2026,2,경기,41220.0,평택시,363607,314500,10249,33616,5242,
2026,2,경기,41650.0,포천시,100425,90220,2586,6981,638,
2026,2,경기,41450.0,하남시,145315,122044,5910,16370,991,
2026,2,경기,41590.0,화성시,4403,4133,82,162,26,
2026,2,경상도,,경상도,7043226,6054875,239540,687910,60901,
2026,2,서울,11680.0,강남구,251109,202437,15268,32455,949,
2026,2,서울,11740.0,강동구,169264,144145,5464,18989,666,
2026,2,서울,11305.0,강북구,72407,64806,1808,5650,143,
2026,2,서울,11500.0,강서구,203500,175839,7798,19109,754,
2026,2,서울,11620.0,관악구,115520,101644,2932,10630,314,
2026,2,서울,11215.0,광진구,95277,83216,2370,9457,234,
2026,2,서울,11530.0,구로구,139664,122800,3509,12916,439,
2026,2,서울,11545.0,금천구,89739,79027,2188,8259,265,
2026,2,서울,11350.0,노원구,149256,131216,3788,13872,380,
2026,2,서울,11320.0,도봉구,93162,83018,2466,7426,252,
2026,2,서울,11230.0,동대문구,106542,92779,2926,10522,315,
2026,2,서울,11590.0,동작구,104840,89990,2770,11802,278,
2026,2,서울,11440.0,마포구,120252,102734,3993,13053,472,
2026,2,서울,11410.0,서대문구,90898,78376,2711,9491,320,
2026,2,서울,11650.0,서초구,178541,145443,8553,23872,673,
2026,2,서울,11200.0,성동구,104916,88920,4234,11206,556,
2026,2,서울,11290.0,성북구,122165,106101,3412,12284,368,
2026,2,서울,11710.0,송파구,242440,205835,7555,28159,891,
2026,2,서울,11470.0,양천구,148839,129587,3813,14985,454,
2026,2,서울,11560.0,영등포구,141963,122328,4228,14797,610,
2026,2,서울,11170.0,용산구,71868,60529,2594,8396,349,
2026,2,서울,11380.0,은평구,132750,116601,3543,12247,359,
2026,2,서울,11110.0,종로구,49832,42679,1842,4934,377,
2026,2,서울,11140.0,중구,48914,41391,1962,5273,288,
2026,2,서울,11260.0,중랑구,114939,102604,3084,8990,261,
2026,2,전라도,,전라도,3062345,2667966,94703,272399,27277,
2026,2,충청도,,충청도,3207114,2799950,111868,263749,31547,
2026,3,강원도,,강원도,881427,779625,27998,65620,8184,
2026,3,경기,41820.0,가평군,34614,30896,1109,2334,275,
2026,3,경기,41280.0,고양시,461422,396430,16502,46179,2311,
2026,3,경기,41290.0,과천시,33656,26782,1722,4990,162,
2026,3,경기,41210.0,광명시,116512,98337,3831,13790,554,
2026,3,경기,41610.0,광주시,219857,192214,6815,19688,1140,
2026,3,경기,41310.0,구리시,74843,64875,2332,7313,323,
2026,3,경기,41410.0,군포시,102003,87799,2659,11104,441,
2026,3,경기,41570.0,김포시,250844,215216,10430,23595,1603,
2026,3,경기,41360.0,남양주시,332722,288635,11649,30595,1843,
2026,3,경기,41250.0,동두천시,40285,36315,1138,2656,176,
2026,3,경기,41190.0,부천시,77,73,3,1,0,
2026,3,경기,41130.0,성남시,361453,298432,15929,45511,1581,
2026,3,경기,41110.0,수원시,593954,500782,19276,71332,2564,
2026,3,경기,41390.0,시흥시,281994,248248,7229,25077,1440,
2026,3,경기,41270.0,안산시,334401,297051,7729,27807,1814,
2026,3,경기,41550.0,안성시,127973,114176,3486,9224,1087,
2026,3,경기,41170.0,안양시,231517,195718,7622,27374,803,
2026,3,경기,41630.0,양주시,152595,133501,5703,12591,800,
2026,3,경기,41830.0,양평군,71215,62211,2874,5685,445,
2026,3,경기,41670.0,여주시,79175,70967,2352,5118,738,
2026,3,경기,41800.0,연천군,32123,28507,1082,1912,622,
2026,3,경기,41370.0,오산시,132983,115085,4046,12600,1252,
2026,3,경기,41460.0,용인시,532611,445833,21649,62253,2876,
2026,3,경기,41430.0,의왕시,73050,60302,2682,8939,1127,
2026,3,경기,41150.0,의정부시,182861,160749,5252,16103,757,
2026,3,경기,41500.0,이천시,135210,118810,4070,10854,1476,
2026,3,경기,41480.0,파주시,274244,239420,9855,23460,1509,
2026,3,경기,41220.0,평택시,365159,314677,10893,34333,5256,
2026,3,경기,41650.0,포천시,100427,90103,2622,7047,655,
2026,3,경기,41450.0,하남시,145427,121539,6206,16692,990,
2026,3,경기,41590.0,화성시,4359,4091,80,163,25,
2026,3,경상도,,경상도,7055115,6041610,250678,701629,61198,
2026,3,서울,11680.0,강남구,250965,201487,15468,33054,956,
2026,3,서울,11740.0,강동구,169170,143566,5653,19285,666,
2026,3,서울,11305.0,강북구,72305,64557,1856,5747,145,
2026,3,서울,11500.0,강서구,204112,175838,8009,19503,762,
2026,3,서울,11620.0,관악구,115357,101253,3005,10780,319,
2026,3,서울,11215.0,광진구,95113,82845,2445,9591,232,
2026,3,서울,11530.0,구로구,139528,122311,3621,13159,437,
2026,3,서울,11545.0,금천구,89638,78711,2257,8406,264,
2026,3,서울,11350.0,노원구,149058,130699,3918,14061,380,
2026,3,서울,11320.0,도봉구,92988,82649,2535,7549,255,
2026,3,서울,11230.0,동대문구,106711,92673,3021,10703,314,
2026,3,서울,11590.0,동작구,104794,89666,2867,11979,282,
2026,3,서울,11440.0,마포구,120054,102276,4083,13225,470,
2026,3,서울,11410.0,서대문구,90927,78173,2799,9634,321,
2026,3,서울,11650.0,서초구,178430,144811,8665,24281,673,
2026,3,서울,11200.0,성동구,105003,88700,4331,11415,557,
2026,3,서울,11290.0,성북구,122055,105722,3533,12431,369,
2026,3,서울,11710.0,송파구,242992,205518,7851,28729,894,
2026,3,서울,11470.0,양천구,148659,129085,3941,15173,460,
2026,3,서울,11560.0,영등포구,141805,121849,4323,15013,620,
2026,3,서울,11170.0,용산구,71698,60173,2674,8505,346,
2026,3,서울,11380.0,은평구,132584,116134,3656,12432,362,
2026,3,서울,11110.0,종로구,49821,42567,1896,4982,376,
2026,3,서울,11140.0,중구,48810,41199,2000,5323,288,
2026,3,서울,11260.0,중랑구,114863,102291,3158,9150,264,
2026,3,전라도,,전라도,3067748,2662421,100006,277861,27460,
2026,3,충청도,,충청도,3212332,2794670,117248,268636,31778,
2026,4,강원도,,강원도,882446,777654,29747,66810,8235,
2026,4,경기,41820.0,가평군,34666,30838,1175,2381,272,
2026,4,경기,41280.0,고양시,461350,394939,17306,46786,2319,
2026,4,경기,41290.0,과천시,33777,26743,1814,5057,163,
2026,4,경기,41210.0,광명시,116843,98231,3963,14084,565,
2026,4,경기,41610.0,광주시,219603,191274,7155,20025,1149,
2026,4,경기,41310.0,구리시,75156,64830,2521,7475,330,
2026,4,경기,41410.0,군포시,101883,87304,2854,11279,446,
2026,4,경기,41570.0,김포시,250606,214167,10813,23997,1629,
2026,4,경기,41360.0,남양주시,332399,287438,12050,31067,1844,
2026,4,경기,41250.0,동두천시,40331,36245,1189,2722,175,
2026,4,경기,41190.0,부천시,75,71,3,1,0,
2026,4,경기,41130.0,성남시,361364,296790,16857,46131,1586,
2026,4,경기,41110.0,수원시,595582,500075,20047,72923,2537,
2026,4,경기,41390.0,시흥시,281605,247147,7373,25646,1439,
2026,4,경기,41270.0,안산시,334526,296460,8040,28200,1826,
2026,4,경기,41550.0,안성시,127823,113703,3679,9360,1081,
2026,4,경기,41170.0,안양시,231607,194932,8088,27785,802,
2026,4,경기,41630.0,양주시,152752,133063,6071,12811,807,
2026,4,경기,41830.0,양평군,71364,62051,3090,5775,448,
2026,4,경기,41670.0,여주시,79259,70887,2421,5216,735,
2026,4,경기,41800.0,연천군,32360,28637,1120,1985,618,
2026,4,경기,41370.0,오산시,132890,114587,4198,12848,1257,
2026,4,경기,41460.0,용인시,531771,444010,21736,63163,2862,
2026,4,경기,41430.0,의왕시,73305,60261,2777,9142,1125,
2026,4,경기,41150.0,의정부시,183068,160400,5547,16363,758,
2026,4,경기,41500.0,이천시,135285,118426,4316,11081,1462,
2026,4,경기,41480.0,파주시,274574,239047,10068,23937,1522,
2026,4,경기,41220.0,평택시,365799,314278,11129,35074,5318,
2026,4,경기,41650.0,포천시,100221,89590,2817,7152,662,
2026,4,경기,41450.0,하남시,145480,121059,6468,16955,998,
2026,4,경기,41590.0,화성시,4298,4032,81,161,24,
2026,4,경상도,,경상도,7063611,6025959,262094,714115,61443,
2026,4,서울,11680.0,강남구,250579,200545,15631,33444,959,
2026,4,서울,11740.0,강동구,169092,142974,5895,19554,669,
2026,4,서울,11305.0,강북구,72257,64357,1933,5825,142,
2026,4,서울,11500.0,강서구,204370,175399,8251,19955,765,
2026,4,서울,11620.0,관악구,115322,100880,3166,10956,320,
2026,4,서울,11215.0,광진구,95034,82444,2595,9763,232,
2026,4,서울,11530.0,구로구,139522,121874,3826,13384,438,
2026,4,서울,11545.0,금천구,89596,78449,2363,8520,264,
2026,4,서울,11350.0,노원구,149063,130237,4168,14279,379,
2026,4,서울,11320.0,도봉구,93006,82405,2656,7690,255,
2026,4,서울,11230.0,동대문구,106826,92443,3174,10897,312,
2026,4,서울,11590.0,동작구,104855,89405,3028,12139,283,
2026,4,서울,11440.0,마포구,120054,101934,4276,13377,467,
2026,4,서울,11410.0,서대문구,90783,77783,2900,9779,321,
2026,4,서울,11650.0,서초구,178158,143999,8870,24614,675,
2026,4,서울,11200.0,성동구,104981,88414,4499,11512,556,
2026,4,서울,11290.0,성북구,122072,105374,3720,12606,372,
2026,4,서울,11710.0,송파구,243412,205059,8281,29177,895,
2026,4,서울,11470.0,양천구,148455,128490,4131,15372,462,
2026,4,서울,11560.0,영등포구,141918,121543,4515,15246,614,
2026,4,서울,11170.0,용산구,71590,59847,2799,8602,342,
2026,4,서울,11380.0,은평구,132457,115652,3849,12595,361,
2026,4,서울,11110.0,종로구,49804,42422,1962,5041,379,
2026,4,서울,11140.0,중구,48713,41012,2050,5363,288,
2026,4,서울,11260.0,중랑구,114920,102051,3279,9325,265,
2026,4,전라도,,전라도,3072335,2657707,102720,284337,27571,
2026,4,충청도,,충청도,3214789,2789620,119380,273902,31887,
2026,5,강원도,,강원도,882833,776089,30858,67634,8252,
2026,5,경기,41820.0,가평군,34719,30796,1215,2430,278,
2026,5,경기,41280.0,고양시,461150,393956,17524,47347,2323,
2026,5,경기,41290.0,과천시,33800,26650,1883,5105,162,
2026,5,경기,41210.0,광명시,117100,98031,4221,14275,573,
2026,5,경기,41610.0,광주시,219951,191155,7283,20357,1156,
2026,5,경기,41310.0,구리시,75467,64927,2576,7634,330,
2026,5,경기,41410.0,군포시,101702,86990,2873,11398,441,
2026,5,경기,41570.0,김포시,250260,213477,10917,24240,1626,
2026,5,경기,41360.0,남양주시,332170,286304,12631,31405,1830,
2026,5,경기,41250.0,동두천시,40306,36138,1238,2750,180,
2026,5,경기,41190.0,부천시,74,70,3,1,0,
2026,5,경기,41130.0,성남시,361563,296024,17265,46693,1581,
2026,5,경기,41110.0,수원시,595634,497626,21280,74187,2541,
2026,5,경기,41390.0,시흥시,281864,246525,7838,26064,1437,
2026,5,경기,41270.0,안산시,334949,296202,8338,28570,1839,
2026,5,경기,41550.0,안성시,127939,113544,3796,9514,1085,
2026,5,경기,41170.0,안양시,231488,194157,8378,28157,796,
2026,5,경기,41630.0,양주시,152774,132832,6194,12944,804,
2026,5,경기,41830.0,양평군,71303,61814,3196,5848,445,
2026,5,경기,41670.0,여주시,79269,70783,2434,5316,736,
2026,5,경기,41800.0,연천군,32420,28646,1115,2039,620,
2026,5,경기,41370.0,오산시,133520,114705,4456,13108,1251,
2026,5,경기,41460.0,용인시,531654,441902,22995,63890,2867,
2026,5,경기,41430.0,의왕시,73463,60122,2930,9279,1132,
2026,5,경기,41150.0,의정부시,182824,159855,5622,16581,766,
2026,5,경기,41500.0,이천시,135352,118297,4335,11238,1482,
2026,5,경기,41480.0,파주시,274870,238807,10258,24270,1535,
2026,5,경기,41220.0,평택시,366584,313947,11789,35505,5343,
2026,5,경기,41650.0,포천시,100074,89317,2898,7195,664,
2026,5,경기,41450.0,하남시,145332,120674,6532,17124,1002,
2026,5,경기,41590.0,화성시,4257,3992,80,161,24,
2026,5,경상도,,경상도,7066539,6010313,271700,722986,61540,
2026,5,서울,11680.0,강남구,250120,199442,15896,33825,957,
2026,5,서울,11740.0,강동구,168992,142503,6116,19702,671,
2026,5,서울,11305.0,강북구,72189,64158,1985,5903,143,
2026,5,서울,11500.0,강서구,203787,174522,8415,20079,771,
2026,5,서울,11620.0,관악구,115380,100664,3306,11085,325,
2026,5,서울,11215.0,광진구,95014,82235,2664,9882,233,
2026,5,서울,11530.0,구로구,139476,121545,3960,13535,436,
2026,5,서울,11545.0,금천구,89454,78105,2428,8654,267,
2026,5,서울,11350.0,노원구,148915,129715,4344,14477,379,
2026,5,서울,11320.0,도봉구,92934,82128,2729,7821,256,
2026,5,서울,11230.0,동대문구,107111,92396,3327,11078,310,
2026,5,서울,11590.0,동작구,104921,89191,3173,12271,286,
2026,5,서울,11440.0,마포구,120139,101636,4475,13558,470,
2026,5,서울,11410.0,서대문구,90700,77458,3024,9897,321,
2026,5,서울,11650.0,서초구,178182,143578,9070,24856,678,
2026,5,서울,11200.0,성동구,105233,88297,4711,11670,555,
2026,5,서울,11290.0,성북구,122061,105073,3858,12762,368,
2026,5,서울,11710.0,송파구,243589,204544,8627,29523,895,
2026,5,서울,11470.0,양천구,148073,127882,4251,15477,463,
2026,5,서울,11560.0,영등포구,141940,121228,4680,15420,612,
2026,5,서울,11170.0,용산구,71533,59618,2867,8708,340,
2026,5,서울,11380.0,은평구,132333,115235,3987,12754,357,
2026,5,서울,11110.0,종로구,49680,42186,2017,5097,380,
2026,5,서울,11140.0,중구,48677,40876,2097,5419,285,
2026,5,서울,11260.0,중랑구,114794,101708,3359,9459,268,
2026,5,전라도,,전라도,3072667,2651921,104533,288546,27667,
2026,5,충청도,,충청도,3217383,2784577,122939,277910,31957,
2026,6,강원도,,강원도,883525,774863,31471,68892,8299,
2026,6,경기,41820.0,가평군,34749,30736,1249,2481,283,
2026,6,경기,41280.0,고양시,461726,392844,18542,48019,2321,
2026,6,경기,41290.0,과천시,33904,26624,1953,5161,166,
2026,6,경기,41210.0,광명시,117252,97863,4353,14467,569,
2026,6,경기,41610.0,광주시,220559,190845,7795,20755,1164,
2026,6,경기,41310.0,구리시,75757,64945,2713,7763,336,
2026,6,경기,41410.0,군포시,101733,86652,3116,11526,439,
2026,6,경기,41570.0,김포시,250406,212678,11476,24621,1631,
2026,6,경기,41360.0,남양주시,332260,285237,13280,31920,1823,
2026,6,경기,41250.0,동두천시,40349,36093,1266,2809,181,
2026,6,경기,41190.0,부천시,75,71,3,1,0,
2026,6,경기,41130.0,성남시,361488,295014,17553,47313,1608,
2026,6,경기,41110.0,수원시,598563,497090,22470,76442,2561,
2026,6,경기,41390.0,시흥시,282197,246195,8039,26522,1441,
2026,6,경기,41270.0,안산시,337748,298003,8705,29186,1854,
2026,6,경기,41550.0,안성시,128228,113566,3882,9680,1100,
2026,6,경기,41170.0,안양시,231601,193463,8729,28613,796,
2026,6,경기,41630.0,양주시,152905,132623,6357,13111,814,
2026,6,경기,41830.0,양평군,71341,61691,3225,5971,454,
2026,6,경기,41670.0,여주시,79209,70459,2619,5392,739,
2026,6,경기,41800.0,연천군,32562,28678,1150,2109,625,
2026,6,경기,41370.0,오산시,134233,114814,4742,13409,1268,
2026,6,경기,41460.0,용인시,532305,440527,23988,64915,2875,
2026,6,경기,41430.0,의왕시,73965,60264,3072,9499,1130,
2026,6,경기,41150.0,의정부시,182925,159379,5899,16881,766,
2026,6,경기,41500.0,이천시,135828,118162,4724,11454,1488,
2026,6,경기,41480.0,파주시,275582,238092,11205,24738,1547,
2026,6,경기,41220.0,평택시,367169,313353,12419,36037,5360,
2026,6,경기,41650.0,포천시,99989,89099,2953,7270,667,
2026,6,경기,41450.0,하남시,145502,120156,6967,17377,1002,
2026,6,경기,41590.0,화성시,4022,3773,77,149,23,
2026,6,경상도,,경상도,7074736,5995639,282775,734602,61720,
2026,6,서울,11680.0,강남구,250249,198728,16301,34266,954,
2026,6,서울,11740.0,강동구,169132,142117,6337,20008,670,
2026,6,서울,11305.0,강북구,72085,63923,2044,5974,144,
2026,6,서울,11500.0,강서구,203542,173771,8613,20380,778,
2026,6,서울,11620.0,관악구,115357,100377,3405,11255,320,
2026,6,서울,11215.0,광진구,95096,82023,2772,10068,233,
2026,6,서울,11530.0,구로구,139412,121128,4085,13767,432,
2026,6,서울,11545.0,금천구,89377,77804,2530,8778,265,
2026,6,서울,11350.0,노원구,148896,129294,4495,14726,381,
2026,6,서울,11320.0,도봉구,92857,81877,2802,7925,253,
2026,6,서울,11230.0,동대문구,107323,92260,3470,11290,303,
2026,6,서울,11590.0,동작구,104863,88821,3292,12460,290,
2026,6,서울,11440.0,마포구,120237,101375,4618,13780,464,
2026,6,서울,11410.0,서대문구,90575,77089,3104,10062,320,
2026,6,서울,11650.0,서초구,178080,142883,9261,25259,677,
2026,6,서울,11200.0,성동구,105145,87936,4821,11833,555,
2026,6,서울,11290.0,성북구,122041,104693,3999,12977,372,
2026,6,서울,11710.0,송파구,243634,203876,8937,29923,898,
2026,6,서울,11470.0,양천구,147823,127283,4399,15676,465,
2026,6,서울,11560.0,영등포구,142066,120896,4875,15687,608,
2026,6,서울,11170.0,용산구,71331,59139,2980,8868,344,
2026,6,서울,11380.0,은평구,132320,114905,4113,12945,357,
2026,6,서울,11110.0,종로구,49765,42042,2108,5242,373,
2026,6,서울,11140.0,중구,48632,40729,2142,5475,286,
2026,6,서울,11260.0,중랑구,114772,101421,3464,9621,266,
2026,6,전라도,,전라도,3076654,2645992,108558,294376,27728,
2026,6,충청도,,충청도,3221547,2779496,127128,282876,32047,
2026,7,강원도,,강원도,883863,773559,31997,69973,8334,
2026,7,경기,41820.0,가평군,34819,30679,1329,2524,287,
2026,7,경기,41280.0,고양시,461411,391423,19095,48553,2340,
2026,7,경기,41290.0,과천시,33965,26599,1981,5217,168,
2026,7,경기,41210.0,광명시,117584,97853,4433,14724,574,
2026,7,경기,41610.0,광주시,220983,190646,8030,21132,1175,
2026,7,경기,41310.0,구리시,75906,64747,2924,7899,336,
2026,7,경기,41410.0,군포시,101715,86314,3301,11662,438,
2026,7,경기,41570.0,김포시,250246,211853,11833,24912,1648,
2026,7,경기,41360.0,남양주시,332303,284139,14050,32271,1843,
2026,7,경기,41250.0,동두천시,40408,36014,1352,2857,185,
2026,7,경기,41190.0,부천시,74,70,3,1,0,
2026,7,경기,41130.0,성남시,360857,293668,17729,47843,1617,
2026,7,경기,41110.0,수원시,599386,495566,22996,78226,2598,
2026,7,경기,41390.0,시흥시,282356,245746,8232,26933,1445,
2026,7,경기,41270.0,안산시,341210,300613,8936,29797,1864,
2026,7,경기,41550.0,안성시,128327,113207,4134,9869,1117,
2026,7,경기,41170.0,안양시,231816,192839,9193,28988,796,
2026,7,경기,41630.0,양주시,153038,132464,6469,13281,824,
2026,7,경기,41830.0,양평군,71351,61530,3303,6062,456,
2026,7,경기,41670.0,여주시,79059,70137,2698,5481,743,
2026,7,경기,41800.0,연천군,32827,28724,1260,2219,624,
2026,7,경기,41370.0,오산시,134634,114804,4871,13689,1270,
2026,7,경기,41460.0,용인시,532104,438669,24875,65648,2912,
2026,7,경기,41430.0,의왕시,74609,60521,3229,9734,1125,
2026,7,경기,41150.0,의정부시,182965,158929,6157,17107,772,
2026,7,경기,41500.0,이천시,136224,118138,4920,11656,1510,
2026,7,경기,41480.0,파주시,275842,237673,11527,25076,1566,
2026,7,경기,41220.0,평택시,367959,312902,13109,36528,5420,
2026,7,경기,41650.0,포천시,99757,88782,2985,7335,655,
2026,7,경기,41450.0,하남시,145635,119596,7435,17604,1000,
2026,7,경기,41590.0,화성시,3969,3723,74,149,23,
2026,7,경상도,,경상도,7080494,5976838,296655,745061,61940,
2026,7,서울,11680.0,강남구,249650,197673,16350,34669,958,
2026,7,서울,11740.0,강동구,168987,141686,6418,20206,677,
2026,7,서울,11305.0,강북구,72085,63768,2084,6090,143,
2026,7,서울,11500.0,강서구,202891,172999,8597,20517,778,
2026,7,서울,11620.0,관악구,115396,100162,3470,11438,326,
2026,7,서울,11215.0,광진구,95026,81760,2822,10209,235,
2026,7,서울,11530.0,구로구,139262,120738,4156,13935,433,
2026,7,서울,11545.0,금천구,89303,77558,2591,8890,264,
2026,7,서울,11350.0,노원구,148697,128858,4549,14907,383,
2026,7,서울,11320.0,도봉구,92713,81587,2826,8045,255,
2026,7,서울,11230.0,동대문구,107421,92120,3542,11461,298,
2026,7,서울,11590.0,동작구,104811,88494,3356,12669,292,
2026,7,서울,11440.0,마포구,120261,101079,4772,13947,463,
2026,7,서울,11410.0,서대문구,90579,76918,3146,10197,318,
2026,7,서울,11650.0,서초구,178189,142546,9350,25610,683,
2026,7,서울,11200.0,성동구,105024,87496,4946,12024,558,
2026,7,서울,11290.0,성북구,121916,104320,4052,13171,373,
2026,7,서울,11710.0,송파구,243761,203360,9091,30406,904,
2026,7,서울,11470.0,양천구,147425,126635,4457,15870,463,
2026,7,서울,11560.0,영등포구,141993,120436,5026,15915,616,
2026,7,서울,11170.0,용산구,71250,58894,3018,8998,340,
2026,7,서울,11380.0,은평구,132330,114623,4200,13148,359,
2026,7,서울,11110.0,종로구,49747,41917,2140,5322,368,
2026,7,서울,11140.0,중구,48488,40509,2169,5527,283,
2026,7,서울,11260.0,중랑구,114734,101164,3513,9790,267,
2026,7,전라도,,전라도,3083202,2642823,111596,300930,27853,
2026,7,충청도,,충청도,3224401,2774170,130587,287363,32281,
2026,8,강원도,,강원도,883550,771960,32404,70827,8359,
2026,8,경기,41820.0,가평군,34791,30610,1341,2554,286,
2026,8,경기,41280.0,고양시,460887,390162,19329,49061,2335,
2026,8,경기,41290.0,과천시,33960,26560,1990,5243,167,
2026,8,경기,41210.0,광명시,117455,97562,4482,14841,570,
2026,8,경기,41610.0,광주시,221164,190448,8122,21416,1178,
2026,8,경기,41310.0,구리시,75958,64605,3047,7971,335,
2026,8,경기,41410.0,군포시,101657,86069,3373,11774,441,
2026,8,경기,41570.0,김포시,249460,210722,11936,25151,1651,
2026,8,경기,41360.0,남양주시,332071,283367,14292,32568,1844,
2026,8,경기,41250.0,동두천시,40348,35900,1366,2892,190,
2026,8,경기,41190.0,부천시,72,68,3,1,0,
2026,8,경기,41130.0,성남시,360406,292718,17841,48216,1631,
2026,8,경기,41110.0,수원시,599144,491595,24972,79961,2616,
2026,8,경기,41390.0,시흥시,282610,245549,8430,27182,1449,
2026,8,경기,41270.0,안산시,340787,299740,9046,30145,1856,
2026,8,경기,41550.0,안성시,127951,112710,4201,9941,1099,
2026,8,경기,41170.0,안양시,231556,192221,9334,29201,800,
2026,8,경기,41630.0,양주시,153054,132156,6579,13481,838,
2026,8,경기,41830.0,양평군,71301,61394,3336,6113,458,
2026,8,경기,41670.0,여주시,78805,69829,2713,5518,745,
2026,8,경기,41800.0,연천군,34035,29067,1501,2849,618,
2026,8,경기,41370.0,오산시,135064,114919,4986,13888,1271,
2026,8,경기,41460.0,용인시,530840,436500,25272,66136,2932,
2026,8,경기,41430.0,의왕시,74882,60585,3281,9898,1118,
2026,8,경기,41150.0,의정부시,182843,158557,6236,17279,771,
2026,8,경기,41500.0,이천시,136536,118204,5009,11816,1507,
2026,8,경기,41480.0,파주시,276082,237311,11771,25418,1582,
2026,8,경기,41220.0,평택시,368892,313008,13355,37068,5461,
2026,8,경기,41650.0,포천시,99410,88370,3017,7367,656,
2026,8,경기,41450.0,하남시,145638,119314,7595,17726,1003,
2026,8,경기,41590.0,화성시,3928,3684,74,147,23,
2026,8,경상도,,경상도,7077059,5958122,304625,752289,62023,
2026,8,서울,11680.0,강남구,249202,196591,16615,35033,963,0.0
2026,8,서울,11740.0,강동구,168836,141113,6684,20362,677,0.0
2026,8,서울,11305.0,강북구,71983,63507,2182,6154,140,0.0
2026,8,서울,11500.0,강서구,202217,171923,8842,20668,784,0.0
2026,8,서울,11620.0,관악구,115329,99833,3620,11551,325,0.0
2026,8,서울,11215.0,광진구,95620,82124,2931,10317,248,0.0
2026,8,서울,11530.0,구로구,139100,120254,4337,14081,428,0.0
2026,8,서울,11545.0,금천구,89295,77343,2728,8964,260,0.0
2026,8,서울,11350.0,노원구,148686,128477,4754,15072,383,0.0
2026,8,서울,11320.0,도봉구,92776,81462,2931,8129,254,0.0
2026,8,서울,11230.0,동대문구,107424,91864,3697,11568,295,0.0
2026,8,서울,11590.0,동작구,104840,88241,3488,12818,293,0.0
2026,8,서울,11440.0,마포구,120271,100761,4957,14089,464,0.0
2026,8,서울,11410.0,서대문구,90614,76705,3272,10319,318,0.0
2026,8,서울,11650.0,서초구,178848,142676,9546,25936,690,0.0
2026,8,서울,11200.0,성동구,104698,86926,5118,12091,563,0.0
2026,8,서울,11290.0,성북구,121784,103895,4202,13316,371,0.0
2026,8,서울,11710.0,송파구,242998,201972,9441,30693,892,0.0
2026,8,서울,11470.0,양천구,147256,126136,4618,16037,465,0.0
2026,8,서울,11560.0,영등포구,141763,119867,5244,16043,609,0.0
2026,8,서울,11170.0,용산구,71291,58753,3094,9105,339,0.0
2026,8,서울,11380.0,은평구,132241,114287,4366,13232,356,0.0
2026,8,서울,11110.0,종로구,49728,41770,2205,5386,367,0.0
2026,8,서울,11140.0,중구,48433,40343,2218,5590,282,0.0
2026,8,서울,11260.0,중랑구,114819,100948,3651,9958,262,0.0
2026,8,전라도,,전라도,3082548,2635354,114460,304806,27928,
2026,8,충청도,,충청도,3224310,2768326,132915,290670,32399,
