시/도,시/군/구,url 주소,모델명,트림명,세제 혜택 후,세제 혜택 전,보조금,국가 보조금,지자체 보조금,전환지원금,국가 전환지원금,지자체 전환지원금,최종가
경기도,수원시,https://www.hyundai.com/contents/repn-car/side-w/casper_ev_26my_well_side.png,2027 캐스퍼 일렉트릭,캐스퍼 일렉트릭 기본형 15인치,"28,469,581원","29,950,000원","6,940,000원","4,900,000원","2,040,000원","1,270,000원","980,000원","290,000원","20,259,581원"
경기도,수원시,https://www.hyundai.com/contents/repn-car/side-w/casper_ev_26my_well_side.png,2027 캐스퍼 일렉트릭,캐스퍼 일렉트릭 항속형 15인치,"32,119,772원","33,790,000원","6,940,000원","4,900,000원","2,040,000원","1,270,000원","980,000원","290,000원","23,909,772원"
경기도,수원시,https://www.hyundai.com/contents/repn-car/side-w/casper_ev_26my_well_side.png,2027 캐스퍼 일렉트릭,캐스퍼 일렉트릭 항속형 17인치,"32,119,772원","33,790,000원","6,940,000원","4,900,000원","2,040,000원","1,270,000원","980,000원","290,000원","23,909,772원"
경기도,수원시,https://www.hyundai.com/contents/repn-car/side-w/casper_ev_26my_well_side.png,2027 캐스퍼 일렉트릭,캐스퍼 일렉트릭 크로스 17인치,"34,125,474원","35,900,000원","6,890,000원","4,870,000원","2,020,000원","1,260,000원","970,000원","290,000원","25,975,474원"
경기도,수원시,https://www.hyundai.com/contents/repn-car/side-w/casper_ev_26my_well_side.png,2027 캐스퍼 일렉트릭,캐스퍼 일렉트릭 라운지 17인치,"34,572,243원","36,370,000원","6,940,000원","4,900,000원","2,040,000원","1,270,000원","980,000원","290,000원","26,362,243원"
경기도,수원시,https://www.hyundai.com/contents/repn-car/side-w/kona-electric-25my-well-side.png,코나 Electric,기본형 E-Value +,"41,520,912원","43,680,000원","6,190,000원","4,370,000원","1,820,000원","1,130,000원","870,000원","260,000원","34,200,912원"
경기도,수원시,https://www.hyundai.com/contents/repn-car/side-w/kona-electric-25my-well-side.png,코나 Electric,기본형 Premium,"43,564,638원","45,830,000원","6,190,000원","4,370,000원","1,820,000원","1,130,000원","870,000원","260,000원","36,244,638원"
경기도,수원시,https://www.hyundai.com/contents/repn-car/side-w/kona-electric-25my-well-side.png,코나 Electric,항속형 Modern plus,"45,655,893원","48,030,000원","7,280,000원","5,140,000원","2,140,000원","1,300,000원","1,000,000원","300,000원","37,075,893원"
경기도,수원시,https://www.hyundai.com/contents/repn-car/side-w/kona-electric-25my-well-side.png,코나 Electric,항속형 Modern plus 스타일 Ⅱ,"45,655,893원","48,030,000원","7,280,000원","5,140,000원","2,140,000원","1,300,000원","1,000,000원","300,000원","37,075,893원"
경기도,수원시,https://www.hyundai.com/contents/repn-car/side-w/kona-electric-25my-well-side.png,코나 Electric,항속형 Premium,"46,568,440원","48,990,000원","7,280,000원","5,140,000원","2,140,000원","1,300,000원","1,000,000원","300,000원","37,988,440원"
경기도,수원시,https://www.hyundai.com/contents/repn-car/side-w/kona-electric-25my-well-side.png,코나 Electric,항속형 Premium 빌트인 캠 2,"46,568,440원","48,990,000원","7,280,000원","5,140,000원","2,140,000원","1,300,000원","1,000,000원","300,000원","37,988,440원"
경기도,수원시,https://www.hyundai.com/contents/repn-car/side-w/kona-electric-25my-well-side.png,코나 Electric,항속형 Premium 스타일 Ⅱ,"46,568,440원","48,990,000원","7,280,000원","5,140,000원","2,140,000원","1,300,000원","1,000,000원","300,000원","37,988,440원"
경기도,수원시,https://www.hyundai.com/contents/repn-car/side-w/kona-electric-25my-well-side.png,코나 Electric,항속형 Inspiration,"49,923,954원","52,520,000원","6,500,000원","4,590,000원","1,910,000원","1,200,000원","920,000원","280,000원","42,223,954원"
경기도,수원시,https://www.hyundai.com/contents/repn-car/side-w/kona-electric-25my-well-side.png,코나 Electric,항속형 N Line Inspiration,"50,865,018원","53,510,000원","6,500,000원","4,590,000원","1,910,000원","1,200,000원","920,000원","280,000원","43,165,018원"
경기도,수원시,https://www.hyundai.com/contents/repn-car/side-w/ioniq5-27my-well-side.png,아이오닉 5,2WD E-Value +(스탠다드) 19인치,"47,347,908원","49,810,000원","6,840,000원","4,830,000원","2,010,000원","1,260,000원","970,000원","290,000원","39,247,908원"
경기도,수원시,https://www.hyundai.com/contents/repn-car/side-w/ioniq5-27my-well-side.png,아이오닉 5,2WD E-Lite(롱레인지) 19인치,"50,636,881원","53,270,000원","8,030,000원","5,670,000원","2,360,000원","1,300,000원","1,000,000원","300,000원","41,306,881원"
경기도,수원시,https://www.hyundai.com/contents/repn-car/side-w/ioniq5-27my-well-side.png,아이오닉 5,2WD 모던(롱레인지) 19인치,"52,899,239원","55,650,000원","8,030,000원","5,670,000원","2,360,000원","1,300,000원","1,000,000원","300,000원","43,569,239원"
경기도,수원시,https://www.hyundai.com/contents/repn-car/side-w/ioniq5-27my-well-side.png,아이오닉 5,4WD E-Lite(롱레인지) 19인치,"52,984,791원","55,740,000원","7,900,000원","5,580,000원","2,320,000원","1,300,000원","1,000,000원","300,000원","43,784,791원"
경기도,수원시,https://www.hyundai.com/contents/repn-car/side-w/ioniq5-27my-well-side.png,아이오닉 5,2WD 모던(롱레인지) 19인치 빌트인캠 2 + 증강현실 내비게이션,"52,899,239원","55,650,000원","8,030,000원","5,670,000원","2,360,000원","1,300,000원","1,000,000원","300,000원","43,569,239원"
경기도,수원시,https://www.hyundai.com/contents/repn-car/side-w/ioniq5-27my-well-side.png,아이오닉 5,4WD 모던(롱레인지) 19인치,"55,247,148원","58,120,000원","7,900,000원","5,580,000원","2,320,000원","1,300,000원","1,000,000원","300,000원","46,047,148원"
경기도,수원시,https://www.hyundai.com/contents/repn-car/side-w/ioniq5-27my-well-side.png,아이오닉 5,2WD 프리미엄(롱레인지) 19인치,"58,241,444원","61,270,000원","8,030,000원","5,670,000원","2,360,000원","1,300,000원","1,000,000원","300,000원","48,911,444원"
경기도,수원시,https://www.hyundai.com/contents/repn-car/side-w/ioniq5-27my-well-side.png,아이오닉 5,2WD 프리미엄(롱레인지) 19인치 빌트인캠 2 + 증강현실 내비게이션,"58,241,444원","61,270,000원","8,030,000원","5,670,000원","2,360,000원","1,300,000원","1,000,000원","300,000원","48,911,444원"
경기도,수원시,https://www.hyundai.com/contents/repn-car/side-w/ioniq5-27my-well-side.png,아이오닉 5,2WD 프리미엄(롱레인지) 20인치,"58,707,224원","61,760,000원","7,910,000원","5,590,000원","2,320,000원","1,300,000원","1,000,000원","300,000원","49,497,224원"
경기도,수원시,https://www.hyundai.com/contents/repn-car/side-w/ioniq5-27my-well-side.png,아이오닉 5,2WD N LINE(롱레인지) 20인치,"59,448,669원","62,540,000원","7,660,000원","5,410,000원","2,250,000원","1,300,000원","1,000,000원","300,000원","50,488,669원"
경기도,수원시,https://www.hyundai.com/contents/repn-car/side-w/ioniq5-27my-well-side.png,아이오닉 5,4WD 프리미엄(롱레인지) 19인치,"60,589,354원","63,740,000원","7,900,000원","5,580,000원","2,320,000원","1,300,000원","1,000,000원","300,000원","51,389,354원"
경기도,수원시,https://www.hyundai.com/contents/repn-car/side-w/ioniq5-27my-well-side.png,아이오닉 5,4WD 프리미엄(롱레인지) 20인치,"61,055,132원","64,230,000원","7,530,000원","5,320,000원","2,210,000원","1,300,000원","1,000,000원","300,000원","52,225,132원"
경기도,수원시,https://www.hyundai.com/contents/repn-car/side-w/ioniq5-27my-well-side.png,아이오닉 5,2WD 인스퍼레이션(롱레인지) 19인치,"61,283,270원","64,470,000원","8,030,000원","5,670,000원","2,360,000원","1,300,000원","1,000,000원","300,000원","51,953,270원"
경기도,수원시,https://www.hyundai.com/contents/repn-car/side-w/ioniq5-27my-well-side.png,아이오닉 5,2WD 인스퍼레이션(롱레인지) 19인치 빌트인캠 2 + 증강현실 내비게이션,"61,283,270원","64,470,000원","8,030,000원","5,670,000원","2,360,000원","1,300,000원","1,000,000원","300,000원","51,953,270원"
경기도,수원시,https://www.hyundai.com/contents/repn-car/side-w/ioniq5-27my-well-side.png,아이오닉 5,2WD 인스퍼레이션(롱레인지) 20인치,"61,749,048원","64,960,000원","7,910,000원","5,590,000원","2,320,000원","1,300,000원","1,000,000원","300,000원","52,539,048원"
경기도,수원시,https://www.hyundai.com/contents/repn-car/side-w/ioniq5-27my-well-side.png,아이오닉 5,4WD N LINE(롱레인지) 20인치,"61,796,577원","65,010,000원","7,220,000원","5,100,000원","2,120,000원","1,300,000원","1,000,000원","300,000원","53,276,577원"
경기도,수원시,https://www.hyundai.com/contents/repn-car/side-w/ioniq5-27my-well-side.png,아이오닉 5,4WD 인스퍼레이션(롱레인지) 19인치,"63,631,178원","66,940,000원","7,900,000원","5,580,000원","2,320,000원","1,300,000원","1,000,000원","300,000원","54,431,178원"
경기도,수원시,https://www.hyundai.com/contents/repn-car/side-w/ioniq5-27my-well-side.png,아이오닉 5,4WD 인스퍼레이션(롱레인지) 20인치,"64,096,958원","67,430,000원","7,530,000원","5,320,000원","2,210,000원","1,300,000원","1,000,000원","300,000원","55,266,958원"
경기도,수원시,https://www.hyundai.com/contents/repn-car/side-w/ioniq6-25fl-well-side.png,더 뉴 아이오닉 6,2WD E-Value +(스탠다드) 18인치,"48,564,639원","51,090,000원","7,930,000원","5,600,000원","2,330,000원","1,300,000원","1,000,000원","300,000원","39,334,639원"
경기도,수원시,https://www.hyundai.com/contents/repn-car/side-w/ioniq6-25fl-well-side.png,더 뉴 아이오닉 6,2WD E-LITE(롱레인지) 18인치,"50,636,881원","53,270,000원","8,070,000원","5,700,000원","2,370,000원","1,300,000원","1,000,000원","300,000원","41,266,881원"
경기도,수원시,https://www.hyundai.com/contents/repn-car/side-w/ioniq6-25fl-well-side.png,더 뉴 아이오닉 6,2WD Exclusive(스탠다드) 18인치,"50,950,570원","53,600,000원","7,930,000원","5,600,000원","2,330,000원","1,300,000원","1,000,000원","300,000원","41,720,570원"
경기도,수원시,https://www.hyundai.com/contents/repn-car/side-w/ioniq6-25fl-well-side.png,더 뉴 아이오닉 6,2WD E-LITE(롱레인지) 20인치,"51,197,719원","53,860,000원","8,070,000원","5,700,000원","2,370,000원","1,300,000원","1,000,000원","300,000원","41,827,719원"
경기도,수원시,https://www.hyundai.com/contents/repn-car/side-w/ioniq6-25fl-well-side.png,더 뉴 아이오닉 6,4WD E-LITE(롱레인지) 18인치,"52,984,791원","55,740,000원","8,070,000원","5,700,000원","2,370,000원","1,300,000원","1,000,000원","300,000원","43,614,791원"
경기도,수원시,https://www.hyundai.com/contents/repn-car/side-w/ioniq6-25fl-well-side.png,더 뉴 아이오닉 6,4WD E-LITE(롱레인지) 20인치,"53,545,627원","56,330,000원","7,830,000원","5,530,000원","2,300,000원","1,300,000원","1,000,000원","300,000원","44,415,627원"
경기도,수원시,https://www.hyundai.com/contents/repn-car/side-w/ioniq6-25fl-well-side.png,더 뉴 아이오닉 6,2WD Exclusive(롱레인지) 18인치,"55,152,091원","58,020,000원","8,070,000원","5,700,000원","2,370,000원","1,300,000원","1,000,000원","300,000원","45,782,091원"
경기도,수원시,https://www.hyundai.com/contents/repn-car/side-w/ioniq6-25fl-well-side.png,더 뉴 아이오닉 6,2WD Prestige(스탠다드) 18인치,"55,532,319원","58,420,000원","7,930,000원","5,600,000원","2,330,000원","1,300,000원","1,000,000원","300,000원","46,302,319원"
경기도,수원시,https://www.hyundai.com/contents/repn-car/side-w/ioniq6-25fl-well-side.png,더 뉴 아이오닉 6,2WD Exclusive(롱레인지) 20인치,"55,712,927원","58,610,000원","8,070,000원","5,700,000원","2,370,000원","1,300,000원","1,000,000원","300,000원","46,342,927원"
경기도,수원시,https://www.hyundai.com/contents/repn-car/side-w/ioniq6-25fl-well-side.png,더 뉴 아이오닉 6,2WD N Line Exclusive(롱레인지) 20인치,"57,452,472원","60,440,000원","8,070,000원","5,700,000원","2,370,000원","1,300,000원","1,000,000원","300,000원","48,082,472원"
경기도,수원시,https://www.hyundai.com/contents/repn-car/side-w/ioniq6-25fl-well-side.png,더 뉴 아이오닉 6,4WD Exclusive(롱레인지) 18인치,"57,499,999원","60,490,000원","8,070,000원","5,700,000원","2,370,000원","1,300,000원","1,000,000원","300,000원","48,129,999원"
경기도,수원시,https://www.hyundai.com/contents/repn-car/side-w/ioniq6-25fl-well-side.png,더 뉴 아이오닉 6,4WD Exclusive(롱레인지) 20인치,"58,060,836원","61,080,000원","7,830,000원","5,530,000원","2,300,000원","1,300,000원","1,000,000원","300,000원","48,930,836원"
경기도,수원시,https://www.hyundai.com/contents/repn-car/side-w/ioniq6-25fl-well-side.png,더 뉴 아이오닉 6,2WD Prestige(롱레인지) 18인치,"59,724,335원","62,830,000원","8,070,000원","5,700,000원","2,370,000원","1,300,000원","1,000,000원","300,000원","50,354,335원"
경기도,수원시,https://www.hyundai.com/contents/repn-car/side-w/ioniq6-25fl-well-side.png,더 뉴 아이오닉 6,4WD N Line Exclusive(롱레인지) 20인치,"59,800,380원","62,910,000원","7,600,000원","5,370,000원","2,230,000원","1,300,000원","1,000,000원","300,000원","50,900,380원"
경기도,수원시,https://www.hyundai.com/contents/repn-car/side-w/ioniq6-25fl-well-side.png,더 뉴 아이오닉 6,2WD Prestige(롱레인지) 20인치,"60,285,171원","63,420,000원","8,070,000원","5,700,000원","2,370,000원","1,300,000원","1,000,000원","300,000원","50,915,171원"
경기도,수원시,https://www.hyundai.com/contents/repn-car/side-w/ioniq6-25fl-well-side.png,더 뉴 아이오닉 6,2WD N Line Prestige(롱레인지) 20인치,"61,321,293원","64,510,000원","8,070,000원","5,700,000원","2,370,000원","1,300,000원","1,000,000원","300,000원","51,951,293원"
경기도,수원시,https://www.hyundai.com/contents/repn-car/side-w/ioniq6-25fl-well-side.png,더 뉴 아이오닉 6,4WD Prestige(롱레인지) 18인치,"62,072,243원","65,300,000원","8,070,000원","5,700,000원","2,370,000원","1,300,000원","1,000,000원","300,000원","52,702,243원"
경기도,수원시,https://www.hyundai.com/contents/repn-car/side-w/ioniq6-25fl-well-side.png,더 뉴 아이오닉 6,4WD Prestige(롱레인지) 20인치,"62,633,079원","65,890,000원","7,830,000원","5,530,000원","2,300,000원","1,300,000원","1,000,000원","300,000원","53,503,079원"
경기도,수원시,https://www.hyundai.com/contents/repn-car/side-w/ioniq6-25fl-well-side.png,더 뉴 아이오닉 6,4WD N Line Prestige(롱레인지) 20인치,"63,669,201원","66,980,000원","7,600,000원","5,370,000원","2,230,000원","1,300,000원","1,000,000원","300,000원","54,769,201원"
경기도,수원시,https://www.hyundai.com/contents/repn-car/side-w/the-new-staria-lounge-electric-27pe-well-side.png,더 뉴 스타리아 라운지 Electric,2WD 오토 Prestige 7인승,"63,593,156원","66,900,000원","3,240,000원","2,290,000원","950,000원","600,000원","460,000원","140,000원","59,753,156원"
경기도,수원시,https://www.hyundai.com/contents/repn-car/side-w/the-new-staria-lounge-electric-27pe-well-side.png,더 뉴 스타리아 라운지 Electric,2WD 오토 Inspiration 7인승,"67,309,885원","70,810,000원","3,240,000원","2,290,000원","950,000원","600,000원","460,000원","140,000원","63,469,885원"
경기도,수원시,https://www.hyundai.com/contents/repn-car/side-w/GV60-27MY.png,GV60,GV60 스탠다드 2WD 19인치,"64,904,943원","68,280,000원","4,030,000원","2,850,000원","1,180,000원","740,000원","570,000원","170,000원","60,134,943원"
경기도,수원시,https://www.hyundai.com/contents/repn-car/side-w/GV60-27MY.png,GV60,GV60 스탠다드 AWD 19인치,"72,080,000원","72,080,000원","3,850,000원","2,720,000원","1,130,000원","700,000원","540,000원","160,000원","67,530,000원"
경기도,수원시,https://www.hyundai.com/contents/repn-car/side-w/GV60-27MY.png,GV60,GV60 스탠다드 AWD 20인치,"74,380,000원","74,380,000원","3,690,000원","2,610,000원","1,080,000원","680,000원","520,000원","160,000원","70,010,000원"
경기도,수원시,https://www.hyundai.com/contents/repn-car/side-w/ioniq9-27my-well-side.png,아이오닉 9,2WD 익스클루시브 19인치 7인승,"67,585,551원","71,100,000원","3,880,000원","2,740,000원","1,140,000원","720,000원","550,000원","170,000원","62,985,551원"
경기도,수원시,https://www.hyundai.com/contents/repn-car/side-w/ioniq9-27my-well-side.png,아이오닉 9,2WD 익스클루시브 19인치 6인승,"68,165,399원","71,710,000원","3,880,000원","2,740,000원","1,140,000원","720,000원","550,000원","170,000원","63,565,399원"
경기도,수원시,https://www.hyundai.com/contents/repn-car/side-w/ioniq9-27my-well-side.png,아이오닉 9,4WD(항속) 익스클루시브 19인치 7인승,"70,247,148원","73,900,000원","3,830,000원","2,710,000원","1,120,000원","700,000원","540,000원","160,000원","65,717,148원"
경기도,수원시,https://www.hyundai.com/contents/repn-car/side-w/ioniq9-27my-well-side.png,아이오닉 9,4WD(항속) 익스클루시브 19인치 6인승,"70,826,995원","74,510,000원","3,830,000원","2,710,000원","1,120,000원","700,000원","540,000원","160,000원","66,296,995원"
경기도,수원시,https://www.hyundai.com/contents/repn-car/side-w/ioniq9-27my-well-side.png,아이오닉 9,4WD(성능) 익스클루시브 19인치 7인승,"71,102,661원","74,800,000원","3,850,000원","2,720,000원","1,130,000원","700,000원","540,000원","160,000원","66,552,661원"
경기도,수원시,https://www.hyundai.com/contents/repn-car/side-w/ioniq9-27my-well-side.png,아이오닉 9,4WD(성능) 익스클루시브 19인치 6인승,"71,682,509원","75,410,000원","3,850,000원","2,720,000원","1,130,000원","700,000원","540,000원","160,000원","67,132,509원"
경기도,수원시,https://www.hyundai.com/contents/repn-car/side-w/ioniq9-27my-well-side.png,아이오닉 9,2WD 프레스티지 19인치 7인승,"73,241,445원","77,050,000원","3,880,000원","2,740,000원","1,140,000원","720,000원","550,000원","170,000원","68,641,445원"
경기도,수원시,https://www.hyundai.com/contents/repn-car/side-w/ioniq9-27my-well-side.png,아이오닉 9,2WD 프레스티지 21인치 7인승,"73,241,445원","77,050,000원","3,880,000원","2,740,000원","1,140,000원","720,000원","550,000원","170,000원","68,641,445원"
경기도,수원시,https://www.hyundai.com/contents/repn-car/side-w/ioniq9-27my-well-side.png,아이오닉 9,2WD 프레스티지 19인치 6인승,"73,735,741원","77,570,000원","3,880,000원","2,740,000원","1,140,000원","720,000원","550,000원","170,000원","69,135,741원"
경기도,수원시,https://www.hyundai.com/contents/repn-car/side-w/ioniq9-27my-well-side.png,아이오닉 9,2WD 프레스티지 21인치 6인승,"73,735,741원","77,570,000원","3,880,000원","2,740,000원","1,140,000원","720,000원","550,000원","170,000원","69,135,741원"
경기도,수원시,https://www.hyundai.com/contents/repn-car/side-w/ioniq9-27my-well-side.png,아이오닉 9,4WD(항속) 프레스티지 19인치 7인승,"75,903,041원","79,850,000원","3,830,000원","2,710,000원","1,120,000원","700,000원","540,000원","160,000원","71,373,041원"
경기도,수원시,https://www.hyundai.com/contents/repn-car/side-w/ioniq9-27my-well-side.png,아이오닉 9,4WD(항속) 프레스티지 21인치 7인승,"75,903,041원","79,850,000원","3,830,000원","2,710,000원","1,120,000원","700,000원","540,000원","160,000원","71,373,041원"
경기도,수원시,https://www.hyundai.com/contents/repn-car/side-w/ioniq9-27my-well-side.png,아이오닉 9,4WD(항속) 프레스티지 19인치 6인승,"76,397,338원","80,370,000원","3,830,000원","2,710,000원","1,120,000원","700,000원","540,000원","160,000원","71,867,338원"
경기도,수원시,https://www.hyundai.com/contents/repn-car/side-w/ioniq9-27my-well-side.png,아이오닉 9,4WD(항속) 프레스티지 21인치 6인승,"76,397,338원","80,370,000원","3,830,000원","2,710,000원","1,120,000원","700,000원","540,000원","160,000원","71,867,338원"
경기도,수원시,https://www.hyundai.com/contents/repn-car/side-w/ioniq9-27my-well-side.png,아이오닉 9,4WD(성능) 프레스티지 19인치 7인승,"76,758,555원","80,750,000원","3,850,000원","2,720,000원","1,130,000원","700,000원","540,000원","160,000원","72,208,555원"
경기도,수원시,https://www.hyundai.com/contents/repn-car/side-w/ioniq9-27my-well-side.png,아이오닉 9,4WD(성능) 프레스티지 21인치 7인승,"76,758,555원","80,750,000원","3,850,000원","2,720,000원","1,130,000원","700,000원","540,000원","160,000원","72,208,555원"
경기도,수원시,https://www.hyundai.com/contents/repn-car/side-w/ioniq9-27my-well-side.png,아이오닉 9,4WD(성능) 프레스티지 19인치 6인승,"77,252,851원","81,270,000원","3,850,000원","2,720,000원","1,130,000원","700,000원","540,000원","160,000원","72,702,851원"
경기도,수원시,https://www.hyundai.com/contents/repn-car/side-w/ioniq9-27my-well-side.png,아이오닉 9,4WD(성능) 프레스티지 21인치 6인승,"77,252,851원","81,270,000원","3,850,000원","2,720,000원","1,130,000원","700,000원","540,000원","160,000원","72,702,851원"
경기도,수원시,https://www.hyundai.com/contents/repn-car/side-w/ioniq9-27my-well-side.png,아이오닉 9,2WD 캘리그래피 19인치 7인승,"78,108,365원","82,170,000원","3,880,000원","2,740,000원","1,140,000원","720,000원","550,000원","170,000원","73,508,365원"
경기도,수원시,https://www.hyundai.com/contents/repn-car/side-w/ioniq9-27my-well-side.png,아이오닉 9,2WD 캘리그래피 21인치 7인승,"78,108,365원","82,170,000원","3,880,000원","2,740,000원","1,140,000원","720,000원","550,000원","170,000원","73,508,365원"
경기도,수원시,https://www.hyundai.com/contents/repn-car/side-w/ioniq9-27my-well-side.png,아이오닉 9,2WD 캘리그래피 19인치 6인승,"79,600,760원","83,740,000원","3,880,000원","2,740,000원","1,140,000원","720,000원","550,000원","170,000원","75,000,760원"
경기도,수원시,https://www.hyundai.com/contents/repn-car/side-w/ioniq9-27my-well-side.png,아이오닉 9,2WD 캘리그래피 21인치 6인승,"79,600,760원","83,740,000원","3,880,000원","2,740,000원","1,140,000원","720,000원","550,000원","170,000원","75,000,760원"
경기도,수원시,https://www.hyundai.com/contents/repn-car/side-w/ioniq9-27my-well-side.png,아이오닉 9,4WD(항속) 캘리그래피 19인치 7인승,"80,769,961원","84,970,000원","3,830,000원","2,710,000원","1,120,000원","700,000원","540,000원","160,000원","76,239,961원"
경기도,수원시,https://www.hyundai.com/contents/repn-car/side-w/ioniq9-27my-well-side.png,아이오닉 9,4WD(항속) 캘리그래피 21인치 7인승,"80,769,961원","84,970,000원","3,830,000원","2,710,000원","1,120,000원","700,000원","540,000원","160,000원","76,239,961원"
경기도,수원시,https://www.hyundai.com/contents/repn-car/side-w/ioniq9-27my-well-side.png,아이오닉 9,4WD(성능) 캘리그래피 19인치 7인승,"81,625,475원","85,870,000원","3,850,000원","2,720,000원","1,130,000원","700,000원","540,000원","160,000원","77,075,475원"
경기도,수원시,https://www.hyundai.com/contents/repn-car/side-w/ioniq9-27my-well-side.png,아이오닉 9,4WD(성능) 캘리그래피 21인치 7인승,"81,625,475원","85,870,000원","3,850,000원","2,720,000원","1,130,000원","700,000원","540,000원","160,000원","77,075,475원"
경기도,수원시,https://www.hyundai.com/contents/repn-car/side-w/ioniq9-27my-well-side.png,아이오닉 9,4WD(항속) 캘리그래피 19인치 6인승,"82,262,357원","86,540,000원","3,830,000원","2,710,000원","1,120,000원","700,000원","540,000원","160,000원","77,732,357원"
경기도,수원시,https://www.hyundai.com/contents/repn-car/side-w/ioniq9-27my-well-side.png,아이오닉 9,4WD(항속) 캘리그래피 21인치 6인승,"82,262,357원","86,540,000원","3,830,000원","2,710,000원","1,120,000원","700,000원","540,000원","160,000원","77,732,357원"
경기도,수원시,https://www.hyundai.com/contents/repn-car/side-w/ioniq9-27my-well-side.png,아이오닉 9,4WD(성능) 캘리그래피 19인치 6인승,"83,149,999원","87,440,000원","3,850,000원","2,720,000원","1,130,000원","700,000원","540,000원","160,000원","78,599,999원"
경기도,수원시,https://www.hyundai.com/contents/repn-car/side-w/ioniq9-27my-well-side.png,아이오닉 9,4WD(성능) 캘리그래피 21인치 6인승,"83,149,999원","87,440,000원","3,850,000원","2,720,000원","1,130,000원","700,000원","540,000원","160,000원","78,599,999원"
경기도,수원시,https://www.hyundai.com/contents/repn-car/side-w/Electrified-GV70-27MY.png,Electrified GV70,ELECTRIFIED GV70 AWD 19인치,"75,798,478원","79,740,000원","3,690,000원","2,610,000원","1,080,000원","680,000원","520,000원","160,000원","71,428,478원"
경기도,수원시,https://www.hyundai.com/contents/repn-car/side-w/Electrified-GV70-27MY.png,Electrified GV70,ELECTRIFIED GV70 AWD 20인치,"76,558,935원","80,540,000원","3,470,000원","2,450,000원","1,020,000원","640,000원","490,000원","150,000원","72,448,935원"
경기도,수원시,https://www.hyundai.com/contents/repn-car/side-w/ioniq6-n-25lc-well-side.png,아이오닉 6 N,4WD N,"79,904,942원","84,060,000원","3,540,000원","2,500,000원","1,040,000원","650,000원","500,000원","150,000원","75,714,942원"
경기도,수원시,https://www.hyundai.com/contents/repn-car/side-w/g80_ev_27my-well-side.png,Electrified G80,ELECTRIFIED G80,"84,790,000원","89,080,000원","3,820,000원","2,700,000원","1,120,000원","700,000원","540,000원","160,000원","80,270,000원"
경기도,수원시,https://www.hyundai.com/contents/repn-car/side-w/g80_ev_27my-well-side.png,Electrified G80,ELECTRIFIED G80,"87,790,000원","92,080,000원","3,820,000원","2,700,000원","1,120,000원","700,000원","540,000원","160,000원","83,270,000원"
경기도,수원시,https://www.hyundai.com/contents/repn-car/side-w/the-new-staria-limousine-electric-27pe-well-side.png,더 뉴 스타리아 리무진 Electric,2WD 오토 Inspiration 리무진,"84,820,000원","89,110,000원","3,240,000원","2,290,000원","950,000원","600,000원","460,000원","140,000원","80,980,000원"
경기도,수원시,https://www.hyundai.com/contents/repn-car/side-w/porter2-electric-26my-well-side.png,포터 II Electric ,오토 스타일스페셜,"43,500,000원","43,500,000원","13,550,000원","9,680,000원","3,870,000원","1,300,000원","1,000,000원","300,000원","28,650,000원"
경기도,수원시,https://www.hyundai.com/contents/repn-car/side-w/porter2-electric-26my-well-side.png,포터 II Electric ,오토 스마트스페셜,"44,850,000원","44,850,000원","13,550,000원","9,680,000원","3,870,000원","1,300,000원","1,000,000원","300,000원","30,000,000원"
경기도,수원시,https://www.hyundai.com/contents/repn-car/side-w/porter2-electric-26my-well-side.png,포터 II Electric ,오토 프리미엄스페셜,"46,450,000원","46,450,000원","13,550,000원","9,680,000원","3,870,000원","1,300,000원","1,000,000원","300,000원","31,600,000원"
경기도,수원시,https://www.hyundai.com/contents/repn-car/side-w/porter2-electric-built-in-truck-26my-45side.png,포터II Electric 내장탑차,오토 스마트스페셜 저상,"49,030,000원","49,030,000원","10,920,000원","7,800,000원","3,120,000원","1,200,000원","920,000원","280,000원","36,910,000원"
경기도,수원시,https://www.hyundai.com/contents/repn-car/side-w/porter2-electric-built-in-truck-26my-45side.png,포터II Electric 내장탑차,오토 스마트스페셜,"50,250,000원","50,250,000원","10,920,000원","7,800,000원","3,120,000원","1,200,000원","920,000원","280,000원","38,130,000원"
경기도,수원시,https://www.hyundai.com/contents/repn-car/side-w/porter2-electric-built-in-truck-26my-45side.png,포터II Electric 내장탑차,오토 스마트스페셜 하이,"51,130,000원","51,130,000원","10,920,000원","7,800,000원","3,120,000원","1,200,000원","920,000원","280,000원","39,010,000원"
경기도,수원시,https://www.hyundai.com/contents/repn-car/side-w/porter2-electric-powergate-truck-26my-45side.png,포터II Electric 파워게이트,오토 스마트스페셜,"50,000,000원","50,000,000원","10,920,000원","7,800,000원","3,120,000원","1,200,000원","920,000원","280,000원","37,880,000원"
경기도,수원시,https://www.hyundai.com/contents/repn-car/side-w/porter2-electric-wingbody-26my-45side.png,포터II Electric 윙바디,오토 스마트스페셜 수동식,"51,030,000원","51,030,000원","10,920,000원","7,800,000원","3,120,000원","1,200,000원","920,000원","280,000원","38,910,000원"
경기도,수원시,https://www.hyundai.com/contents/repn-car/side-w/porter2-electric-wingbody-26my-45side.png,포터II Electric 윙바디,오토 스마트스페셜 전동식,"55,240,000원","55,240,000원","10,920,000원","7,800,000원","3,120,000원","1,200,000원","920,000원","280,000원","43,120,000원"
경기도,수원시,https://www.hyundai.com/contents/repn-car/side-w/the-new-staria-electric-27pe-well-side.png,더 뉴 스타리아 Electric,2WD 오토 Modern 3인승,"57,920,000원","57,920,000원","16,800,000원","12,000,000원","4,800,000원","1,300,000원","1,000,000원","300,000원","39,820,000원"
경기도,수원시,https://www.hyundai.com/contents/repn-car/side-w/the-new-staria-electric-27pe-well-side.png,더 뉴 스타리아 Electric,2WD 오토 Modern 5인승,"58,700,000원","58,700,000원","16,800,000원","12,000,000원","4,800,000원","1,300,000원","1,000,000원","300,000원","40,600,000원"
경기도,수원시,https://www.hyundai.com/contents/repn-car/side-w/st1-hightop-27my-well-side.png,ST1 하이탑차,오토 스마트,"58,830,000원","58,830,000원","15,400,000원","11,000,000원","4,400,000원","1,300,000원","1,000,000원","300,000원","42,130,000원"
경기도,수원시,https://www.hyundai.com/contents/repn-car/side-w/st1-27my-well-side.png,ST1 카고,오토 스타일,"59,460,000원","59,460,000원","16,800,000원","12,000,000원","4,800,000원","1,300,000원","1,000,000원","300,000원","41,360,000원"
경기도,수원시,https://www.hyundai.com/contents/repn-car/side-w/st1-27my-well-side.png,ST1 카고,오토 스마트,"61,230,000원","61,230,000원","16,800,000원","12,000,000원","4,800,000원","1,300,000원","1,000,000원","300,000원","43,130,000원"
경기도,수원시,https://www.hyundai.com/contents/repn-car/side-w/st1-27my-well-side.png,ST1 카고,오토 프리미엄,"65,710,000원","65,710,000원","16,800,000원","12,000,000원","4,800,000원","1,300,000원","1,000,000원","300,000원","47,610,000원"
경기도,수원시,https://www.hyundai.com/contents/repn-car/side-w/st1-freezer-truck-27my-well-side.png,ST1 카고 냉동,오토 스마트,"69,580,000원","69,580,000원","20,300,000원","14,500,000원","5,800,000원","1,300,000원","1,000,000원","300,000원","47,980,000원"
경기도,수원시,https://www.hyundai.com/contents/repn-car/side-w/st1-freezer-truck-27my-well-side.png,ST1 카고 냉동,오토 프리미엄,"74,060,000원","74,060,000원","20,300,000원","14,500,000원","5,800,000원","1,300,000원","1,000,000원","300,000원","52,460,000원"
경기도,수원시,https://www.hyundai.com/contents/repn-car/side-w/the-new-staria-electric-27pe-well-side.png,더 뉴 스타리아 Electric,2WD 오토 Modern 11인승,"60,290,000원","60,290,000원","19,500,000원","15,000,000원","4,500,000원",0원,0원,0원,"40,790,000원"
경기도,수원시,https://www.hyundai.com/contents/repn-car/side-w/the-new-staria-lounge-electric-27pe-well-side.png,더 뉴 스타리아 라운지 Electric,2WD 오토 Prestige 11인승 라운지,"65,490,000원","65,490,000원","19,500,000원","15,000,000원","4,500,000원",0원,0원,0원,"45,990,000원"
경기도,수원시,https://www.hyundai.com/contents/repn-car/side-w/nexo-27my-well-side.png,넥쏘,2WD 모던,"76,470,532원","80,447,000원","32,500,000원","22,500,000원","10,000,000원",0원,0원,0원,"43,970,532원"
경기도,수원시,https://www.hyundai.com/contents/repn-car/side-w/nexo-27my-well-side.png,넥쏘,2WD 익스클루시브,"79,369,771원","83,497,000원","32,500,000원","22,500,000원","10,000,000원",0원,0원,0원,"46,869,771원"
경기도,수원시,https://www.hyundai.com/contents/repn-car/side-w/nexo-27my-well-side.png,넥쏘,2WD 프레스티지,"83,789,923원","88,147,000원","32,500,000원","22,500,000원","10,000,000원",0원,0원,0원,"51,289,923원"
경기도,성남시,https://www.hyundai.com/contents/repn-car/side-w/casper_ev_26my_well_side.png,2027 캐스퍼 일렉트릭,캐스퍼 일렉트릭 기본형 15인치,"28,469,581원","29,950,000원","6,450,000원","4,900,000원","1,550,000원","1,270,000원","980,000원","290,000원","20,749,581원"
경기도,성남시,https://www.hyundai.com/contents/repn-car/side-w/casper_ev_26my_well_side.png,2027 캐스퍼 일렉트릭,캐스퍼 일렉트릭 항속형 15인치,"32,119,772원","33,790,000원","6,450,000원","4,900,000원","1,550,000원","1,270,000원","980,000원","290,000원","24,399,772원"
경기도,성남시,https://www.hyundai.com/contents/repn-car/side-w/casper_ev_26my_well_side.png,2027 캐스퍼 일렉트릭,캐스퍼 일렉트릭 항속형 17인치,"32,119,772원","33,790,000원","6,450,000원","4,900,000원","1,550,000원","1,270,000원","980,000원","290,000원","24,399,772원"
경기도,성남시,https://www.hyundai.com/contents/repn-car/side-w/casper_ev_26my_well_side.png,2027 캐스퍼 일렉트릭,캐스퍼 일렉트릭 크로스 17인치,"34,125,474원","35,900,000원","6,410,000원","4,870,000원","1,540,000원","1,260,000원","970,000원","290,000원","26,455,474원"
경기도,성남시,https://www.hyundai.com/contents/repn-car/side-w/casper_ev_26my_well_side.png,2027 캐스퍼 일렉트릭,캐스퍼 일렉트릭 라운지 17인치,"34,572,243원","36,370,000원","6,450,000원","4,900,000원","1,550,000원","1,270,000원","980,000원","290,000원","26,852,243원"
경기도,성남시,https://www.hyundai.com/contents/repn-car/side-w/kona-electric-25my-well-side.png,코나 Electric,기본형 E-Value +,"41,520,912원","43,680,000원","5,750,000원","4,370,000원","1,380,000원","1,130,000원","870,000원","260,000원","34,640,912원"
경기도,성남시,https://www.hyundai.com/contents/repn-car/side-w/kona-electric-25my-well-side.png,코나 Electric,기본형 Premium,"43,564,638원","45,830,000원","5,750,000원","4,370,000원","1,380,000원","1,130,000원","870,000원","260,000원","36,684,638원"
경기도,성남시,https://www.hyundai.com/contents/repn-car/side-w/kona-electric-25my-well-side.png,코나 Electric,항속형 Modern plus,"45,655,893원","48,030,000원","6,760,000원","5,140,000원","1,620,000원","1,300,000원","1,000,000원","300,000원","37,595,893원"
경기도,성남시,https://www.hyundai.com/contents/repn-car/side-w/kona-electric-25my-well-side.png,코나 Electric,항속형 Modern plus 스타일 Ⅱ,"45,655,893원","48,030,000원","6,760,000원","5,140,000원","1,620,000원","1,300,000원","1,000,000원","300,000원","37,595,893원"
경기도,성남시,https://www.hyundai.com/contents/repn-car/side-w/kona-electric-25my-well-side.png,코나 Electric,항속형 Premium,"46,568,440원","48,990,000원","6,760,000원","5,140,000원","1,620,000원","1,300,000원","1,000,000원","300,000원","38,508,440원"
경기도,성남시,https://www.hyundai.com/contents/repn-car/side-w/kona-electric-25my-well-side.png,코나 Electric,항속형 Premium 빌트인 캠 2,"46,568,440원","48,990,000원","6,760,000원","5,140,000원","1,620,000원","1,300,000원","1,000,000원","300,000원","38,508,440원"
경기도,성남시,https://www.hyundai.com/contents/repn-car/side-w/kona-electric-25my-well-side.png,코나 Electric,항속형 Premium 스타일 Ⅱ,"46,568,440원","48,990,000원","6,760,000원","5,140,000원","1,620,000원","1,300,000원","1,000,000원","300,000원","38,508,440원"
경기도,성남시,https://www.hyundai.com/contents/repn-car/side-w/kona-electric-25my-well-side.png,코나 Electric,항속형 Inspiration,"49,923,954원","52,520,000원","6,040,000원","4,590,000원","1,450,000원","1,200,000원","920,000원","280,000원","42,683,954원"
경기도,성남시,https://www.hyundai.com/contents/repn-car/side-w/kona-electric-25my-well-side.png,코나 Electric,항속형 N Line Inspiration,"50,865,018원","53,510,000원","6,040,000원","4,590,000원","1,450,000원","1,200,000원","920,000원","280,000원","43,625,018원"
경기도,성남시,https://www.hyundai.com/contents/repn-car/side-w/ioniq5-27my-well-side.png,아이오닉 5,2WD E-Value +(스탠다드) 19인치,"47,347,908원","49,810,000원","6,350,000원","4,830,000원","1,520,000원","1,260,000원","970,000원","290,000원","39,737,908원"
경기도,성남시,https://www.hyundai.com/contents/repn-car/side-w/ioniq5-27my-well-side.png,아이오닉 5,2WD E-Lite(롱레인지) 19인치,"50,636,881원","53,270,000원","7,460,000원","5,670,000원","1,790,000원","1,300,000원","1,000,000원","300,000원","41,876,881원"
경기도,성남시,https://www.hyundai.com/contents/repn-car/side-w/ioniq5-27my-well-side.png,아이오닉 5,2WD 모던(롱레인지) 19인치,"52,899,239원","55,650,000원","7,460,000원","5,670,000원","1,790,000원","1,300,000원","1,000,000원","300,000원","44,139,239원"
경기도,성남시,https://www.hyundai.com/contents/repn-car/side-w/ioniq5-27my-well-side.png,아이오닉 5,4WD E-Lite(롱레인지) 19인치,"52,984,791원","55,740,000원","7,340,000원","5,580,000원","1,760,000원","1,300,000원","1,000,000원","300,000원","44,344,791원"
경기도,성남시,https://www.hyundai.com/contents/repn-car/side-w/ioniq5-27my-well-side.png,아이오닉 5,2WD 모던(롱레인지) 19인치 빌트인캠 2 + 증강현실 내비게이션,"52,899,239원","55,650,000원","7,460,000원","5,670,000원","1,790,000원","1,300,000원","1,000,000원","300,000원","44,139,239원"
경기도,성남시,https://www.hyundai.com/contents/repn-car/side-w/ioniq5-27my-well-side.png,아이오닉 5,4WD 모던(롱레인지) 19인치,"55,247,148원","58,120,000원","7,340,000원","5,580,000원","1,760,000원","1,300,000원","1,000,000원","300,000원","46,607,148원"
경기도,성남시,https://www.hyundai.com/contents/repn-car/side-w/ioniq5-27my-well-side.png,아이오닉 5,2WD 프리미엄(롱레인지) 19인치,"58,241,444원","61,270,000원","7,460,000원","5,670,000원","1,790,000원","1,300,000원","1,000,000원","300,000원","49,481,444원"
경기도,성남시,https://www.hyundai.com/contents/repn-car/side-w/ioniq5-27my-well-side.png,아이오닉 5,2WD 프리미엄(롱레인지) 19인치 빌트인캠 2 + 증강현실 내비게이션,"58,241,444원","61,270,000원","7,460,000원","5,670,000원","1,790,000원","1,300,000원","1,000,000원","300,000원","49,481,444원"
경기도,성남시,https://www.hyundai.com/contents/repn-car/side-w/ioniq5-27my-well-side.png,아이오닉 5,2WD 프리미엄(롱레인지) 20인치,"58,707,224원","61,760,000원","7,360,000원","5,590,000원","1,770,000원","1,300,000원","1,000,000원","300,000원","50,047,224원"
경기도,성남시,https://www.hyundai.com/contents/repn-car/side-w/ioniq5-27my-well-side.png,아이오닉 5,2WD N LINE(롱레인지) 20인치,"59,448,669원","62,540,000원","7,120,000원","5,410,000원","1,710,000원","1,300,000원","1,000,000원","300,000원","51,028,669원"
경기도,성남시,https://www.hyundai.com/contents/repn-car/side-w/ioniq5-27my-well-side.png,아이오닉 5,4WD 프리미엄(롱레인지) 19인치,"60,589,354원","63,740,000원","7,340,000원","5,580,000원","1,760,000원","1,300,000원","1,000,000원","300,000원","51,949,354원"
경기도,성남시,https://www.hyundai.com/contents/repn-car/side-w/ioniq5-27my-well-side.png,아이오닉 5,4WD 프리미엄(롱레인지) 20인치,"61,055,132원","64,230,000원","7,000,000원","5,320,000원","1,680,000원","1,300,000원","1,000,000원","300,000원","52,755,132원"
경기도,성남시,https://www.hyundai.com/contents/repn-car/side-w/ioniq5-27my-well-side.png,아이오닉 5,2WD 인스퍼레이션(롱레인지) 19인치,"61,283,270원","64,470,000원","7,460,000원","5,670,000원","1,790,000원","1,300,000원","1,000,000원","300,000원","52,523,270원"
경기도,성남시,https://www.hyundai.com/contents/repn-car/side-w/ioniq5-27my-well-side.png,아이오닉 5,2WD 인스퍼레이션(롱레인지) 19인치 빌트인캠 2 + 증강현실 내비게이션,"61,283,270원","64,470,000원","7,460,000원","5,670,000원","1,790,000원","1,300,000원","1,000,000원","300,000원","52,523,270원"
경기도,성남시,https://www.hyundai.com/contents/repn-car/side-w/ioniq5-27my-well-side.png,아이오닉 5,2WD 인스퍼레이션(롱레인지) 20인치,"61,749,048원","64,960,000원","7,360,000원","5,590,000원","1,770,000원","1,300,000원","1,000,000원","300,000원","53,089,048원"
경기도,성남시,https://www.hyundai.com/contents/repn-car/side-w/ioniq5-27my-well-side.png,아이오닉 5,4WD N LINE(롱레인지) 20인치,"61,796,577원","65,010,000원","6,710,000원","5,100,000원","1,610,000원","1,300,000원","1,000,000원","300,000원","53,786,577원"
경기도,성남시,https://www.hyundai.com/contents/repn-car/side-w/ioniq5-27my-well-side.png,아이오닉 5,4WD 인스퍼레이션(롱레인지) 19인치,"63,631,178원","66,940,000원","7,340,000원","5,580,000원","1,760,000원","1,300,000원","1,000,000원","300,000원","54,991,178원"
경기도,성남시,https://www.hyundai.com/contents/repn-car/side-w/ioniq5-27my-well-side.png,아이오닉 5,4WD 인스퍼레이션(롱레인지) 20인치,"64,096,958원","67,430,000원","7,000,000원","5,320,000원","1,680,000원","1,300,000원","1,000,000원","300,000원","55,796,958원"
경기도,성남시,https://www.hyundai.com/contents/repn-car/side-w/ioniq6-25fl-well-side.png,더 뉴 아이오닉 6,2WD E-Value +(스탠다드) 18인치,"48,564,639원","51,090,000원","7,370,000원","5,600,000원","1,770,000원","1,300,000원","1,000,000원","300,000원","39,894,639원"
경기도,성남시,https://www.hyundai.com/contents/repn-car/side-w/ioniq6-25fl-well-side.png,더 뉴 아이오닉 6,2WD E-LITE(롱레인지) 18인치,"50,636,881원","53,270,000원","7,500,000원","5,700,000원","1,800,000원","1,300,000원","1,000,000원","300,000원","41,836,881원"
경기도,성남시,https://www.hyundai.com/contents/repn-car/side-w/ioniq6-25fl-well-side.png,더 뉴 아이오닉 6,2WD Exclusive(스탠다드) 18인치,"50,950,570원","53,600,000원","7,370,000원","5,600,000원","1,770,000원","1,300,000원","1,000,000원","300,000원","42,280,570원"
경기도,성남시,https://www.hyundai.com/contents/repn-car/side-w/ioniq6-25fl-well-side.png,더 뉴 아이오닉 6,2WD E-LITE(롱레인지) 20인치,"51,197,719원","53,860,000원","7,500,000원","5,700,000원","1,800,000원","1,300,000원","1,000,000원","300,000원","42,397,719원"
경기도,성남시,https://www.hyundai.com/contents/repn-car/side-w/ioniq6-25fl-well-side.png,더 뉴 아이오닉 6,4WD E-LITE(롱레인지) 18인치,"52,984,791원","55,740,000원","7,500,000원","5,700,000원","1,800,000원","1,300,000원","1,000,000원","300,000원","44,184,791원"
경기도,성남시,https://www.hyundai.com/contents/repn-car/side-w/ioniq6-25fl-well-side.png,더 뉴 아이오닉 6,4WD E-LITE(롱레인지) 20인치,"53,545,627원","56,330,000원","7,280,000원","5,530,000원","1,750,000원","1,300,000원","1,000,000원","300,000원","44,965,627원"
경기도,성남시,https://www.hyundai.com/contents/repn-car/side-w/ioniq6-25fl-well-side.png,더 뉴 아이오닉 6,2WD Exclusive(롱레인지) 18인치,"55,152,091원","58,020,000원","7,500,000원","5,700,000원","1,800,000원","1,300,000원","1,000,000원","300,000원","46,352,091원"
경기도,성남시,https://www.hyundai.com/contents/repn-car/side-w/ioniq6-25fl-well-side.png,더 뉴 아이오닉 6,2WD Prestige(스탠다드) 18인치,"55,532,319원","58,420,000원","7,370,000원","5,600,000원","1,770,000원","1,300,000원","1,000,000원","300,000원","46,862,319원"
경기도,성남시,https://www.hyundai.com/contents/repn-car/side-w/ioniq6-25fl-well-side.png,더 뉴 아이오닉 6,2WD Exclusive(롱레인지) 20인치,"55,712,927원","58,610,000원","7,500,000원","5,700,000원","1,800,000원","1,300,000원","1,000,000원","300,000원","46,912,927원"
경기도,성남시,https://www.hyundai.com/contents/repn-car/side-w/ioniq6-25fl-well-side.png,더 뉴 아이오닉 6,2WD N Line Exclusive(롱레인지) 20인치,"57,452,472원","60,440,000원","7,500,000원","5,700,000원","1,800,000원","1,300,000원","1,000,000원","300,000원","48,652,472원"
경기도,성남시,https://www.hyundai.com/contents/repn-car/side-w/ioniq6-25fl-well-side.png,더 뉴 아이오닉 6,4WD Exclusive(롱레인지) 18인치,"57,499,999원","60,490,000원","7,500,000원","5,700,000원","1,800,000원","1,300,000원","1,000,000원","300,000원","48,699,999원"
경기도,성남시,https://www.hyundai.com/contents/repn-car/side-w/ioniq6-25fl-well-side.png,더 뉴 아이오닉 6,4WD Exclusive(롱레인지) 20인치,"58,060,836원","61,080,000원","7,280,000원","5,530,000원","1,750,000원","1,300,000원","1,000,000원","300,000원","49,480,836원"
경기도,성남시,https://www.hyundai.com/contents/repn-car/side-w/ioniq6-25fl-well-side.png,더 뉴 아이오닉 6,2WD Prestige(롱레인지) 18인치,"59,724,335원","62,830,000원","7,500,000원","5,700,000원","1,800,000원","1,300,000원","1,000,000원","300,000원","50,924,335원"
경기도,성남시,https://www.hyundai.com/contents/repn-car/side-w/ioniq6-25fl-well-side.png,더 뉴 아이오닉 6,4WD N Line Exclusive(롱레인지) 20인치,"59,800,380원","62,910,000원","7,070,000원","5,370,000원","1,700,000원","1,300,000원","1,000,000원","300,000원","51,430,380원"
경기도,성남시,https://www.hyundai.com/contents/repn-car/side-w/ioniq6-25fl-well-side.png,더 뉴 아이오닉 6,2WD Prestige(롱레인지) 20인치,"60,285,171원","63,420,000원","7,500,000원","5,700,000원","1,800,000원","1,300,000원","1,000,000원","300,000원","51,485,171원"
경기도,성남시,https://www.hyundai.com/contents/repn-car/side-w/ioniq6-25fl-well-side.png,더 뉴 아이오닉 6,2WD N Line Prestige(롱레인지) 20인치,"61,321,293원","64,510,000원","7,500,000원","5,700,000원","1,800,000원","1,300,000원","1,000,000원","300,000원","52,521,293원"
경기도,성남시,https://www.hyundai.com/contents/repn-car/side-w/ioniq6-25fl-well-side.png,더 뉴 아이오닉 6,4WD Prestige(롱레인지) 18인치,"62,072,243원","65,300,000원","7,500,000원","5,700,000원","1,800,000원","1,300,000원","1,000,000원","300,000원","53,272,243원"
경기도,성남시,https://www.hyundai.com/contents/repn-car/side-w/ioniq6-25fl-well-side.png,더 뉴 아이오닉 6,4WD Prestige(롱레인지) 20인치,"62,633,079원","65,890,000원","7,280,000원","5,530,000원","1,750,000원","1,300,000원","1,000,000원","300,000원","54,053,079원"
경기도,성남시,https://www.hyundai.com/contents/repn-car/side-w/ioniq6-25fl-well-side.png,더 뉴 아이오닉 6,4WD N Line Prestige(롱레인지) 20인치,"63,669,201원","66,980,000원","7,070,000원","5,370,000원","1,700,000원","1,300,000원","1,000,000원","300,000원","55,299,201원"
경기도,성남시,https://www.hyundai.com/contents/repn-car/side-w/the-new-staria-lounge-electric-27pe-well-side.png,더 뉴 스타리아 라운지 Electric,2WD 오토 Prestige 7인승,"63,593,156원","66,900,000원","3,010,000원","2,290,000원","720,000원","600,000원","460,000원","140,000원","59,983,156원"
경기도,성남시,https://www.hyundai.com/contents/repn-car/side-w/the-new-staria-lounge-electric-27pe-well-side.png,더 뉴 스타리아 라운지 Electric,2WD 오토 Inspiration 7인승,"67,309,885원","70,810,000원","3,010,000원","2,290,000원","720,000원","600,000원","460,000원","140,000원","63,699,885원"
경기도,성남시,https://www.hyundai.com/contents/repn-car/side-w/GV60-27MY.png,GV60,GV60 스탠다드 2WD 19인치,"64,904,943원","68,280,000원","3,750,000원","2,850,000원","900,000원","740,000원","570,000원","170,000원","60,414,943원"
경기도,성남시,https://www.hyundai.com/contents/repn-car/side-w/GV60-27MY.png,GV60,GV60 스탠다드 AWD 19인치,"72,080,000원","72,080,000원","3,580,000원","2,720,000원","860,000원","700,000원","540,000원","160,000원","67,800,000원"
경기도,성남시,https://www.hyundai.com/contents/repn-car/side-w/GV60-27MY.png,GV60,GV60 스탠다드 AWD 20인치,"74,380,000원","74,380,000원","3,430,000원","2,610,000원","820,000원","680,000원","520,000원","160,000원","70,270,000원"
경기도,성남시,https://www.hyundai.com/contents/repn-car/side-w/ioniq9-27my-well-side.png,아이오닉 9,2WD 익스클루시브 19인치 7인승,"67,585,551원","71,100,000원","3,600,000원","2,740,000원","860,000원","720,000원","550,000원","170,000원","63,265,551원"
경기도,성남시,https://www.hyundai.com/contents/repn-car/side-w/ioniq9-27my-well-side.png,아이오닉 9,2WD 익스클루시브 19인치 6인승,"68,165,399원","71,710,000원","3,600,000원","2,740,000원","860,000원","720,000원","550,000원","170,000원","63,845,399원"
경기도,성남시,https://www.hyundai.com/contents/repn-car/side-w/ioniq9-27my-well-side.png,아이오닉 9,4WD(항속) 익스클루시브 19인치 7인승,"70,247,148원","73,900,000원","3,560,000원","2,710,000원","850,000원","700,000원","540,000원","160,000원","65,987,148원"
경기도,성남시,https://www.hyundai.com/contents/repn-car/side-w/ioniq9-27my-well-side.png,아이오닉 9,4WD(항속) 익스클루시브 19인치 6인승,"70,826,995원","74,510,000원","3,560,000원","2,710,000원","850,000원","700,000원","540,000원","160,000원","66,566,995원"
경기도,성남시,https://www.hyundai.com/contents/repn-car/side-w/ioniq9-27my-well-side.png,아이오닉 9,4WD(성능) 익스클루시브 19인치 7인승,"71,102,661원","74,800,000원","3,580,000원","2,720,000원","860,000원","700,000원","540,000원","160,000원","66,822,661원"
경기도,성남시,https://www.hyundai.com/contents/repn-car/side-w/ioniq9-27my-well-side.png,아이오닉 9,4WD(성능) 익스클루시브 19인치 6인승,"71,682,509원","75,410,000원","3,580,000원","2,720,000원","860,000원","700,000원","540,000원","160,000원","67,402,509원"
경기도,성남시,https://www.hyundai.com/contents/repn-car/side-w/ioniq9-27my-well-side.png,아이오닉 9,2WD 프레스티지 19인치 7인승,"73,241,445원","77,050,000원","3,600,000원","2,740,000원","860,000원","720,000원","550,000원","170,000원","68,921,445원"
경기도,성남시,https://www.hyundai.com/contents/repn-car/side-w/ioniq9-27my-well-side.png,아이오닉 9,2WD 프레스티지 21인치 7인승,"73,241,445원","77,050,000원","3,600,000원","2,740,000원","860,000원","720,000원","550,000원","170,000원","68,921,445원"
경기도,성남시,https://www.hyundai.com/contents/repn-car/side-w/ioniq9-27my-well-side.png,아이오닉 9,2WD 프레스티지 19인치 6인승,"73,735,741원","77,570,000원","3,600,000원","2,740,000원","860,000원","720,000원","550,000원","170,000원","69,415,741원"
경기도,성남시,https://www.hyundai.com/contents/repn-car/side-w/ioniq9-27my-well-side.png,아이오닉 9,2WD 프레스티지 21인치 6인승,"73,735,741원","77,570,000원","3,600,000원","2,740,000원","860,000원","720,000원","550,000원","170,000원","69,415,741원"
경기도,성남시,https://www.hyundai.com/contents/repn-car/side-w/ioniq9-27my-well-side.png,아이오닉 9,4WD(항속) 프레스티지 19인치 7인승,"75,903,041원","79,850,000원","3,560,000원","2,710,000원","850,000원","700,000원","540,000원","160,000원","71,643,041원"
경기도,성남시,https://www.hyundai.com/contents/repn-car/side-w/ioniq9-27my-well-side.png,아이오닉 9,4WD(항속) 프레스티지 21인치 7인승,"75,903,041원","79,850,000원","3,560,000원","2,710,000원","850,000원","700,000원","540,000원","160,000원","71,643,041원"
경기도,성남시,https://www.hyundai.com/contents/repn-car/side-w/ioniq9-27my-well-side.png,아이오닉 9,4WD(항속) 프레스티지 19인치 6인승,"76,397,338원","80,370,000원","3,560,000원","2,710,000원","850,000원","700,000원","540,000원","160,000원","72,137,338원"
경기도,성남시,https://www.hyundai.com/contents/repn-car/side-w/ioniq9-27my-well-side.png,아이오닉 9,4WD(항속) 프레스티지 21인치 6인승,"76,397,338원","80,370,000원","3,560,000원","2,710,000원","850,000원","700,000원","540,000원","160,000원","72,137,338원"
경기도,성남시,https://www.hyundai.com/contents/repn-car/side-w/ioniq9-27my-well-side.png,아이오닉 9,4WD(성능) 프레스티지 19인치 7인승,"76,758,555원","80,750,000원","3,580,000원","2,720,000원","860,000원","700,000원","540,000원","160,000원","72,478,555원"
경기도,성남시,https://www.hyundai.com/contents/repn-car/side-w/ioniq9-27my-well-side.png,아이오닉 9,4WD(성능) 프레스티지 21인치 7인승,"76,758,555원","80,750,000원","3,580,000원","2,720,000원","860,000원","700,000원","540,000원","160,000원","72,478,555원"
경기도,성남시,https://www.hyundai.com/contents/repn-car/side-w/ioniq9-27my-well-side.png,아이오닉 9,4WD(성능) 프레스티지 19인치 6인승,"77,252,851원","81,270,000원","3,580,000원","2,720,000원","860,000원","700,000원","540,000원","160,000원","72,972,851원"
경기도,성남시,https://www.hyundai.com/contents/repn-car/side-w/ioniq9-27my-well-side.png,아이오닉 9,4WD(성능) 프레스티지 21인치 6인승,"77,252,851원","81,270,000원","3,580,000원","2,720,000원","860,000원","700,000원","540,000원","160,000원","72,972,851원"
경기도,성남시,https://www.hyundai.com/contents/repn-car/side-w/ioniq9-27my-well-side.png,아이오닉 9,2WD 캘리그래피 19인치 7인승,"78,108,365원","82,170,000원","3,600,000원","2,740,000원","860,000원","720,000원","550,000원","170,000원","73,788,365원"
경기도,성남시,https://www.hyundai.com/contents/repn-car/side-w/ioniq9-27my-well-side.png,아이오닉 9,2WD 캘리그래피 21인치 7인승,"78,108,365원","82,170,000원","3,600,000원","2,740,000원","860,000원","720,000원","550,000원","170,000원","73,788,365원"
경기도,성남시,https://www.hyundai.com/contents/repn-car/side-w/ioniq9-27my-well-side.png,아이오닉 9,2WD 캘리그래피 19인치 6인승,"79,600,760원","83,740,000원","3,600,000원","2,740,000원","860,000원","720,000원","550,000원","170,000원","75,280,760원"
경기도,성남시,https://www.hyundai.com/contents/repn-car/side-w/ioniq9-27my-well-side.png,아이오닉 9,2WD 캘리그래피 21인치 6인승,"79,600,760원","83,740,000원","3,600,000원","2,740,000원","860,000원","720,000원","550,000원","170,000원","75,280,760원"
경기도,성남시,https://www.hyundai.com/contents/repn-car/side-w/ioniq9-27my-well-side.png,아이오닉 9,4WD(항속) 캘리그래피 19인치 7인승,"80,769,961원","84,970,000원","3,560,000원","2,710,000원","850,000원","700,000원","540,000원","160,000원","76,509,961원"
경기도,성남시,https://www.hyundai.com/contents/repn-car/side-w/ioniq9-27my-well-side.png,아이오닉 9,4WD(항속) 캘리그래피 21인치 7인승,"80,769,961원","84,970,000원","3,560,000원","2,710,000원","850,000원","700,000원","540,000원","160,000원","76,509,961원"
경기도,성남시,https://www.hyundai.com/contents/repn-car/side-w/ioniq9-27my-well-side.png,아이오닉 9,4WD(성능) 캘리그래피 19인치 7인승,"81,625,475원","85,870,000원","3,580,000원","2,720,000원","860,000원","700,000원","540,000원","160,000원","77,345,475원"
경기도,성남시,https://www.hyundai.com/contents/repn-car/side-w/ioniq9-27my-well-side.png,아이오닉 9,4WD(성능) 캘리그래피 21인치 7인승,"81,625,475원","85,870,000원","3,580,000원","2,720,000원","860,000원","700,000원","540,000원","160,000원","77,345,475원"
경기도,성남시,https://www.hyundai.com/contents/repn-car/side-w/ioniq9-27my-well-side.png,아이오닉 9,4WD(항속) 캘리그래피 19인치 6인승,"82,262,357원","86,540,000원","3,560,000원","2,710,000원","850,000원","700,000원","540,000원","160,000원","78,002,357원"
경기도,성남시,https://www.hyundai.com/contents/repn-car/side-w/ioniq9-27my-well-side.png,아이오닉 9,4WD(항속) 캘리그래피 21인치 6인승,"82,262,357원","86,540,000원","3,560,000원","2,710,000원","850,000원","700,000원","540,000원","160,000원","78,002,357원"
경기도,성남시,https://www.hyundai.com/contents/repn-car/side-w/ioniq9-27my-well-side.png,아이오닉 9,4WD(성능) 캘리그래피 19인치 6인승,"83,149,999원","87,440,000원","3,580,000원","2,720,000원","860,000원","700,000원","540,000원","160,000원","78,869,999원"
경기도,성남시,https://www.hyundai.com/contents/repn-car/side-w/ioniq9-27my-well-side.png,아이오닉 9,4WD(성능) 캘리그래피 21인치 6인승,"83,149,999원","87,440,000원","3,580,000원","2,720,000원","860,000원","700,000원","540,000원","160,000원","78,869,999원"
경기도,성남시,https://www.hyundai.com/contents/repn-car/side-w/Electrified-GV70-27MY.png,Electrified GV70,ELECTRIFIED GV70 AWD 19인치,"75,798,478원","79,740,000원","3,430,000원","2,610,000원","820,000원","680,000원","520,000원","160,000원","71,688,478원"
경기도,성남시,https://www.hyundai.com/contents/repn-car/side-w/Electrified-GV70-27MY.png,Electrified GV70,ELECTRIFIED GV70 AWD 20인치,"76,558,935원","80,540,000원","3,220,000원","2,450,000원","770,000원","640,000원","490,000원","150,000원","72,698,935원"
경기도,성남시,https://www.hyundai.com/contents/repn-car/side-w/ioniq6-n-25lc-well-side.png,아이오닉 6 N,4WD N,"79,904,942원","84,060,000원","3,290,000원","2,500,000원","790,000원","650,000원","500,000원","150,000원","75,964,942원"
경기도,성남시,https://www.hyundai.com/contents/repn-car/side-w/g80_ev_27my-well-side.png,Electrified G80,ELECTRIFIED G80,"84,790,000원","89,080,000원","3,550,000원","2,700,000원","850,000원","700,000원","540,000원","160,000원","80,540,000원"
경기도,성남시,https://www.hyundai.com/contents/repn-car/side-w/g80_ev_27my-well-side.png,Electrified G80,ELECTRIFIED G80,"87,790,000원","92,080,000원","3,550,000원","2,700,000원","850,000원","700,000원","540,000원","160,000원","83,540,000원"
경기도,성남시,https://www.hyundai.com/contents/repn-car/side-w/the-new-staria-limousine-electric-27pe-well-side.png,더 뉴 스타리아 리무진 Electric,2WD 오토 Inspiration 리무진,"84,820,000원","89,110,000원","3,010,000원","2,290,000원","720,000원","600,000원","460,000원","140,000원","81,210,000원"
경기도,성남시,https://www.hyundai.com/contents/repn-car/side-w/porter2-electric-26my-well-side.png,포터 II Electric ,오토 스타일스페셜,"43,500,000원","43,500,000원","13,350,000원","9,680,000원","3,670,000원","1,300,000원","1,000,000원","300,000원","28,850,000원"
경기도,성남시,https://www.hyundai.com/contents/repn-car/side-w/porter2-electric-26my-well-side.png,포터 II Electric ,오토 스마트스페셜,"44,850,000원","44,850,000원","13,350,000원","9,680,000원","3,670,000원","1,300,000원","1,000,000원","300,000원","30,200,000원"
경기도,성남시,https://www.hyundai.com/contents/repn-car/side-w/porter2-electric-26my-well-side.png,포터 II Electric ,오토 프리미엄스페셜,"46,450,000원","46,450,000원","13,350,000원","9,680,000원","3,670,000원","1,300,000원","1,000,000원","300,000원","31,800,000원"
경기도,성남시,https://www.hyundai.com/contents/repn-car/side-w/porter2-electric-built-in-truck-26my-45side.png,포터II Electric 내장탑차,오토 스마트스페셜 저상,"49,030,000원","49,030,000원","10,760,000원","7,800,000원","2,960,000원","1,200,000원","920,000원","280,000원","37,070,000원"
경기도,성남시,https://www.hyundai.com/contents/repn-car/side-w/porter2-electric-built-in-truck-26my-45side.png,포터II Electric 내장탑차,오토 스마트스페셜,"50,250,000원","50,250,000원","10,760,000원","7,800,000원","2,960,000원","1,200,000원","920,000원","280,000원","38,290,000원"
경기도,성남시,https://www.hyundai.com/contents/repn-car/side-w/porter2-electric-built-in-truck-26my-45side.png,포터II Electric 내장탑차,오토 스마트스페셜 하이,"51,130,000원","51,130,000원","10,760,000원","7,800,000원","2,960,000원","1,200,000원","920,000원","280,000원","39,170,000원"
경기도,성남시,https://www.hyundai.com/contents/repn-car/side-w/porter2-electric-powergate-truck-26my-45side.png,포터II Electric 파워게이트,오토 스마트스페셜,"50,000,000원","50,000,000원","10,760,000원","7,800,000원","2,960,000원","1,200,000원","920,000원","280,000원","38,040,000원"
경기도,성남시,https://www.hyundai.com/contents/repn-car/side-w/porter2-electric-wingbody-26my-45side.png,포터II Electric 윙바디,오토 스마트스페셜 수동식,"51,030,000원","51,030,000원","10,760,000원","7,800,000원","2,960,000원","1,200,000원","920,000원","280,000원","39,070,000원"
경기도,성남시,https://www.hyundai.com/contents/repn-car/side-w/porter2-electric-wingbody-26my-45side.png,포터II Electric 윙바디,오토 스마트스페셜 전동식,"55,240,000원","55,240,000원","10,760,000원","7,800,000원","2,960,000원","1,200,000원","920,000원","280,000원","43,280,000원"
경기도,성남시,https://www.hyundai.com/contents/repn-car/side-w/the-new-staria-electric-27pe-well-side.png,더 뉴 스타리아 Electric,2WD 오토 Modern 3인승,"57,920,000원","57,920,000원","16,560,000원","12,000,000원","4,560,000원","1,300,000원","1,000,000원","300,000원","40,060,000원"
경기도,성남시,https://www.hyundai.com/contents/repn-car/side-w/the-new-staria-electric-27pe-well-side.png,더 뉴 스타리아 Electric,2WD 오토 Modern 5인승,"58,700,000원","58,700,000원","16,560,000원","12,000,000원","4,560,000원","1,300,000원","1,000,000원","300,000원","40,840,000원"
경기도,성남시,https://www.hyundai.com/contents/repn-car/side-w/st1-hightop-27my-well-side.png,ST1 하이탑차,오토 스마트,"58,830,000원","58,830,000원","15,180,000원","11,000,000원","4,180,000원","1,300,000원","1,000,000원","300,000원","42,350,000원"
경기도,성남시,https://www.hyundai.com/contents/repn-car/side-w/st1-27my-well-side.png,ST1 카고,오토 스타일,"59,460,000원","59,460,000원","16,560,000원","12,000,000원","4,560,000원","1,300,000원","1,000,000원","300,000원","41,600,000원"
경기도,성남시,https://www.hyundai.com/contents/repn-car/side-w/st1-27my-well-side.png,ST1 카고,오토 스마트,"61,230,000원","61,230,000원","16,560,000원","12,000,000원","4,560,000원","1,300,000원","1,000,000원","300,000원","43,370,000원"
경기도,성남시,https://www.hyundai.com/contents/repn-car/side-w/st1-27my-well-side.png,ST1 카고,오토 프리미엄,"65,710,000원","65,710,000원","16,560,000원","12,000,000원","4,560,000원","1,300,000원","1,000,000원","300,000원","47,850,000원"
경기도,성남시,https://www.hyundai.com/contents/repn-car/side-w/st1-freezer-truck-27my-well-side.png,ST1 카고 냉동,오토 스마트,"69,580,000원","69,580,000원","20,010,000원","14,500,000원","5,510,000원","1,300,000원","1,000,000원","300,000원","48,270,000원"
경기도,성남시,https://www.hyundai.com/contents/repn-car/side-w/st1-freezer-truck-27my-well-side.png,ST1 카고 냉동,오토 프리미엄,"74,060,000원","74,060,000원","20,010,000원","14,500,000원","5,510,000원","1,300,000원","1,000,000원","300,000원","52,750,000원"
경기도,성남시,https://www.hyundai.com/contents/repn-car/side-w/the-new-staria-electric-27pe-well-side.png,더 뉴 스타리아 Electric,2WD 오토 Modern 11인승,"60,290,000원","60,290,000원","19,500,000원","15,000,000원","4,500,000원",0원,0원,0원,"40,790,000원"
경기도,성남시,https://www.hyundai.com/contents/repn-car/side-w/the-new-staria-lounge-electric-27pe-well-side.png,더 뉴 스타리아 라운지 Electric,2WD 오토 Prestige 11인승 라운지,"65,490,000원","65,490,000원","19,500,000원","15,000,000원","4,500,000원",0원,0원,0원,"45,990,000원"
경기도,성남시,https://www.hyundai.com/contents/repn-car/side-w/nexo-27my-well-side.png,넥쏘,2WD 모던,"76,470,532원","80,447,000원","35,000,000원","22,500,000원","12,500,000원",0원,0원,0원,"41,470,532원"
경기도,성남시,https://www.hyundai.com/contents/repn-car/side-w/nexo-27my-well-side.png,넥쏘,2WD 익스클루시브,"79,369,771원","83,497,000원","35,000,000원","22,500,000원","12,500,000원",0원,0원,0원,"44,369,771원"
경기도,성남시,https://www.hyundai.com/contents/repn-car/side-w/nexo-27my-well-side.png,넥쏘,2WD 프레스티지,"83,789,923원","88,147,000원","35,000,000원","22,500,000원","12,500,000원",0원,0원,0원,"48,789,923원"
경기도,고양시,https://www.hyundai.com/contents/repn-car/side-w/casper_ev_26my_well_side.png,2027 캐스퍼 일렉트릭,캐스퍼 일렉트릭 기본형 15인치,"28,469,581원","29,950,000원","6,860,000원","4,900,000원","1,960,000원","1,270,000원","980,000원","290,000원","20,339,581원"
경기도,고양시,https://www.hyundai.com/contents/repn-car/side-w/casper_ev_26my_well_side.png,2027 캐스퍼 일렉트릭,캐스퍼 일렉트릭 항속형 15인치,"32,119,772원","33,790,000원","6,860,000원","4,900,000원","1,960,000원","1,270,000원","980,000원","290,000원","23,989,772원"
경기도,고양시,https://www.hyundai.com/contents/repn-car/side-w/casper_ev_26my_well_side.png,2027 캐스퍼 일렉트릭,캐스퍼 일렉트릭 항속형 17인치,"32,119,772원","33,790,000원","6,860,000원","4,900,000원","1,960,000원","1,270,000원","980,000원","290,000원","23,989,772원"
경기도,고양시,https://www.hyundai.com/contents/repn-car/side-w/casper_ev_26my_well_side.png,2027 캐스퍼 일렉트릭,캐스퍼 일렉트릭 크로스 17인치,"34,125,474원","35,900,000원","6,810,000원","4,870,000원","1,940,000원","1,260,000원","970,000원","290,000원","26,055,474원"
경기도,고양시,https://www.hyundai.com/contents/repn-car/side-w/casper_ev_26my_well_side.png,2027 캐스퍼 일렉트릭,캐스퍼 일렉트릭 라운지 17인치,"34,572,243원","36,370,000원","6,860,000원","4,900,000원","1,960,000원","1,270,000원","980,000원","290,000원","26,442,243원"
경기도,고양시,https://www.hyundai.com/contents/repn-car/side-w/kona-electric-25my-well-side.png,코나 Electric,기본형 E-Value +,"41,520,912원","43,680,000원","6,110,000원","4,370,000원","1,740,000원","1,130,000원","870,000원","260,000원","34,280,912원"
경기도,고양시,https://www.hyundai.com/contents/repn-car/side-w/kona-electric-25my-well-side.png,코나 Electric,기본형 Premium,"43,564,638원","45,830,000원","6,110,000원","4,370,000원","1,740,000원","1,130,000원","870,000원","260,000원","36,324,638원"
경기도,고양시,https://www.hyundai.com/contents/repn-car/side-w/kona-electric-25my-well-side.png,코나 Electric,항속형 Modern plus,"45,655,893원","48,030,000원","7,190,000원","5,140,000원","2,050,000원","1,300,000원","1,000,000원","300,000원","37,165,893원"
경기도,고양시,https://www.hyundai.com/contents/repn-car/side-w/kona-electric-25my-well-side.png,코나 Electric,항속형 Modern plus 스타일 Ⅱ,"45,655,893원","48,030,000원","7,190,000원","5,140,000원","2,050,000원","1,300,000원","1,000,000원","300,000원","37,165,893원"
경기도,고양시,https://www.hyundai.com/contents/repn-car/side-w/kona-electric-25my-well-side.png,코나 Electric,항속형 Premium,"46,568,440원","48,990,000원","7,190,000원","5,140,000원","2,050,000원","1,300,000원","1,000,000원","300,000원","38,078,440원"
경기도,고양시,https://www.hyundai.com/contents/repn-car/side-w/kona-electric-25my-well-side.png,코나 Electric,항속형 Premium 빌트인 캠 2,"46,568,440원","48,990,000원","7,190,000원","5,140,000원","2,050,000원","1,300,000원","1,000,000원","300,000원","38,078,440원"
경기도,고양시,https://www.hyundai.com/contents/repn-car/side-w/kona-electric-25my-well-side.png,코나 Electric,항속형 Premium 스타일 Ⅱ,"46,568,440원","48,990,000원","7,190,000원","5,140,000원","2,050,000원","1,300,000원","1,000,000원","300,000원","38,078,440원"
경기도,고양시,https://www.hyundai.com/contents/repn-car/side-w/kona-electric-25my-well-side.png,코나 Electric,항속형 Inspiration,"49,923,954원","52,520,000원","6,420,000원","4,590,000원","1,830,000원","1,200,000원","920,000원","280,000원","42,303,954원"
경기도,고양시,https://www.hyundai.com/contents/repn-car/side-w/kona-electric-25my-well-side.png,코나 Electric,항속형 N Line Inspiration,"50,865,018원","53,510,000원","6,420,000원","4,590,000원","1,830,000원","1,200,000원","920,000원","280,000원","43,245,018원"
경기도,고양시,https://www.hyundai.com/contents/repn-car/side-w/ioniq5-27my-well-side.png,아이오닉 5,2WD E-Value +(스탠다드) 19인치,"47,347,908원","49,810,000원","6,760,000원","4,830,000원","1,930,000원","1,260,000원","970,000원","290,000원","39,327,908원"
경기도,고양시,https://www.hyundai.com/contents/repn-car/side-w/ioniq5-27my-well-side.png,아이오닉 5,2WD E-Lite(롱레인지) 19인치,"50,636,881원","53,270,000원","7,930,000원","5,670,000원","2,260,000원","1,300,000원","1,000,000원","300,000원","41,406,881원"
경기도,고양시,https://www.hyundai.com/contents/repn-car/side-w/ioniq5-27my-well-side.png,아이오닉 5,2WD 모던(롱레인지) 19인치,"52,899,239원","55,650,000원","7,930,000원","5,670,000원","2,260,000원","1,300,000원","1,000,000원","300,000원","43,669,239원"
경기도,고양시,https://www.hyundai.com/contents/repn-car/side-w/ioniq5-27my-well-side.png,아이오닉 5,4WD E-Lite(롱레인지) 19인치,"52,984,791원","55,740,000원","7,810,000원","5,580,000원","2,230,000원","1,300,000원","1,000,000원","300,000원","43,874,791원"
경기도,고양시,https://www.hyundai.com/contents/repn-car/side-w/ioniq5-27my-well-side.png,아이오닉 5,2WD 모던(롱레인지) 19인치 빌트인캠 2 + 증강현실 내비게이션,"52,899,239원","55,650,000원","7,930,000원","5,670,000원","2,260,000원","1,300,000원","1,000,000원","300,000원","43,669,239원"
경기도,고양시,https://www.hyundai.com/contents/repn-car/side-w/ioniq5-27my-well-side.png,아이오닉 5,4WD 모던(롱레인지) 19인치,"55,247,148원","58,120,000원","7,810,000원","5,580,000원","2,230,000원","1,300,000원","1,000,000원","300,000원","46,137,148원"
경기도,고양시,https://www.hyundai.com/contents/repn-car/side-w/ioniq5-27my-well-side.png,아이오닉 5,2WD 프리미엄(롱레인지) 19인치,"58,241,444원","61,270,000원","7,930,000원","5,670,000원","2,260,000원","1,300,000원","1,000,000원","300,000원","49,011,444원"
경기도,고양시,https://www.hyundai.com/contents/repn-car/side-w/ioniq5-27my-well-side.png,아이오닉 5,2WD 프리미엄(롱레인지) 19인치 빌트인캠 2 + 증강현실 내비게이션,"58,241,444원","61,270,000원","7,930,000원","5,670,000원","2,260,000원","1,300,000원","1,000,000원","300,000원","49,011,444원"
경기도,고양시,https://www.hyundai.com/contents/repn-car/side-w/ioniq5-27my-well-side.png,아이오닉 5,2WD 프리미엄(롱레인지) 20인치,"58,707,224원","61,760,000원","7,820,000원","5,590,000원","2,230,000원","1,300,000원","1,000,000원","300,000원","49,587,224원"
경기도,고양시,https://www.hyundai.com/contents/repn-car/side-w/ioniq5-27my-well-side.png,아이오닉 5,2WD N LINE(롱레인지) 20인치,"59,448,669원","62,540,000원","7,570,000원","5,410,000원","2,160,000원","1,300,000원","1,000,000원","300,000원","50,578,669원"
경기도,고양시,https://www.hyundai.com/contents/repn-car/side-w/ioniq5-27my-well-side.png,아이오닉 5,4WD 프리미엄(롱레인지) 19인치,"60,589,354원","63,740,000원","7,810,000원","5,580,000원","2,230,000원","1,300,000원","1,000,000원","300,000원","51,479,354원"
경기도,고양시,https://www.hyundai.com/contents/repn-car/side-w/ioniq5-27my-well-side.png,아이오닉 5,4WD 프리미엄(롱레인지) 20인치,"61,055,132원","64,230,000원","7,440,000원","5,320,000원","2,120,000원","1,300,000원","1,000,000원","300,000원","52,315,132원"
경기도,고양시,https://www.hyundai.com/contents/repn-car/side-w/ioniq5-27my-well-side.png,아이오닉 5,2WD 인스퍼레이션(롱레인지) 19인치,"61,283,270원","64,470,000원","7,930,000원","5,670,000원","2,260,000원","1,300,000원","1,000,000원","300,000원","52,053,270원"
경기도,고양시,https://www.hyundai.com/contents/repn-car/side-w/ioniq5-27my-well-side.png,아이오닉 5,2WD 인스퍼레이션(롱레인지) 19인치 빌트인캠 2 + 증강현실 내비게이션,"61,283,270원","64,470,000원","7,930,000원","5,670,000원","2,260,000원","1,300,000원","1,000,000원","300,000원","52,053,270원"
경기도,고양시,https://www.hyundai.com/contents/repn-car/side-w/ioniq5-27my-well-side.png,아이오닉 5,2WD 인스퍼레이션(롱레인지) 20인치,"61,749,048원","64,960,000원","7,820,000원","5,590,000원","2,230,000원","1,300,000원","1,000,000원","300,000원","52,629,048원"
경기도,고양시,https://www.hyundai.com/contents/repn-car/side-w/ioniq5-27my-well-side.png,아이오닉 5,4WD N LINE(롱레인지) 20인치,"61,796,577원","65,010,000원","7,140,000원","5,100,000원","2,040,000원","1,300,000원","1,000,000원","300,000원","53,356,577원"
경기도,고양시,https://www.hyundai.com/contents/repn-car/side-w/ioniq5-27my-well-side.png,아이오닉 5,4WD 인스퍼레이션(롱레인지) 19인치,"63,631,178원","66,940,000원","7,810,000원","5,580,000원","2,230,000원","1,300,000원","1,000,000원","300,000원","54,521,178원"
경기도,고양시,https://www.hyundai.com/contents/repn-car/side-w/ioniq5-27my-well-side.png,아이오닉 5,4WD 인스퍼레이션(롱레인지) 20인치,"64,096,958원","67,430,000원","7,440,000원","5,320,000원","2,120,000원","1,300,000원","1,000,000원","300,000원","55,356,958원"
경기도,고양시,https://www.hyundai.com/contents/repn-car/side-w/ioniq6-25fl-well-side.png,더 뉴 아이오닉 6,2WD E-Value +(스탠다드) 18인치,"48,564,639원","51,090,000원","7,840,000원","5,600,000원","2,240,000원","1,300,000원","1,000,000원","300,000원","39,424,639원"
경기도,고양시,https://www.hyundai.com/contents/repn-car/side-w/ioniq6-25fl-well-side.png,더 뉴 아이오닉 6,2WD E-LITE(롱레인지) 18인치,"50,636,881원","53,270,000원","7,980,000원","5,700,000원","2,280,000원","1,300,000원","1,000,000원","300,000원","41,356,881원"
경기도,고양시,https://www.hyundai.com/contents/repn-car/side-w/ioniq6-25fl-well-side.png,더 뉴 아이오닉 6,2WD Exclusive(스탠다드) 18인치,"50,950,570원","53,600,000원","7,840,000원","5,600,000원","2,240,000원","1,300,000원","1,000,000원","300,000원","41,810,570원"
경기도,고양시,https://www.hyundai.com/contents/repn-car/side-w/ioniq6-25fl-well-side.png,더 뉴 아이오닉 6,2WD E-LITE(롱레인지) 20인치,"51,197,719원","53,860,000원","7,980,000원","5,700,000원","2,280,000원","1,300,000원","1,000,000원","300,000원","41,917,719원"
경기도,고양시,https://www.hyundai.com/contents/repn-car/side-w/ioniq6-25fl-well-side.png,더 뉴 아이오닉 6,4WD E-LITE(롱레인지) 18인치,"52,984,791원","55,740,000원","7,980,000원","5,700,000원","2,280,000원","1,300,000원","1,000,000원","300,000원","43,704,791원"
경기도,고양시,https://www.hyundai.com/contents/repn-car/side-w/ioniq6-25fl-well-side.png,더 뉴 아이오닉 6,4WD E-LITE(롱레인지) 20인치,"53,545,627원","56,330,000원","7,740,000원","5,530,000원","2,210,000원","1,300,000원","1,000,000원","300,000원","44,505,627원"
경기도,고양시,https://www.hyundai.com/contents/repn-car/side-w/ioniq6-25fl-well-side.png,더 뉴 아이오닉 6,2WD Exclusive(롱레인지) 18인치,"55,152,091원","58,020,000원","7,980,000원","5,700,000원","2,280,000원","1,300,000원","1,000,000원","300,000원","45,872,091원"
경기도,고양시,https://www.hyundai.com/contents/repn-car/side-w/ioniq6-25fl-well-side.png,더 뉴 아이오닉 6,2WD Prestige(스탠다드) 18인치,"55,532,319원","58,420,000원","7,840,000원","5,600,000원","2,240,000원","1,300,000원","1,000,000원","300,000원","46,392,319원"
경기도,고양시,https://www.hyundai.com/contents/repn-car/side-w/ioniq6-25fl-well-side.png,더 뉴 아이오닉 6,2WD Exclusive(롱레인지) 20인치,"55,712,927원","58,610,000원","7,980,000원","5,700,000원","2,280,000원","1,300,000원","1,000,000원","300,000원","46,432,927원"
경기도,고양시,https://www.hyundai.com/contents/repn-car/side-w/ioniq6-25fl-well-side.png,더 뉴 아이오닉 6,2WD N Line Exclusive(롱레인지) 20인치,"57,452,472원","60,440,000원","7,980,000원","5,700,000원","2,280,000원","1,300,000원","1,000,000원","300,000원","48,172,472원"
경기도,고양시,https://www.hyundai.com/contents/repn-car/side-w/ioniq6-25fl-well-side.png,더 뉴 아이오닉 6,4WD Exclusive(롱레인지) 18인치,"57,499,999원","60,490,000원","7,980,000원","5,700,000원","2,280,000원","1,300,000원","1,000,000원","300,000원","48,219,999원"
경기도,고양시,https://www.hyundai.com/contents/repn-car/side-w/ioniq6-25fl-well-side.png,더 뉴 아이오닉 6,4WD Exclusive(롱레인지) 20인치,"58,060,836원","61,080,000원","7,740,000원","5,530,000원","2,210,000원","1,300,000원","1,000,000원","300,000원","49,020,836원"
경기도,고양시,https://www.hyundai.com/contents/repn-car/side-w/ioniq6-25fl-well-side.png,더 뉴 아이오닉 6,2WD Prestige(롱레인지) 18인치,"59,724,335원","62,830,000원","7,980,000원","5,700,000원","2,280,000원","1,300,000원","1,000,000원","300,000원","50,444,335원"
경기도,고양시,https://www.hyundai.com/contents/repn-car/side-w/ioniq6-25fl-well-side.png,더 뉴 아이오닉 6,4WD N Line Exclusive(롱레인지) 20인치,"59,800,380원","62,910,000원","7,510,000원","5,370,000원","2,140,000원","1,300,000원","1,000,000원","300,000원","50,990,380원"
경기도,고양시,https://www.hyundai.com/contents/repn-car/side-w/ioniq6-25fl-well-side.png,더 뉴 아이오닉 6,2WD Prestige(롱레인지) 20인치,"60,285,171원","63,420,000원","7,980,000원","5,700,000원","2,280,000원","1,300,000원","1,000,000원","300,000원","51,005,171원"
경기도,고양시,https://www.hyundai.com/contents/repn-car/side-w/ioniq6-25fl-well-side.png,더 뉴 아이오닉 6,2WD N Line Prestige(롱레인지) 20인치,"61,321,293원","64,510,000원","7,980,000원","5,700,000원","2,280,000원","1,300,000원","1,000,000원","300,000원","52,041,293원"
경기도,고양시,https://www.hyundai.com/contents/repn-car/side-w/ioniq6-25fl-well-side.png,더 뉴 아이오닉 6,4WD Prestige(롱레인지) 18인치,"62,072,243원","65,300,000원","7,980,000원","5,700,000원","2,280,000원","1,300,000원","1,000,000원","300,000원","52,792,243원"
경기도,고양시,https://www.hyundai.com/contents/repn-car/side-w/ioniq6-25fl-well-side.png,더 뉴 아이오닉 6,4WD Prestige(롱레인지) 20인치,"62,633,079원","65,890,000원","7,740,000원","5,530,000원","2,210,000원","1,300,000원","1,000,000원","300,000원","53,593,079원"
경기도,고양시,https://www.hyundai.com/contents/repn-car/side-w/ioniq6-25fl-well-side.png,더 뉴 아이오닉 6,4WD N Line Prestige(롱레인지) 20인치,"63,669,201원","66,980,000원","7,510,000원","5,370,000원","2,140,000원","1,300,000원","1,000,000원","300,000원","54,859,201원"
경기도,고양시,https://www.hyundai.com/contents/repn-car/side-w/the-new-staria-lounge-electric-27pe-well-side.png,더 뉴 스타리아 라운지 Electric,2WD 오토 Prestige 7인승,"63,593,156원","66,900,000원","3,200,000원","2,290,000원","910,000원","600,000원","460,000원","140,000원","59,793,156원"
경기도,고양시,https://www.hyundai.com/contents/repn-car/side-w/the-new-staria-lounge-electric-27pe-well-side.png,더 뉴 스타리아 라운지 Electric,2WD 오토 Inspiration 7인승,"67,309,885원","70,810,000원","3,200,000원","2,290,000원","910,000원","600,000원","460,000원","140,000원","63,509,885원"
경기도,고양시,https://www.hyundai.com/contents/repn-car/side-w/GV60-27MY.png,GV60,GV60 스탠다드 2WD 19인치,"64,904,943원","68,280,000원","3,990,000원","2,850,000원","1,140,000원","740,000원","570,000원","170,000원","60,174,943원"
경기도,고양시,https://www.hyundai.com/contents/repn-car/side-w/GV60-27MY.png,GV60,GV60 스탠다드 AWD 19인치,"72,080,000원","72,080,000원","3,800,000원","2,720,000원","1,080,000원","700,000원","540,000원","160,000원","67,580,000원"
경기도,고양시,https://www.hyundai.com/contents/repn-car/side-w/GV60-27MY.png,GV60,GV60 스탠다드 AWD 20인치,"74,380,000원","74,380,000원","3,650,000원","2,610,000원","1,040,000원","680,000원","520,000원","160,000원","70,050,000원"
경기도,고양시,https://www.hyundai.com/contents/repn-car/side-w/ioniq9-27my-well-side.png,아이오닉 9,2WD 익스클루시브 19인치 7인승,"67,585,551원","71,100,000원","3,830,000원","2,740,000원","1,090,000원","720,000원","550,000원","170,000원","63,035,551원"
경기도,고양시,https://www.hyundai.com/contents/repn-car/side-w/ioniq9-27my-well-side.png,아이오닉 9,2WD 익스클루시브 19인치 6인승,"68,165,399원","71,710,000원","3,830,000원","2,740,000원","1,090,000원","720,000원","550,000원","170,000원","63,615,399원"
경기도,고양시,https://www.hyundai.com/contents/repn-car/side-w/ioniq9-27my-well-side.png,아이오닉 9,4WD(항속) 익스클루시브 19인치 7인승,"70,247,148원","73,900,000원","3,790,000원","2,710,000원","1,080,000원","700,000원","540,000원","160,000원","65,757,148원"
경기도,고양시,https://www.hyundai.com/contents/repn-car/side-w/ioniq9-27my-well-side.png,아이오닉 9,4WD(항속) 익스클루시브 19인치 6인승,"70,826,995원","74,510,000원","3,790,000원","2,710,000원","1,080,000원","700,000원","540,000원","160,000원","66,336,995원"
경기도,고양시,https://www.hyundai.com/contents/repn-car/side-w/ioniq9-27my-well-side.png,아이오닉 9,4WD(성능) 익스클루시브 19인치 7인승,"71,102,661원","74,800,000원","3,800,000원","2,720,000원","1,080,000원","700,000원","540,000원","160,000원","66,602,661원"
경기도,고양시,https://www.hyundai.com/contents/repn-car/side-w/ioniq9-27my-well-side.png,아이오닉 9,4WD(성능) 익스클루시브 19인치 6인승,"71,682,509원","75,410,000원","3,800,000원","2,720,000원","1,080,000원","700,000원","540,000원","160,000원","67,182,509원"
경기도,고양시,https://www.hyundai.com/contents/repn-car/side-w/ioniq9-27my-well-side.png,아이오닉 9,2WD 프레스티지 19인치 7인승,"73,241,445원","77,050,000원","3,830,000원","2,740,000원","1,090,000원","720,000원","550,000원","170,000원","68,691,445원"
경기도,고양시,https://www.hyundai.com/contents/repn-car/side-w/ioniq9-27my-well-side.png,아이오닉 9,2WD 프레스티지 21인치 7인승,"73,241,445원","77,050,000원","3,830,000원","2,740,000원","1,090,000원","720,000원","550,000원","170,000원","68,691,445원"
경기도,고양시,https://www.hyundai.com/contents/repn-car/side-w/ioniq9-27my-well-side.png,아이오닉 9,2WD 프레스티지 19인치 6인승,"73,735,741원","77,570,000원","3,830,000원","2,740,000원","1,090,000원","720,000원","550,000원","170,000원","69,185,741원"
경기도,고양시,https://www.hyundai.com/contents/repn-car/side-w/ioniq9-27my-well-side.png,아이오닉 9,2WD 프레스티지 21인치 6인승,"73,735,741원","77,570,000원","3,830,000원","2,740,000원","1,090,000원","720,000원","550,000원","170,000원","69,185,741원"
경기도,고양시,https://www.hyundai.com/contents/repn-car/side-w/ioniq9-27my-well-side.png,아이오닉 9,4WD(항속) 프레스티지 19인치 7인승,"75,903,041원","79,850,000원","3,790,000원","2,710,000원","1,080,000원","700,000원","540,000원","160,000원","71,413,041원"
경기도,고양시,https://www.hyundai.com/contents/repn-car/side-w/ioniq9-27my-well-side.png,아이오닉 9,4WD(항속) 프레스티지 21인치 7인승,"75,903,041원","79,850,000원","3,790,000원","2,710,000원","1,080,000원","700,000원","540,000원","160,000원","71,413,041원"
경기도,고양시,https://www.hyundai.com/contents/repn-car/side-w/ioniq9-27my-well-side.png,아이오닉 9,4WD(항속) 프레스티지 19인치 6인승,"76,397,338원","80,370,000원","3,790,000원","2,710,000원","1,080,000원","700,000원","540,000원","160,000원","71,907,338원"
경기도,고양시,https://www.hyundai.com/contents/repn-car/side-w/ioniq9-27my-well-side.png,아이오닉 9,4WD(항속) 프레스티지 21인치 6인승,"76,397,338원","80,370,000원","3,790,000원","2,710,000원","1,080,000원","700,000원","540,000원","160,000원","71,907,338원"
경기도,고양시,https://www.hyundai.com/contents/repn-car/side-w/ioniq9-27my-well-side.png,아이오닉 9,4WD(성능) 프레스티지 19인치 7인승,"76,758,555원","80,750,000원","3,800,000원","2,720,000원","1,080,000원","700,000원","540,000원","160,000원","72,258,555원"
경기도,고양시,https://www.hyundai.com/contents/repn-car/side-w/ioniq9-27my-well-side.png,아이오닉 9,4WD(성능) 프레스티지 21인치 7인승,"76,758,555원","80,750,000원","3,800,000원","2,720,000원","1,080,000원","700,000원","540,000원","160,000원","72,258,555원"
경기도,고양시,https://www.hyundai.com/contents/repn-car/side-w/ioniq9-27my-well-side.png,아이오닉 9,4WD(성능) 프레스티지 19인치 6인승,"77,252,851원","81,270,000원","3,800,000원","2,720,000원","1,080,000원","700,000원","540,000원","160,000원","72,752,851원"
경기도,고양시,https://www.hyundai.com/contents/repn-car/side-w/ioniq9-27my-well-side.png,아이오닉 9,4WD(성능) 프레스티지 21인치 6인승,"77,252,851원","81,270,000원","3,800,000원","2,720,000원","1,080,000원","700,000원","540,000원","160,000원","72,752,851원"
경기도,고양시,https://www.hyundai.com/contents/repn-car/side-w/ioniq9-27my-well-side.png,아이오닉 9,2WD 캘리그래피 19인치 7인승,"78,108,365원","82,170,000원","3,830,000원","2,740,000원","1,090,000원","720,000원","550,000원","170,000원","73,558,365원"
경기도,고양시,https://www.hyundai.com/contents/repn-car/side-w/ioniq9-27my-well-side.png,아이오닉 9,2WD 캘리그래피 21인치 7인승,"78,108,365원","82,170,000원","3,830,000원","2,740,000원","1,090,000원","720,000원","550,000원","170,000원","73,558,365원"
경기도,고양시,https://www.hyundai.com/contents/repn-car/side-w/ioniq9-27my-well-side.png,아이오닉 9,2WD 캘리그래피 19인치 6인승,"79,600,760원","83,740,000원","3,830,000원","2,740,000원","1,090,000원","720,000원","550,000원","170,000원","75,050,760원"
경기도,고양시,https://www.hyundai.com/contents/repn-car/side-w/ioniq9-27my-well-side.png,아이오닉 9,2WD 캘리그래피 21인치 6인승,"79,600,760원","83,740,000원","3,830,000원","2,740,000원","1,090,000원","720,000원","550,000원","170,000원","75,050,760원"
경기도,고양시,https://www.hyundai.com/contents/repn-car/side-w/ioniq9-27my-well-side.png,아이오닉 9,4WD(항속) 캘리그래피 19인치 7인승,"80,769,961원","84,970,000원","3,790,000원","2,710,000원","1,080,000원","700,000원","540,000원","160,000원","76,279,961원"
경기도,고양시,https://www.hyundai.com/contents/repn-car/side-w/ioniq9-27my-well-side.png,아이오닉 9,4WD(항속) 캘리그래피 21인치 7인승,"80,769,961원","84,970,000원","3,790,000원","2,710,000원","1,080,000원","700,000원","540,000원","160,000원","76,279,961원"
경기도,고양시,https://www.hyundai.com/contents/repn-car/side-w/ioniq9-27my-well-side.png,아이오닉 9,4WD(성능) 캘리그래피 19인치 7인승,"81,625,475원","85,870,000원","3,800,000원","2,720,000원","1,080,000원","700,000원","540,000원","160,000원","77,125,475원"
경기도,고양시,https://www.hyundai.com/contents/repn-car/side-w/ioniq9-27my-well-side.png,아이오닉 9,4WD(성능) 캘리그래피 21인치 7인승,"81,625,475원","85,870,000원","3,800,000원","2,720,000원","1,080,000원","700,000원","540,000원","160,000원","77,125,475원"
경기도,고양시,https://www.hyundai.com/contents/repn-car/side-w/ioniq9-27my-well-side.png,아이오닉 9,4WD(항속) 캘리그래피 19인치 6인승,"82,262,357원","86,540,000원","3,790,000원","2,710,000원","1,080,000원","700,000원","540,000원","160,000원","77,772,357원"
경기도,고양시,https://www.hyundai.com/contents/repn-car/side-w/ioniq9-27my-well-side.png,아이오닉 9,4WD(항속) 캘리그래피 21인치 6인승,"82,262,357원","86,540,000원","3,790,000원","2,710,000원","1,080,000원","700,000원","540,000원","160,000원","77,772,357원"
경기도,고양시,https://www.hyundai.com/contents/repn-car/side-w/ioniq9-27my-well-side.png,아이오닉 9,4WD(성능) 캘리그래피 19인치 6인승,"83,149,999원","87,440,000원","3,800,000원","2,720,000원","1,080,000원","700,000원","540,000원","160,000원","78,649,999원"
경기도,고양시,https://www.hyundai.com/contents/repn-car/side-w/ioniq9-27my-well-side.png,아이오닉 9,4WD(성능) 캘리그래피 21인치 6인승,"83,149,999원","87,440,000원","3,800,000원","2,720,000원","1,080,000원","700,000원","540,000원","160,000원","78,649,999원"
경기도,고양시,https://www.hyundai.com/contents/repn-car/side-w/Electrified-GV70-27MY.png,Electrified GV70,ELECTRIFIED GV70 AWD 19인치,"75,798,478원","79,740,000원","3,650,000원","2,610,000원","1,040,000원","680,000원","520,000원","160,000원","71,468,478원"
경기도,고양시,https://www.hyundai.com/contents/repn-car/side-w/Electrified-GV70-27MY.png,Electrified GV70,ELECTRIFIED GV70 AWD 20인치,"76,558,935원","80,540,000원","3,430,000원","2,450,000원","980,000원","640,000원","490,000원","150,000원","72,488,935원"
경기도,고양시,https://www.hyundai.com/contents/repn-car/side-w/ioniq6-n-25lc-well-side.png,아이오닉 6 N,4WD N,"79,904,942원","84,060,000원","3,500,000원","2,500,000원","1,000,000원","650,000원","500,000원","150,000원","75,754,942원"
경기도,고양시,https://www.hyundai.com/contents/repn-car/side-w/g80_ev_27my-well-side.png,Electrified G80,ELECTRIFIED G80,"84,790,000원","89,080,000원","3,780,000원","2,700,000원","1,080,000원","700,000원","540,000원","160,000원","80,310,000원"
경기도,고양시,https://www.hyundai.com/contents/repn-car/side-w/g80_ev_27my-well-side.png,Electrified G80,ELECTRIFIED G80,"87,790,000원","92,080,000원","3,780,000원","2,700,000원","1,080,000원","700,000원","540,000원","160,000원","83,310,000원"
경기도,고양시,https://www.hyundai.com/contents/repn-car/side-w/the-new-staria-limousine-electric-27pe-well-side.png,더 뉴 스타리아 리무진 Electric,2WD 오토 Inspiration 리무진,"84,820,000원","89,110,000원","3,200,000원","2,290,000원","910,000원","600,000원","460,000원","140,000원","81,020,000원"
경기도,고양시,https://www.hyundai.com/contents/repn-car/side-w/porter2-electric-26my-well-side.png,포터 II Electric ,오토 스타일스페셜,"43,500,000원","43,500,000원","12,590,000원","9,680,000원","2,910,000원","1,300,000원","1,000,000원","300,000원","29,610,000원"
경기도,고양시,https://www.hyundai.com/contents/repn-car/side-w/porter2-electric-26my-well-side.png,포터 II Electric ,오토 스마트스페셜,"44,850,000원","44,850,000원","12,590,000원","9,680,000원","2,910,000원","1,300,000원","1,000,000원","300,000원","30,960,000원"
경기도,고양시,https://www.hyundai.com/contents/repn-car/side-w/porter2-electric-26my-well-side.png,포터 II Electric ,오토 프리미엄스페셜,"46,450,000원","46,450,000원","12,590,000원","9,680,000원","2,910,000원","1,300,000원","1,000,000원","300,000원","32,560,000원"
경기도,고양시,https://www.hyundai.com/contents/repn-car/side-w/porter2-electric-built-in-truck-26my-45side.png,포터II Electric 내장탑차,오토 스마트스페셜 저상,"49,030,000원","49,030,000원","10,140,000원","7,800,000원","2,340,000원","1,200,000원","920,000원","280,000원","37,690,000원"
경기도,고양시,https://www.hyundai.com/contents/repn-car/side-w/porter2-electric-built-in-truck-26my-45side.png,포터II Electric 내장탑차,오토 스마트스페셜,"50,250,000원","50,250,000원","10,140,000원","7,800,000원","2,340,000원","1,200,000원","920,000원","280,000원","38,910,000원"
경기도,고양시,https://www.hyundai.com/contents/repn-car/side-w/porter2-electric-built-in-truck-26my-45side.png,포터II Electric 내장탑차,오토 스마트스페셜 하이,"51,130,000원","51,130,000원","10,140,000원","7,800,000원","2,340,000원","1,200,000원","920,000원","280,000원","39,790,000원"
경기도,고양시,https://www.hyundai.com/contents/repn-car/side-w/porter2-electric-powergate-truck-26my-45side.png,포터II Electric 파워게이트,오토 스마트스페셜,"50,000,000원","50,000,000원","10,140,000원","7,800,000원","2,340,000원","1,200,000원","920,000원","280,000원","38,660,000원"
경기도,고양시,https://www.hyundai.com/contents/repn-car/side-w/porter2-electric-wingbody-26my-45side.png,포터II Electric 윙바디,오토 스마트스페셜 수동식,"51,030,000원","51,030,000원","10,140,000원","7,800,000원","2,340,000원","1,200,000원","920,000원","280,000원","39,690,000원"
경기도,고양시,https://www.hyundai.com/contents/repn-car/side-w/porter2-electric-wingbody-26my-45side.png,포터II Electric 윙바디,오토 스마트스페셜 전동식,"55,240,000원","55,240,000원","10,140,000원","7,800,000원","2,340,000원","1,200,000원","920,000원","280,000원","43,900,000원"
경기도,고양시,https://www.hyundai.com/contents/repn-car/side-w/the-new-staria-electric-27pe-well-side.png,더 뉴 스타리아 Electric,2WD 오토 Modern 3인승,"57,920,000원","57,920,000원","15,600,000원","12,000,000원","3,600,000원","1,300,000원","1,000,000원","300,000원","41,020,000원"
경기도,고양시,https://www.hyundai.com/contents/repn-car/side-w/the-new-staria-electric-27pe-well-side.png,더 뉴 스타리아 Electric,2WD 오토 Modern 5인승,"58,700,000원","58,700,000원","15,600,000원","12,000,000원","3,600,000원","1,300,000원","1,000,000원","300,000원","41,800,000원"
경기도,고양시,https://www.hyundai.com/contents/repn-car/side-w/st1-hightop-27my-well-side.png,ST1 하이탑차,오토 스마트,"58,830,000원","58,830,000원","14,300,000원","11,000,000원","3,300,000원","1,300,000원","1,000,000원","300,000원","43,230,000원"
경기도,고양시,https://www.hyundai.com/contents/repn-car/side-w/st1-27my-well-side.png,ST1 카고,오토 스타일,"59,460,000원","59,460,000원","15,600,000원","12,000,000원","3,600,000원","1,300,000원","1,000,000원","300,000원","42,560,000원"
경기도,고양시,https://www.hyundai.com/contents/repn-car/side-w/st1-27my-well-side.png,ST1 카고,오토 스마트,"61,230,000원","61,230,000원","15,600,000원","12,000,000원","3,600,000원","1,300,000원","1,000,000원","300,000원","44,330,000원"
경기도,고양시,https://www.hyundai.com/contents/repn-car/side-w/st1-27my-well-side.png,ST1 카고,오토 프리미엄,"65,710,000원","65,710,000원","15,600,000원","12,000,000원","3,600,000원","1,300,000원","1,000,000원","300,000원","48,810,000원"
경기도,고양시,https://www.hyundai.com/contents/repn-car/side-w/st1-freezer-truck-27my-well-side.png,ST1 카고 냉동,오토 스마트,"69,580,000원","69,580,000원","18,850,000원","14,500,000원","4,350,000원","1,300,000원","1,000,000원","300,000원","49,430,000원"
경기도,고양시,https://www.hyundai.com/contents/repn-car/side-w/st1-freezer-truck-27my-well-side.png,ST1 카고 냉동,오토 프리미엄,"74,060,000원","74,060,000원","18,850,000원","14,500,000원","4,350,000원","1,300,000원","1,000,000원","300,000원","53,910,000원"
경기도,고양시,https://www.hyundai.com/contents/repn-car/side-w/the-new-staria-electric-27pe-well-side.png,더 뉴 스타리아 Electric,2WD 오토 Modern 11인승,"60,290,000원","60,290,000원","19,500,000원","15,000,000원","4,500,000원",0원,0원,0원,"40,790,000원"
경기도,고양시,https://www.hyundai.com/contents/repn-car/side-w/the-new-staria-lounge-electric-27pe-well-side.png,더 뉴 스타리아 라운지 Electric,2WD 오토 Prestige 11인승 라운지,"65,490,000원","65,490,000원","19,500,000원","15,000,000원","4,500,000원",0원,0원,0원,"45,990,000원"
경기도,고양시,https://www.hyundai.com/contents/repn-car/side-w/nexo-27my-well-side.png,넥쏘,2WD 모던,"76,470,532원","80,447,000원","32,500,000원","22,500,000원","10,000,000원",0원,0원,0원,"43,970,532원"
경기도,고양시,https://www.hyundai.com/contents/repn-car/side-w/nexo-27my-well-side.png,넥쏘,2WD 익스클루시브,"79,369,771원","83,497,000원","32,500,000원","22,500,000원","10,000,000원",0원,0원,0원,"46,869,771원"
경기도,고양시,https://www.hyundai.com/contents/repn-car/side-w/nexo-27my-well-side.png,넥쏘,2WD 프레스티지,"83,789,923원","88,147,000원","32,500,000원","22,500,000원","10,000,000원",0원,0원,0원,"51,289,923원"
경기도,용인시,https://www.hyundai.com/contents/repn-car/side-w/casper_ev_26my_well_side.png,2027 캐스퍼 일렉트릭,캐스퍼 일렉트릭 기본형 15인치,"28,469,581원","29,950,000원","7,020,000원","4,900,000원","2,120,000원","1,270,000원","980,000원","290,000원","20,179,581원"
경기도,용인시,https://www.hyundai.com/contents/repn-car/side-w/casper_ev_26my_well_side.png,2027 캐스퍼 일렉트릭,캐스퍼 일렉트릭 항속형 15인치,"32,119,772원","33,790,000원","7,020,000원","4,900,000원","2,120,000원","1,270,000원","980,000원","290,000원","23,829,772원"
경기도,용인시,https://www.hyundai.com/contents/repn-car/side-w/casper_ev_26my_well_side.png,2027 캐스퍼 일렉트릭,캐스퍼 일렉트릭 항속형 17인치,"32,119,772원","33,790,000원","7,020,000원","4,900,000원","2,120,000원","1,270,000원","980,000원","290,000원","23,829,772원"
경기도,용인시,https://www.hyundai.com/contents/repn-car/side-w/casper_ev_26my_well_side.png,2027 캐스퍼 일렉트릭,캐스퍼 일렉트릭 크로스 17인치,"34,125,474원","35,900,000원","6,980,000원","4,870,000원","2,110,000원","1,260,000원","970,000원","290,000원","25,885,474원"
경기도,용인시,https://www.hyundai.com/contents/repn-car/side-w/casper_ev_26my_well_side.png,2027 캐스퍼 일렉트릭,캐스퍼 일렉트릭 라운지 17인치,"34,572,243원","36,370,000원","7,020,000원","4,900,000원","2,120,000원","1,270,000원","980,000원","290,000원","26,282,243원"
경기도,용인시,https://www.hyundai.com/contents/repn-car/side-w/kona-electric-25my-well-side.png,코나 Electric,기본형 E-Value +,"41,520,912원","43,680,000원","6,260,000원","4,370,000원","1,890,000원","1,130,000원","870,000원","260,000원","34,130,912원"
경기도,용인시,https://www.hyundai.com/contents/repn-car/side-w/kona-electric-25my-well-side.png,코나 Electric,기본형 Premium,"43,564,638원","45,830,000원","6,260,000원","4,370,000원","1,890,000원","1,130,000원","870,000원","260,000원","36,174,638원"
경기도,용인시,https://www.hyundai.com/contents/repn-car/side-w/kona-electric-25my-well-side.png,코나 Electric,항속형 Modern plus,"45,655,893원","48,030,000원","7,360,000원","5,140,000원","2,220,000원","1,300,000원","1,000,000원","300,000원","36,995,893원"
경기도,용인시,https://www.hyundai.com/contents/repn-car/side-w/kona-electric-25my-well-side.png,코나 Electric,항속형 Modern plus 스타일 Ⅱ,"45,655,893원","48,030,000원","7,360,000원","5,140,000원","2,220,000원","1,300,000원","1,000,000원","300,000원","36,995,893원"
경기도,용인시,https://www.hyundai.com/contents/repn-car/side-w/kona-electric-25my-well-side.png,코나 Electric,항속형 Premium,"46,568,440원","48,990,000원","7,360,000원","5,140,000원","2,220,000원","1,300,000원","1,000,000원","300,000원","37,908,440원"
경기도,용인시,https://www.hyundai.com/contents/repn-car/side-w/kona-electric-25my-well-side.png,코나 Electric,항속형 Premium 빌트인 캠 2,"46,568,440원","48,990,000원","7,360,000원","5,140,000원","2,220,000원","1,300,000원","1,000,000원","300,000원","37,908,440원"
경기도,용인시,https://www.hyundai.com/contents/repn-car/side-w/kona-electric-25my-well-side.png,코나 Electric,항속형 Premium 스타일 Ⅱ,"46,568,440원","48,990,000원","7,360,000원","5,140,000원","2,220,000원","1,300,000원","1,000,000원","300,000원","37,908,440원"
경기도,용인시,https://www.hyundai.com/contents/repn-car/side-w/kona-electric-25my-well-side.png,코나 Electric,항속형 Inspiration,"49,923,954원","52,520,000원","6,570,000원","4,590,000원","1,980,000원","1,200,000원","920,000원","280,000원","42,153,954원"
경기도,용인시,https://www.hyundai.com/contents/repn-car/side-w/kona-electric-25my-well-side.png,코나 Electric,항속형 N Line Inspiration,"50,865,018원","53,510,000원","6,570,000원","4,590,000원","1,980,000원","1,200,000원","920,000원","280,000원","43,095,018원"
경기도,용인시,https://www.hyundai.com/contents/repn-car/side-w/ioniq5-27my-well-side.png,아이오닉 5,2WD E-Value +(스탠다드) 19인치,"47,347,908원","49,810,000원","6,920,000원","4,830,000원","2,090,000원","1,260,000원","970,000원","290,000원","39,167,908원"
경기도,용인시,https://www.hyundai.com/contents/repn-car/side-w/ioniq5-27my-well-side.png,아이오닉 5,2WD E-Lite(롱레인지) 19인치,"50,636,881원","53,270,000원","8,120,000원","5,670,000원","2,450,000원","1,300,000원","1,000,000원","300,000원","41,216,881원"
경기도,용인시,https://www.hyundai.com/contents/repn-car/side-w/ioniq5-27my-well-side.png,아이오닉 5,2WD 모던(롱레인지) 19인치,"52,899,239원","55,650,000원","8,120,000원","5,670,000원","2,450,000원","1,300,000원","1,000,000원","300,000원","43,479,239원"
경기도,용인시,https://www.hyundai.com/contents/repn-car/side-w/ioniq5-27my-well-side.png,아이오닉 5,4WD E-Lite(롱레인지) 19인치,"52,984,791원","55,740,000원","7,990,000원","5,580,000원","2,410,000원","1,300,000원","1,000,000원","300,000원","43,694,791원"
경기도,용인시,https://www.hyundai.com/contents/repn-car/side-w/ioniq5-27my-well-side.png,아이오닉 5,2WD 모던(롱레인지) 19인치 빌트인캠 2 + 증강현실 내비게이션,"52,899,239원","55,650,000원","8,120,000원","5,670,000원","2,450,000원","1,300,000원","1,000,000원","300,000원","43,479,239원"
경기도,용인시,https://www.hyundai.com/contents/repn-car/side-w/ioniq5-27my-well-side.png,아이오닉 5,4WD 모던(롱레인지) 19인치,"55,247,148원","58,120,000원","7,990,000원","5,580,000원","2,410,000원","1,300,000원","1,000,000원","300,000원","45,957,148원"
경기도,용인시,https://www.hyundai.com/contents/repn-car/side-w/ioniq5-27my-well-side.png,아이오닉 5,2WD 프리미엄(롱레인지) 19인치,"58,241,444원","61,270,000원","8,120,000원","5,670,000원","2,450,000원","1,300,000원","1,000,000원","300,000원","48,821,444원"
경기도,용인시,https://www.hyundai.com/contents/repn-car/side-w/ioniq5-27my-well-side.png,아이오닉 5,2WD 프리미엄(롱레인지) 19인치 빌트인캠 2 + 증강현실 내비게이션,"58,241,444원","61,270,000원","8,120,000원","5,670,000원","2,450,000원","1,300,000원","1,000,000원","300,000원","48,821,444원"
경기도,용인시,https://www.hyundai.com/contents/repn-car/side-w/ioniq5-27my-well-side.png,아이오닉 5,2WD 프리미엄(롱레인지) 20인치,"58,707,224원","61,760,000원","8,010,000원","5,590,000원","2,420,000원","1,300,000원","1,000,000원","300,000원","49,397,224원"
경기도,용인시,https://www.hyundai.com/contents/repn-car/side-w/ioniq5-27my-well-side.png,아이오닉 5,2WD N LINE(롱레인지) 20인치,"59,448,669원","62,540,000원","7,750,000원","5,410,000원","2,340,000원","1,300,000원","1,000,000원","300,000원","50,398,669원"
경기도,용인시,https://www.hyundai.com/contents/repn-car/side-w/ioniq5-27my-well-side.png,아이오닉 5,4WD 프리미엄(롱레인지) 19인치,"60,589,354원","63,740,000원","7,990,000원","5,580,000원","2,410,000원","1,300,000원","1,000,000원","300,000원","51,299,354원"
경기도,용인시,https://www.hyundai.com/contents/repn-car/side-w/ioniq5-27my-well-side.png,아이오닉 5,4WD 프리미엄(롱레인지) 20인치,"61,055,132원","64,230,000원","7,620,000원","5,320,000원","2,300,000원","1,300,000원","1,000,000원","300,000원","52,135,132원"
경기도,용인시,https://www.hyundai.com/contents/repn-car/side-w/ioniq5-27my-well-side.png,아이오닉 5,2WD 인스퍼레이션(롱레인지) 19인치,"61,283,270원","64,470,000원","8,120,000원","5,670,000원","2,450,000원","1,300,000원","1,000,000원","300,000원","51,863,270원"
경기도,용인시,https://www.hyundai.com/contents/repn-car/side-w/ioniq5-27my-well-side.png,아이오닉 5,2WD 인스퍼레이션(롱레인지) 19인치 빌트인캠 2 + 증강현실 내비게이션,"61,283,270원","64,470,000원","8,120,000원","5,670,000원","2,450,000원","1,300,000원","1,000,000원","300,000원","51,863,270원"
경기도,용인시,https://www.hyundai.com/contents/repn-car/side-w/ioniq5-27my-well-side.png,아이오닉 5,2WD 인스퍼레이션(롱레인지) 20인치,"61,749,048원","64,960,000원","8,010,000원","5,590,000원","2,420,000원","1,300,000원","1,000,000원","300,000원","52,439,048원"
경기도,용인시,https://www.hyundai.com/contents/repn-car/side-w/ioniq5-27my-well-side.png,아이오닉 5,4WD N LINE(롱레인지) 20인치,"61,796,577원","65,010,000원","7,310,000원","5,100,000원","2,210,000원","1,300,000원","1,000,000원","300,000원","53,186,577원"
경기도,용인시,https://www.hyundai.com/contents/repn-car/side-w/ioniq5-27my-well-side.png,아이오닉 5,4WD 인스퍼레이션(롱레인지) 19인치,"63,631,178원","66,940,000원","7,990,000원","5,580,000원","2,410,000원","1,300,000원","1,000,000원","300,000원","54,341,178원"
경기도,용인시,https://www.hyundai.com/contents/repn-car/side-w/ioniq5-27my-well-side.png,아이오닉 5,4WD 인스퍼레이션(롱레인지) 20인치,"64,096,958원","67,430,000원","7,620,000원","5,320,000원","2,300,000원","1,300,000원","1,000,000원","300,000원","55,176,958원"
경기도,용인시,https://www.hyundai.com/contents/repn-car/side-w/ioniq6-25fl-well-side.png,더 뉴 아이오닉 6,2WD E-Value +(스탠다드) 18인치,"48,564,639원","51,090,000원","8,020,000원","5,600,000원","2,420,000원","1,300,000원","1,000,000원","300,000원","39,244,639원"
경기도,용인시,https://www.hyundai.com/contents/repn-car/side-w/ioniq6-25fl-well-side.png,더 뉴 아이오닉 6,2WD E-LITE(롱레인지) 18인치,"50,636,881원","53,270,000원","8,170,000원","5,700,000원","2,470,000원","1,300,000원","1,000,000원","300,000원","41,166,881원"
경기도,용인시,https://www.hyundai.com/contents/repn-car/side-w/ioniq6-25fl-well-side.png,더 뉴 아이오닉 6,2WD Exclusive(스탠다드) 18인치,"50,950,570원","53,600,000원","8,020,000원","5,600,000원","2,420,000원","1,300,000원","1,000,000원","300,000원","41,630,570원"
경기도,용인시,https://www.hyundai.com/contents/repn-car/side-w/ioniq6-25fl-well-side.png,더 뉴 아이오닉 6,2WD E-LITE(롱레인지) 20인치,"51,197,719원","53,860,000원","8,170,000원","5,700,000원","2,470,000원","1,300,000원","1,000,000원","300,000원","41,727,719원"
경기도,용인시,https://www.hyundai.com/contents/repn-car/side-w/ioniq6-25fl-well-side.png,더 뉴 아이오닉 6,4WD E-LITE(롱레인지) 18인치,"52,984,791원","55,740,000원","8,170,000원","5,700,000원","2,470,000원","1,300,000원","1,000,000원","300,000원","43,514,791원"
경기도,용인시,https://www.hyundai.com/contents/repn-car/side-w/ioniq6-25fl-well-side.png,더 뉴 아이오닉 6,4WD E-LITE(롱레인지) 20인치,"53,545,627원","56,330,000원","7,920,000원","5,530,000원","2,390,000원","1,300,000원","1,000,000원","300,000원","44,325,627원"
경기도,용인시,https://www.hyundai.com/contents/repn-car/side-w/ioniq6-25fl-well-side.png,더 뉴 아이오닉 6,2WD Exclusive(롱레인지) 18인치,"55,152,091원","58,020,000원","8,170,000원","5,700,000원","2,470,000원","1,300,000원","1,000,000원","300,000원","45,682,091원"
경기도,용인시,https://www.hyundai.com/contents/repn-car/side-w/ioniq6-25fl-well-side.png,더 뉴 아이오닉 6,2WD Prestige(스탠다드) 18인치,"55,532,319원","58,420,000원","8,020,000원","5,600,000원","2,420,000원","1,300,000원","1,000,000원","300,000원","46,212,319원"
경기도,용인시,https://www.hyundai.com/contents/repn-car/side-w/ioniq6-25fl-well-side.png,더 뉴 아이오닉 6,2WD Exclusive(롱레인지) 20인치,"55,712,927원","58,610,000원","8,170,000원","5,700,000원","2,470,000원","1,300,000원","1,000,000원","300,000원","46,242,927원"
경기도,용인시,https://www.hyundai.com/contents/repn-car/side-w/ioniq6-25fl-well-side.png,더 뉴 아이오닉 6,2WD N Line Exclusive(롱레인지) 20인치,"57,452,472원","60,440,000원","8,170,000원","5,700,000원","2,470,000원","1,300,000원","1,000,000원","300,000원","47,982,472원"
경기도,용인시,https://www.hyundai.com/contents/repn-car/side-w/ioniq6-25fl-well-side.png,더 뉴 아이오닉 6,4WD Exclusive(롱레인지) 18인치,"57,499,999원","60,490,000원","8,170,000원","5,700,000원","2,470,000원","1,300,000원","1,000,000원","300,000원","48,029,999원"
경기도,용인시,https://www.hyundai.com/contents/repn-car/side-w/ioniq6-25fl-well-side.png,더 뉴 아이오닉 6,4WD Exclusive(롱레인지) 20인치,"58,060,836원","61,080,000원","7,920,000원","5,530,000원","2,390,000원","1,300,000원","1,000,000원","300,000원","48,840,836원"
경기도,용인시,https://www.hyundai.com/contents/repn-car/side-w/ioniq6-25fl-well-side.png,더 뉴 아이오닉 6,2WD Prestige(롱레인지) 18인치,"59,724,335원","62,830,000원","8,170,000원","5,700,000원","2,470,000원","1,300,000원","1,000,000원","300,000원","50,254,335원"
경기도,용인시,https://www.hyundai.com/contents/repn-car/side-w/ioniq6-25fl-well-side.png,더 뉴 아이오닉 6,4WD N Line Exclusive(롱레인지) 20인치,"59,800,380원","62,910,000원","7,690,000원","5,370,000원","2,320,000원","1,300,000원","1,000,000원","300,000원","50,810,380원"
경기도,용인시,https://www.hyundai.com/contents/repn-car/side-w/ioniq6-25fl-well-side.png,더 뉴 아이오닉 6,2WD Prestige(롱레인지) 20인치,"60,285,171원","63,420,000원","8,170,000원","5,700,000원","2,470,000원","1,300,000원","1,000,000원","300,000원","50,815,171원"
경기도,용인시,https://www.hyundai.com/contents/repn-car/side-w/ioniq6-25fl-well-side.png,더 뉴 아이오닉 6,2WD N Line Prestige(롱레인지) 20인치,"61,321,293원","64,510,000원","8,170,000원","5,700,000원","2,470,000원","1,300,000원","1,000,000원","300,000원","51,851,293원"
경기도,용인시,https://www.hyundai.com/contents/repn-car/side-w/ioniq6-25fl-well-side.png,더 뉴 아이오닉 6,4WD Prestige(롱레인지) 18인치,"62,072,243원","65,300,000원","8,170,000원","5,700,000원","2,470,000원","1,300,000원","1,000,000원","300,000원","52,602,243원"
경기도,용인시,https://www.hyundai.com/contents/repn-car/side-w/ioniq6-25fl-well-side.png,더 뉴 아이오닉 6,4WD Prestige(롱레인지) 20인치,"62,633,079원","65,890,000원","7,920,000원","5,530,000원","2,390,000원","1,300,000원","1,000,000원","300,000원","53,413,079원"
경기도,용인시,https://www.hyundai.com/contents/repn-car/side-w/ioniq6-25fl-well-side.png,더 뉴 아이오닉 6,4WD N Line Prestige(롱레인지) 20인치,"63,669,201원","66,980,000원","7,690,000원","5,370,000원","2,320,000원","1,300,000원","1,000,000원","300,000원","54,679,201원"
경기도,용인시,https://www.hyundai.com/contents/repn-car/side-w/the-new-staria-lounge-electric-27pe-well-side.png,더 뉴 스타리아 라운지 Electric,2WD 오토 Prestige 7인승,"63,593,156원","66,900,000원","3,270,000원","2,290,000원","980,000원","600,000원","460,000원","140,000원","59,723,156원"
경기도,용인시,https://www.hyundai.com/contents/repn-car/side-w/the-new-staria-lounge-electric-27pe-well-side.png,더 뉴 스타리아 라운지 Electric,2WD 오토 Inspiration 7인승,"67,309,885원","70,810,000원","3,270,000원","2,290,000원","980,000원","600,000원","460,000원","140,000원","63,439,885원"
경기도,용인시,https://www.hyundai.com/contents/repn-car/side-w/GV60-27MY.png,GV60,GV60 스탠다드 2WD 19인치,"64,904,943원","68,280,000원","4,080,000원","2,850,000원","1,230,000원","740,000원","570,000원","170,000원","60,084,943원"
경기도,용인시,https://www.hyundai.com/contents/repn-car/side-w/GV60-27MY.png,GV60,GV60 스탠다드 AWD 19인치,"72,080,000원","72,080,000원","3,890,000원","2,720,000원","1,170,000원","700,000원","540,000원","160,000원","67,490,000원"
경기도,용인시,https://www.hyundai.com/contents/repn-car/side-w/GV60-27MY.png,GV60,GV60 스탠다드 AWD 20인치,"74,380,000원","74,380,000원","3,740,000원","2,610,000원","1,130,000원","680,000원","520,000원","160,000원","69,960,000원"
경기도,용인시,https://www.hyundai.com/contents/repn-car/side-w/ioniq9-27my-well-side.png,아이오닉 9,2WD 익스클루시브 19인치 7인승,"67,585,551원","71,100,000원","3,920,000원","2,740,000원","1,180,000원","720,000원","550,000원","170,000원","62,945,551원"
경기도,용인시,https://www.hyundai.com/contents/repn-car/side-w/ioniq9-27my-well-side.png,아이오닉 9,2WD 익스클루시브 19인치 6인승,"68,165,399원","71,710,000원","3,920,000원","2,740,000원","1,180,000원","720,000원","550,000원","170,000원","63,525,399원"
경기도,용인시,https://www.hyundai.com/contents/repn-car/side-w/ioniq9-27my-well-side.png,아이오닉 9,4WD(항속) 익스클루시브 19인치 7인승,"70,247,148원","73,900,000원","3,880,000원","2,710,000원","1,170,000원","700,000원","540,000원","160,000원","65,667,148원"
경기도,용인시,https://www.hyundai.com/contents/repn-car/side-w/ioniq9-27my-well-side.png,아이오닉 9,4WD(항속) 익스클루시브 19인치 6인승,"70,826,995원","74,510,000원","3,880,000원","2,710,000원","1,170,000원","700,000원","540,000원","160,000원","66,246,995원"
경기도,용인시,https://www.hyundai.com/contents/repn-car/side-w/ioniq9-27my-well-side.png,아이오닉 9,4WD(성능) 익스클루시브 19인치 7인승,"71,102,661원","74,800,000원","3,890,000원","2,720,000원","1,170,000원","700,000원","540,000원","160,000원","66,512,661원"
경기도,용인시,https://www.hyundai.com/contents/repn-car/side-w/ioniq9-27my-well-side.png,아이오닉 9,4WD(성능) 익스클루시브 19인치 6인승,"71,682,509원","75,410,000원","3,890,000원","2,720,000원","1,170,000원","700,000원","540,000원","160,000원","67,092,509원"
경기도,용인시,https://www.hyundai.com/contents/repn-car/side-w/ioniq9-27my-well-side.png,아이오닉 9,2WD 프레스티지 19인치 7인승,"73,241,445원","77,050,000원","3,920,000원","2,740,000원","1,180,000원","720,000원","550,000원","170,000원","68,601,445원"
경기도,용인시,https://www.hyundai.com/contents/repn-car/side-w/ioniq9-27my-well-side.png,아이오닉 9,2WD 프레스티지 21인치 7인승,"73,241,445원","77,050,000원","3,920,000원","2,740,000원","1,180,000원","720,000원","550,000원","170,000원","68,601,445원"
경기도,용인시,https://www.hyundai.com/contents/repn-car/side-w/ioniq9-27my-well-side.png,아이오닉 9,2WD 프레스티지 19인치 6인승,"73,735,741원","77,570,000원","3,920,000원","2,740,000원","1,180,000원","720,000원","550,000원","170,000원","69,095,741원"
경기도,용인시,https://www.hyundai.com/contents/repn-car/side-w/ioniq9-27my-well-side.png,아이오닉 9,2WD 프레스티지 21인치 6인승,"73,735,741원","77,570,000원","3,920,000원","2,740,000원","1,180,000원","720,000원","550,000원","170,000원","69,095,741원"
경기도,용인시,https://www.hyundai.com/contents/repn-car/side-w/ioniq9-27my-well-side.png,아이오닉 9,4WD(항속) 프레스티지 19인치 7인승,"75,903,041원","79,850,000원","3,880,000원","2,710,000원","1,170,000원","700,000원","540,000원","160,000원","71,323,041원"
경기도,용인시,https://www.hyundai.com/contents/repn-car/side-w/ioniq9-27my-well-side.png,아이오닉 9,4WD(항속) 프레스티지 21인치 7인승,"75,903,041원","79,850,000원","3,880,000원","2,710,000원","1,170,000원","700,000원","540,000원","160,000원","71,323,041원"
경기도,용인시,https://www.hyundai.com/contents/repn-car/side-w/ioniq9-27my-well-side.png,아이오닉 9,4WD(항속) 프레스티지 19인치 6인승,"76,397,338원","80,370,000원","3,880,000원","2,710,000원","1,170,000원","700,000원","540,000원","160,000원","71,817,338원"
경기도,용인시,https://www.hyundai.com/contents/repn-car/side-w/ioniq9-27my-well-side.png,아이오닉 9,4WD(항속) 프레스티지 21인치 6인승,"76,397,338원","80,370,000원","3,880,000원","2,710,000원","1,170,000원","700,000원","540,000원","160,000원","71,817,338원"
경기도,용인시,https://www.hyundai.com/contents/repn-car/side-w/ioniq9-27my-well-side.png,아이오닉 9,4WD(성능) 프레스티지 19인치 7인승,"76,758,555원","80,750,000원","3,890,000원","2,720,000원","1,170,000원","700,000원","540,000원","160,000원","72,168,555원"
경기도,용인시,https://www.hyundai.com/contents/repn-car/side-w/ioniq9-27my-well-side.png,아이오닉 9,4WD(성능) 프레스티지 21인치 7인승,"76,758,555원","80,750,000원","3,890,000원","2,720,000원","1,170,000원","700,000원","540,000원","160,000원","72,168,555원"
경기도,용인시,https://www.hyundai.com/contents/repn-car/side-w/ioniq9-27my-well-side.png,아이오닉 9,4WD(성능) 프레스티지 19인치 6인승,"77,252,851원","81,270,000원","3,890,000원","2,720,000원","1,170,000원","700,000원","540,000원","160,000원","72,662,851원"
경기도,용인시,https://www.hyundai.com/contents/repn-car/side-w/ioniq9-27my-well-side.png,아이오닉 9,4WD(성능) 프레스티지 21인치 6인승,"77,252,851원","81,270,000원","3,890,000원","2,720,000원","1,170,000원","700,000원","540,000원","160,000원","72,662,851원"
경기도,용인시,https://www.hyundai.com/contents/repn-car/side-w/ioniq9-27my-well-side.png,아이오닉 9,2WD 캘리그래피 19인치 7인승,"78,108,365원","82,170,000원","3,920,000원","2,740,000원","1,180,000원","720,000원","550,000원","170,000원","73,468,365원"
경기도,용인시,https://www.hyundai.com/contents/repn-car/side-w/ioniq9-27my-well-side.png,아이오닉 9,2WD 캘리그래피 21인치 7인승,"78,108,365원","82,170,000원","3,920,000원","2,740,000원","1,180,000원","720,000원","550,000원","170,000원","73,468,365원"
경기도,용인시,https://www.hyundai.com/contents/repn-car/side-w/ioniq9-27my-well-side.png,아이오닉 9,2WD 캘리그래피 19인치 6인승,"79,600,760원","83,740,000원","3,920,000원","2,740,000원","1,180,000원","720,000원","550,000원","170,000원","74,960,760원"
경기도,용인시,https://www.hyundai.com/contents/repn-car/side-w/ioniq9-27my-well-side.png,아이오닉 9,2WD 캘리그래피 21인치 6인승,"79,600,760원","83,740,000원","3,920,000원","2,740,000원","1,180,000원","720,000원","550,000원","170,000원","74,960,760원"
경기도,용인시,https://www.hyundai.com/contents/repn-car/side-w/ioniq9-27my-well-side.png,아이오닉 9,4WD(항속) 캘리그래피 19인치 7인승,"80,769,961원","84,970,000원","3,880,000원","2,710,000원","1,170,000원","700,000원","540,000원","160,000원","76,189,961원"
경기도,용인시,https://www.hyundai.com/contents/repn-car/side-w/ioniq9-27my-well-side.png,아이오닉 9,4WD(항속) 캘리그래피 21인치 7인승,"80,769,961원","84,970,000원","3,880,000원","2,710,000원","1,170,000원","700,000원","540,000원","160,000원","76,189,961원"
경기도,용인시,https://www.hyundai.com/contents/repn-car/side-w/ioniq9-27my-well-side.png,아이오닉 9,4WD(성능) 캘리그래피 19인치 7인승,"81,625,475원","85,870,000원","3,890,000원","2,720,000원","1,170,000원","700,000원","540,000원","160,000원","77,035,475원"
경기도,용인시,https://www.hyundai.com/contents/repn-car/side-w/ioniq9-27my-well-side.png,아이오닉 9,4WD(성능) 캘리그래피 21인치 7인승,"81,625,475원","85,870,000원","3,890,000원","2,720,000원","1,170,000원","700,000원","540,000원","160,000원","77,035,475원"
경기도,용인시,https://www.hyundai.com/contents/repn-car/side-w/ioniq9-27my-well-side.png,아이오닉 9,4WD(항속) 캘리그래피 19인치 6인승,"82,262,357원","86,540,000원","3,880,000원","2,710,000원","1,170,000원","700,000원","540,000원","160,000원","77,682,357원"
경기도,용인시,https://www.hyundai.com/contents/repn-car/side-w/ioniq9-27my-well-side.png,아이오닉 9,4WD(항속) 캘리그래피 21인치 6인승,"82,262,357원","86,540,000원","3,880,000원","2,710,000원","1,170,000원","700,000원","540,000원","160,000원","77,682,357원"
경기도,용인시,https://www.hyundai.com/contents/repn-car/side-w/ioniq9-27my-well-side.png,아이오닉 9,4WD(성능) 캘리그래피 19인치 6인승,"83,149,999원","87,440,000원","3,890,000원","2,720,000원","1,170,000원","700,000원","540,000원","160,000원","78,559,999원"
경기도,용인시,https://www.hyundai.com/contents/repn-car/side-w/ioniq9-27my-well-side.png,아이오닉 9,4WD(성능) 캘리그래피 21인치 6인승,"83,149,999원","87,440,000원","3,890,000원","2,720,000원","1,170,000원","700,000원","540,000원","160,000원","78,559,999원"
경기도,용인시,https://www.hyundai.com/contents/repn-car/side-w/Electrified-GV70-27MY.png,Electrified GV70,ELECTRIFIED GV70 AWD 19인치,"75,798,478원","79,740,000원","3,740,000원","2,610,000원","1,130,000원","680,000원","520,000원","160,000원","71,378,478원"
경기도,용인시,https://www.hyundai.com/contents/repn-car/side-w/Electrified-GV70-27MY.png,Electrified GV70,ELECTRIFIED GV70 AWD 20인치,"76,558,935원","80,540,000원","3,510,000원","2,450,000원","1,060,000원","640,000원","490,000원","150,000원","72,408,935원"
경기도,용인시,https://www.hyundai.com/contents/repn-car/side-w/ioniq6-n-25lc-well-side.png,아이오닉 6 N,4WD N,"79,904,942원","84,060,000원","3,580,000원","2,500,000원","1,080,000원","650,000원","500,000원","150,000원","75,674,942원"
경기도,용인시,https://www.hyundai.com/contents/repn-car/side-w/g80_ev_27my-well-side.png,Electrified G80,ELECTRIFIED G80,"84,790,000원","89,080,000원","3,870,000원","2,700,000원","1,170,000원","700,000원","540,000원","160,000원","80,220,000원"
경기도,용인시,https://www.hyundai.com/contents/repn-car/side-w/g80_ev_27my-well-side.png,Electrified G80,ELECTRIFIED G80,"87,790,000원","92,080,000원","3,870,000원","2,700,000원","1,170,000원","700,000원","540,000원","160,000원","83,220,000원"
경기도,용인시,https://www.hyundai.com/contents/repn-car/side-w/the-new-staria-limousine-electric-27pe-well-side.png,더 뉴 스타리아 리무진 Electric,2WD 오토 Inspiration 리무진,"84,820,000원","89,110,000원","3,270,000원","2,290,000원","980,000원","600,000원","460,000원","140,000원","80,950,000원"
경기도,용인시,https://www.hyundai.com/contents/repn-car/side-w/porter2-electric-26my-well-side.png,포터 II Electric ,오토 스타일스페셜,"43,500,000원","43,500,000원","13,550,000원","9,680,000원","3,870,000원","1,300,000원","1,000,000원","300,000원","28,650,000원"
경기도,용인시,https://www.hyundai.com/contents/repn-car/side-w/porter2-electric-26my-well-side.png,포터 II Electric ,오토 스마트스페셜,"44,850,000원","44,850,000원","13,550,000원","9,680,000원","3,870,000원","1,300,000원","1,000,000원","300,000원","30,000,000원"
경기도,용인시,https://www.hyundai.com/contents/repn-car/side-w/porter2-electric-26my-well-side.png,포터 II Electric ,오토 프리미엄스페셜,"46,450,000원","46,450,000원","13,550,000원","9,680,000원","3,870,000원","1,300,000원","1,000,000원","300,000원","31,600,000원"
경기도,용인시,https://www.hyundai.com/contents/repn-car/side-w/porter2-electric-built-in-truck-26my-45side.png,포터II Electric 내장탑차,오토 스마트스페셜 저상,"49,030,000원","49,030,000원","10,920,000원","7,800,000원","3,120,000원","1,200,000원","920,000원","280,000원","36,910,000원"
경기도,용인시,https://www.hyundai.com/contents/repn-car/side-w/porter2-electric-built-in-truck-26my-45side.png,포터II Electric 내장탑차,오토 스마트스페셜,"50,250,000원","50,250,000원","10,920,000원","7,800,000원","3,120,000원","1,200,000원","920,000원","280,000원","38,130,000원"
경기도,용인시,https://www.hyundai.com/contents/repn-car/side-w/porter2-electric-built-in-truck-26my-45side.png,포터II Electric 내장탑차,오토 스마트스페셜 하이,"51,130,000원","51,130,000원","10,920,000원","7,800,000원","3,120,000원","1,200,000원","920,000원","280,000원","39,010,000원"
경기도,용인시,https://www.hyundai.com/contents/repn-car/side-w/porter2-electric-powergate-truck-26my-45side.png,포터II Electric 파워게이트,오토 스마트스페셜,"50,000,000원","50,000,000원","10,920,000원","7,800,000원","3,120,000원","1,200,000원","920,000원","280,000원","37,880,000원"
경기도,용인시,https://www.hyundai.com/contents/repn-car/side-w/porter2-electric-wingbody-26my-45side.png,포터II Electric 윙바디,오토 스마트스페셜 수동식,"51,030,000원","51,030,000원","10,920,000원","7,800,000원","3,120,000원","1,200,000원","920,000원","280,000원","38,910,000원"
경기도,용인시,https://www.hyundai.com/contents/repn-car/side-w/porter2-electric-wingbody-26my-45side.png,포터II Electric 윙바디,오토 스마트스페셜 전동식,"55,240,000원","55,240,000원","10,920,000원","7,800,000원","3,120,000원","1,200,000원","920,000원","280,000원","43,120,000원"
경기도,용인시,https://www.hyundai.com/contents/repn-car/side-w/the-new-staria-electric-27pe-well-side.png,더 뉴 스타리아 Electric,2WD 오토 Modern 3인승,"57,920,000원","57,920,000원","16,800,000원","12,000,000원","4,800,000원","1,300,000원","1,000,000원","300,000원","39,820,000원"
경기도,용인시,https://www.hyundai.com/contents/repn-car/side-w/the-new-staria-electric-27pe-well-side.png,더 뉴 스타리아 Electric,2WD 오토 Modern 5인승,"58,700,000원","58,700,000원","16,800,000원","12,000,000원","4,800,000원","1,300,000원","1,000,000원","300,000원","40,600,000원"
경기도,용인시,https://www.hyundai.com/contents/repn-car/side-w/st1-hightop-27my-well-side.png,ST1 하이탑차,오토 스마트,"58,830,000원","58,830,000원","15,400,000원","11,000,000원","4,400,000원","1,300,000원","1,000,000원","300,000원","42,130,000원"
경기도,용인시,https://www.hyundai.com/contents/repn-car/side-w/st1-27my-well-side.png,ST1 카고,오토 스타일,"59,460,000원","59,460,000원","16,800,000원","12,000,000원","4,800,000원","1,300,000원","1,000,000원","300,000원","41,360,000원"
경기도,용인시,https://www.hyundai.com/contents/repn-car/side-w/st1-27my-well-side.png,ST1 카고,오토 스마트,"61,230,000원","61,230,000원","16,800,000원","12,000,000원","4,800,000원","1,300,000원","1,000,000원","300,000원","43,130,000원"
경기도,용인시,https://www.hyundai.com/contents/repn-car/side-w/st1-27my-well-side.png,ST1 카고,오토 프리미엄,"65,710,000원","65,710,000원","16,800,000원","12,000,000원","4,800,000원","1,300,000원","1,000,000원","300,000원","47,610,000원"
경기도,용인시,https://www.hyundai.com/contents/repn-car/side-w/st1-freezer-truck-27my-well-side.png,ST1 카고 냉동,오토 스마트,"69,580,000원","69,580,000원","20,300,000원","14,500,000원","5,800,000원","1,300,000원","1,000,000원","300,000원","47,980,000원"
경기도,용인시,https://www.hyundai.com/contents/repn-car/side-w/st1-freezer-truck-27my-well-side.png,ST1 카고 냉동,오토 프리미엄,"74,060,000원","74,060,000원","20,300,000원","14,500,000원","5,800,000원","1,300,000원","1,000,000원","300,000원","52,460,000원"
경기도,용인시,https://www.hyundai.com/contents/repn-car/side-w/the-new-staria-electric-27pe-well-side.png,더 뉴 스타리아 Electric,2WD 오토 Modern 11인승,"60,290,000원","60,290,000원","19,500,000원","15,000,000원","4,500,000원",0원,0원,0원,"40,790,000원"
경기도,용인시,https://www.hyundai.com/contents/repn-car/side-w/the-new-staria-lounge-electric-27pe-well-side.png,더 뉴 스타리아 라운지 Electric,2WD 오토 Prestige 11인승 라운지,"65,490,000원","65,490,000원","19,500,000원","15,000,000원","4,500,000원",0원,0원,0원,"45,990,000원"
경기도,용인시,https://www.hyundai.com/contents/repn-car/side-w/nexo-27my-well-side.png,넥쏘,2WD 모던,"76,470,532원","80,447,000원","32,500,000원","22,500,000원","10,000,000원",0원,0원,0원,"43,970,532원"
경기도,용인시,https://www.hyundai.com/contents/repn-car/side-w/nexo-27my-well-side.png,넥쏘,2WD 익스클루시브,"79,369,771원","83,497,000원","32,500,000원","22,500,000원","10,000,000원",0원,0원,0원,"46,869,771원"
경기도,용인시,https://www.hyundai.com/contents/repn-car/side-w/nexo-27my-well-side.png,넥쏘,2WD 프레스티지,"83,789,923원","88,147,000원","32,500,000원","22,500,000원","10,000,000원",0원,0원,0원,"51,289,923원"
경기도,부천시,https://www.hyundai.com/contents/repn-car/side-w/casper_ev_26my_well_side.png,2027 캐스퍼 일렉트릭,캐스퍼 일렉트릭 기본형 15인치,"28,469,581원","29,950,000원","6,370,000원","4,900,000원","1,470,000원","1,270,000원","980,000원","290,000원","20,829,581원"
경기도,부천시,https://www.hyundai.com/contents/repn-car/side-w/casper_ev_26my_well_side.png,2027 캐스퍼 일렉트릭,캐스퍼 일렉트릭 항속형 15인치,"32,119,772원","33,790,000원","6,370,000원","4,900,000원","1,470,000원","1,270,000원","980,000원","290,000원","24,479,772원"
경기도,부천시,https://www.hyundai.com/contents/repn-car/side-w/casper_ev_26my_well_side.png,2027 캐스퍼 일렉트릭,캐스퍼 일렉트릭 항속형 17인치,"32,119,772원","33,790,000원","6,370,000원","4,900,000원","1,470,000원","1,270,000원","980,000원","290,000원","24,479,772원"
경기도,부천시,https://www.hyundai.com/contents/repn-car/side-w/casper_ev_26my_well_side.png,2027 캐스퍼 일렉트릭,캐스퍼 일렉트릭 크로스 17인치,"34,125,474원","35,900,000원","6,330,000원","4,870,000원","1,460,000원","1,260,000원","970,000원","290,000원","26,535,474원"
경기도,부천시,https://www.hyundai.com/contents/repn-car/side-w/casper_ev_26my_well_side.png,2027 캐스퍼 일렉트릭,캐스퍼 일렉트릭 라운지 17인치,"34,572,243원","36,370,000원","6,370,000원","4,900,000원","1,470,000원","1,270,000원","980,000원","290,000원","26,932,243원"
경기도,부천시,https://www.hyundai.com/contents/repn-car/side-w/kona-electric-25my-well-side.png,코나 Electric,기본형 E-Value +,"41,520,912원","43,680,000원","5,680,000원","4,370,000원","1,310,000원","1,130,000원","870,000원","260,000원","34,710,912원"
경기도,부천시,https://www.hyundai.com/contents/repn-car/side-w/kona-electric-25my-well-side.png,코나 Electric,기본형 Premium,"43,564,638원","45,830,000원","5,680,000원","4,370,000원","1,310,000원","1,130,000원","870,000원","260,000원","36,754,638원"
경기도,부천시,https://www.hyundai.com/contents/repn-car/side-w/kona-electric-25my-well-side.png,코나 Electric,항속형 Modern plus,"45,655,893원","48,030,000원","6,680,000원","5,140,000원","1,540,000원","1,300,000원","1,000,000원","300,000원","37,675,893원"
경기도,부천시,https://www.hyundai.com/contents/repn-car/side-w/kona-electric-25my-well-side.png,코나 Electric,항속형 Modern plus 스타일 Ⅱ,"45,655,893원","48,030,000원","6,680,000원","5,140,000원","1,540,000원","1,300,000원","1,000,000원","300,000원","37,675,893원"
경기도,부천시,https://www.hyundai.com/contents/repn-car/side-w/kona-electric-25my-well-side.png,코나 Electric,항속형 Premium,"46,568,440원","48,990,000원","6,680,000원","5,140,000원","1,540,000원","1,300,000원","1,000,000원","300,000원","38,588,440원"
경기도,부천시,https://www.hyundai.com/contents/repn-car/side-w/kona-electric-25my-well-side.png,코나 Electric,항속형 Premium 빌트인 캠 2,"46,568,440원","48,990,000원","6,680,000원","5,140,000원","1,540,000원","1,300,000원","1,000,000원","300,000원","38,588,440원"
경기도,부천시,https://www.hyundai.com/contents/repn-car/side-w/kona-electric-25my-well-side.png,코나 Electric,항속형 Premium 스타일 Ⅱ,"46,568,440원","48,990,000원","6,680,000원","5,140,000원","1,540,000원","1,300,000원","1,000,000원","300,000원","38,588,440원"
경기도,부천시,https://www.hyundai.com/contents/repn-car/side-w/kona-electric-25my-well-side.png,코나 Electric,항속형 Inspiration,"49,923,954원","52,520,000원","5,960,000원","4,590,000원","1,370,000원","1,200,000원","920,000원","280,000원","42,763,954원"
경기도,부천시,https://www.hyundai.com/contents/repn-car/side-w/kona-electric-25my-well-side.png,코나 Electric,항속형 N Line Inspiration,"50,865,018원","53,510,000원","5,960,000원","4,590,000원","1,370,000원","1,200,000원","920,000원","280,000원","43,705,018원"
경기도,부천시,https://www.hyundai.com/contents/repn-car/side-w/ioniq5-27my-well-side.png,아이오닉 5,2WD E-Value +(스탠다드) 19인치,"47,347,908원","49,810,000원","6,270,000원","4,830,000원","1,440,000원","1,260,000원","970,000원","290,000원","39,817,908원"
경기도,부천시,https://www.hyundai.com/contents/repn-car/side-w/ioniq5-27my-well-side.png,아이오닉 5,2WD E-Lite(롱레인지) 19인치,"50,636,881원","53,270,000원","7,370,000원","5,670,000원","1,700,000원","1,300,000원","1,000,000원","300,000원","41,966,881원"
경기도,부천시,https://www.hyundai.com/contents/repn-car/side-w/ioniq5-27my-well-side.png,아이오닉 5,2WD 모던(롱레인지) 19인치,"52,899,239원","55,650,000원","7,370,000원","5,670,000원","1,700,000원","1,300,000원","1,000,000원","300,000원","44,229,239원"
경기도,부천시,https://www.hyundai.com/contents/repn-car/side-w/ioniq5-27my-well-side.png,아이오닉 5,4WD E-Lite(롱레인지) 19인치,"52,984,791원","55,740,000원","7,250,000원","5,580,000원","1,670,000원","1,300,000원","1,000,000원","300,000원","44,434,791원"
경기도,부천시,https://www.hyundai.com/contents/repn-car/side-w/ioniq5-27my-well-side.png,아이오닉 5,2WD 모던(롱레인지) 19인치 빌트인캠 2 + 증강현실 내비게이션,"52,899,239원","55,650,000원","7,370,000원","5,670,000원","1,700,000원","1,300,000원","1,000,000원","300,000원","44,229,239원"
경기도,부천시,https://www.hyundai.com/contents/repn-car/side-w/ioniq5-27my-well-side.png,아이오닉 5,4WD 모던(롱레인지) 19인치,"55,247,148원","58,120,000원","7,250,000원","5,580,000원","1,670,000원","1,300,000원","1,000,000원","300,000원","46,697,148원"
경기도,부천시,https://www.hyundai.com/contents/repn-car/side-w/ioniq5-27my-well-side.png,아이오닉 5,2WD 프리미엄(롱레인지) 19인치,"58,241,444원","61,270,000원","7,370,000원","5,670,000원","1,700,000원","1,300,000원","1,000,000원","300,000원","49,571,444원"
경기도,부천시,https://www.hyundai.com/contents/repn-car/side-w/ioniq5-27my-well-side.png,아이오닉 5,2WD 프리미엄(롱레인지) 19인치 빌트인캠 2 + 증강현실 내비게이션,"58,241,444원","61,270,000원","7,370,000원","5,670,000원","1,700,000원","1,300,000원","1,000,000원","300,000원","49,571,444원"
경기도,부천시,https://www.hyundai.com/contents/repn-car/side-w/ioniq5-27my-well-side.png,아이오닉 5,2WD 프리미엄(롱레인지) 20인치,"58,707,224원","61,760,000원","7,260,000원","5,590,000원","1,670,000원","1,300,000원","1,000,000원","300,000원","50,147,224원"
경기도,부천시,https://www.hyundai.com/contents/repn-car/side-w/ioniq5-27my-well-side.png,아이오닉 5,2WD N LINE(롱레인지) 20인치,"59,448,669원","62,540,000원","7,030,000원","5,410,000원","1,620,000원","1,300,000원","1,000,000원","300,000원","51,118,669원"
경기도,부천시,https://www.hyundai.com/contents/repn-car/side-w/ioniq5-27my-well-side.png,아이오닉 5,4WD 프리미엄(롱레인지) 19인치,"60,589,354원","63,740,000원","7,250,000원","5,580,000원","1,670,000원","1,300,000원","1,000,000원","300,000원","52,039,354원"
경기도,부천시,https://www.hyundai.com/contents/repn-car/side-w/ioniq5-27my-well-side.png,아이오닉 5,4WD 프리미엄(롱레인지) 20인치,"61,055,132원","64,230,000원","6,910,000원","5,320,000원","1,590,000원","1,300,000원","1,000,000원","300,000원","52,845,132원"
경기도,부천시,https://www.hyundai.com/contents/repn-car/side-w/ioniq5-27my-well-side.png,아이오닉 5,2WD 인스퍼레이션(롱레인지) 19인치,"61,283,270원","64,470,000원","7,370,000원","5,670,000원","1,700,000원","1,300,000원","1,000,000원","300,000원","52,613,270원"
경기도,부천시,https://www.hyundai.com/contents/repn-car/side-w/ioniq5-27my-well-side.png,아이오닉 5,2WD 인스퍼레이션(롱레인지) 19인치 빌트인캠 2 + 증강현실 내비게이션,"61,283,270원","64,470,000원","7,370,000원","5,670,000원","1,700,000원","1,300,000원","1,000,000원","300,000원","52,613,270원"
경기도,부천시,https://www.hyundai.com/contents/repn-car/side-w/ioniq5-27my-well-side.png,아이오닉 5,2WD 인스퍼레이션(롱레인지) 20인치,"61,749,048원","64,960,000원","7,260,000원","5,590,000원","1,670,000원","1,300,000원","1,000,000원","300,000원","53,189,048원"
경기도,부천시,https://www.hyundai.com/contents/repn-car/side-w/ioniq5-27my-well-side.png,아이오닉 5,4WD N LINE(롱레인지) 20인치,"61,796,577원","65,010,000원","6,630,000원","5,100,000원","1,530,000원","1,300,000원","1,000,000원","300,000원","53,866,577원"
경기도,부천시,https://www.hyundai.com/contents/repn-car/side-w/ioniq5-27my-well-side.png,아이오닉 5,4WD 인스퍼레이션(롱레인지) 19인치,"63,631,178원","66,940,000원","7,250,000원","5,580,000원","1,670,000원","1,300,000원","1,000,000원","300,000원","55,081,178원"
경기도,부천시,https://www.hyundai.com/contents/repn-car/side-w/ioniq5-27my-well-side.png,아이오닉 5,4WD 인스퍼레이션(롱레인지) 20인치,"64,096,958원","67,430,000원","6,910,000원","5,320,000원","1,590,000원","1,300,000원","1,000,000원","300,000원","55,886,958원"
경기도,부천시,https://www.hyundai.com/contents/repn-car/side-w/ioniq6-25fl-well-side.png,더 뉴 아이오닉 6,2WD E-Value +(스탠다드) 18인치,"48,564,639원","51,090,000원","7,280,000원","5,600,000원","1,680,000원","1,300,000원","1,000,000원","300,000원","39,984,639원"
경기도,부천시,https://www.hyundai.com/contents/repn-car/side-w/ioniq6-25fl-well-side.png,더 뉴 아이오닉 6,2WD E-LITE(롱레인지) 18인치,"50,636,881원","53,270,000원","7,410,000원","5,700,000원","1,710,000원","1,300,000원","1,000,000원","300,000원","41,926,881원"
경기도,부천시,https://www.hyundai.com/contents/repn-car/side-w/ioniq6-25fl-well-side.png,더 뉴 아이오닉 6,2WD Exclusive(스탠다드) 18인치,"50,950,570원","53,600,000원","7,280,000원","5,600,000원","1,680,000원","1,300,000원","1,000,000원","300,000원","42,370,570원"
경기도,부천시,https://www.hyundai.com/contents/repn-car/side-w/ioniq6-25fl-well-side.png,더 뉴 아이오닉 6,2WD E-LITE(롱레인지) 20인치,"51,197,719원","53,860,000원","7,410,000원","5,700,000원","1,710,000원","1,300,000원","1,000,000원","300,000원","42,487,719원"
경기도,부천시,https://www.hyundai.com/contents/repn-car/side-w/ioniq6-25fl-well-side.png,더 뉴 아이오닉 6,4WD E-LITE(롱레인지) 18인치,"52,984,791원","55,740,000원","7,410,000원","5,700,000원","1,710,000원","1,300,000원","1,000,000원","300,000원","44,274,791원"
경기도,부천시,https://www.hyundai.com/contents/repn-car/side-w/ioniq6-25fl-well-side.png,더 뉴 아이오닉 6,4WD E-LITE(롱레인지) 20인치,"53,545,627원","56,330,000원","7,180,000원","5,530,000원","1,650,000원","1,300,000원","1,000,000원","300,000원","45,065,627원"
경기도,부천시,https://www.hyundai.com/contents/repn-car/side-w/ioniq6-25fl-well-side.png,더 뉴 아이오닉 6,2WD Exclusive(롱레인지) 18인치,"55,152,091원","58,020,000원","7,410,000원","5,700,000원","1,710,000원","1,300,000원","1,000,000원","300,000원","46,442,091원"
경기도,부천시,https://www.hyundai.com/contents/repn-car/side-w/ioniq6-25fl-well-side.png,더 뉴 아이오닉 6,2WD Prestige(스탠다드) 18인치,"55,532,319원","58,420,000원","7,280,000원","5,600,000원","1,680,000원","1,300,000원","1,000,000원","300,000원","46,952,319원"
경기도,부천시,https://www.hyundai.com/contents/repn-car/side-w/ioniq6-25fl-well-side.png,더 뉴 아이오닉 6,2WD Exclusive(롱레인지) 20인치,"55,712,927원","58,610,000원","7,410,000원","5,700,000원","1,710,000원","1,300,000원","1,000,000원","300,000원","47,002,927원"
경기도,부천시,https://www.hyundai.com/contents/repn-car/side-w/ioniq6-25fl-well-side.png,더 뉴 아이오닉 6,2WD N Line Exclusive(롱레인지) 20인치,"57,452,472원","60,440,000원","7,410,000원","5,700,000원","1,710,000원","1,300,000원","1,000,000원","300,000원","48,742,472원"
경기도,부천시,https://www.hyundai.com/contents/repn-car/side-w/ioniq6-25fl-well-side.png,더 뉴 아이오닉 6,4WD Exclusive(롱레인지) 18인치,"57,499,999원","60,490,000원","7,410,000원","5,700,000원","1,710,000원","1,300,000원","1,000,000원","300,000원","48,789,999원"
경기도,부천시,https://www.hyundai.com/contents/repn-car/side-w/ioniq6-25fl-well-side.png,더 뉴 아이오닉 6,4WD Exclusive(롱레인지) 20인치,"58,060,836원","61,080,000원","7,180,000원","5,530,000원","1,650,000원","1,300,000원","1,000,000원","300,000원","49,580,836원"
경기도,부천시,https://www.hyundai.com/contents/repn-car/side-w/ioniq6-25fl-well-side.png,더 뉴 아이오닉 6,2WD Prestige(롱레인지) 18인치,"59,724,335원","62,830,000원","7,410,000원","5,700,000원","1,710,000원","1,300,000원","1,000,000원","300,000원","51,014,335원"
경기도,부천시,https://www.hyundai.com/contents/repn-car/side-w/ioniq6-25fl-well-side.png,더 뉴 아이오닉 6,4WD N Line Exclusive(롱레인지) 20인치,"59,800,380원","62,910,000원","6,980,000원","5,370,000원","1,610,000원","1,300,000원","1,000,000원","300,000원","51,520,380원"
경기도,부천시,https://www.hyundai.com/contents/repn-car/side-w/ioniq6-25fl-well-side.png,더 뉴 아이오닉 6,2WD Prestige(롱레인지) 20인치,"60,285,171원","63,420,000원","7,410,000원","5,700,000원","1,710,000원","1,300,000원","1,000,000원","300,000원","51,575,171원"
경기도,부천시,https://www.hyundai.com/contents/repn-car/side-w/ioniq6-25fl-well-side.png,더 뉴 아이오닉 6,2WD N Line Prestige(롱레인지) 20인치,"61,321,293원","64,510,000원","7,410,000원","5,700,000원","1,710,000원","1,300,000원","1,000,000원","300,000원","52,611,293원"
경기도,부천시,https://www.hyundai.com/contents/repn-car/side-w/ioniq6-25fl-well-side.png,더 뉴 아이오닉 6,4WD Prestige(롱레인지) 18인치,"62,072,243원","65,300,000원","7,410,000원","5,700,000원","1,710,000원","1,300,000원","1,000,000원","300,000원","53,362,243원"
경기도,부천시,https://www.hyundai.com/contents/repn-car/side-w/ioniq6-25fl-well-side.png,더 뉴 아이오닉 6,4WD Prestige(롱레인지) 20인치,"62,633,079원","65,890,000원","7,180,000원","5,530,000원","1,650,000원","1,300,000원","1,000,000원","300,000원","54,153,079원"
경기도,부천시,https://www.hyundai.com/contents/repn-car/side-w/ioniq6-25fl-well-side.png,더 뉴 아이오닉 6,4WD N Line Prestige(롱레인지) 20인치,"63,669,201원","66,980,000원","6,980,000원","5,370,000원","1,610,000원","1,300,000원","1,000,000원","300,000원","55,389,201원"
경기도,부천시,https://www.hyundai.com/contents/repn-car/side-w/the-new-staria-lounge-electric-27pe-well-side.png,더 뉴 스타리아 라운지 Electric,2WD 오토 Prestige 7인승,"63,593,156원","66,900,000원","2,970,000원","2,290,000원","680,000원","600,000원","460,000원","140,000원","60,023,156원"
경기도,부천시,https://www.hyundai.com/contents/repn-car/side-w/the-new-staria-lounge-electric-27pe-well-side.png,더 뉴 스타리아 라운지 Electric,2WD 오토 Inspiration 7인승,"67,309,885원","70,810,000원","2,970,000원","2,290,000원","680,000원","600,000원","460,000원","140,000원","63,739,885원"
경기도,부천시,https://www.hyundai.com/contents/repn-car/side-w/GV60-27MY.png,GV60,GV60 스탠다드 2WD 19인치,"64,904,943원","68,280,000원","3,700,000원","2,850,000원","850,000원","740,000원","570,000원","170,000원","60,464,943원"
경기도,부천시,https://www.hyundai.com/contents/repn-car/side-w/GV60-27MY.png,GV60,GV60 스탠다드 AWD 19인치,"72,080,000원","72,080,000원","3,530,000원","2,720,000원","810,000원","700,000원","540,000원","160,000원","67,850,000원"
경기도,부천시,https://www.hyundai.com/contents/repn-car/side-w/GV60-27MY.png,GV60,GV60 스탠다드 AWD 20인치,"74,380,000원","74,380,000원","3,390,000원","2,610,000원","780,000원","680,000원","520,000원","160,000원","70,310,000원"
경기도,부천시,https://www.hyundai.com/contents/repn-car/side-w/ioniq9-27my-well-side.png,아이오닉 9,2WD 익스클루시브 19인치 7인승,"67,585,551원","71,100,000원","3,560,000원","2,740,000원","820,000원","720,000원","550,000원","170,000원","63,305,551원"
경기도,부천시,https://www.hyundai.com/contents/repn-car/side-w/ioniq9-27my-well-side.png,아이오닉 9,2WD 익스클루시브 19인치 6인승,"68,165,399원","71,710,000원","3,560,000원","2,740,000원","820,000원","720,000원","550,000원","170,000원","63,885,399원"
경기도,부천시,https://www.hyundai.com/contents/repn-car/side-w/ioniq9-27my-well-side.png,아이오닉 9,4WD(항속) 익스클루시브 19인치 7인승,"70,247,148원","73,900,000원","3,520,000원","2,710,000원","810,000원","700,000원","540,000원","160,000원","66,027,148원"
경기도,부천시,https://www.hyundai.com/contents/repn-car/side-w/ioniq9-27my-well-side.png,아이오닉 9,4WD(항속) 익스클루시브 19인치 6인승,"70,826,995원","74,510,000원","3,520,000원","2,710,000원","810,000원","700,000원","540,000원","160,000원","66,606,995원"
경기도,부천시,https://www.hyundai.com/contents/repn-car/side-w/ioniq9-27my-well-side.png,아이오닉 9,4WD(성능) 익스클루시브 19인치 7인승,"71,102,661원","74,800,000원","3,530,000원","2,720,000원","810,000원","700,000원","540,000원","160,000원","66,872,661원"
경기도,부천시,https://www.hyundai.com/contents/repn-car/side-w/ioniq9-27my-well-side.png,아이오닉 9,4WD(성능) 익스클루시브 19인치 6인승,"71,682,509원","75,410,000원","3,530,000원","2,720,000원","810,000원","700,000원","540,000원","160,000원","67,452,509원"
경기도,부천시,https://www.hyundai.com/contents/repn-car/side-w/ioniq9-27my-well-side.png,아이오닉 9,2WD 프레스티지 19인치 7인승,"73,241,445원","77,050,000원","3,560,000원","2,740,000원","820,000원","720,000원","550,000원","170,000원","68,961,445원"
경기도,부천시,https://www.hyundai.com/contents/repn-car/side-w/ioniq9-27my-well-side.png,아이오닉 9,2WD 프레스티지 21인치 7인승,"73,241,445원","77,050,000원","3,560,000원","2,740,000원","820,000원","720,000원","550,000원","170,000원","68,961,445원"
경기도,부천시,https://www.hyundai.com/contents/repn-car/side-w/ioniq9-27my-well-side.png,아이오닉 9,2WD 프레스티지 19인치 6인승,"73,735,741원","77,570,000원","3,560,000원","2,740,000원","820,000원","720,000원","550,000원","170,000원","69,455,741원"
경기도,부천시,https://www.hyundai.com/contents/repn-car/side-w/ioniq9-27my-well-side.png,아이오닉 9,2WD 프레스티지 21인치 6인승,"73,735,741원","77,570,000원","3,560,000원","2,740,000원","820,000원","720,000원","550,000원","170,000원","69,455,741원"
경기도,부천시,https://www.hyundai.com/contents/repn-car/side-w/ioniq9-27my-well-side.png,아이오닉 9,4WD(항속) 프레스티지 19인치 7인승,"75,903,041원","79,850,000원","3,520,000원","2,710,000원","810,000원","700,000원","540,000원","160,000원","71,683,041원"
경기도,부천시,https://www.hyundai.com/contents/repn-car/side-w/ioniq9-27my-well-side.png,아이오닉 9,4WD(항속) 프레스티지 21인치 7인승,"75,903,041원","79,850,000원","3,520,000원","2,710,000원","810,000원","700,000원","540,000원","160,000원","71,683,041원"
경기도,부천시,https://www.hyundai.com/contents/repn-car/side-w/ioniq9-27my-well-side.png,아이오닉 9,4WD(항속) 프레스티지 19인치 6인승,"76,397,338원","80,370,000원","3,520,000원","2,710,000원","810,000원","700,000원","540,000원","160,000원","72,177,338원"
경기도,부천시,https://www.hyundai.com/contents/repn-car/side-w/ioniq9-27my-well-side.png,아이오닉 9,4WD(항속) 프레스티지 21인치 6인승,"76,397,338원","80,370,000원","3,520,000원","2,710,000원","810,000원","700,000원","540,000원","160,000원","72,177,338원"
경기도,부천시,https://www.hyundai.com/contents/repn-car/side-w/ioniq9-27my-well-side.png,아이오닉 9,4WD(성능) 프레스티지 19인치 7인승,"76,758,555원","80,750,000원","3,530,000원","2,720,000원","810,000원","700,000원","540,000원","160,000원","72,528,555원"
경기도,부천시,https://www.hyundai.com/contents/repn-car/side-w/ioniq9-27my-well-side.png,아이오닉 9,4WD(성능) 프레스티지 21인치 7인승,"76,758,555원","80,750,000원","3,530,000원","2,720,000원","810,000원","700,000원","540,000원","160,000원","72,528,555원"
경기도,부천시,https://www.hyundai.com/contents/repn-car/side-w/ioniq9-27my-well-side.png,아이오닉 9,4WD(성능) 프레스티지 19인치 6인승,"77,252,851원","81,270,000원","3,530,000원","2,720,000원","810,000원","700,000원","540,000원","160,000원","73,022,851원"
경기도,부천시,https://www.hyundai.com/contents/repn-car/side-w/ioniq9-27my-well-side.png,아이오닉 9,4WD(성능) 프레스티지 21인치 6인승,"77,252,851원","81,270,000원","3,530,000원","2,720,000원","810,000원","700,000원","540,000원","160,000원","73,022,851원"
경기도,부천시,https://www.hyundai.com/contents/repn-car/side-w/ioniq9-27my-well-side.png,아이오닉 9,2WD 캘리그래피 19인치 7인승,"78,108,365원","82,170,000원","3,560,000원","2,740,000원","820,000원","720,000원","550,000원","170,000원","73,828,365원"
경기도,부천시,https://www.hyundai.com/contents/repn-car/side-w/ioniq9-27my-well-side.png,아이오닉 9,2WD 캘리그래피 21인치 7인승,"78,108,365원","82,170,000원","3,560,000원","2,740,000원","820,000원","720,000원","550,000원","170,000원","73,828,365원"
경기도,부천시,https://www.hyundai.com/contents/repn-car/side-w/ioniq9-27my-well-side.png,아이오닉 9,2WD 캘리그래피 19인치 6인승,"79,600,760원","83,740,000원","3,560,000원","2,740,000원","820,000원","720,000원","550,000원","170,000원","75,320,760원"
경기도,부천시,https://www.hyundai.com/contents/repn-car/side-w/ioniq9-27my-well-side.png,아이오닉 9,2WD 캘리그래피 21인치 6인승,"79,600,760원","83,740,000원","3,560,000원","2,740,000원","820,000원","720,000원","550,000원","170,000원","75,320,760원"
경기도,부천시,https://www.hyundai.com/contents/repn-car/side-w/ioniq9-27my-well-side.png,아이오닉 9,4WD(항속) 캘리그래피 19인치 7인승,"80,769,961원","84,970,000원","3,520,000원","2,710,000원","810,000원","700,000원","540,000원","160,000원","76,549,961원"
경기도,부천시,https://www.hyundai.com/contents/repn-car/side-w/ioniq9-27my-well-side.png,아이오닉 9,4WD(항속) 캘리그래피 21인치 7인승,"80,769,961원","84,970,000원","3,520,000원","2,710,000원","810,000원","700,000원","540,000원","160,000원","76,549,961원"
경기도,부천시,https://www.hyundai.com/contents/repn-car/side-w/ioniq9-27my-well-side.png,아이오닉 9,4WD(성능) 캘리그래피 19인치 7인승,"81,625,475원","85,870,000원","3,530,000원","2,720,000원","810,000원","700,000원","540,000원","160,000원","77,395,475원"
경기도,부천시,https://www.hyundai.com/contents/repn-car/side-w/ioniq9-27my-well-side.png,아이오닉 9,4WD(성능) 캘리그래피 21인치 7인승,"81,625,475원","85,870,000원","3,530,000원","2,720,000원","810,000원","700,000원","540,000원","160,000원","77,395,475원"
경기도,부천시,https://www.hyundai.com/contents/repn-car/side-w/ioniq9-27my-well-side.png,아이오닉 9,4WD(항속) 캘리그래피 19인치 6인승,"82,262,357원","86,540,000원","3,520,000원","2,710,000원","810,000원","700,000원","540,000원","160,000원","78,042,357원"
경기도,부천시,https://www.hyundai.com/contents/repn-car/side-w/ioniq9-27my-well-side.png,아이오닉 9,4WD(항속) 캘리그래피 21인치 6인승,"82,262,357원","86,540,000원","3,520,000원","2,710,000원","810,000원","700,000원","540,000원","160,000원","78,042,357원"
경기도,부천시,https://www.hyundai.com/contents/repn-car/side-w/ioniq9-27my-well-side.png,아이오닉 9,4WD(성능) 캘리그래피 19인치 6인승,"83,149,999원","87,440,000원","3,530,000원","2,720,000원","810,000원","700,000원","540,000원","160,000원","78,919,999원"
경기도,부천시,https://www.hyundai.com/contents/repn-car/side-w/ioniq9-27my-well-side.png,아이오닉 9,4WD(성능) 캘리그래피 21인치 6인승,"83,149,999원","87,440,000원","3,530,000원","2,720,000원","810,000원","700,000원","540,000원","160,000원","78,919,999원"
경기도,부천시,https://www.hyundai.com/contents/repn-car/side-w/Electrified-GV70-27MY.png,Electrified GV70,ELECTRIFIED GV70 AWD 19인치,"75,798,478원","79,740,000원","3,390,000원","2,610,000원","780,000원","680,000원","520,000원","160,000원","71,728,478원"
경기도,부천시,https://www.hyundai.com/contents/repn-car/side-w/Electrified-GV70-27MY.png,Electrified GV70,ELECTRIFIED GV70 AWD 20인치,"76,558,935원","80,540,000원","3,180,000원","2,450,000원","730,000원","640,000원","490,000원","150,000원","72,738,935원"
경기도,부천시,https://www.hyundai.com/contents/repn-car/side-w/ioniq6-n-25lc-well-side.png,아이오닉 6 N,4WD N,"79,904,942원","84,060,000원","3,250,000원","2,500,000원","750,000원","650,000원","500,000원","150,000원","76,004,942원"
경기도,부천시,https://www.hyundai.com/contents/repn-car/side-w/g80_ev_27my-well-side.png,Electrified G80,ELECTRIFIED G80,"84,790,000원","89,080,000원","3,510,000원","2,700,000원","810,000원","700,000원","540,000원","160,000원","80,580,000원"
경기도,부천시,https://www.hyundai.com/contents/repn-car/side-w/g80_ev_27my-well-side.png,Electrified G80,ELECTRIFIED G80,"87,790,000원","92,080,000원","3,510,000원","2,700,000원","810,000원","700,000원","540,000원","160,000원","83,580,000원"
경기도,부천시,https://www.hyundai.com/contents/repn-car/side-w/the-new-staria-limousine-electric-27pe-well-side.png,더 뉴 스타리아 리무진 Electric,2WD 오토 Inspiration 리무진,"84,820,000원","89,110,000원","2,970,000원","2,290,000원","680,000원","600,000원","460,000원","140,000원","81,250,000원"
경기도,부천시,https://www.hyundai.com/contents/repn-car/side-w/porter2-electric-26my-well-side.png,포터 II Electric ,오토 스타일스페셜,"43,500,000원","43,500,000원","12,580,000원","9,680,000원","2,900,000원","1,300,000원","1,000,000원","300,000원","29,620,000원"
경기도,부천시,https://www.hyundai.com/contents/repn-car/side-w/porter2-electric-26my-well-side.png,포터 II Electric ,오토 스마트스페셜,"44,850,000원","44,850,000원","12,580,000원","9,680,000원","2,900,000원","1,300,000원","1,000,000원","300,000원","30,970,000원"
경기도,부천시,https://www.hyundai.com/contents/repn-car/side-w/porter2-electric-26my-well-side.png,포터 II Electric ,오토 프리미엄스페셜,"46,450,000원","46,450,000원","12,580,000원","9,680,000원","2,900,000원","1,300,000원","1,000,000원","300,000원","32,570,000원"
경기도,부천시,https://www.hyundai.com/contents/repn-car/side-w/porter2-electric-built-in-truck-26my-45side.png,포터II Electric 내장탑차,오토 스마트스페셜 저상,"49,030,000원","49,030,000원","10,140,000원","7,800,000원","2,340,000원","1,200,000원","920,000원","280,000원","37,690,000원"
경기도,부천시,https://www.hyundai.com/contents/repn-car/side-w/porter2-electric-built-in-truck-26my-45side.png,포터II Electric 내장탑차,오토 스마트스페셜,"50,250,000원","50,250,000원","10,140,000원","7,800,000원","2,340,000원","1,200,000원","920,000원","280,000원","38,910,000원"
경기도,부천시,https://www.hyundai.com/contents/repn-car/side-w/porter2-electric-built-in-truck-26my-45side.png,포터II Electric 내장탑차,오토 스마트스페셜 하이,"51,130,000원","51,130,000원","10,140,000원","7,800,000원","2,340,000원","1,200,000원","920,000원","280,000원","39,790,000원"
경기도,부천시,https://www.hyundai.com/contents/repn-car/side-w/porter2-electric-powergate-truck-26my-45side.png,포터II Electric 파워게이트,오토 스마트스페셜,"50,000,000원","50,000,000원","10,140,000원","7,800,000원","2,340,000원","1,200,000원","920,000원","280,000원","38,660,000원"
경기도,부천시,https://www.hyundai.com/contents/repn-car/side-w/porter2-electric-wingbody-26my-45side.png,포터II Electric 윙바디,오토 스마트스페셜 수동식,"51,030,000원","51,030,000원","10,140,000원","7,800,000원","2,340,000원","1,200,000원","920,000원","280,000원","39,690,000원"
경기도,부천시,https://www.hyundai.com/contents/repn-car/side-w/porter2-electric-wingbody-26my-45side.png,포터II Electric 윙바디,오토 스마트스페셜 전동식,"55,240,000원","55,240,000원","10,140,000원","7,800,000원","2,340,000원","1,200,000원","920,000원","280,000원","43,900,000원"
경기도,부천시,https://www.hyundai.com/contents/repn-car/side-w/the-new-staria-electric-27pe-well-side.png,더 뉴 스타리아 Electric,2WD 오토 Modern 3인승,"57,920,000원","57,920,000원","15,600,000원","12,000,000원","3,600,000원","1,300,000원","1,000,000원","300,000원","41,020,000원"
경기도,부천시,https://www.hyundai.com/contents/repn-car/side-w/the-new-staria-electric-27pe-well-side.png,더 뉴 스타리아 Electric,2WD 오토 Modern 5인승,"58,700,000원","58,700,000원","15,600,000원","12,000,000원","3,600,000원","1,300,000원","1,000,000원","300,000원","41,800,000원"
경기도,부천시,https://www.hyundai.com/contents/repn-car/side-w/st1-hightop-27my-well-side.png,ST1 하이탑차,오토 스마트,"58,830,000원","58,830,000원","14,300,000원","11,000,000원","3,300,000원","1,300,000원","1,000,000원","300,000원","43,230,000원"
경기도,부천시,https://www.hyundai.com/contents/repn-car/side-w/st1-27my-well-side.png,ST1 카고,오토 스타일,"59,460,000원","59,460,000원","15,600,000원","12,000,000원","3,600,000원","1,300,000원","1,000,000원","300,000원","42,560,000원"
경기도,부천시,https://www.hyundai.com/contents/repn-car/side-w/st1-27my-well-side.png,ST1 카고,오토 스마트,"61,230,000원","61,230,000원","15,600,000원","12,000,000원","3,600,000원","1,300,000원","1,000,000원","300,000원","44,330,000원"
경기도,부천시,https://www.hyundai.com/contents/repn-car/side-w/st1-27my-well-side.png,ST1 카고,오토 프리미엄,"65,710,000원","65,710,000원","15,600,000원","12,000,000원","3,600,000원","1,300,000원","1,000,000원","300,000원","48,810,000원"
경기도,부천시,https://www.hyundai.com/contents/repn-car/side-w/st1-freezer-truck-27my-well-side.png,ST1 카고 냉동,오토 스마트,"69,580,000원","69,580,000원","18,850,000원","14,500,000원","4,350,000원","1,300,000원","1,000,000원","300,000원","49,430,000원"
경기도,부천시,https://www.hyundai.com/contents/repn-car/side-w/st1-freezer-truck-27my-well-side.png,ST1 카고 냉동,오토 프리미엄,"74,060,000원","74,060,000원","18,850,000원","14,500,000원","4,350,000원","1,300,000원","1,000,000원","300,000원","53,910,000원"
경기도,부천시,https://www.hyundai.com/contents/repn-car/side-w/the-new-staria-electric-27pe-well-side.png,더 뉴 스타리아 Electric,2WD 오토 Modern 11인승,"60,290,000원","60,290,000원","19,500,000원","15,000,000원","4,500,000원",0원,0원,0원,"40,790,000원"
경기도,부천시,https://www.hyundai.com/contents/repn-car/side-w/the-new-staria-lounge-electric-27pe-well-side.png,더 뉴 스타리아 라운지 Electric,2WD 오토 Prestige 11인승 라운지,"65,490,000원","65,490,000원","19,500,000원","15,000,000원","4,500,000원",0원,0원,0원,"45,990,000원"
경기도,부천시,https://www.hyundai.com/contents/repn-car/side-w/nexo-27my-well-side.png,넥쏘,2WD 모던,"76,470,532원","80,447,000원","32,500,000원","22,500,000원","10,000,000원",0원,0원,0원,"43,970,532원"
경기도,부천시,https://www.hyundai.com/contents/repn-car/side-w/nexo-27my-well-side.png,넥쏘,2WD 익스클루시브,"79,369,771원","83,497,000원","32,500,000원","22,500,000원","10,000,000원",0원,0원,0원,"46,869,771원"
경기도,부천시,https://www.hyundai.com/contents/repn-car/side-w/nexo-27my-well-side.png,넥쏘,2WD 프레스티지,"83,789,923원","88,147,000원","32,500,000원","22,500,000원","10,000,000원",0원,0원,0원,"51,289,923원"
경기도,안산시,https://www.hyundai.com/contents/repn-car/side-w/casper_ev_26my_well_side.png,2027 캐스퍼 일렉트릭,캐스퍼 일렉트릭 기본형 15인치,"28,469,581원","29,950,000원","6,860,000원","4,900,000원","1,960,000원","1,270,000원","980,000원","290,000원","20,339,581원"
경기도,안산시,https://www.hyundai.com/contents/repn-car/side-w/casper_ev_26my_well_side.png,2027 캐스퍼 일렉트릭,캐스퍼 일렉트릭 항속형 15인치,"32,119,772원","33,790,000원","6,860,000원","4,900,000원","1,960,000원","1,270,000원","980,000원","290,000원","23,989,772원"
경기도,안산시,https://www.hyundai.com/contents/repn-car/side-w/casper_ev_26my_well_side.png,2027 캐스퍼 일렉트릭,캐스퍼 일렉트릭 항속형 17인치,"32,119,772원","33,790,000원","6,860,000원","4,900,000원","1,960,000원","1,270,000원","980,000원","290,000원","23,989,772원"
경기도,안산시,https://www.hyundai.com/contents/repn-car/side-w/casper_ev_26my_well_side.png,2027 캐스퍼 일렉트릭,캐스퍼 일렉트릭 크로스 17인치,"34,125,474원","35,900,000원","6,810,000원","4,870,000원","1,940,000원","1,260,000원","970,000원","290,000원","26,055,474원"
경기도,안산시,https://www.hyundai.com/contents/repn-car/side-w/casper_ev_26my_well_side.png,2027 캐스퍼 일렉트릭,캐스퍼 일렉트릭 라운지 17인치,"34,572,243원","36,370,000원","6,860,000원","4,900,000원","1,960,000원","1,270,000원","980,000원","290,000원","26,442,243원"
경기도,안산시,https://www.hyundai.com/contents/repn-car/side-w/kona-electric-25my-well-side.png,코나 Electric,기본형 E-Value +,"41,520,912원","43,680,000원","6,110,000원","4,370,000원","1,740,000원","1,130,000원","870,000원","260,000원","34,280,912원"
경기도,안산시,https://www.hyundai.com/contents/repn-car/side-w/kona-electric-25my-well-side.png,코나 Electric,기본형 Premium,"43,564,638원","45,830,000원","6,110,000원","4,370,000원","1,740,000원","1,130,000원","870,000원","260,000원","36,324,638원"
경기도,안산시,https://www.hyundai.com/contents/repn-car/side-w/kona-electric-25my-well-side.png,코나 Electric,항속형 Modern plus,"45,655,893원","48,030,000원","7,190,000원","5,140,000원","2,050,000원","1,300,000원","1,000,000원","300,000원","37,165,893원"
경기도,안산시,https://www.hyundai.com/contents/repn-car/side-w/kona-electric-25my-well-side.png,코나 Electric,항속형 Modern plus 스타일 Ⅱ,"45,655,893원","48,030,000원","7,190,000원","5,140,000원","2,050,000원","1,300,000원","1,000,000원","300,000원","37,165,893원"
경기도,안산시,https://www.hyundai.com/contents/repn-car/side-w/kona-electric-25my-well-side.png,코나 Electric,항속형 Premium,"46,568,440원","48,990,000원","7,190,000원","5,140,000원","2,050,000원","1,300,000원","1,000,000원","300,000원","38,078,440원"
경기도,안산시,https://www.hyundai.com/contents/repn-car/side-w/kona-electric-25my-well-side.png,코나 Electric,항속형 Premium 빌트인 캠 2,"46,568,440원","48,990,000원","7,190,000원","5,140,000원","2,050,000원","1,300,000원","1,000,000원","300,000원","38,078,440원"
경기도,안산시,https://www.hyundai.com/contents/repn-car/side-w/kona-electric-25my-well-side.png,코나 Electric,항속형 Premium 스타일 Ⅱ,"46,568,440원","48,990,000원","7,190,000원","5,140,000원","2,050,000원","1,300,000원","1,000,000원","300,000원","38,078,440원"
경기도,안산시,https://www.hyundai.com/contents/repn-car/side-w/kona-electric-25my-well-side.png,코나 Electric,항속형 Inspiration,"49,923,954원","52,520,000원","6,420,000원","4,590,000원","1,830,000원","1,200,000원","920,000원","280,000원","42,303,954원"
경기도,안산시,https://www.hyundai.com/contents/repn-car/side-w/kona-electric-25my-well-side.png,코나 Electric,항속형 N Line Inspiration,"50,865,018원","53,510,000원","6,420,000원","4,590,000원","1,830,000원","1,200,000원","920,000원","280,000원","43,245,018원"
경기도,안산시,https://www.hyundai.com/contents/repn-car/side-w/ioniq5-27my-well-side.png,아이오닉 5,2WD E-Value +(스탠다드) 19인치,"47,347,908원","49,810,000원","6,760,000원","4,830,000원","1,930,000원","1,260,000원","970,000원","290,000원","39,327,908원"
경기도,안산시,https://www.hyundai.com/contents/repn-car/side-w/ioniq5-27my-well-side.png,아이오닉 5,2WD E-Lite(롱레인지) 19인치,"50,636,881원","53,270,000원","7,930,000원","5,670,000원","2,260,000원","1,300,000원","1,000,000원","300,000원","41,406,881원"
경기도,안산시,https://www.hyundai.com/contents/repn-car/side-w/ioniq5-27my-well-side.png,아이오닉 5,2WD 모던(롱레인지) 19인치,"52,899,239원","55,650,000원","7,930,000원","5,670,000원","2,260,000원","1,300,000원","1,000,000원","300,000원","43,669,239원"
경기도,안산시,https://www.hyundai.com/contents/repn-car/side-w/ioniq5-27my-well-side.png,아이오닉 5,4WD E-Lite(롱레인지) 19인치,"52,984,791원","55,740,000원","7,810,000원","5,580,000원","2,230,000원","1,300,000원","1,000,000원","300,000원","43,874,791원"
경기도,안산시,https://www.hyundai.com/contents/repn-car/side-w/ioniq5-27my-well-side.png,아이오닉 5,2WD 모던(롱레인지) 19인치 빌트인캠 2 + 증강현실 내비게이션,"52,899,239원","55,650,000원","7,930,000원","5,670,000원","2,260,000원","1,300,000원","1,000,000원","300,000원","43,669,239원"
경기도,안산시,https://www.hyundai.com/contents/repn-car/side-w/ioniq5-27my-well-side.png,아이오닉 5,4WD 모던(롱레인지) 19인치,"55,247,148원","58,120,000원","7,810,000원","5,580,000원","2,230,000원","1,300,000원","1,000,000원","300,000원","46,137,148원"
경기도,안산시,https://www.hyundai.com/contents/repn-car/side-w/ioniq5-27my-well-side.png,아이오닉 5,2WD 프리미엄(롱레인지) 19인치,"58,241,444원","61,270,000원","7,930,000원","5,670,000원","2,260,000원","1,300,000원","1,000,000원","300,000원","49,011,444원"
경기도,안산시,https://www.hyundai.com/contents/repn-car/side-w/ioniq5-27my-well-side.png,아이오닉 5,2WD 프리미엄(롱레인지) 19인치 빌트인캠 2 + 증강현실 내비게이션,"58,241,444원","61,270,000원","7,930,000원","5,670,000원","2,260,000원","1,300,000원","1,000,000원","300,000원","49,011,444원"
경기도,안산시,https://www.hyundai.com/contents/repn-car/side-w/ioniq5-27my-well-side.png,아이오닉 5,2WD 프리미엄(롱레인지) 20인치,"58,707,224원","61,760,000원","7,820,000원","5,590,000원","2,230,000원","1,300,000원","1,000,000원","300,000원","49,587,224원"
경기도,안산시,https://www.hyundai.com/contents/repn-car/side-w/ioniq5-27my-well-side.png,아이오닉 5,2WD N LINE(롱레인지) 20인치,"59,448,669원","62,540,000원","7,570,000원","5,410,000원","2,160,000원","1,300,000원","1,000,000원","300,000원","50,578,669원"
경기도,안산시,https://www.hyundai.com/contents/repn-car/side-w/ioniq5-27my-well-side.png,아이오닉 5,4WD 프리미엄(롱레인지) 19인치,"60,589,354원","63,740,000원","7,810,000원","5,580,000원","2,230,000원","1,300,000원","1,000,000원","300,000원","51,479,354원"
경기도,안산시,https://www.hyundai.com/contents/repn-car/side-w/ioniq5-27my-well-side.png,아이오닉 5,4WD 프리미엄(롱레인지) 20인치,"61,055,132원","64,230,000원","7,440,000원","5,320,000원","2,120,000원","1,300,000원","1,000,000원","300,000원","52,315,132원"
경기도,안산시,https://www.hyundai.com/contents/repn-car/side-w/ioniq5-27my-well-side.png,아이오닉 5,2WD 인스퍼레이션(롱레인지) 19인치,"61,283,270원","64,470,000원","7,930,000원","5,670,000원","2,260,000원","1,300,000원","1,000,000원","300,000원","52,053,270원"
경기도,안산시,https://www.hyundai.com/contents/repn-car/side-w/ioniq5-27my-well-side.png,아이오닉 5,2WD 인스퍼레이션(롱레인지) 19인치 빌트인캠 2 + 증강현실 내비게이션,"61,283,270원","64,470,000원","7,930,000원","5,670,000원","2,260,000원","1,300,000원","1,000,000원","300,000원","52,053,270원"
경기도,안산시,https://www.hyundai.com/contents/repn-car/side-w/ioniq5-27my-well-side.png,아이오닉 5,2WD 인스퍼레이션(롱레인지) 20인치,"61,749,048원","64,960,000원","7,820,000원","5,590,000원","2,230,000원","1,300,000원","1,000,000원","300,000원","52,629,048원"
경기도,안산시,https://www.hyundai.com/contents/repn-car/side-w/ioniq5-27my-well-side.png,아이오닉 5,4WD N LINE(롱레인지) 20인치,"61,796,577원","65,010,000원","7,140,000원","5,100,000원","2,040,000원","1,300,000원","1,000,000원","300,000원","53,356,577원"
경기도,안산시,https://www.hyundai.com/contents/repn-car/side-w/ioniq5-27my-well-side.png,아이오닉 5,4WD 인스퍼레이션(롱레인지) 19인치,"63,631,178원","66,940,000원","7,810,000원","5,580,000원","2,230,000원","1,300,000원","1,000,000원","300,000원","54,521,178원"
경기도,안산시,https://www.hyundai.com/contents/repn-car/side-w/ioniq5-27my-well-side.png,아이오닉 5,4WD 인스퍼레이션(롱레인지) 20인치,"64,096,958원","67,430,000원","7,440,000원","5,320,000원","2,120,000원","1,300,000원","1,000,000원","300,000원","55,356,958원"
경기도,안산시,https://www.hyundai.com/contents/repn-car/side-w/ioniq6-25fl-well-side.png,더 뉴 아이오닉 6,2WD E-Value +(스탠다드) 18인치,"48,564,639원","51,090,000원","7,840,000원","5,600,000원","2,240,000원","1,300,000원","1,000,000원","300,000원","39,424,639원"
경기도,안산시,https://www.hyundai.com/contents/repn-car/side-w/ioniq6-25fl-well-side.png,더 뉴 아이오닉 6,2WD E-LITE(롱레인지) 18인치,"50,636,881원","53,270,000원","7,980,000원","5,700,000원","2,280,000원","1,300,000원","1,000,000원","300,000원","41,356,881원"
경기도,안산시,https://www.hyundai.com/contents/repn-car/side-w/ioniq6-25fl-well-side.png,더 뉴 아이오닉 6,2WD Exclusive(스탠다드) 18인치,"50,950,570원","53,600,000원","7,840,000원","5,600,000원","2,240,000원","1,300,000원","1,000,000원","300,000원","41,810,570원"
경기도,안산시,https://www.hyundai.com/contents/repn-car/side-w/ioniq6-25fl-well-side.png,더 뉴 아이오닉 6,2WD E-LITE(롱레인지) 20인치,"51,197,719원","53,860,000원","7,980,000원","5,700,000원","2,280,000원","1,300,000원","1,000,000원","300,000원","41,917,719원"
경기도,안산시,https://www.hyundai.com/contents/repn-car/side-w/ioniq6-25fl-well-side.png,더 뉴 아이오닉 6,4WD E-LITE(롱레인지) 18인치,"52,984,791원","55,740,000원","7,980,000원","5,700,000원","2,280,000원","1,300,000원","1,000,000원","300,000원","43,704,791원"
경기도,안산시,https://www.hyundai.com/contents/repn-car/side-w/ioniq6-25fl-well-side.png,더 뉴 아이오닉 6,4WD E-LITE(롱레인지) 20인치,"53,545,627원","56,330,000원","7,740,000원","5,530,000원","2,210,000원","1,300,000원","1,000,000원","300,000원","44,505,627원"
경기도,안산시,https://www.hyundai.com/contents/repn-car/side-w/ioniq6-25fl-well-side.png,더 뉴 아이오닉 6,2WD Exclusive(롱레인지) 18인치,"55,152,091원","58,020,000원","7,980,000원","5,700,000원","2,280,000원","1,300,000원","1,000,000원","300,000원","45,872,091원"
경기도,안산시,https://www.hyundai.com/contents/repn-car/side-w/ioniq6-25fl-well-side.png,더 뉴 아이오닉 6,2WD Prestige(스탠다드) 18인치,"55,532,319원","58,420,000원","7,840,000원","5,600,000원","2,240,000원","1,300,000원","1,000,000원","300,000원","46,392,319원"
경기도,안산시,https://www.hyundai.com/contents/repn-car/side-w/ioniq6-25fl-well-side.png,더 뉴 아이오닉 6,2WD Exclusive(롱레인지) 20인치,"55,712,927원","58,610,000원","7,980,000원","5,700,000원","2,280,000원","1,300,000원","1,000,000원","300,000원","46,432,927원"
경기도,안산시,https://www.hyundai.com/contents/repn-car/side-w/ioniq6-25fl-well-side.png,더 뉴 아이오닉 6,2WD N Line Exclusive(롱레인지) 20인치,"57,452,472원","60,440,000원","7,980,000원","5,700,000원","2,280,000원","1,300,000원","1,000,000원","300,000원","48,172,472원"
경기도,안산시,https://www.hyundai.com/contents/repn-car/side-w/ioniq6-25fl-well-side.png,더 뉴 아이오닉 6,4WD Exclusive(롱레인지) 18인치,"57,499,999원","60,490,000원","7,980,000원","5,700,000원","2,280,000원","1,300,000원","1,000,000원","300,000원","48,219,999원"
경기도,안산시,https://www.hyundai.com/contents/repn-car/side-w/ioniq6-25fl-well-side.png,더 뉴 아이오닉 6,4WD Exclusive(롱레인지) 20인치,"58,060,836원","61,080,000원","7,740,000원","5,530,000원","2,210,000원","1,300,000원","1,000,000원","300,000원","49,020,836원"
경기도,안산시,https://www.hyundai.com/contents/repn-car/side-w/ioniq6-25fl-well-side.png,더 뉴 아이오닉 6,2WD Prestige(롱레인지) 18인치,"59,724,335원","62,830,000원","7,980,000원","5,700,000원","2,280,000원","1,300,000원","1,000,000원","300,000원","50,444,335원"
경기도,안산시,https://www.hyundai.com/contents/repn-car/side-w/ioniq6-25fl-well-side.png,더 뉴 아이오닉 6,4WD N Line Exclusive(롱레인지) 20인치,"59,800,380원","62,910,000원","7,510,000원","5,370,000원","2,140,000원","1,300,000원","1,000,000원","300,000원","50,990,380원"
경기도,안산시,https://www.hyundai.com/contents/repn-car/side-w/ioniq6-25fl-well-side.png,더 뉴 아이오닉 6,2WD Prestige(롱레인지) 20인치,"60,285,171원","63,420,000원","7,980,000원","5,700,000원","2,280,000원","1,300,000원","1,000,000원","300,000원","51,005,171원"
경기도,안산시,https://www.hyundai.com/contents/repn-car/side-w/ioniq6-25fl-well-side.png,더 뉴 아이오닉 6,2WD N Line Prestige(롱레인지) 20인치,"61,321,293원","64,510,000원","7,980,000원","5,700,000원","2,280,000원","1,300,000원","1,000,000원","300,000원","52,041,293원"
경기도,안산시,https://www.hyundai.com/contents/repn-car/side-w/ioniq6-25fl-well-side.png,더 뉴 아이오닉 6,4WD Prestige(롱레인지) 18인치,"62,072,243원","65,300,000원","7,980,000원","5,700,000원","2,280,000원","1,300,000원","1,000,000원","300,000원","52,792,243원"
경기도,안산시,https://www.hyundai.com/contents/repn-car/side-w/ioniq6-25fl-well-side.png,더 뉴 아이오닉 6,4WD Prestige(롱레인지) 20인치,"62,633,079원","65,890,000원","7,740,000원","5,530,000원","2,210,000원","1,300,000원","1,000,000원","300,000원","53,593,079원"
경기도,안산시,https://www.hyundai.com/contents/repn-car/side-w/ioniq6-25fl-well-side.png,더 뉴 아이오닉 6,4WD N Line Prestige(롱레인지) 20인치,"63,669,201원","66,980,000원","7,510,000원","5,370,000원","2,140,000원","1,300,000원","1,000,000원","300,000원","54,859,201원"
경기도,안산시,https://www.hyundai.com/contents/repn-car/side-w/the-new-staria-lounge-electric-27pe-well-side.png,더 뉴 스타리아 라운지 Electric,2WD 오토 Prestige 7인승,"63,593,156원","66,900,000원","3,200,000원","2,290,000원","910,000원","600,000원","460,000원","140,000원","59,793,156원"
경기도,안산시,https://www.hyundai.com/contents/repn-car/side-w/the-new-staria-lounge-electric-27pe-well-side.png,더 뉴 스타리아 라운지 Electric,2WD 오토 Inspiration 7인승,"67,309,885원","70,810,000원","3,200,000원","2,290,000원","910,000원","600,000원","460,000원","140,000원","63,509,885원"
경기도,안산시,https://www.hyundai.com/contents/repn-car/side-w/GV60-27MY.png,GV60,GV60 스탠다드 2WD 19인치,"64,904,943원","68,280,000원","3,990,000원","2,850,000원","1,140,000원","740,000원","570,000원","170,000원","60,174,943원"
경기도,안산시,https://www.hyundai.com/contents/repn-car/side-w/GV60-27MY.png,GV60,GV60 스탠다드 AWD 19인치,"72,080,000원","72,080,000원","3,800,000원","2,720,000원","1,080,000원","700,000원","540,000원","160,000원","67,580,000원"
경기도,안산시,https://www.hyundai.com/contents/repn-car/side-w/GV60-27MY.png,GV60,GV60 스탠다드 AWD 20인치,"74,380,000원","74,380,000원","3,650,000원","2,610,000원","1,040,000원","680,000원","520,000원","160,000원","70,050,000원"
경기도,안산시,https://www.hyundai.com/contents/repn-car/side-w/ioniq9-27my-well-side.png,아이오닉 9,2WD 익스클루시브 19인치 7인승,"67,585,551원","71,100,000원","3,830,000원","2,740,000원","1,090,000원","720,000원","550,000원","170,000원","63,035,551원"
경기도,안산시,https://www.hyundai.com/contents/repn-car/side-w/ioniq9-27my-well-side.png,아이오닉 9,2WD 익스클루시브 19인치 6인승,"68,165,399원","71,710,000원","3,830,000원","2,740,000원","1,090,000원","720,000원","550,000원","170,000원","63,615,399원"
경기도,안산시,https://www.hyundai.com/contents/repn-car/side-w/ioniq9-27my-well-side.png,아이오닉 9,4WD(항속) 익스클루시브 19인치 7인승,"70,247,148원","73,900,000원","3,790,000원","2,710,000원","1,080,000원","700,000원","540,000원","160,000원","65,757,148원"
경기도,안산시,https://www.hyundai.com/contents/repn-car/side-w/ioniq9-27my-well-side.png,아이오닉 9,4WD(항속) 익스클루시브 19인치 6인승,"70,826,995원","74,510,000원","3,790,000원","2,710,000원","1,080,000원","700,000원","540,000원","160,000원","66,336,995원"
경기도,안산시,https://www.hyundai.com/contents/repn-car/side-w/ioniq9-27my-well-side.png,아이오닉 9,4WD(성능) 익스클루시브 19인치 7인승,"71,102,661원","74,800,000원","3,800,000원","2,720,000원","1,080,000원","700,000원","540,000원","160,000원","66,602,661원"
경기도,안산시,https://www.hyundai.com/contents/repn-car/side-w/ioniq9-27my-well-side.png,아이오닉 9,4WD(성능) 익스클루시브 19인치 6인승,"71,682,509원","75,410,000원","3,800,000원","2,720,000원","1,080,000원","700,000원","540,000원","160,000원","67,182,509원"
경기도,안산시,https://www.hyundai.com/contents/repn-car/side-w/ioniq9-27my-well-side.png,아이오닉 9,2WD 프레스티지 19인치 7인승,"73,241,445원","77,050,000원","3,830,000원","2,740,000원","1,090,000원","720,000원","550,000원","170,000원","68,691,445원"
경기도,안산시,https://www.hyundai.com/contents/repn-car/side-w/ioniq9-27my-well-side.png,아이오닉 9,2WD 프레스티지 21인치 7인승,"73,241,445원","77,050,000원","3,830,000원","2,740,000원","1,090,000원","720,000원","550,000원","170,000원","68,691,445원"
경기도,안산시,https://www.hyundai.com/contents/repn-car/side-w/ioniq9-27my-well-side.png,아이오닉 9,2WD 프레스티지 19인치 6인승,"73,735,741원","77,570,000원","3,830,000원","2,740,000원","1,090,000원","720,000원","550,000원","170,000원","69,185,741원"
경기도,안산시,https://www.hyundai.com/contents/repn-car/side-w/ioniq9-27my-well-side.png,아이오닉 9,2WD 프레스티지 21인치 6인승,"73,735,741원","77,570,000원","3,830,000원","2,740,000원","1,090,000원","720,000원","550,000원","170,000원","69,185,741원"
경기도,안산시,https://www.hyundai.com/contents/repn-car/side-w/ioniq9-27my-well-side.png,아이오닉 9,4WD(항속) 프레스티지 19인치 7인승,"75,903,041원","79,850,000원","3,790,000원","2,710,000원","1,080,000원","700,000원","540,000원","160,000원","71,413,041원"
경기도,안산시,https://www.hyundai.com/contents/repn-car/side-w/ioniq9-27my-well-side.png,아이오닉 9,4WD(항속) 프레스티지 21인치 7인승,"75,903,041원","79,850,000원","3,790,000원","2,710,000원","1,080,000원","700,000원","540,000원","160,000원","71,413,041원"
경기도,안산시,https://www.hyundai.com/contents/repn-car/side-w/ioniq9-27my-well-side.png,아이오닉 9,4WD(항속) 프레스티지 19인치 6인승,"76,397,338원","80,370,000원","3,790,000원","2,710,000원","1,080,000원","700,000원","540,000원","160,000원","71,907,338원"
경기도,안산시,https://www.hyundai.com/contents/repn-car/side-w/ioniq9-27my-well-side.png,아이오닉 9,4WD(항속) 프레스티지 21인치 6인승,"76,397,338원","80,370,000원","3,790,000원","2,710,000원","1,080,000원","700,000원","540,000원","160,000원","71,907,338원"
경기도,안산시,https://www.hyundai.com/contents/repn-car/side-w/ioniq9-27my-well-side.png,아이오닉 9,4WD(성능) 프레스티지 19인치 7인승,"76,758,555원","80,750,000원","3,800,000원","2,720,000원","1,080,000원","700,000원","540,000원","160,000원","72,258,555원"
경기도,안산시,https://www.hyundai.com/contents/repn-car/side-w/ioniq9-27my-well-side.png,아이오닉 9,4WD(성능) 프레스티지 21인치 7인승,"76,758,555원","80,750,000원","3,800,000원","2,720,000원","1,080,000원","700,000원","540,000원","160,000원","72,258,555원"
경기도,안산시,https://www.hyundai.com/contents/repn-car/side-w/ioniq9-27my-well-side.png,아이오닉 9,4WD(성능) 프레스티지 19인치 6인승,"77,252,851원","81,270,000원","3,800,000원","2,720,000원","1,080,000원","700,000원","540,000원","160,000원","72,752,851원"
경기도,안산시,https://www.hyundai.com/contents/repn-car/side-w/ioniq9-27my-well-side.png,아이오닉 9,4WD(성능) 프레스티지 21인치 6인승,"77,252,851원","81,270,000원","3,800,000원","2,720,000원","1,080,000원","700,000원","540,000원","160,000원","72,752,851원"
경기도,안산시,https://www.hyundai.com/contents/repn-car/side-w/ioniq9-27my-well-side.png,아이오닉 9,2WD 캘리그래피 19인치 7인승,"78,108,365원","82,170,000원","3,830,000원","2,740,000원","1,090,000원","720,000원","550,000원","170,000원","73,558,365원"
경기도,안산시,https://www.hyundai.com/contents/repn-car/side-w/ioniq9-27my-well-side.png,아이오닉 9,2WD 캘리그래피 21인치 7인승,"78,108,365원","82,170,000원","3,830,000원","2,740,000원","1,090,000원","720,000원","550,000원","170,000원","73,558,365원"
경기도,안산시,https://www.hyundai.com/contents/repn-car/side-w/ioniq9-27my-well-side.png,아이오닉 9,2WD 캘리그래피 19인치 6인승,"79,600,760원","83,740,000원","3,830,000원","2,740,000원","1,090,000원","720,000원","550,000원","170,000원","75,050,760원"
경기도,안산시,https://www.hyundai.com/contents/repn-car/side-w/ioniq9-27my-well-side.png,아이오닉 9,2WD 캘리그래피 21인치 6인승,"79,600,760원","83,740,000원","3,830,000원","2,740,000원","1,090,000원","720,000원","550,000원","170,000원","75,050,760원"
경기도,안산시,https://www.hyundai.com/contents/repn-car/side-w/ioniq9-27my-well-side.png,아이오닉 9,4WD(항속) 캘리그래피 19인치 7인승,"80,769,961원","84,970,000원","3,790,000원","2,710,000원","1,080,000원","700,000원","540,000원","160,000원","76,279,961원"
경기도,안산시,https://www.hyundai.com/contents/repn-car/side-w/ioniq9-27my-well-side.png,아이오닉 9,4WD(항속) 캘리그래피 21인치 7인승,"80,769,961원","84,970,000원","3,790,000원","2,710,000원","1,080,000원","700,000원","540,000원","160,000원","76,279,961원"
경기도,안산시,https://www.hyundai.com/contents/repn-car/side-w/ioniq9-27my-well-side.png,아이오닉 9,4WD(성능) 캘리그래피 19인치 7인승,"81,625,475원","85,870,000원","3,800,000원","2,720,000원","1,080,000원","700,000원","540,000원","160,000원","77,125,475원"
경기도,안산시,https://www.hyundai.com/contents/repn-car/side-w/ioniq9-27my-well-side.png,아이오닉 9,4WD(성능) 캘리그래피 21인치 7인승,"81,625,475원","85,870,000원","3,800,000원","2,720,000원","1,080,000원","700,000원","540,000원","160,000원","77,125,475원"
경기도,안산시,https://www.hyundai.com/contents/repn-car/side-w/ioniq9-27my-well-side.png,아이오닉 9,4WD(항속) 캘리그래피 19인치 6인승,"82,262,357원","86,540,000원","3,790,000원","2,710,000원","1,080,000원","700,000원","540,000원","160,000원","77,772,357원"
경기도,안산시,https://www.hyundai.com/contents/repn-car/side-w/ioniq9-27my-well-side.png,아이오닉 9,4WD(항속) 캘리그래피 21인치 6인승,"82,262,357원","86,540,000원","3,790,000원","2,710,000원","1,080,000원","700,000원","540,000원","160,000원","77,772,357원"
경기도,안산시,https://www.hyundai.com/contents/repn-car/side-w/ioniq9-27my-well-side.png,아이오닉 9,4WD(성능) 캘리그래피 19인치 6인승,"83,149,999원","87,440,000원","3,800,000원","2,720,000원","1,080,000원","700,000원","540,000원","160,000원","78,649,999원"
경기도,안산시,https://www.hyundai.com/contents/repn-car/side-w/ioniq9-27my-well-side.png,아이오닉 9,4WD(성능) 캘리그래피 21인치 6인승,"83,149,999원","87,440,000원","3,800,000원","2,720,000원","1,080,000원","700,000원","540,000원","160,000원","78,649,999원"
경기도,안산시,https://www.hyundai.com/contents/repn-car/side-w/Electrified-GV70-27MY.png,Electrified GV70,ELECTRIFIED GV70 AWD 19인치,"75,798,478원","79,740,000원","3,650,000원","2,610,000원","1,040,000원","680,000원","520,000원","160,000원","71,468,478원"
경기도,안산시,https://www.hyundai.com/contents/repn-car/side-w/Electrified-GV70-27MY.png,Electrified GV70,ELECTRIFIED GV70 AWD 20인치,"76,558,935원","80,540,000원","3,430,000원","2,450,000원","980,000원","640,000원","490,000원","150,000원","72,488,935원"
경기도,안산시,https://www.hyundai.com/contents/repn-car/side-w/ioniq6-n-25lc-well-side.png,아이오닉 6 N,4WD N,"79,904,942원","84,060,000원","3,500,000원","2,500,000원","1,000,000원","650,000원","500,000원","150,000원","75,754,942원"
경기도,안산시,https://www.hyundai.com/contents/repn-car/side-w/g80_ev_27my-well-side.png,Electrified G80,ELECTRIFIED G80,"84,790,000원","89,080,000원","3,780,000원","2,700,000원","1,080,000원","700,000원","540,000원","160,000원","80,310,000원"
경기도,안산시,https://www.hyundai.com/contents/repn-car/side-w/g80_ev_27my-well-side.png,Electrified G80,ELECTRIFIED G80,"87,790,000원","92,080,000원","3,780,000원","2,700,000원","1,080,000원","700,000원","540,000원","160,000원","83,310,000원"
경기도,안산시,https://www.hyundai.com/contents/repn-car/side-w/the-new-staria-limousine-electric-27pe-well-side.png,더 뉴 스타리아 리무진 Electric,2WD 오토 Inspiration 리무진,"84,820,000원","89,110,000원","3,200,000원","2,290,000원","910,000원","600,000원","460,000원","140,000원","81,020,000원"
경기도,안산시,https://www.hyundai.com/contents/repn-car/side-w/porter2-electric-26my-well-side.png,포터 II Electric ,오토 스타일스페셜,"43,500,000원","43,500,000원","14,030,000원","9,680,000원","4,350,000원","1,300,000원","1,000,000원","300,000원","28,170,000원"
경기도,안산시,https://www.hyundai.com/contents/repn-car/side-w/porter2-electric-26my-well-side.png,포터 II Electric ,오토 스마트스페셜,"44,850,000원","44,850,000원","14,030,000원","9,680,000원","4,350,000원","1,300,000원","1,000,000원","300,000원","29,520,000원"
경기도,안산시,https://www.hyundai.com/contents/repn-car/side-w/porter2-electric-26my-well-side.png,포터 II Electric ,오토 프리미엄스페셜,"46,450,000원","46,450,000원","14,030,000원","9,680,000원","4,350,000원","1,300,000원","1,000,000원","300,000원","31,120,000원"
경기도,안산시,https://www.hyundai.com/contents/repn-car/side-w/porter2-electric-built-in-truck-26my-45side.png,포터II Electric 내장탑차,오토 스마트스페셜 저상,"49,030,000원","49,030,000원","11,310,000원","7,800,000원","3,510,000원","1,200,000원","920,000원","280,000원","36,520,000원"
경기도,안산시,https://www.hyundai.com/contents/repn-car/side-w/porter2-electric-built-in-truck-26my-45side.png,포터II Electric 내장탑차,오토 스마트스페셜,"50,250,000원","50,250,000원","11,310,000원","7,800,000원","3,510,000원","1,200,000원","920,000원","280,000원","37,740,000원"
경기도,안산시,https://www.hyundai.com/contents/repn-car/side-w/porter2-electric-built-in-truck-26my-45side.png,포터II Electric 내장탑차,오토 스마트스페셜 하이,"51,130,000원","51,130,000원","11,310,000원","7,800,000원","3,510,000원","1,200,000원","920,000원","280,000원","38,620,000원"
경기도,안산시,https://www.hyundai.com/contents/repn-car/side-w/porter2-electric-powergate-truck-26my-45side.png,포터II Electric 파워게이트,오토 스마트스페셜,"50,000,000원","50,000,000원","11,310,000원","7,800,000원","3,510,000원","1,200,000원","920,000원","280,000원","37,490,000원"
경기도,안산시,https://www.hyundai.com/contents/repn-car/side-w/porter2-electric-wingbody-26my-45side.png,포터II Electric 윙바디,오토 스마트스페셜 수동식,"51,030,000원","51,030,000원","11,310,000원","7,800,000원","3,510,000원","1,200,000원","920,000원","280,000원","38,520,000원"
경기도,안산시,https://www.hyundai.com/contents/repn-car/side-w/porter2-electric-wingbody-26my-45side.png,포터II Electric 윙바디,오토 스마트스페셜 전동식,"55,240,000원","55,240,000원","11,310,000원","7,800,000원","3,510,000원","1,200,000원","920,000원","280,000원","42,730,000원"
경기도,안산시,https://www.hyundai.com/contents/repn-car/side-w/the-new-staria-electric-27pe-well-side.png,더 뉴 스타리아 Electric,2WD 오토 Modern 3인승,"57,920,000원","57,920,000원","17,400,000원","12,000,000원","5,400,000원","1,300,000원","1,000,000원","300,000원","39,220,000원"
경기도,안산시,https://www.hyundai.com/contents/repn-car/side-w/the-new-staria-electric-27pe-well-side.png,더 뉴 스타리아 Electric,2WD 오토 Modern 5인승,"58,700,000원","58,700,000원","17,400,000원","12,000,000원","5,400,000원","1,300,000원","1,000,000원","300,000원","40,000,000원"
경기도,안산시,https://www.hyundai.com/contents/repn-car/side-w/st1-hightop-27my-well-side.png,ST1 하이탑차,오토 스마트,"58,830,000원","58,830,000원","15,950,000원","11,000,000원","4,950,000원","1,300,000원","1,000,000원","300,000원","41,580,000원"
경기도,안산시,https://www.hyundai.com/contents/repn-car/side-w/st1-27my-well-side.png,ST1 카고,오토 스타일,"59,460,000원","59,460,000원","17,400,000원","12,000,000원","5,400,000원","1,300,000원","1,000,000원","300,000원","40,760,000원"
경기도,안산시,https://www.hyundai.com/contents/repn-car/side-w/st1-27my-well-side.png,ST1 카고,오토 스마트,"61,230,000원","61,230,000원","17,400,000원","12,000,000원","5,400,000원","1,300,000원","1,000,000원","300,000원","42,530,000원"
경기도,안산시,https://www.hyundai.com/contents/repn-car/side-w/st1-27my-well-side.png,ST1 카고,오토 프리미엄,"65,710,000원","65,710,000원","17,400,000원","12,000,000원","5,400,000원","1,300,000원","1,000,000원","300,000원","47,010,000원"
경기도,안산시,https://www.hyundai.com/contents/repn-car/side-w/st1-freezer-truck-27my-well-side.png,ST1 카고 냉동,오토 스마트,"69,580,000원","69,580,000원","21,020,000원","14,500,000원","6,520,000원","1,300,000원","1,000,000원","300,000원","47,260,000원"
경기도,안산시,https://www.hyundai.com/contents/repn-car/side-w/st1-freezer-truck-27my-well-side.png,ST1 카고 냉동,오토 프리미엄,"74,060,000원","74,060,000원","21,020,000원","14,500,000원","6,520,000원","1,300,000원","1,000,000원","300,000원","51,740,000원"
경기도,안산시,https://www.hyundai.com/contents/repn-car/side-w/the-new-staria-electric-27pe-well-side.png,더 뉴 스타리아 Electric,2WD 오토 Modern 11인승,"60,290,000원","60,290,000원","19,500,000원","15,000,000원","4,500,000원",0원,0원,0원,"40,790,000원"
경기도,안산시,https://www.hyundai.com/contents/repn-car/side-w/the-new-staria-lounge-electric-27pe-well-side.png,더 뉴 스타리아 라운지 Electric,2WD 오토 Prestige 11인승 라운지,"65,490,000원","65,490,000원","19,500,000원","15,000,000원","4,500,000원",0원,0원,0원,"45,990,000원"
경기도,안산시,https://www.hyundai.com/contents/repn-car/side-w/nexo-27my-well-side.png,넥쏘,2WD 모던,"76,470,532원","80,447,000원","35,000,000원","22,500,000원","12,500,000원",0원,0원,0원,"41,470,532원"
경기도,안산시,https://www.hyundai.com/contents/repn-car/side-w/nexo-27my-well-side.png,넥쏘,2WD 익스클루시브,"79,369,771원","83,497,000원","35,000,000원","22,500,000원","12,500,000원",0원,0원,0원,"44,369,771원"
경기도,안산시,https://www.hyundai.com/contents/repn-car/side-w/nexo-27my-well-side.png,넥쏘,2WD 프레스티지,"83,789,923원","88,147,000원","35,000,000원","22,500,000원","12,500,000원",0원,0원,0원,"48,789,923원"
경기도,안양시,https://www.hyundai.com/contents/repn-car/side-w/casper_ev_26my_well_side.png,2027 캐스퍼 일렉트릭,캐스퍼 일렉트릭 기본형 15인치,"28,469,581원","29,950,000원","6,980,000원","4,900,000원","2,080,000원","1,270,000원","980,000원","290,000원","20,219,581원"
경기도,안양시,https://www.hyundai.com/contents/repn-car/side-w/casper_ev_26my_well_side.png,2027 캐스퍼 일렉트릭,캐스퍼 일렉트릭 항속형 15인치,"32,119,772원","33,790,000원","6,980,000원","4,900,000원","2,080,000원","1,270,000원","980,000원","290,000원","23,869,772원"
경기도,안양시,https://www.hyundai.com/contents/repn-car/side-w/casper_ev_26my_well_side.png,2027 캐스퍼 일렉트릭,캐스퍼 일렉트릭 항속형 17인치,"32,119,772원","33,790,000원","6,980,000원","4,900,000원","2,080,000원","1,270,000원","980,000원","290,000원","23,869,772원"
경기도,안양시,https://www.hyundai.com/contents/repn-car/side-w/casper_ev_26my_well_side.png,2027 캐스퍼 일렉트릭,캐스퍼 일렉트릭 크로스 17인치,"34,125,474원","35,900,000원","6,930,000원","4,870,000원","2,060,000원","1,260,000원","970,000원","290,000원","25,935,474원"
경기도,안양시,https://www.hyundai.com/contents/repn-car/side-w/casper_ev_26my_well_side.png,2027 캐스퍼 일렉트릭,캐스퍼 일렉트릭 라운지 17인치,"34,572,243원","36,370,000원","6,980,000원","4,900,000원","2,080,000원","1,270,000원","980,000원","290,000원","26,322,243원"
경기도,안양시,https://www.hyundai.com/contents/repn-car/side-w/kona-electric-25my-well-side.png,코나 Electric,기본형 E-Value +,"41,520,912원","43,680,000원","6,220,000원","4,370,000원","1,850,000원","1,130,000원","870,000원","260,000원","34,170,912원"
경기도,안양시,https://www.hyundai.com/contents/repn-car/side-w/kona-electric-25my-well-side.png,코나 Electric,기본형 Premium,"43,564,638원","45,830,000원","6,220,000원","4,370,000원","1,850,000원","1,130,000원","870,000원","260,000원","36,214,638원"
경기도,안양시,https://www.hyundai.com/contents/repn-car/side-w/kona-electric-25my-well-side.png,코나 Electric,항속형 Modern plus,"45,655,893원","48,030,000원","7,320,000원","5,140,000원","2,180,000원","1,300,000원","1,000,000원","300,000원","37,035,893원"
경기도,안양시,https://www.hyundai.com/contents/repn-car/side-w/kona-electric-25my-well-side.png,코나 Electric,항속형 Modern plus 스타일 Ⅱ,"45,655,893원","48,030,000원","7,320,000원","5,140,000원","2,180,000원","1,300,000원","1,000,000원","300,000원","37,035,893원"
경기도,안양시,https://www.hyundai.com/contents/repn-car/side-w/kona-electric-25my-well-side.png,코나 Electric,항속형 Premium,"46,568,440원","48,990,000원","7,320,000원","5,140,000원","2,180,000원","1,300,000원","1,000,000원","300,000원","37,948,440원"
경기도,안양시,https://www.hyundai.com/contents/repn-car/side-w/kona-electric-25my-well-side.png,코나 Electric,항속형 Premium 빌트인 캠 2,"46,568,440원","48,990,000원","7,320,000원","5,140,000원","2,180,000원","1,300,000원","1,000,000원","300,000원","37,948,440원"
경기도,안양시,https://www.hyundai.com/contents/repn-car/side-w/kona-electric-25my-well-side.png,코나 Electric,항속형 Premium 스타일 Ⅱ,"46,568,440원","48,990,000원","7,320,000원","5,140,000원","2,180,000원","1,300,000원","1,000,000원","300,000원","37,948,440원"
경기도,안양시,https://www.hyundai.com/contents/repn-car/side-w/kona-electric-25my-well-side.png,코나 Electric,항속형 Inspiration,"49,923,954원","52,520,000원","6,540,000원","4,590,000원","1,950,000원","1,200,000원","920,000원","280,000원","42,183,954원"
경기도,안양시,https://www.hyundai.com/contents/repn-car/side-w/kona-electric-25my-well-side.png,코나 Electric,항속형 N Line Inspiration,"50,865,018원","53,510,000원","6,540,000원","4,590,000원","1,950,000원","1,200,000원","920,000원","280,000원","43,125,018원"
경기도,안양시,https://www.hyundai.com/contents/repn-car/side-w/ioniq5-27my-well-side.png,아이오닉 5,2WD E-Value +(스탠다드) 19인치,"47,347,908원","49,810,000원","6,880,000원","4,830,000원","2,050,000원","1,260,000원","970,000원","290,000원","39,207,908원"
경기도,안양시,https://www.hyundai.com/contents/repn-car/side-w/ioniq5-27my-well-side.png,아이오닉 5,2WD E-Lite(롱레인지) 19인치,"50,636,881원","53,270,000원","8,070,000원","5,670,000원","2,400,000원","1,300,000원","1,000,000원","300,000원","41,266,881원"
경기도,안양시,https://www.hyundai.com/contents/repn-car/side-w/ioniq5-27my-well-side.png,아이오닉 5,2WD 모던(롱레인지) 19인치,"52,899,239원","55,650,000원","8,070,000원","5,670,000원","2,400,000원","1,300,000원","1,000,000원","300,000원","43,529,239원"
경기도,안양시,https://www.hyundai.com/contents/repn-car/side-w/ioniq5-27my-well-side.png,아이오닉 5,4WD E-Lite(롱레인지) 19인치,"52,984,791원","55,740,000원","7,950,000원","5,580,000원","2,370,000원","1,300,000원","1,000,000원","300,000원","43,734,791원"
경기도,안양시,https://www.hyundai.com/contents/repn-car/side-w/ioniq5-27my-well-side.png,아이오닉 5,2WD 모던(롱레인지) 19인치 빌트인캠 2 + 증강현실 내비게이션,"52,899,239원","55,650,000원","8,070,000원","5,670,000원","2,400,000원","1,300,000원","1,000,000원","300,000원","43,529,239원"
경기도,안양시,https://www.hyundai.com/contents/repn-car/side-w/ioniq5-27my-well-side.png,아이오닉 5,4WD 모던(롱레인지) 19인치,"55,247,148원","58,120,000원","7,950,000원","5,580,000원","2,370,000원","1,300,000원","1,000,000원","300,000원","45,997,148원"
경기도,안양시,https://www.hyundai.com/contents/repn-car/side-w/ioniq5-27my-well-side.png,아이오닉 5,2WD 프리미엄(롱레인지) 19인치,"58,241,444원","61,270,000원","8,070,000원","5,670,000원","2,400,000원","1,300,000원","1,000,000원","300,000원","48,871,444원"
경기도,안양시,https://www.hyundai.com/contents/repn-car/side-w/ioniq5-27my-well-side.png,아이오닉 5,2WD 프리미엄(롱레인지) 19인치 빌트인캠 2 + 증강현실 내비게이션,"58,241,444원","61,270,000원","8,070,000원","5,670,000원","2,400,000원","1,300,000원","1,000,000원","300,000원","48,871,444원"
경기도,안양시,https://www.hyundai.com/contents/repn-car/side-w/ioniq5-27my-well-side.png,아이오닉 5,2WD 프리미엄(롱레인지) 20인치,"58,707,224원","61,760,000원","7,960,000원","5,590,000원","2,370,000원","1,300,000원","1,000,000원","300,000원","49,447,224원"
경기도,안양시,https://www.hyundai.com/contents/repn-car/side-w/ioniq5-27my-well-side.png,아이오닉 5,2WD N LINE(롱레인지) 20인치,"59,448,669원","62,540,000원","7,700,000원","5,410,000원","2,290,000원","1,300,000원","1,000,000원","300,000원","50,448,669원"
경기도,안양시,https://www.hyundai.com/contents/repn-car/side-w/ioniq5-27my-well-side.png,아이오닉 5,4WD 프리미엄(롱레인지) 19인치,"60,589,354원","63,740,000원","7,950,000원","5,580,000원","2,370,000원","1,300,000원","1,000,000원","300,000원","51,339,354원"
경기도,안양시,https://www.hyundai.com/contents/repn-car/side-w/ioniq5-27my-well-side.png,아이오닉 5,4WD 프리미엄(롱레인지) 20인치,"61,055,132원","64,230,000원","7,580,000원","5,320,000원","2,260,000원","1,300,000원","1,000,000원","300,000원","52,175,132원"
경기도,안양시,https://www.hyundai.com/contents/repn-car/side-w/ioniq5-27my-well-side.png,아이오닉 5,2WD 인스퍼레이션(롱레인지) 19인치,"61,283,270원","64,470,000원","8,070,000원","5,670,000원","2,400,000원","1,300,000원","1,000,000원","300,000원","51,913,270원"
경기도,안양시,https://www.hyundai.com/contents/repn-car/side-w/ioniq5-27my-well-side.png,아이오닉 5,2WD 인스퍼레이션(롱레인지) 19인치 빌트인캠 2 + 증강현실 내비게이션,"61,283,270원","64,470,000원","8,070,000원","5,670,000원","2,400,000원","1,300,000원","1,000,000원","300,000원","51,913,270원"
경기도,안양시,https://www.hyundai.com/contents/repn-car/side-w/ioniq5-27my-well-side.png,아이오닉 5,2WD 인스퍼레이션(롱레인지) 20인치,"61,749,048원","64,960,000원","7,960,000원","5,590,000원","2,370,000원","1,300,000원","1,000,000원","300,000원","52,489,048원"
경기도,안양시,https://www.hyundai.com/contents/repn-car/side-w/ioniq5-27my-well-side.png,아이오닉 5,4WD N LINE(롱레인지) 20인치,"61,796,577원","65,010,000원","7,260,000원","5,100,000원","2,160,000원","1,300,000원","1,000,000원","300,000원","53,236,577원"
경기도,안양시,https://www.hyundai.com/contents/repn-car/side-w/ioniq5-27my-well-side.png,아이오닉 5,4WD 인스퍼레이션(롱레인지) 19인치,"63,631,178원","66,940,000원","7,950,000원","5,580,000원","2,370,000원","1,300,000원","1,000,000원","300,000원","54,381,178원"
경기도,안양시,https://www.hyundai.com/contents/repn-car/side-w/ioniq5-27my-well-side.png,아이오닉 5,4WD 인스퍼레이션(롱레인지) 20인치,"64,096,958원","67,430,000원","7,580,000원","5,320,000원","2,260,000원","1,300,000원","1,000,000원","300,000원","55,216,958원"
경기도,안양시,https://www.hyundai.com/contents/repn-car/side-w/ioniq6-25fl-well-side.png,더 뉴 아이오닉 6,2WD E-Value +(스탠다드) 18인치,"48,564,639원","51,090,000원","7,980,000원","5,600,000원","2,380,000원","1,300,000원","1,000,000원","300,000원","39,284,639원"
경기도,안양시,https://www.hyundai.com/contents/repn-car/side-w/ioniq6-25fl-well-side.png,더 뉴 아이오닉 6,2WD E-LITE(롱레인지) 18인치,"50,636,881원","53,270,000원","8,120,000원","5,700,000원","2,420,000원","1,300,000원","1,000,000원","300,000원","41,216,881원"
경기도,안양시,https://www.hyundai.com/contents/repn-car/side-w/ioniq6-25fl-well-side.png,더 뉴 아이오닉 6,2WD Exclusive(스탠다드) 18인치,"50,950,570원","53,600,000원","7,980,000원","5,600,000원","2,380,000원","1,300,000원","1,000,000원","300,000원","41,670,570원"
경기도,안양시,https://www.hyundai.com/contents/repn-car/side-w/ioniq6-25fl-well-side.png,더 뉴 아이오닉 6,2WD E-LITE(롱레인지) 20인치,"51,197,719원","53,860,000원","8,120,000원","5,700,000원","2,420,000원","1,300,000원","1,000,000원","300,000원","41,777,719원"
경기도,안양시,https://www.hyundai.com/contents/repn-car/side-w/ioniq6-25fl-well-side.png,더 뉴 아이오닉 6,4WD E-LITE(롱레인지) 18인치,"52,984,791원","55,740,000원","8,120,000원","5,700,000원","2,420,000원","1,300,000원","1,000,000원","300,000원","43,564,791원"
경기도,안양시,https://www.hyundai.com/contents/repn-car/side-w/ioniq6-25fl-well-side.png,더 뉴 아이오닉 6,4WD E-LITE(롱레인지) 20인치,"53,545,627원","56,330,000원","7,880,000원","5,530,000원","2,350,000원","1,300,000원","1,000,000원","300,000원","44,365,627원"
경기도,안양시,https://www.hyundai.com/contents/repn-car/side-w/ioniq6-25fl-well-side.png,더 뉴 아이오닉 6,2WD Exclusive(롱레인지) 18인치,"55,152,091원","58,020,000원","8,120,000원","5,700,000원","2,420,000원","1,300,000원","1,000,000원","300,000원","45,732,091원"
경기도,안양시,https://www.hyundai.com/contents/repn-car/side-w/ioniq6-25fl-well-side.png,더 뉴 아이오닉 6,2WD Prestige(스탠다드) 18인치,"55,532,319원","58,420,000원","7,980,000원","5,600,000원","2,380,000원","1,300,000원","1,000,000원","300,000원","46,252,319원"
경기도,안양시,https://www.hyundai.com/contents/repn-car/side-w/ioniq6-25fl-well-side.png,더 뉴 아이오닉 6,2WD Exclusive(롱레인지) 20인치,"55,712,927원","58,610,000원","8,120,000원","5,700,000원","2,420,000원","1,300,000원","1,000,000원","300,000원","46,292,927원"
경기도,안양시,https://www.hyundai.com/contents/repn-car/side-w/ioniq6-25fl-well-side.png,더 뉴 아이오닉 6,2WD N Line Exclusive(롱레인지) 20인치,"57,452,472원","60,440,000원","8,120,000원","5,700,000원","2,420,000원","1,300,000원","1,000,000원","300,000원","48,032,472원"
경기도,안양시,https://www.hyundai.com/contents/repn-car/side-w/ioniq6-25fl-well-side.png,더 뉴 아이오닉 6,4WD Exclusive(롱레인지) 18인치,"57,499,999원","60,490,000원","8,120,000원","5,700,000원","2,420,000원","1,300,000원","1,000,000원","300,000원","48,079,999원"
경기도,안양시,https://www.hyundai.com/contents/repn-car/side-w/ioniq6-25fl-well-side.png,더 뉴 아이오닉 6,4WD Exclusive(롱레인지) 20인치,"58,060,836원","61,080,000원","7,880,000원","5,530,000원","2,350,000원","1,300,000원","1,000,000원","300,000원","48,880,836원"
경기도,안양시,https://www.hyundai.com/contents/repn-car/side-w/ioniq6-25fl-well-side.png,더 뉴 아이오닉 6,2WD Prestige(롱레인지) 18인치,"59,724,335원","62,830,000원","8,120,000원","5,700,000원","2,420,000원","1,300,000원","1,000,000원","300,000원","50,304,335원"
경기도,안양시,https://www.hyundai.com/contents/repn-car/side-w/ioniq6-25fl-well-side.png,더 뉴 아이오닉 6,4WD N Line Exclusive(롱레인지) 20인치,"59,800,380원","62,910,000원","7,650,000원","5,370,000원","2,280,000원","1,300,000원","1,000,000원","300,000원","50,850,380원"
경기도,안양시,https://www.hyundai.com/contents/repn-car/side-w/ioniq6-25fl-well-side.png,더 뉴 아이오닉 6,2WD Prestige(롱레인지) 20인치,"60,285,171원","63,420,000원","8,120,000원","5,700,000원","2,420,000원","1,300,000원","1,000,000원","300,000원","50,865,171원"
경기도,안양시,https://www.hyundai.com/contents/repn-car/side-w/ioniq6-25fl-well-side.png,더 뉴 아이오닉 6,2WD N Line Prestige(롱레인지) 20인치,"61,321,293원","64,510,000원","8,120,000원","5,700,000원","2,420,000원","1,300,000원","1,000,000원","300,000원","51,901,293원"
경기도,안양시,https://www.hyundai.com/contents/repn-car/side-w/ioniq6-25fl-well-side.png,더 뉴 아이오닉 6,4WD Prestige(롱레인지) 18인치,"62,072,243원","65,300,000원","8,120,000원","5,700,000원","2,420,000원","1,300,000원","1,000,000원","300,000원","52,652,243원"
경기도,안양시,https://www.hyundai.com/contents/repn-car/side-w/ioniq6-25fl-well-side.png,더 뉴 아이오닉 6,4WD Prestige(롱레인지) 20인치,"62,633,079원","65,890,000원","7,880,000원","5,530,000원","2,350,000원","1,300,000원","1,000,000원","300,000원","53,453,079원"
경기도,안양시,https://www.hyundai.com/contents/repn-car/side-w/ioniq6-25fl-well-side.png,더 뉴 아이오닉 6,4WD N Line Prestige(롱레인지) 20인치,"63,669,201원","66,980,000원","7,650,000원","5,370,000원","2,280,000원","1,300,000원","1,000,000원","300,000원","54,719,201원"
경기도,안양시,https://www.hyundai.com/contents/repn-car/side-w/the-new-staria-lounge-electric-27pe-well-side.png,더 뉴 스타리아 라운지 Electric,2WD 오토 Prestige 7인승,"63,593,156원","66,900,000원","3,260,000원","2,290,000원","970,000원","600,000원","460,000원","140,000원","59,733,156원"
경기도,안양시,https://www.hyundai.com/contents/repn-car/side-w/the-new-staria-lounge-electric-27pe-well-side.png,더 뉴 스타리아 라운지 Electric,2WD 오토 Inspiration 7인승,"67,309,885원","70,810,000원","3,260,000원","2,290,000원","970,000원","600,000원","460,000원","140,000원","63,449,885원"
경기도,안양시,https://www.hyundai.com/contents/repn-car/side-w/GV60-27MY.png,GV60,GV60 스탠다드 2WD 19인치,"64,904,943원","68,280,000원","4,060,000원","2,850,000원","1,210,000원","740,000원","570,000원","170,000원","60,104,943원"
경기도,안양시,https://www.hyundai.com/contents/repn-car/side-w/GV60-27MY.png,GV60,GV60 스탠다드 AWD 19인치,"72,080,000원","72,080,000원","3,870,000원","2,720,000원","1,150,000원","700,000원","540,000원","160,000원","67,510,000원"
경기도,안양시,https://www.hyundai.com/contents/repn-car/side-w/GV60-27MY.png,GV60,GV60 스탠다드 AWD 20인치,"74,380,000원","74,380,000원","3,710,000원","2,610,000원","1,100,000원","680,000원","520,000원","160,000원","69,990,000원"
경기도,안양시,https://www.hyundai.com/contents/repn-car/side-w/ioniq9-27my-well-side.png,아이오닉 9,2WD 익스클루시브 19인치 7인승,"67,585,551원","71,100,000원","3,900,000원","2,740,000원","1,160,000원","720,000원","550,000원","170,000원","62,965,551원"
경기도,안양시,https://www.hyundai.com/contents/repn-car/side-w/ioniq9-27my-well-side.png,아이오닉 9,2WD 익스클루시브 19인치 6인승,"68,165,399원","71,710,000원","3,900,000원","2,740,000원","1,160,000원","720,000원","550,000원","170,000원","63,545,399원"
경기도,안양시,https://www.hyundai.com/contents/repn-car/side-w/ioniq9-27my-well-side.png,아이오닉 9,4WD(항속) 익스클루시브 19인치 7인승,"70,247,148원","73,900,000원","3,860,000원","2,710,000원","1,150,000원","700,000원","540,000원","160,000원","65,687,148원"
경기도,안양시,https://www.hyundai.com/contents/repn-car/side-w/ioniq9-27my-well-side.png,아이오닉 9,4WD(항속) 익스클루시브 19인치 6인승,"70,826,995원","74,510,000원","3,860,000원","2,710,000원","1,150,000원","700,000원","540,000원","160,000원","66,266,995원"
경기도,안양시,https://www.hyundai.com/contents/repn-car/side-w/ioniq9-27my-well-side.png,아이오닉 9,4WD(성능) 익스클루시브 19인치 7인승,"71,102,661원","74,800,000원","3,870,000원","2,720,000원","1,150,000원","700,000원","540,000원","160,000원","66,532,661원"
경기도,안양시,https://www.hyundai.com/contents/repn-car/side-w/ioniq9-27my-well-side.png,아이오닉 9,4WD(성능) 익스클루시브 19인치 6인승,"71,682,509원","75,410,000원","3,870,000원","2,720,000원","1,150,000원","700,000원","540,000원","160,000원","67,112,509원"
경기도,안양시,https://www.hyundai.com/contents/repn-car/side-w/ioniq9-27my-well-side.png,아이오닉 9,2WD 프레스티지 19인치 7인승,"73,241,445원","77,050,000원","3,900,000원","2,740,000원","1,160,000원","720,000원","550,000원","170,000원","68,621,445원"
경기도,안양시,https://www.hyundai.com/contents/repn-car/side-w/ioniq9-27my-well-side.png,아이오닉 9,2WD 프레스티지 21인치 7인승,"73,241,445원","77,050,000원","3,900,000원","2,740,000원","1,160,000원","720,000원","550,000원","170,000원","68,621,445원"
경기도,안양시,https://www.hyundai.com/contents/repn-car/side-w/ioniq9-27my-well-side.png,아이오닉 9,2WD 프레스티지 19인치 6인승,"73,735,741원","77,570,000원","3,900,000원","2,740,000원","1,160,000원","720,000원","550,000원","170,000원","69,115,741원"
경기도,안양시,https://www.hyundai.com/contents/repn-car/side-w/ioniq9-27my-well-side.png,아이오닉 9,2WD 프레스티지 21인치 6인승,"73,735,741원","77,570,000원","3,900,000원","2,740,000원","1,160,000원","720,000원","550,000원","170,000원","69,115,741원"
경기도,안양시,https://www.hyundai.com/contents/repn-car/side-w/ioniq9-27my-well-side.png,아이오닉 9,4WD(항속) 프레스티지 19인치 7인승,"75,903,041원","79,850,000원","3,860,000원","2,710,000원","1,150,000원","700,000원","540,000원","160,000원","71,343,041원"
경기도,안양시,https://www.hyundai.com/contents/repn-car/side-w/ioniq9-27my-well-side.png,아이오닉 9,4WD(항속) 프레스티지 21인치 7인승,"75,903,041원","79,850,000원","3,860,000원","2,710,000원","1,150,000원","700,000원","540,000원","160,000원","71,343,041원"
경기도,안양시,https://www.hyundai.com/contents/repn-car/side-w/ioniq9-27my-well-side.png,아이오닉 9,4WD(항속) 프레스티지 19인치 6인승,"76,397,338원","80,370,000원","3,860,000원","2,710,000원","1,150,000원","700,000원","540,000원","160,000원","71,837,338원"
경기도,안양시,https://www.hyundai.com/contents/repn-car/side-w/ioniq9-27my-well-side.png,아이오닉 9,4WD(항속) 프레스티지 21인치 6인승,"76,397,338원","80,370,000원","3,860,000원","2,710,000원","1,150,000원","700,000원","540,000원","160,000원","71,837,338원"
경기도,안양시,https://www.hyundai.com/contents/repn-car/side-w/ioniq9-27my-well-side.png,아이오닉 9,4WD(성능) 프레스티지 19인치 7인승,"76,758,555원","80,750,000원","3,870,000원","2,720,000원","1,150,000원","700,000원","540,000원","160,000원","72,188,555원"
경기도,안양시,https://www.hyundai.com/contents/repn-car/side-w/ioniq9-27my-well-side.png,아이오닉 9,4WD(성능) 프레스티지 21인치 7인승,"76,758,555원","80,750,000원","3,870,000원","2,720,000원","1,150,000원","700,000원","540,000원","160,000원","72,188,555원"
경기도,안양시,https://www.hyundai.com/contents/repn-car/side-w/ioniq9-27my-well-side.png,아이오닉 9,4WD(성능) 프레스티지 19인치 6인승,"77,252,851원","81,270,000원","3,870,000원","2,720,000원","1,150,000원","700,000원","540,000원","160,000원","72,682,851원"
경기도,안양시,https://www.hyundai.com/contents/repn-car/side-w/ioniq9-27my-well-side.png,아이오닉 9,4WD(성능) 프레스티지 21인치 6인승,"77,252,851원","81,270,000원","3,870,000원","2,720,000원","1,150,000원","700,000원","540,000원","160,000원","72,682,851원"
경기도,안양시,https://www.hyundai.com/contents/repn-car/side-w/ioniq9-27my-well-side.png,아이오닉 9,2WD 캘리그래피 19인치 7인승,"78,108,365원","82,170,000원","3,900,000원","2,740,000원","1,160,000원","720,000원","550,000원","170,000원","73,488,365원"
경기도,안양시,https://www.hyundai.com/contents/repn-car/side-w/ioniq9-27my-well-side.png,아이오닉 9,2WD 캘리그래피 21인치 7인승,"78,108,365원","82,170,000원","3,900,000원","2,740,000원","1,160,000원","720,000원","550,000원","170,000원","73,488,365원"
경기도,안양시,https://www.hyundai.com/contents/repn-car/side-w/ioniq9-27my-well-side.png,아이오닉 9,2WD 캘리그래피 19인치 6인승,"79,600,760원","83,740,000원","3,900,000원","2,740,000원","1,160,000원","720,000원","550,000원","170,000원","74,980,760원"
경기도,안양시,https://www.hyundai.com/contents/repn-car/side-w/ioniq9-27my-well-side.png,아이오닉 9,2WD 캘리그래피 21인치 6인승,"79,600,760원","83,740,000원","3,900,000원","2,740,000원","1,160,000원","720,000원","550,000원","170,000원","74,980,760원"
경기도,안양시,https://www.hyundai.com/contents/repn-car/side-w/ioniq9-27my-well-side.png,아이오닉 9,4WD(항속) 캘리그래피 19인치 7인승,"80,769,961원","84,970,000원","3,860,000원","2,710,000원","1,150,000원","700,000원","540,000원","160,000원","76,209,961원"
경기도,안양시,https://www.hyundai.com/contents/repn-car/side-w/ioniq9-27my-well-side.png,아이오닉 9,4WD(항속) 캘리그래피 21인치 7인승,"80,769,961원","84,970,000원","3,860,000원","2,710,000원","1,150,000원","700,000원","540,000원","160,000원","76,209,961원"
경기도,안양시,https://www.hyundai.com/contents/repn-car/side-w/ioniq9-27my-well-side.png,아이오닉 9,4WD(성능) 캘리그래피 19인치 7인승,"81,625,475원","85,870,000원","3,870,000원","2,720,000원","1,150,000원","700,000원","540,000원","160,000원","77,055,475원"
경기도,안양시,https://www.hyundai.com/contents/repn-car/side-w/ioniq9-27my-well-side.png,아이오닉 9,4WD(성능) 캘리그래피 21인치 7인승,"81,625,475원","85,870,000원","3,870,000원","2,720,000원","1,150,000원","700,000원","540,000원","160,000원","77,055,475원"
경기도,안양시,https://www.hyundai.com/contents/repn-car/side-w/ioniq9-27my-well-side.png,아이오닉 9,4WD(항속) 캘리그래피 19인치 6인승,"82,262,357원","86,540,000원","3,860,000원","2,710,000원","1,150,000원","700,000원","540,000원","160,000원","77,702,357원"
경기도,안양시,https://www.hyundai.com/contents/repn-car/side-w/ioniq9-27my-well-side.png,아이오닉 9,4WD(항속) 캘리그래피 21인치 6인승,"82,262,357원","86,540,000원","3,860,000원","2,710,000원","1,150,000원","700,000원","540,000원","160,000원","77,702,357원"
경기도,안양시,https://www.hyundai.com/contents/repn-car/side-w/ioniq9-27my-well-side.png,아이오닉 9,4WD(성능) 캘리그래피 19인치 6인승,"83,149,999원","87,440,000원","3,870,000원","2,720,000원","1,150,000원","700,000원","540,000원","160,000원","78,579,999원"
경기도,안양시,https://www.hyundai.com/contents/repn-car/side-w/ioniq9-27my-well-side.png,아이오닉 9,4WD(성능) 캘리그래피 21인치 6인승,"83,149,999원","87,440,000원","3,870,000원","2,720,000원","1,150,000원","700,000원","540,000원","160,000원","78,579,999원"
경기도,안양시,https://www.hyundai.com/contents/repn-car/side-w/Electrified-GV70-27MY.png,Electrified GV70,ELECTRIFIED GV70 AWD 19인치,"75,798,478원","79,740,000원","3,710,000원","2,610,000원","1,100,000원","680,000원","520,000원","160,000원","71,408,478원"
경기도,안양시,https://www.hyundai.com/contents/repn-car/side-w/Electrified-GV70-27MY.png,Electrified GV70,ELECTRIFIED GV70 AWD 20인치,"76,558,935원","80,540,000원","3,490,000원","2,450,000원","1,040,000원","640,000원","490,000원","150,000원","72,428,935원"
경기도,안양시,https://www.hyundai.com/contents/repn-car/side-w/ioniq6-n-25lc-well-side.png,아이오닉 6 N,4WD N,"79,904,942원","84,060,000원","3,560,000원","2,500,000원","1,060,000원","650,000원","500,000원","150,000원","75,694,942원"
경기도,안양시,https://www.hyundai.com/contents/repn-car/side-w/g80_ev_27my-well-side.png,Electrified G80,ELECTRIFIED G80,"84,790,000원","89,080,000원","3,840,000원","2,700,000원","1,140,000원","700,000원","540,000원","160,000원","80,250,000원"
경기도,안양시,https://www.hyundai.com/contents/repn-car/side-w/g80_ev_27my-well-side.png,Electrified G80,ELECTRIFIED G80,"87,790,000원","92,080,000원","3,840,000원","2,700,000원","1,140,000원","700,000원","540,000원","160,000원","83,250,000원"
경기도,안양시,https://www.hyundai.com/contents/repn-car/side-w/the-new-staria-limousine-electric-27pe-well-side.png,더 뉴 스타리아 리무진 Electric,2WD 오토 Inspiration 리무진,"84,820,000원","89,110,000원","3,260,000원","2,290,000원","970,000원","600,000원","460,000원","140,000원","80,960,000원"
경기도,안양시,https://www.hyundai.com/contents/repn-car/side-w/porter2-electric-26my-well-side.png,포터 II Electric ,오토 스타일스페셜,"43,500,000원","43,500,000원","13,790,000원","9,680,000원","4,110,000원","1,300,000원","1,000,000원","300,000원","28,410,000원"
경기도,안양시,https://www.hyundai.com/contents/repn-car/side-w/porter2-electric-26my-well-side.png,포터 II Electric ,오토 스마트스페셜,"44,850,000원","44,850,000원","13,790,000원","9,680,000원","4,110,000원","1,300,000원","1,000,000원","300,000원","29,760,000원"
경기도,안양시,https://www.hyundai.com/contents/repn-car/side-w/porter2-electric-26my-well-side.png,포터 II Electric ,오토 프리미엄스페셜,"46,450,000원","46,450,000원","13,790,000원","9,680,000원","4,110,000원","1,300,000원","1,000,000원","300,000원","31,360,000원"
경기도,안양시,https://www.hyundai.com/contents/repn-car/side-w/porter2-electric-built-in-truck-26my-45side.png,포터II Electric 내장탑차,오토 스마트스페셜 저상,"49,030,000원","49,030,000원","11,110,000원","7,800,000원","3,310,000원","1,200,000원","920,000원","280,000원","36,720,000원"
경기도,안양시,https://www.hyundai.com/contents/repn-car/side-w/porter2-electric-built-in-truck-26my-45side.png,포터II Electric 내장탑차,오토 스마트스페셜,"50,250,000원","50,250,000원","11,110,000원","7,800,000원","3,310,000원","1,200,000원","920,000원","280,000원","37,940,000원"
경기도,안양시,https://www.hyundai.com/contents/repn-car/side-w/porter2-electric-built-in-truck-26my-45side.png,포터II Electric 내장탑차,오토 스마트스페셜 하이,"51,130,000원","51,130,000원","11,110,000원","7,800,000원","3,310,000원","1,200,000원","920,000원","280,000원","38,820,000원"
경기도,안양시,https://www.hyundai.com/contents/repn-car/side-w/porter2-electric-powergate-truck-26my-45side.png,포터II Electric 파워게이트,오토 스마트스페셜,"50,000,000원","50,000,000원","11,110,000원","7,800,000원","3,310,000원","1,200,000원","920,000원","280,000원","37,690,000원"
경기도,안양시,https://www.hyundai.com/contents/repn-car/side-w/porter2-electric-wingbody-26my-45side.png,포터II Electric 윙바디,오토 스마트스페셜 수동식,"51,030,000원","51,030,000원","11,110,000원","7,800,000원","3,310,000원","1,200,000원","920,000원","280,000원","38,720,000원"
경기도,안양시,https://www.hyundai.com/contents/repn-car/side-w/porter2-electric-wingbody-26my-45side.png,포터II Electric 윙바디,오토 스마트스페셜 전동식,"55,240,000원","55,240,000원","11,110,000원","7,800,000원","3,310,000원","1,200,000원","920,000원","280,000원","42,930,000원"
경기도,안양시,https://www.hyundai.com/contents/repn-car/side-w/the-new-staria-electric-27pe-well-side.png,더 뉴 스타리아 Electric,2WD 오토 Modern 3인승,"57,920,000원","57,920,000원","17,100,000원","12,000,000원","5,100,000원","1,300,000원","1,000,000원","300,000원","39,520,000원"
경기도,안양시,https://www.hyundai.com/contents/repn-car/side-w/the-new-staria-electric-27pe-well-side.png,더 뉴 스타리아 Electric,2WD 오토 Modern 5인승,"58,700,000원","58,700,000원","17,100,000원","12,000,000원","5,100,000원","1,300,000원","1,000,000원","300,000원","40,300,000원"
경기도,안양시,https://www.hyundai.com/contents/repn-car/side-w/st1-hightop-27my-well-side.png,ST1 하이탑차,오토 스마트,"58,830,000원","58,830,000원","15,670,000원","11,000,000원","4,670,000원","1,300,000원","1,000,000원","300,000원","41,860,000원"
경기도,안양시,https://www.hyundai.com/contents/repn-car/side-w/st1-27my-well-side.png,ST1 카고,오토 스타일,"59,460,000원","59,460,000원","17,100,000원","12,000,000원","5,100,000원","1,300,000원","1,000,000원","300,000원","41,060,000원"
경기도,안양시,https://www.hyundai.com/contents/repn-car/side-w/st1-27my-well-side.png,ST1 카고,오토 스마트,"61,230,000원","61,230,000원","17,100,000원","12,000,000원","5,100,000원","1,300,000원","1,000,000원","300,000원","42,830,000원"
경기도,안양시,https://www.hyundai.com/contents/repn-car/side-w/st1-27my-well-side.png,ST1 카고,오토 프리미엄,"65,710,000원","65,710,000원","17,100,000원","12,000,000원","5,100,000원","1,300,000원","1,000,000원","300,000원","47,310,000원"
경기도,안양시,https://www.hyundai.com/contents/repn-car/side-w/st1-freezer-truck-27my-well-side.png,ST1 카고 냉동,오토 스마트,"69,580,000원","69,580,000원","20,660,000원","14,500,000원","6,160,000원","1,300,000원","1,000,000원","300,000원","47,620,000원"
경기도,안양시,https://www.hyundai.com/contents/repn-car/side-w/st1-freezer-truck-27my-well-side.png,ST1 카고 냉동,오토 프리미엄,"74,060,000원","74,060,000원","20,660,000원","14,500,000원","6,160,000원","1,300,000원","1,000,000원","300,000원","52,100,000원"
경기도,안양시,https://www.hyundai.com/contents/repn-car/side-w/the-new-staria-electric-27pe-well-side.png,더 뉴 스타리아 Electric,2WD 오토 Modern 11인승,"60,290,000원","60,290,000원","19,500,000원","15,000,000원","4,500,000원",0원,0원,0원,"40,790,000원"
경기도,안양시,https://www.hyundai.com/contents/repn-car/side-w/the-new-staria-lounge-electric-27pe-well-side.png,더 뉴 스타리아 라운지 Electric,2WD 오토 Prestige 11인승 라운지,"65,490,000원","65,490,000원","19,500,000원","15,000,000원","4,500,000원",0원,0원,0원,"45,990,000원"
경기도,안양시,https://www.hyundai.com/contents/repn-car/side-w/nexo-27my-well-side.png,넥쏘,2WD 모던,"76,470,532원","80,447,000원","32,500,000원","22,500,000원","10,000,000원",0원,0원,0원,"43,970,532원"
경기도,안양시,https://www.hyundai.com/contents/repn-car/side-w/nexo-27my-well-side.png,넥쏘,2WD 익스클루시브,"79,369,771원","83,497,000원","32,500,000원","22,500,000원","10,000,000원",0원,0원,0원,"46,869,771원"
경기도,안양시,https://www.hyundai.com/contents/repn-car/side-w/nexo-27my-well-side.png,넥쏘,2WD 프레스티지,"83,789,923원","88,147,000원","32,500,000원","22,500,000원","10,000,000원",0원,0원,0원,"51,289,923원"
경기도,남양주시,https://www.hyundai.com/contents/repn-car/side-w/casper_ev_26my_well_side.png,2027 캐스퍼 일렉트릭,캐스퍼 일렉트릭 기본형 15인치,"28,469,581원","29,950,000원","6,370,000원","4,900,000원","1,470,000원","1,270,000원","980,000원","290,000원","20,829,581원"
경기도,남양주시,https://www.hyundai.com/contents/repn-car/side-w/casper_ev_26my_well_side.png,2027 캐스퍼 일렉트릭,캐스퍼 일렉트릭 항속형 15인치,"32,119,772원","33,790,000원","6,370,000원","4,900,000원","1,470,000원","1,270,000원","980,000원","290,000원","24,479,772원"
경기도,남양주시,https://www.hyundai.com/contents/repn-car/side-w/casper_ev_26my_well_side.png,2027 캐스퍼 일렉트릭,캐스퍼 일렉트릭 항속형 17인치,"32,119,772원","33,790,000원","6,370,000원","4,900,000원","1,470,000원","1,270,000원","980,000원","290,000원","24,479,772원"
경기도,남양주시,https://www.hyundai.com/contents/repn-car/side-w/casper_ev_26my_well_side.png,2027 캐스퍼 일렉트릭,캐스퍼 일렉트릭 크로스 17인치,"34,125,474원","35,900,000원","6,330,000원","4,870,000원","1,460,000원","1,260,000원","970,000원","290,000원","26,535,474원"
경기도,남양주시,https://www.hyundai.com/contents/repn-car/side-w/casper_ev_26my_well_side.png,2027 캐스퍼 일렉트릭,캐스퍼 일렉트릭 라운지 17인치,"34,572,243원","36,370,000원","6,370,000원","4,900,000원","1,470,000원","1,270,000원","980,000원","290,000원","26,932,243원"
경기도,남양주시,https://www.hyundai.com/contents/repn-car/side-w/kona-electric-25my-well-side.png,코나 Electric,기본형 E-Value +,"41,520,912원","43,680,000원","5,680,000원","4,370,000원","1,310,000원","1,130,000원","870,000원","260,000원","34,710,912원"
경기도,남양주시,https://www.hyundai.com/contents/repn-car/side-w/kona-electric-25my-well-side.png,코나 Electric,기본형 Premium,"43,564,638원","45,830,000원","5,680,000원","4,370,000원","1,310,000원","1,130,000원","870,000원","260,000원","36,754,638원"
경기도,남양주시,https://www.hyundai.com/contents/repn-car/side-w/kona-electric-25my-well-side.png,코나 Electric,항속형 Modern plus,"45,655,893원","48,030,000원","6,680,000원","5,140,000원","1,540,000원","1,300,000원","1,000,000원","300,000원","37,675,893원"
경기도,남양주시,https://www.hyundai.com/contents/repn-car/side-w/kona-electric-25my-well-side.png,코나 Electric,항속형 Modern plus 스타일 Ⅱ,"45,655,893원","48,030,000원","6,680,000원","5,140,000원","1,540,000원","1,300,000원","1,000,000원","300,000원","37,675,893원"
경기도,남양주시,https://www.hyundai.com/contents/repn-car/side-w/kona-electric-25my-well-side.png,코나 Electric,항속형 Premium,"46,568,440원","48,990,000원","6,680,000원","5,140,000원","1,540,000원","1,300,000원","1,000,000원","300,000원","38,588,440원"
경기도,남양주시,https://www.hyundai.com/contents/repn-car/side-w/kona-electric-25my-well-side.png,코나 Electric,항속형 Premium 빌트인 캠 2,"46,568,440원","48,990,000원","6,680,000원","5,140,000원","1,540,000원","1,300,000원","1,000,000원","300,000원","38,588,440원"
경기도,남양주시,https://www.hyundai.com/contents/repn-car/side-w/kona-electric-25my-well-side.png,코나 Electric,항속형 Premium 스타일 Ⅱ,"46,568,440원","48,990,000원","6,680,000원","5,140,000원","1,540,000원","1,300,000원","1,000,000원","300,000원","38,588,440원"
경기도,남양주시,https://www.hyundai.com/contents/repn-car/side-w/kona-electric-25my-well-side.png,코나 Electric,항속형 Inspiration,"49,923,954원","52,520,000원","5,960,000원","4,590,000원","1,370,000원","1,200,000원","920,000원","280,000원","42,763,954원"
경기도,남양주시,https://www.hyundai.com/contents/repn-car/side-w/kona-electric-25my-well-side.png,코나 Electric,항속형 N Line Inspiration,"50,865,018원","53,510,000원","5,960,000원","4,590,000원","1,370,000원","1,200,000원","920,000원","280,000원","43,705,018원"
경기도,남양주시,https://www.hyundai.com/contents/repn-car/side-w/ioniq5-27my-well-side.png,아이오닉 5,2WD E-Value +(스탠다드) 19인치,"47,347,908원","49,810,000원","6,270,000원","4,830,000원","1,440,000원","1,260,000원","970,000원","290,000원","39,817,908원"
경기도,남양주시,https://www.hyundai.com/contents/repn-car/side-w/ioniq5-27my-well-side.png,아이오닉 5,2WD E-Lite(롱레인지) 19인치,"50,636,881원","53,270,000원","7,370,000원","5,670,000원","1,700,000원","1,300,000원","1,000,000원","300,000원","41,966,881원"
경기도,남양주시,https://www.hyundai.com/contents/repn-car/side-w/ioniq5-27my-well-side.png,아이오닉 5,2WD 모던(롱레인지) 19인치,"52,899,239원","55,650,000원","7,370,000원","5,670,000원","1,700,000원","1,300,000원","1,000,000원","300,000원","44,229,239원"
경기도,남양주시,https://www.hyundai.com/contents/repn-car/side-w/ioniq5-27my-well-side.png,아이오닉 5,4WD E-Lite(롱레인지) 19인치,"52,984,791원","55,740,000원","7,250,000원","5,580,000원","1,670,000원","1,300,000원","1,000,000원","300,000원","44,434,791원"
경기도,남양주시,https://www.hyundai.com/contents/repn-car/side-w/ioniq5-27my-well-side.png,아이오닉 5,2WD 모던(롱레인지) 19인치 빌트인캠 2 + 증강현실 내비게이션,"52,899,239원","55,650,000원","7,370,000원","5,670,000원","1,700,000원","1,300,000원","1,000,000원","300,000원","44,229,239원"
경기도,남양주시,https://www.hyundai.com/contents/repn-car/side-w/ioniq5-27my-well-side.png,아이오닉 5,4WD 모던(롱레인지) 19인치,"55,247,148원","58,120,000원","7,250,000원","5,580,000원","1,670,000원","1,300,000원","1,000,000원","300,000원","46,697,148원"
경기도,남양주시,https://www.hyundai.com/contents/repn-car/side-w/ioniq5-27my-well-side.png,아이오닉 5,2WD 프리미엄(롱레인지) 19인치,"58,241,444원","61,270,000원","7,370,000원","5,670,000원","1,700,000원","1,300,000원","1,000,000원","300,000원","49,571,444원"
경기도,남양주시,https://www.hyundai.com/contents/repn-car/side-w/ioniq5-27my-well-side.png,아이오닉 5,2WD 프리미엄(롱레인지) 19인치 빌트인캠 2 + 증강현실 내비게이션,"58,241,444원","61,270,000원","7,370,000원","5,670,000원","1,700,000원","1,300,000원","1,000,000원","300,000원","49,571,444원"
경기도,남양주시,https://www.hyundai.com/contents/repn-car/side-w/ioniq5-27my-well-side.png,아이오닉 5,2WD 프리미엄(롱레인지) 20인치,"58,707,224원","61,760,000원","7,260,000원","5,590,000원","1,670,000원","1,300,000원","1,000,000원","300,000원","50,147,224원"
경기도,남양주시,https://www.hyundai.com/contents/repn-car/side-w/ioniq5-27my-well-side.png,아이오닉 5,2WD N LINE(롱레인지) 20인치,"59,448,669원","62,540,000원","7,030,000원","5,410,000원","1,620,000원","1,300,000원","1,000,000원","300,000원","51,118,669원"
경기도,남양주시,https://www.hyundai.com/contents/repn-car/side-w/ioniq5-27my-well-side.png,아이오닉 5,4WD 프리미엄(롱레인지) 19인치,"60,589,354원","63,740,000원","7,250,000원","5,580,000원","1,670,000원","1,300,000원","1,000,000원","300,000원","52,039,354원"
경기도,남양주시,https://www.hyundai.com/contents/repn-car/side-w/ioniq5-27my-well-side.png,아이오닉 5,4WD 프리미엄(롱레인지) 20인치,"61,055,132원","64,230,000원","6,910,000원","5,320,000원","1,590,000원","1,300,000원","1,000,000원","300,000원","52,845,132원"
경기도,남양주시,https://www.hyundai.com/contents/repn-car/side-w/ioniq5-27my-well-side.png,아이오닉 5,2WD 인스퍼레이션(롱레인지) 19인치,"61,283,270원","64,470,000원","7,370,000원","5,670,000원","1,700,000원","1,300,000원","1,000,000원","300,000원","52,613,270원"
경기도,남양주시,https://www.hyundai.com/contents/repn-car/side-w/ioniq5-27my-well-side.png,아이오닉 5,2WD 인스퍼레이션(롱레인지) 19인치 빌트인캠 2 + 증강현실 내비게이션,"61,283,270원","64,470,000원","7,370,000원","5,670,000원","1,700,000원","1,300,000원","1,000,000원","300,000원","52,613,270원"
경기도,남양주시,https://www.hyundai.com/contents/repn-car/side-w/ioniq5-27my-well-side.png,아이오닉 5,2WD 인스퍼레이션(롱레인지) 20인치,"61,749,048원","64,960,000원","7,260,000원","5,590,000원","1,670,000원","1,300,000원","1,000,000원","300,000원","53,189,048원"
경기도,남양주시,https://www.hyundai.com/contents/repn-car/side-w/ioniq5-27my-well-side.png,아이오닉 5,4WD N LINE(롱레인지) 20인치,"61,796,577원","65,010,000원","6,630,000원","5,100,000원","1,530,000원","1,300,000원","1,000,000원","300,000원","53,866,577원"
경기도,남양주시,https://www.hyundai.com/contents/repn-car/side-w/ioniq5-27my-well-side.png,아이오닉 5,4WD 인스퍼레이션(롱레인지) 19인치,"63,631,178원","66,940,000원","7,250,000원","5,580,000원","1,670,000원","1,300,000원","1,000,000원","300,000원","55,081,178원"
경기도,남양주시,https://www.hyundai.com/contents/repn-car/side-w/ioniq5-27my-well-side.png,아이오닉 5,4WD 인스퍼레이션(롱레인지) 20인치,"64,096,958원","67,430,000원","6,910,000원","5,320,000원","1,590,000원","1,300,000원","1,000,000원","300,000원","55,886,958원"
경기도,남양주시,https://www.hyundai.com/contents/repn-car/side-w/ioniq6-25fl-well-side.png,더 뉴 아이오닉 6,2WD E-Value +(스탠다드) 18인치,"48,564,639원","51,090,000원","7,280,000원","5,600,000원","1,680,000원","1,300,000원","1,000,000원","300,000원","39,984,639원"
경기도,남양주시,https://www.hyundai.com/contents/repn-car/side-w/ioniq6-25fl-well-side.png,더 뉴 아이오닉 6,2WD E-LITE(롱레인지) 18인치,"50,636,881원","53,270,000원","7,410,000원","5,700,000원","1,710,000원","1,300,000원","1,000,000원","300,000원","41,926,881원"
경기도,남양주시,https://www.hyundai.com/contents/repn-car/side-w/ioniq6-25fl-well-side.png,더 뉴 아이오닉 6,2WD Exclusive(스탠다드) 18인치,"50,950,570원","53,600,000원","7,280,000원","5,600,000원","1,680,000원","1,300,000원","1,000,000원","300,000원","42,370,570원"
경기도,남양주시,https://www.hyundai.com/contents/repn-car/side-w/ioniq6-25fl-well-side.png,더 뉴 아이오닉 6,2WD E-LITE(롱레인지) 20인치,"51,197,719원","53,860,000원","7,410,000원","5,700,000원","1,710,000원","1,300,000원","1,000,000원","300,000원","42,487,719원"
경기도,남양주시,https://www.hyundai.com/contents/repn-car/side-w/ioniq6-25fl-well-side.png,더 뉴 아이오닉 6,4WD E-LITE(롱레인지) 18인치,"52,984,791원","55,740,000원","7,410,000원","5,700,000원","1,710,000원","1,300,000원","1,000,000원","300,000원","44,274,791원"
경기도,남양주시,https://www.hyundai.com/contents/repn-car/side-w/ioniq6-25fl-well-side.png,더 뉴 아이오닉 6,4WD E-LITE(롱레인지) 20인치,"53,545,627원","56,330,000원","7,180,000원","5,530,000원","1,650,000원","1,300,000원","1,000,000원","300,000원","45,065,627원"
경기도,남양주시,https://www.hyundai.com/contents/repn-car/side-w/ioniq6-25fl-well-side.png,더 뉴 아이오닉 6,2WD Exclusive(롱레인지) 18인치,"55,152,091원","58,020,000원","7,410,000원","5,700,000원","1,710,000원","1,300,000원","1,000,000원","300,000원","46,442,091원"
경기도,남양주시,https://www.hyundai.com/contents/repn-car/side-w/ioniq6-25fl-well-side.png,더 뉴 아이오닉 6,2WD Prestige(스탠다드) 18인치,"55,532,319원","58,420,000원","7,280,000원","5,600,000원","1,680,000원","1,300,000원","1,000,000원","300,000원","46,952,319원"
경기도,남양주시,https://www.hyundai.com/contents/repn-car/side-w/ioniq6-25fl-well-side.png,더 뉴 아이오닉 6,2WD Exclusive(롱레인지) 20인치,"55,712,927원","58,610,000원","7,410,000원","5,700,000원","1,710,000원","1,300,000원","1,000,000원","300,000원","47,002,927원"
경기도,남양주시,https://www.hyundai.com/contents/repn-car/side-w/ioniq6-25fl-well-side.png,더 뉴 아이오닉 6,2WD N Line Exclusive(롱레인지) 20인치,"57,452,472원","60,440,000원","7,410,000원","5,700,000원","1,710,000원","1,300,000원","1,000,000원","300,000원","48,742,472원"
경기도,남양주시,https://www.hyundai.com/contents/repn-car/side-w/ioniq6-25fl-well-side.png,더 뉴 아이오닉 6,4WD Exclusive(롱레인지) 18인치,"57,499,999원","60,490,000원","7,410,000원","5,700,000원","1,710,000원","1,300,000원","1,000,000원","300,000원","48,789,999원"
경기도,남양주시,https://www.hyundai.com/contents/repn-car/side-w/ioniq6-25fl-well-side.png,더 뉴 아이오닉 6,4WD Exclusive(롱레인지) 20인치,"58,060,836원","61,080,000원","7,180,000원","5,530,000원","1,650,000원","1,300,000원","1,000,000원","300,000원","49,580,836원"
경기도,남양주시,https://www.hyundai.com/contents/repn-car/side-w/ioniq6-25fl-well-side.png,더 뉴 아이오닉 6,2WD Prestige(롱레인지) 18인치,"59,724,335원","62,830,000원","7,410,000원","5,700,000원","1,710,000원","1,300,000원","1,000,000원","300,000원","51,014,335원"
경기도,남양주시,https://www.hyundai.com/contents/repn-car/side-w/ioniq6-25fl-well-side.png,더 뉴 아이오닉 6,4WD N Line Exclusive(롱레인지) 20인치,"59,800,380원","62,910,000원","6,980,000원","5,370,000원","1,610,000원","1,300,000원","1,000,000원","300,000원","51,520,380원"
경기도,남양주시,https://www.hyundai.com/contents/repn-car/side-w/ioniq6-25fl-well-side.png,더 뉴 아이오닉 6,2WD Prestige(롱레인지) 20인치,"60,285,171원","63,420,000원","7,410,000원","5,700,000원","1,710,000원","1,300,000원","1,000,000원","300,000원","51,575,171원"
경기도,남양주시,https://www.hyundai.com/contents/repn-car/side-w/ioniq6-25fl-well-side.png,더 뉴 아이오닉 6,2WD N Line Prestige(롱레인지) 20인치,"61,321,293원","64,510,000원","7,410,000원","5,700,000원","1,710,000원","1,300,000원","1,000,000원","300,000원","52,611,293원"
경기도,남양주시,https://www.hyundai.com/contents/repn-car/side-w/ioniq6-25fl-well-side.png,더 뉴 아이오닉 6,4WD Prestige(롱레인지) 18인치,"62,072,243원","65,300,000원","7,410,000원","5,700,000원","1,710,000원","1,300,000원","1,000,000원","300,000원","53,362,243원"
경기도,남양주시,https://www.hyundai.com/contents/repn-car/side-w/ioniq6-25fl-well-side.png,더 뉴 아이오닉 6,4WD Prestige(롱레인지) 20인치,"62,633,079원","65,890,000원","7,180,000원","5,530,000원","1,650,000원","1,300,000원","1,000,000원","300,000원","54,153,079원"
경기도,남양주시,https://www.hyundai.com/contents/repn-car/side-w/ioniq6-25fl-well-side.png,더 뉴 아이오닉 6,4WD N Line Prestige(롱레인지) 20인치,"63,669,201원","66,980,000원","6,980,000원","5,370,000원","1,610,000원","1,300,000원","1,000,000원","300,000원","55,389,201원"
경기도,남양주시,https://www.hyundai.com/contents/repn-car/side-w/the-new-staria-lounge-electric-27pe-well-side.png,더 뉴 스타리아 라운지 Electric,2WD 오토 Prestige 7인승,"63,593,156원","66,900,000원","2,970,000원","2,290,000원","680,000원","600,000원","460,000원","140,000원","60,023,156원"
경기도,남양주시,https://www.hyundai.com/contents/repn-car/side-w/the-new-staria-lounge-electric-27pe-well-side.png,더 뉴 스타리아 라운지 Electric,2WD 오토 Inspiration 7인승,"67,309,885원","70,810,000원","2,970,000원","2,290,000원","680,000원","600,000원","460,000원","140,000원","63,739,885원"
경기도,남양주시,https://www.hyundai.com/contents/repn-car/side-w/GV60-27MY.png,GV60,GV60 스탠다드 2WD 19인치,"64,904,943원","68,280,000원","3,700,000원","2,850,000원","850,000원","740,000원","570,000원","170,000원","60,464,943원"
경기도,남양주시,https://www.hyundai.com/contents/repn-car/side-w/GV60-27MY.png,GV60,GV60 스탠다드 AWD 19인치,"72,080,000원","72,080,000원","3,530,000원","2,720,000원","810,000원","700,000원","540,000원","160,000원","67,850,000원"
경기도,남양주시,https://www.hyundai.com/contents/repn-car/side-w/GV60-27MY.png,GV60,GV60 스탠다드 AWD 20인치,"74,380,000원","74,380,000원","3,390,000원","2,610,000원","780,000원","680,000원","520,000원","160,000원","70,310,000원"
경기도,남양주시,https://www.hyundai.com/contents/repn-car/side-w/ioniq9-27my-well-side.png,아이오닉 9,2WD 익스클루시브 19인치 7인승,"67,585,551원","71,100,000원","3,560,000원","2,740,000원","820,000원","720,000원","550,000원","170,000원","63,305,551원"
경기도,남양주시,https://www.hyundai.com/contents/repn-car/side-w/ioniq9-27my-well-side.png,아이오닉 9,2WD 익스클루시브 19인치 6인승,"68,165,399원","71,710,000원","3,560,000원","2,740,000원","820,000원","720,000원","550,000원","170,000원","63,885,399원"
경기도,남양주시,https://www.hyundai.com/contents/repn-car/side-w/ioniq9-27my-well-side.png,아이오닉 9,4WD(항속) 익스클루시브 19인치 7인승,"70,247,148원","73,900,000원","3,520,000원","2,710,000원","810,000원","700,000원","540,000원","160,000원","66,027,148원"
경기도,남양주시,https://www.hyundai.com/contents/repn-car/side-w/ioniq9-27my-well-side.png,아이오닉 9,4WD(항속) 익스클루시브 19인치 6인승,"70,826,995원","74,510,000원","3,520,000원","2,710,000원","810,000원","700,000원","540,000원","160,000원","66,606,995원"
경기도,남양주시,https://www.hyundai.com/contents/repn-car/side-w/ioniq9-27my-well-side.png,아이오닉 9,4WD(성능) 익스클루시브 19인치 7인승,"71,102,661원","74,800,000원","3,530,000원","2,720,000원","810,000원","700,000원","540,000원","160,000원","66,872,661원"
경기도,남양주시,https://www.hyundai.com/contents/repn-car/side-w/ioniq9-27my-well-side.png,아이오닉 9,4WD(성능) 익스클루시브 19인치 6인승,"71,682,509원","75,410,000원","3,530,000원","2,720,000원","810,000원","700,000원","540,000원","160,000원","67,452,509원"
경기도,남양주시,https://www.hyundai.com/contents/repn-car/side-w/ioniq9-27my-well-side.png,아이오닉 9,2WD 프레스티지 19인치 7인승,"73,241,445원","77,050,000원","3,560,000원","2,740,000원","820,000원","720,000원","550,000원","170,000원","68,961,445원"
경기도,남양주시,https://www.hyundai.com/contents/repn-car/side-w/ioniq9-27my-well-side.png,아이오닉 9,2WD 프레스티지 21인치 7인승,"73,241,445원","77,050,000원","3,560,000원","2,740,000원","820,000원","720,000원","550,000원","170,000원","68,961,445원"
경기도,남양주시,https://www.hyundai.com/contents/repn-car/side-w/ioniq9-27my-well-side.png,아이오닉 9,2WD 프레스티지 19인치 6인승,"73,735,741원","77,570,000원","3,560,000원","2,740,000원","820,000원","720,000원","550,000원","170,000원","69,455,741원"
경기도,남양주시,https://www.hyundai.com/contents/repn-car/side-w/ioniq9-27my-well-side.png,아이오닉 9,2WD 프레스티지 21인치 6인승,"73,735,741원","77,570,000원","3,560,000원","2,740,000원","820,000원","720,000원","550,000원","170,000원","69,455,741원"
경기도,남양주시,https://www.hyundai.com/contents/repn-car/side-w/ioniq9-27my-well-side.png,아이오닉 9,4WD(항속) 프레스티지 19인치 7인승,"75,903,041원","79,850,000원","3,520,000원","2,710,000원","810,000원","700,000원","540,000원","160,000원","71,683,041원"
경기도,남양주시,https://www.hyundai.com/contents/repn-car/side-w/ioniq9-27my-well-side.png,아이오닉 9,4WD(항속) 프레스티지 21인치 7인승,"75,903,041원","79,850,000원","3,520,000원","2,710,000원","810,000원","700,000원","540,000원","160,000원","71,683,041원"
경기도,남양주시,https://www.hyundai.com/contents/repn-car/side-w/ioniq9-27my-well-side.png,아이오닉 9,4WD(항속) 프레스티지 19인치 6인승,"76,397,338원","80,370,000원","3,520,000원","2,710,000원","810,000원","700,000원","540,000원","160,000원","72,177,338원"
경기도,남양주시,https://www.hyundai.com/contents/repn-car/side-w/ioniq9-27my-well-side.png,아이오닉 9,4WD(항속) 프레스티지 21인치 6인승,"76,397,338원","80,370,000원","3,520,000원","2,710,000원","810,000원","700,000원","540,000원","160,000원","72,177,338원"
경기도,남양주시,https://www.hyundai.com/contents/repn-car/side-w/ioniq9-27my-well-side.png,아이오닉 9,4WD(성능) 프레스티지 19인치 7인승,"76,758,555원","80,750,000원","3,530,000원","2,720,000원","810,000원","700,000원","540,000원","160,000원","72,528,555원"
경기도,남양주시,https://www.hyundai.com/contents/repn-car/side-w/ioniq9-27my-well-side.png,아이오닉 9,4WD(성능) 프레스티지 21인치 7인승,"76,758,555원","80,750,000원","3,530,000원","2,720,000원","810,000원","700,000원","540,000원","160,000원","72,528,555원"
경기도,남양주시,https://www.hyundai.com/contents/repn-car/side-w/ioniq9-27my-well-side.png,아이오닉 9,4WD(성능) 프레스티지 19인치 6인승,"77,252,851원","81,270,000원","3,530,000원","2,720,000원","810,000원","700,000원","540,000원","160,000원","73,022,851원"
경기도,남양주시,https://www.hyundai.com/contents/repn-car/side-w/ioniq9-27my-well-side.png,아이오닉 9,4WD(성능) 프레스티지 21인치 6인승,"77,252,851원","81,270,000원","3,530,000원","2,720,000원","810,000원","700,000원","540,000원","160,000원","73,022,851원"
경기도,남양주시,https://www.hyundai.com/contents/repn-car/side-w/ioniq9-27my-well-side.png,아이오닉 9,2WD 캘리그래피 19인치 7인승,"78,108,365원","82,170,000원","3,560,000원","2,740,000원","820,000원","720,000원","550,000원","170,000원","73,828,365원"
경기도,남양주시,https://www.hyundai.com/contents/repn-car/side-w/ioniq9-27my-well-side.png,아이오닉 9,2WD 캘리그래피 21인치 7인승,"78,108,365원","82,170,000원","3,560,000원","2,740,000원","820,000원","720,000원","550,000원","170,000원","73,828,365원"
경기도,남양주시,https://www.hyundai.com/contents/repn-car/side-w/ioniq9-27my-well-side.png,아이오닉 9,2WD 캘리그래피 19인치 6인승,"79,600,760원","83,740,000원","3,560,000원","2,740,000원","820,000원","720,000원","550,000원","170,000원","75,320,760원"
경기도,남양주시,https://www.hyundai.com/contents/repn-car/side-w/ioniq9-27my-well-side.png,아이오닉 9,2WD 캘리그래피 21인치 6인승,"79,600,760원","83,740,000원","3,560,000원","2,740,000원","820,000원","720,000원","550,000원","170,000원","75,320,760원"
경기도,남양주시,https://www.hyundai.com/contents/repn-car/side-w/ioniq9-27my-well-side.png,아이오닉 9,4WD(항속) 캘리그래피 19인치 7인승,"80,769,961원","84,970,000원","3,520,000원","2,710,000원","810,000원","700,000원","540,000원","160,000원","76,549,961원"
경기도,남양주시,https://www.hyundai.com/contents/repn-car/side-w/ioniq9-27my-well-side.png,아이오닉 9,4WD(항속) 캘리그래피 21인치 7인승,"80,769,961원","84,970,000원","3,520,000원","2,710,000원","810,000원","700,000원","540,000원","160,000원","76,549,961원"
경기도,남양주시,https://www.hyundai.com/contents/repn-car/side-w/ioniq9-27my-well-side.png,아이오닉 9,4WD(성능) 캘리그래피 19인치 7인승,"81,625,475원","85,870,000원","3,530,000원","2,720,000원","810,000원","700,000원","540,000원","160,000원","77,395,475원"
경기도,남양주시,https://www.hyundai.com/contents/repn-car/side-w/ioniq9-27my-well-side.png,아이오닉 9,4WD(성능) 캘리그래피 21인치 7인승,"81,625,475원","85,870,000원","3,530,000원","2,720,000원","810,000원","700,000원","540,000원","160,000원","77,395,475원"
경기도,남양주시,https://www.hyundai.com/contents/repn-car/side-w/ioniq9-27my-well-side.png,아이오닉 9,4WD(항속) 캘리그래피 19인치 6인승,"82,262,357원","86,540,000원","3,520,000원","2,710,000원","810,000원","700,000원","540,000원","160,000원","78,042,357원"
경기도,남양주시,https://www.hyundai.com/contents/repn-car/side-w/ioniq9-27my-well-side.png,아이오닉 9,4WD(항속) 캘리그래피 21인치 6인승,"82,262,357원","86,540,000원","3,520,000원","2,710,000원","810,000원","700,000원","540,000원","160,000원","78,042,357원"
경기도,남양주시,https://www.hyundai.com/contents/repn-car/side-w/ioniq9-27my-well-side.png,아이오닉 9,4WD(성능) 캘리그래피 19인치 6인승,"83,149,999원","87,440,000원","3,530,000원","2,720,000원","810,000원","700,000원","540,000원","160,000원","78,919,999원"
경기도,남양주시,https://www.hyundai.com/contents/repn-car/side-w/ioniq9-27my-well-side.png,아이오닉 9,4WD(성능) 캘리그래피 21인치 6인승,"83,149,999원","87,440,000원","3,530,000원","2,720,000원","810,000원","700,000원","540,000원","160,000원","78,919,999원"
경기도,남양주시,https://www.hyundai.com/contents/repn-car/side-w/Electrified-GV70-27MY.png,Electrified GV70,ELECTRIFIED GV70 AWD 19인치,"75,798,478원","79,740,000원","3,390,000원","2,610,000원","780,000원","680,000원","520,000원","160,000원","71,728,478원"
경기도,남양주시,https://www.hyundai.com/contents/repn-car/side-w/Electrified-GV70-27MY.png,Electrified GV70,ELECTRIFIED GV70 AWD 20인치,"76,558,935원","80,540,000원","3,180,000원","2,450,000원","730,000원","640,000원","490,000원","150,000원","72,738,935원"
경기도,남양주시,https://www.hyundai.com/contents/repn-car/side-w/ioniq6-n-25lc-well-side.png,아이오닉 6 N,4WD N,"79,904,942원","84,060,000원","3,250,000원","2,500,000원","750,000원","650,000원","500,000원","150,000원","76,004,942원"
경기도,남양주시,https://www.hyundai.com/contents/repn-car/side-w/g80_ev_27my-well-side.png,Electrified G80,ELECTRIFIED G80,"84,790,000원","89,080,000원","3,510,000원","2,700,000원","810,000원","700,000원","540,000원","160,000원","80,580,000원"
경기도,남양주시,https://www.hyundai.com/contents/repn-car/side-w/g80_ev_27my-well-side.png,Electrified G80,ELECTRIFIED G80,"87,790,000원","92,080,000원","3,510,000원","2,700,000원","810,000원","700,000원","540,000원","160,000원","83,580,000원"
경기도,남양주시,https://www.hyundai.com/contents/repn-car/side-w/the-new-staria-limousine-electric-27pe-well-side.png,더 뉴 스타리아 리무진 Electric,2WD 오토 Inspiration 리무진,"84,820,000원","89,110,000원","2,970,000원","2,290,000원","680,000원","600,000원","460,000원","140,000원","81,250,000원"
경기도,남양주시,https://www.hyundai.com/contents/repn-car/side-w/porter2-electric-26my-well-side.png,포터 II Electric ,오토 스타일스페셜,"43,500,000원","43,500,000원","12,580,000원","9,680,000원","2,900,000원","1,300,000원","1,000,000원","300,000원","29,620,000원"
경기도,남양주시,https://www.hyundai.com/contents/repn-car/side-w/porter2-electric-26my-well-side.png,포터 II Electric ,오토 스마트스페셜,"44,850,000원","44,850,000원","12,580,000원","9,680,000원","2,900,000원","1,300,000원","1,000,000원","300,000원","30,970,000원"
경기도,남양주시,https://www.hyundai.com/contents/repn-car/side-w/porter2-electric-26my-well-side.png,포터 II Electric ,오토 프리미엄스페셜,"46,450,000원","46,450,000원","12,580,000원","9,680,000원","2,900,000원","1,300,000원","1,000,000원","300,000원","32,570,000원"
경기도,남양주시,https://www.hyundai.com/contents/repn-car/side-w/porter2-electric-built-in-truck-26my-45side.png,포터II Electric 내장탑차,오토 스마트스페셜 저상,"49,030,000원","49,030,000원","10,140,000원","7,800,000원","2,340,000원","1,200,000원","920,000원","280,000원","37,690,000원"
경기도,남양주시,https://www.hyundai.com/contents/repn-car/side-w/porter2-electric-built-in-truck-26my-45side.png,포터II Electric 내장탑차,오토 스마트스페셜,"50,250,000원","50,250,000원","10,140,000원","7,800,000원","2,340,000원","1,200,000원","920,000원","280,000원","38,910,000원"
경기도,남양주시,https://www.hyundai.com/contents/repn-car/side-w/porter2-electric-built-in-truck-26my-45side.png,포터II Electric 내장탑차,오토 스마트스페셜 하이,"51,130,000원","51,130,000원","10,140,000원","7,800,000원","2,340,000원","1,200,000원","920,000원","280,000원","39,790,000원"
경기도,남양주시,https://www.hyundai.com/contents/repn-car/side-w/porter2-electric-powergate-truck-26my-45side.png,포터II Electric 파워게이트,오토 스마트스페셜,"50,000,000원","50,000,000원","10,140,000원","7,800,000원","2,340,000원","1,200,000원","920,000원","280,000원","38,660,000원"
경기도,남양주시,https://www.hyundai.com/contents/repn-car/side-w/porter2-electric-wingbody-26my-45side.png,포터II Electric 윙바디,오토 스마트스페셜 수동식,"51,030,000원","51,030,000원","10,140,000원","7,800,000원","2,340,000원","1,200,000원","920,000원","280,000원","39,690,000원"
경기도,남양주시,https://www.hyundai.com/contents/repn-car/side-w/porter2-electric-wingbody-26my-45side.png,포터II Electric 윙바디,오토 스마트스페셜 전동식,"55,240,000원","55,240,000원","10,140,000원","7,800,000원","2,340,000원","1,200,000원","920,000원","280,000원","43,900,000원"
경기도,남양주시,https://www.hyundai.com/contents/repn-car/side-w/the-new-staria-electric-27pe-well-side.png,더 뉴 스타리아 Electric,2WD 오토 Modern 3인승,"57,920,000원","57,920,000원","15,600,000원","12,000,000원","3,600,000원","1,300,000원","1,000,000원","300,000원","41,020,000원"
경기도,남양주시,https://www.hyundai.com/contents/repn-car/side-w/the-new-staria-electric-27pe-well-side.png,더 뉴 스타리아 Electric,2WD 오토 Modern 5인승,"58,700,000원","58,700,000원","15,600,000원","12,000,000원","3,600,000원","1,300,000원","1,000,000원","300,000원","41,800,000원"
경기도,남양주시,https://www.hyundai.com/contents/repn-car/side-w/st1-hightop-27my-well-side.png,ST1 하이탑차,오토 스마트,"58,830,000원","58,830,000원","14,300,000원","11,000,000원","3,300,000원","1,300,000원","1,000,000원","300,000원","43,230,000원"
경기도,남양주시,https://www.hyundai.com/contents/repn-car/side-w/st1-27my-well-side.png,ST1 카고,오토 스타일,"59,460,000원","59,460,000원","15,600,000원","12,000,000원","3,600,000원","1,300,000원","1,000,000원","300,000원","42,560,000원"
경기도,남양주시,https://www.hyundai.com/contents/repn-car/side-w/st1-27my-well-side.png,ST1 카고,오토 스마트,"61,230,000원","61,230,000원","15,600,000원","12,000,000원","3,600,000원","1,300,000원","1,000,000원","300,000원","44,330,000원"
경기도,남양주시,https://www.hyundai.com/contents/repn-car/side-w/st1-27my-well-side.png,ST1 카고,오토 프리미엄,"65,710,000원","65,710,000원","15,600,000원","12,000,000원","3,600,000원","1,300,000원","1,000,000원","300,000원","48,810,000원"
경기도,남양주시,https://www.hyundai.com/contents/repn-car/side-w/st1-freezer-truck-27my-well-side.png,ST1 카고 냉동,오토 스마트,"69,580,000원","69,580,000원","18,850,000원","14,500,000원","4,350,000원","1,300,000원","1,000,000원","300,000원","49,430,000원"
경기도,남양주시,https://www.hyundai.com/contents/repn-car/side-w/st1-freezer-truck-27my-well-side.png,ST1 카고 냉동,오토 프리미엄,"74,060,000원","74,060,000원","18,850,000원","14,500,000원","4,350,000원","1,300,000원","1,000,000원","300,000원","53,910,000원"
경기도,남양주시,https://www.hyundai.com/contents/repn-car/side-w/the-new-staria-electric-27pe-well-side.png,더 뉴 스타리아 Electric,2WD 오토 Modern 11인승,"60,290,000원","60,290,000원","19,500,000원","15,000,000원","4,500,000원",0원,0원,0원,"40,790,000원"
경기도,남양주시,https://www.hyundai.com/contents/repn-car/side-w/the-new-staria-lounge-electric-27pe-well-side.png,더 뉴 스타리아 라운지 Electric,2WD 오토 Prestige 11인승 라운지,"65,490,000원","65,490,000원","19,500,000원","15,000,000원","4,500,000원",0원,0원,0원,"45,990,000원"
경기도,남양주시,https://www.hyundai.com/contents/repn-car/side-w/nexo-27my-well-side.png,넥쏘,2WD 모던,"76,470,532원","80,447,000원","32,500,000원","22,500,000원","10,000,000원",0원,0원,0원,"43,970,532원"
경기도,남양주시,https://www.hyundai.com/contents/repn-car/side-w/nexo-27my-well-side.png,넥쏘,2WD 익스클루시브,"79,369,771원","83,497,000원","32,500,000원","22,500,000원","10,000,000원",0원,0원,0원,"46,869,771원"
경기도,남양주시,https://www.hyundai.com/contents/repn-car/side-w/nexo-27my-well-side.png,넥쏘,2WD 프레스티지,"83,789,923원","88,147,000원","32,500,000원","22,500,000원","10,000,000원",0원,0원,0원,"51,289,923원"
경기도,화성시,https://www.hyundai.com/contents/repn-car/side-w/casper_ev_26my_well_side.png,2027 캐스퍼 일렉트릭,캐스퍼 일렉트릭 기본형 15인치,"28,469,581원","29,950,000원","6,530,000원","4,900,000원","1,630,000원","1,300,000원","980,000원","320,000원","20,639,581원"
경기도,화성시,https://www.hyundai.com/contents/repn-car/side-w/casper_ev_26my_well_side.png,2027 캐스퍼 일렉트릭,캐스퍼 일렉트릭 항속형 15인치,"32,119,772원","33,790,000원","6,530,000원","4,900,000원","1,630,000원","1,300,000원","980,000원","320,000원","24,289,772원"
경기도,화성시,https://www.hyundai.com/contents/repn-car/side-w/casper_ev_26my_well_side.png,2027 캐스퍼 일렉트릭,캐스퍼 일렉트릭 항속형 17인치,"32,119,772원","33,790,000원","6,530,000원","4,900,000원","1,630,000원","1,300,000원","980,000원","320,000원","24,289,772원"
경기도,화성시,https://www.hyundai.com/contents/repn-car/side-w/casper_ev_26my_well_side.png,2027 캐스퍼 일렉트릭,캐스퍼 일렉트릭 크로스 17인치,"34,125,474원","35,900,000원","6,490,000원","4,870,000원","1,620,000원","1,290,000원","970,000원","320,000원","26,345,474원"
경기도,화성시,https://www.hyundai.com/contents/repn-car/side-w/casper_ev_26my_well_side.png,2027 캐스퍼 일렉트릭,캐스퍼 일렉트릭 라운지 17인치,"34,572,243원","36,370,000원","6,530,000원","4,900,000원","1,630,000원","1,300,000원","980,000원","320,000원","26,742,243원"
경기도,화성시,https://www.hyundai.com/contents/repn-car/side-w/kona-electric-25my-well-side.png,코나 Electric,기본형 E-Value +,"41,520,912원","43,680,000원","5,820,000원","4,370,000원","1,450,000원","1,160,000원","870,000원","290,000원","34,540,912원"
경기도,화성시,https://www.hyundai.com/contents/repn-car/side-w/kona-electric-25my-well-side.png,코나 Electric,기본형 Premium,"43,564,638원","45,830,000원","5,820,000원","4,370,000원","1,450,000원","1,160,000원","870,000원","290,000원","36,584,638원"
경기도,화성시,https://www.hyundai.com/contents/repn-car/side-w/kona-electric-25my-well-side.png,코나 Electric,항속형 Modern plus,"45,655,893원","48,030,000원","6,850,000원","5,140,000원","1,710,000원","1,330,000원","1,000,000원","330,000원","37,475,893원"
경기도,화성시,https://www.hyundai.com/contents/repn-car/side-w/kona-electric-25my-well-side.png,코나 Electric,항속형 Modern plus 스타일 Ⅱ,"45,655,893원","48,030,000원","6,850,000원","5,140,000원","1,710,000원","1,330,000원","1,000,000원","330,000원","37,475,893원"
경기도,화성시,https://www.hyundai.com/contents/repn-car/side-w/kona-electric-25my-well-side.png,코나 Electric,항속형 Premium,"46,568,440원","48,990,000원","6,850,000원","5,140,000원","1,710,000원","1,330,000원","1,000,000원","330,000원","38,388,440원"
경기도,화성시,https://www.hyundai.com/contents/repn-car/side-w/kona-electric-25my-well-side.png,코나 Electric,항속형 Premium 빌트인 캠 2,"46,568,440원","48,990,000원","6,850,000원","5,140,000원","1,710,000원","1,330,000원","1,000,000원","330,000원","38,388,440원"
경기도,화성시,https://www.hyundai.com/contents/repn-car/side-w/kona-electric-25my-well-side.png,코나 Electric,항속형 Premium 스타일 Ⅱ,"46,568,440원","48,990,000원","6,850,000원","5,140,000원","1,710,000원","1,330,000원","1,000,000원","330,000원","38,388,440원"
경기도,화성시,https://www.hyundai.com/contents/repn-car/side-w/kona-electric-25my-well-side.png,코나 Electric,항속형 Inspiration,"49,923,954원","52,520,000원","6,120,000원","4,590,000원","1,530,000원","1,220,000원","920,000원","300,000원","42,583,954원"
경기도,화성시,https://www.hyundai.com/contents/repn-car/side-w/kona-electric-25my-well-side.png,코나 Electric,항속형 N Line Inspiration,"50,865,018원","53,510,000원","6,120,000원","4,590,000원","1,530,000원","1,220,000원","920,000원","300,000원","43,525,018원"
경기도,화성시,https://www.hyundai.com/contents/repn-car/side-w/ioniq5-27my-well-side.png,아이오닉 5,2WD E-Value +(스탠다드) 19인치,"47,347,908원","49,810,000원","6,440,000원","4,830,000원","1,610,000원","1,290,000원","970,000원","320,000원","39,617,908원"
경기도,화성시,https://www.hyundai.com/contents/repn-car/side-w/ioniq5-27my-well-side.png,아이오닉 5,2WD E-Lite(롱레인지) 19인치,"50,636,881원","53,270,000원","7,560,000원","5,670,000원","1,890,000원","1,330,000원","1,000,000원","330,000원","41,746,881원"
경기도,화성시,https://www.hyundai.com/contents/repn-car/side-w/ioniq5-27my-well-side.png,아이오닉 5,2WD 모던(롱레인지) 19인치,"52,899,239원","55,650,000원","7,560,000원","5,670,000원","1,890,000원","1,330,000원","1,000,000원","330,000원","44,009,239원"
경기도,화성시,https://www.hyundai.com/contents/repn-car/side-w/ioniq5-27my-well-side.png,아이오닉 5,4WD E-Lite(롱레인지) 19인치,"52,984,791원","55,740,000원","7,440,000원","5,580,000원","1,860,000원","1,330,000원","1,000,000원","330,000원","44,214,791원"
경기도,화성시,https://www.hyundai.com/contents/repn-car/side-w/ioniq5-27my-well-side.png,아이오닉 5,2WD 모던(롱레인지) 19인치 빌트인캠 2 + 증강현실 내비게이션,"52,899,239원","55,650,000원","7,560,000원","5,670,000원","1,890,000원","1,330,000원","1,000,000원","330,000원","44,009,239원"
경기도,화성시,https://www.hyundai.com/contents/repn-car/side-w/ioniq5-27my-well-side.png,아이오닉 5,4WD 모던(롱레인지) 19인치,"55,247,148원","58,120,000원","7,440,000원","5,580,000원","1,860,000원","1,330,000원","1,000,000원","330,000원","46,477,148원"
경기도,화성시,https://www.hyundai.com/contents/repn-car/side-w/ioniq5-27my-well-side.png,아이오닉 5,2WD 프리미엄(롱레인지) 19인치,"58,241,444원","61,270,000원","7,560,000원","5,670,000원","1,890,000원","1,330,000원","1,000,000원","330,000원","49,351,444원"
경기도,화성시,https://www.hyundai.com/contents/repn-car/side-w/ioniq5-27my-well-side.png,아이오닉 5,2WD 프리미엄(롱레인지) 19인치 빌트인캠 2 + 증강현실 내비게이션,"58,241,444원","61,270,000원","7,560,000원","5,670,000원","1,890,000원","1,330,000원","1,000,000원","330,000원","49,351,444원"
경기도,화성시,https://www.hyundai.com/contents/repn-car/side-w/ioniq5-27my-well-side.png,아이오닉 5,2WD 프리미엄(롱레인지) 20인치,"58,707,224원","61,760,000원","7,450,000원","5,590,000원","1,860,000원","1,330,000원","1,000,000원","330,000원","49,927,224원"
경기도,화성시,https://www.hyundai.com/contents/repn-car/side-w/ioniq5-27my-well-side.png,아이오닉 5,2WD N LINE(롱레인지) 20인치,"59,448,669원","62,540,000원","7,210,000원","5,410,000원","1,800,000원","1,330,000원","1,000,000원","330,000원","50,908,669원"
경기도,화성시,https://www.hyundai.com/contents/repn-car/side-w/ioniq5-27my-well-side.png,아이오닉 5,4WD 프리미엄(롱레인지) 19인치,"60,589,354원","63,740,000원","7,440,000원","5,580,000원","1,860,000원","1,330,000원","1,000,000원","330,000원","51,819,354원"
경기도,화성시,https://www.hyundai.com/contents/repn-car/side-w/ioniq5-27my-well-side.png,아이오닉 5,4WD 프리미엄(롱레인지) 20인치,"61,055,132원","64,230,000원","7,090,000원","5,320,000원","1,770,000원","1,330,000원","1,000,000원","330,000원","52,635,132원"
경기도,화성시,https://www.hyundai.com/contents/repn-car/side-w/ioniq5-27my-well-side.png,아이오닉 5,2WD 인스퍼레이션(롱레인지) 19인치,"61,283,270원","64,470,000원","7,560,000원","5,670,000원","1,890,000원","1,330,000원","1,000,000원","330,000원","52,393,270원"
경기도,화성시,https://www.hyundai.com/contents/repn-car/side-w/ioniq5-27my-well-side.png,아이오닉 5,2WD 인스퍼레이션(롱레인지) 19인치 빌트인캠 2 + 증강현실 내비게이션,"61,283,270원","64,470,000원","7,560,000원","5,670,000원","1,890,000원","1,330,000원","1,000,000원","330,000원","52,393,270원"
경기도,화성시,https://www.hyundai.com/contents/repn-car/side-w/ioniq5-27my-well-side.png,아이오닉 5,2WD 인스퍼레이션(롱레인지) 20인치,"61,749,048원","64,960,000원","7,450,000원","5,590,000원","1,860,000원","1,330,000원","1,000,000원","330,000원","52,969,048원"
경기도,화성시,https://www.hyundai.com/contents/repn-car/side-w/ioniq5-27my-well-side.png,아이오닉 5,4WD N LINE(롱레인지) 20인치,"61,796,577원","65,010,000원","6,800,000원","5,100,000원","1,700,000원","1,330,000원","1,000,000원","330,000원","53,666,577원"
경기도,화성시,https://www.hyundai.com/contents/repn-car/side-w/ioniq5-27my-well-side.png,아이오닉 5,4WD 인스퍼레이션(롱레인지) 19인치,"63,631,178원","66,940,000원","7,440,000원","5,580,000원","1,860,000원","1,330,000원","1,000,000원","330,000원","54,861,178원"
경기도,화성시,https://www.hyundai.com/contents/repn-car/side-w/ioniq5-27my-well-side.png,아이오닉 5,4WD 인스퍼레이션(롱레인지) 20인치,"64,096,958원","67,430,000원","7,090,000원","5,320,000원","1,770,000원","1,330,000원","1,000,000원","330,000원","55,676,958원"
경기도,화성시,https://www.hyundai.com/contents/repn-car/side-w/ioniq6-25fl-well-side.png,더 뉴 아이오닉 6,2WD E-Value +(스탠다드) 18인치,"48,564,639원","51,090,000원","7,460,000원","5,600,000원","1,860,000원","1,330,000원","1,000,000원","330,000원","39,774,639원"
경기도,화성시,https://www.hyundai.com/contents/repn-car/side-w/ioniq6-25fl-well-side.png,더 뉴 아이오닉 6,2WD E-LITE(롱레인지) 18인치,"50,636,881원","53,270,000원","7,600,000원","5,700,000원","1,900,000원","1,330,000원","1,000,000원","330,000원","41,706,881원"
경기도,화성시,https://www.hyundai.com/contents/repn-car/side-w/ioniq6-25fl-well-side.png,더 뉴 아이오닉 6,2WD Exclusive(스탠다드) 18인치,"50,950,570원","53,600,000원","7,460,000원","5,600,000원","1,860,000원","1,330,000원","1,000,000원","330,000원","42,160,570원"
경기도,화성시,https://www.hyundai.com/contents/repn-car/side-w/ioniq6-25fl-well-side.png,더 뉴 아이오닉 6,2WD E-LITE(롱레인지) 20인치,"51,197,719원","53,860,000원","7,600,000원","5,700,000원","1,900,000원","1,330,000원","1,000,000원","330,000원","42,267,719원"
경기도,화성시,https://www.hyundai.com/contents/repn-car/side-w/ioniq6-25fl-well-side.png,더 뉴 아이오닉 6,4WD E-LITE(롱레인지) 18인치,"52,984,791원","55,740,000원","7,600,000원","5,700,000원","1,900,000원","1,330,000원","1,000,000원","330,000원","44,054,791원"
경기도,화성시,https://www.hyundai.com/contents/repn-car/side-w/ioniq6-25fl-well-side.png,더 뉴 아이오닉 6,4WD E-LITE(롱레인지) 20인치,"53,545,627원","56,330,000원","7,370,000원","5,530,000원","1,840,000원","1,330,000원","1,000,000원","330,000원","44,845,627원"
경기도,화성시,https://www.hyundai.com/contents/repn-car/side-w/ioniq6-25fl-well-side.png,더 뉴 아이오닉 6,2WD Exclusive(롱레인지) 18인치,"55,152,091원","58,020,000원","7,600,000원","5,700,000원","1,900,000원","1,330,000원","1,000,000원","330,000원","46,222,091원"
경기도,화성시,https://www.hyundai.com/contents/repn-car/side-w/ioniq6-25fl-well-side.png,더 뉴 아이오닉 6,2WD Prestige(스탠다드) 18인치,"55,532,319원","58,420,000원","7,460,000원","5,600,000원","1,860,000원","1,330,000원","1,000,000원","330,000원","46,742,319원"
경기도,화성시,https://www.hyundai.com/contents/repn-car/side-w/ioniq6-25fl-well-side.png,더 뉴 아이오닉 6,2WD Exclusive(롱레인지) 20인치,"55,712,927원","58,610,000원","7,600,000원","5,700,000원","1,900,000원","1,330,000원","1,000,000원","330,000원","46,782,927원"
경기도,화성시,https://www.hyundai.com/contents/repn-car/side-w/ioniq6-25fl-well-side.png,더 뉴 아이오닉 6,2WD N Line Exclusive(롱레인지) 20인치,"57,452,472원","60,440,000원","7,600,000원","5,700,000원","1,900,000원","1,330,000원","1,000,000원","330,000원","48,522,472원"
경기도,화성시,https://www.hyundai.com/contents/repn-car/side-w/ioniq6-25fl-well-side.png,더 뉴 아이오닉 6,4WD Exclusive(롱레인지) 18인치,"57,499,999원","60,490,000원","7,600,000원","5,700,000원","1,900,000원","1,330,000원","1,000,000원","330,000원","48,569,999원"
경기도,화성시,https://www.hyundai.com/contents/repn-car/side-w/ioniq6-25fl-well-side.png,더 뉴 아이오닉 6,4WD Exclusive(롱레인지) 20인치,"58,060,836원","61,080,000원","7,370,000원","5,530,000원","1,840,000원","1,330,000원","1,000,000원","330,000원","49,360,836원"
경기도,화성시,https://www.hyundai.com/contents/repn-car/side-w/ioniq6-25fl-well-side.png,더 뉴 아이오닉 6,2WD Prestige(롱레인지) 18인치,"59,724,335원","62,830,000원","7,600,000원","5,700,000원","1,900,000원","1,330,000원","1,000,000원","330,000원","50,794,335원"
경기도,화성시,https://www.hyundai.com/contents/repn-car/side-w/ioniq6-25fl-well-side.png,더 뉴 아이오닉 6,4WD N Line Exclusive(롱레인지) 20인치,"59,800,380원","62,910,000원","7,160,000원","5,370,000원","1,790,000원","1,330,000원","1,000,000원","330,000원","51,310,380원"
경기도,화성시,https://www.hyundai.com/contents/repn-car/side-w/ioniq6-25fl-well-side.png,더 뉴 아이오닉 6,2WD Prestige(롱레인지) 20인치,"60,285,171원","63,420,000원","7,600,000원","5,700,000원","1,900,000원","1,330,000원","1,000,000원","330,000원","51,355,171원"
경기도,화성시,https://www.hyundai.com/contents/repn-car/side-w/ioniq6-25fl-well-side.png,더 뉴 아이오닉 6,2WD N Line Prestige(롱레인지) 20인치,"61,321,293원","64,510,000원","7,600,000원","5,700,000원","1,900,000원","1,330,000원","1,000,000원","330,000원","52,391,293원"
경기도,화성시,https://www.hyundai.com/contents/repn-car/side-w/ioniq6-25fl-well-side.png,더 뉴 아이오닉 6,4WD Prestige(롱레인지) 18인치,"62,072,243원","65,300,000원","7,600,000원","5,700,000원","1,900,000원","1,330,000원","1,000,000원","330,000원","53,142,243원"
경기도,화성시,https://www.hyundai.com/contents/repn-car/side-w/ioniq6-25fl-well-side.png,더 뉴 아이오닉 6,4WD Prestige(롱레인지) 20인치,"62,633,079원","65,890,000원","7,370,000원","5,530,000원","1,840,000원","1,330,000원","1,000,000원","330,000원","53,933,079원"
경기도,화성시,https://www.hyundai.com/contents/repn-car/side-w/ioniq6-25fl-well-side.png,더 뉴 아이오닉 6,4WD N Line Prestige(롱레인지) 20인치,"63,669,201원","66,980,000원","7,160,000원","5,370,000원","1,790,000원","1,330,000원","1,000,000원","330,000원","55,179,201원"
경기도,화성시,https://www.hyundai.com/contents/repn-car/side-w/the-new-staria-lounge-electric-27pe-well-side.png,더 뉴 스타리아 라운지 Electric,2WD 오토 Prestige 7인승,"63,593,156원","66,900,000원","3,050,000원","2,290,000원","760,000원","610,000원","460,000원","150,000원","59,933,156원"
경기도,화성시,https://www.hyundai.com/contents/repn-car/side-w/the-new-staria-lounge-electric-27pe-well-side.png,더 뉴 스타리아 라운지 Electric,2WD 오토 Inspiration 7인승,"67,309,885원","70,810,000원","3,050,000원","2,290,000원","760,000원","610,000원","460,000원","150,000원","63,649,885원"
경기도,화성시,https://www.hyundai.com/contents/repn-car/side-w/GV60-27MY.png,GV60,GV60 스탠다드 2WD 19인치,"64,904,943원","68,280,000원","3,800,000원","2,850,000원","950,000원","760,000원","570,000원","190,000원","60,344,943원"
경기도,화성시,https://www.hyundai.com/contents/repn-car/side-w/GV60-27MY.png,GV60,GV60 스탠다드 AWD 19인치,"72,080,000원","72,080,000원","3,620,000원","2,720,000원","900,000원","720,000원","540,000원","180,000원","67,740,000원"
경기도,화성시,https://www.hyundai.com/contents/repn-car/side-w/GV60-27MY.png,GV60,GV60 스탠다드 AWD 20인치,"74,380,000원","74,380,000원","3,480,000원","2,610,000원","870,000원","690,000원","520,000원","170,000원","70,210,000원"
경기도,화성시,https://www.hyundai.com/contents/repn-car/side-w/ioniq9-27my-well-side.png,아이오닉 9,2WD 익스클루시브 19인치 7인승,"67,585,551원","71,100,000원","3,650,000원","2,740,000원","910,000원","730,000원","550,000원","180,000원","63,205,551원"
경기도,화성시,https://www.hyundai.com/contents/repn-car/side-w/ioniq9-27my-well-side.png,아이오닉 9,2WD 익스클루시브 19인치 6인승,"68,165,399원","71,710,000원","3,650,000원","2,740,000원","910,000원","730,000원","550,000원","180,000원","63,785,399원"
경기도,화성시,https://www.hyundai.com/contents/repn-car/side-w/ioniq9-27my-well-side.png,아이오닉 9,4WD(항속) 익스클루시브 19인치 7인승,"70,247,148원","73,900,000원","3,610,000원","2,710,000원","900,000원","720,000원","540,000원","180,000원","65,917,148원"
경기도,화성시,https://www.hyundai.com/contents/repn-car/side-w/ioniq9-27my-well-side.png,아이오닉 9,4WD(항속) 익스클루시브 19인치 6인승,"70,826,995원","74,510,000원","3,610,000원","2,710,000원","900,000원","720,000원","540,000원","180,000원","66,496,995원"
경기도,화성시,https://www.hyundai.com/contents/repn-car/side-w/ioniq9-27my-well-side.png,아이오닉 9,4WD(성능) 익스클루시브 19인치 7인승,"71,102,661원","74,800,000원","3,620,000원","2,720,000원","900,000원","720,000원","540,000원","180,000원","66,762,661원"
경기도,화성시,https://www.hyundai.com/contents/repn-car/side-w/ioniq9-27my-well-side.png,아이오닉 9,4WD(성능) 익스클루시브 19인치 6인승,"71,682,509원","75,410,000원","3,620,000원","2,720,000원","900,000원","720,000원","540,000원","180,000원","67,342,509원"
경기도,화성시,https://www.hyundai.com/contents/repn-car/side-w/ioniq9-27my-well-side.png,아이오닉 9,2WD 프레스티지 19인치 7인승,"73,241,445원","77,050,000원","3,650,000원","2,740,000원","910,000원","730,000원","550,000원","180,000원","68,861,445원"
경기도,화성시,https://www.hyundai.com/contents/repn-car/side-w/ioniq9-27my-well-side.png,아이오닉 9,2WD 프레스티지 21인치 7인승,"73,241,445원","77,050,000원","3,650,000원","2,740,000원","910,000원","730,000원","550,000원","180,000원","68,861,445원"
경기도,화성시,https://www.hyundai.com/contents/repn-car/side-w/ioniq9-27my-well-side.png,아이오닉 9,2WD 프레스티지 19인치 6인승,"73,735,741원","77,570,000원","3,650,000원","2,740,000원","910,000원","730,000원","550,000원","180,000원","69,355,741원"
경기도,화성시,https://www.hyundai.com/contents/repn-car/side-w/ioniq9-27my-well-side.png,아이오닉 9,2WD 프레스티지 21인치 6인승,"73,735,741원","77,570,000원","3,650,000원","2,740,000원","910,000원","730,000원","550,000원","180,000원","69,355,741원"
경기도,화성시,https://www.hyundai.com/contents/repn-car/side-w/ioniq9-27my-well-side.png,아이오닉 9,4WD(항속) 프레스티지 19인치 7인승,"75,903,041원","79,850,000원","3,610,000원","2,710,000원","900,000원","720,000원","540,000원","180,000원","71,573,041원"
경기도,화성시,https://www.hyundai.com/contents/repn-car/side-w/ioniq9-27my-well-side.png,아이오닉 9,4WD(항속) 프레스티지 21인치 7인승,"75,903,041원","79,850,000원","3,610,000원","2,710,000원","900,000원","720,000원","540,000원","180,000원","71,573,041원"
경기도,화성시,https://www.hyundai.com/contents/repn-car/side-w/ioniq9-27my-well-side.png,아이오닉 9,4WD(항속) 프레스티지 19인치 6인승,"76,397,338원","80,370,000원","3,610,000원","2,710,000원","900,000원","720,000원","540,000원","180,000원","72,067,338원"
경기도,화성시,https://www.hyundai.com/contents/repn-car/side-w/ioniq9-27my-well-side.png,아이오닉 9,4WD(항속) 프레스티지 21인치 6인승,"76,397,338원","80,370,000원","3,610,000원","2,710,000원","900,000원","720,000원","540,000원","180,000원","72,067,338원"
경기도,화성시,https://www.hyundai.com/contents/repn-car/side-w/ioniq9-27my-well-side.png,아이오닉 9,4WD(성능) 프레스티지 19인치 7인승,"76,758,555원","80,750,000원","3,620,000원","2,720,000원","900,000원","720,000원","540,000원","180,000원","72,418,555원"
경기도,화성시,https://www.hyundai.com/contents/repn-car/side-w/ioniq9-27my-well-side.png,아이오닉 9,4WD(성능) 프레스티지 21인치 7인승,"76,758,555원","80,750,000원","3,620,000원","2,720,000원","900,000원","720,000원","540,000원","180,000원","72,418,555원"
경기도,화성시,https://www.hyundai.com/contents/repn-car/side-w/ioniq9-27my-well-side.png,아이오닉 9,4WD(성능) 프레스티지 19인치 6인승,"77,252,851원","81,270,000원","3,620,000원","2,720,000원","900,000원","720,000원","540,000원","180,000원","72,912,851원"
경기도,화성시,https://www.hyundai.com/contents/repn-car/side-w/ioniq9-27my-well-side.png,아이오닉 9,4WD(성능) 프레스티지 21인치 6인승,"77,252,851원","81,270,000원","3,620,000원","2,720,000원","900,000원","720,000원","540,000원","180,000원","72,912,851원"
경기도,화성시,https://www.hyundai.com/contents/repn-car/side-w/ioniq9-27my-well-side.png,아이오닉 9,2WD 캘리그래피 19인치 7인승,"78,108,365원","82,170,000원","3,650,000원","2,740,000원","910,000원","730,000원","550,000원","180,000원","73,728,365원"
경기도,화성시,https://www.hyundai.com/contents/repn-car/side-w/ioniq9-27my-well-side.png,아이오닉 9,2WD 캘리그래피 21인치 7인승,"78,108,365원","82,170,000원","3,650,000원","2,740,000원","910,000원","730,000원","550,000원","180,000원","73,728,365원"
경기도,화성시,https://www.hyundai.com/contents/repn-car/side-w/ioniq9-27my-well-side.png,아이오닉 9,2WD 캘리그래피 19인치 6인승,"79,600,760원","83,740,000원","3,650,000원","2,740,000원","910,000원","730,000원","550,000원","180,000원","75,220,760원"
경기도,화성시,https://www.hyundai.com/contents/repn-car/side-w/ioniq9-27my-well-side.png,아이오닉 9,2WD 캘리그래피 21인치 6인승,"79,600,760원","83,740,000원","3,650,000원","2,740,000원","910,000원","730,000원","550,000원","180,000원","75,220,760원"
경기도,화성시,https://www.hyundai.com/contents/repn-car/side-w/ioniq9-27my-well-side.png,아이오닉 9,4WD(항속) 캘리그래피 19인치 7인승,"80,769,961원","84,970,000원","3,610,000원","2,710,000원","900,000원","720,000원","540,000원","180,000원","76,439,961원"
경기도,화성시,https://www.hyundai.com/contents/repn-car/side-w/ioniq9-27my-well-side.png,아이오닉 9,4WD(항속) 캘리그래피 21인치 7인승,"80,769,961원","84,970,000원","3,610,000원","2,710,000원","900,000원","720,000원","540,000원","180,000원","76,439,961원"
경기도,화성시,https://www.hyundai.com/contents/repn-car/side-w/ioniq9-27my-well-side.png,아이오닉 9,4WD(성능) 캘리그래피 19인치 7인승,"81,625,475원","85,870,000원","3,620,000원","2,720,000원","900,000원","720,000원","540,000원","180,000원","77,285,475원"
경기도,화성시,https://www.hyundai.com/contents/repn-car/side-w/ioniq9-27my-well-side.png,아이오닉 9,4WD(성능) 캘리그래피 21인치 7인승,"81,625,475원","85,870,000원","3,620,000원","2,720,000원","900,000원","720,000원","540,000원","180,000원","77,285,475원"
경기도,화성시,https://www.hyundai.com/contents/repn-car/side-w/ioniq9-27my-well-side.png,아이오닉 9,4WD(항속) 캘리그래피 19인치 6인승,"82,262,357원","86,540,000원","3,610,000원","2,710,000원","900,000원","720,000원","540,000원","180,000원","77,932,357원"
경기도,화성시,https://www.hyundai.com/contents/repn-car/side-w/ioniq9-27my-well-side.png,아이오닉 9,4WD(항속) 캘리그래피 21인치 6인승,"82,262,357원","86,540,000원","3,610,000원","2,710,000원","900,000원","720,000원","540,000원","180,000원","77,932,357원"
경기도,화성시,https://www.hyundai.com/contents/repn-car/side-w/ioniq9-27my-well-side.png,아이오닉 9,4WD(성능) 캘리그래피 19인치 6인승,"83,149,999원","87,440,000원","3,620,000원","2,720,000원","900,000원","720,000원","540,000원","180,000원","78,809,999원"
경기도,화성시,https://www.hyundai.com/contents/repn-car/side-w/ioniq9-27my-well-side.png,아이오닉 9,4WD(성능) 캘리그래피 21인치 6인승,"83,149,999원","87,440,000원","3,620,000원","2,720,000원","900,000원","720,000원","540,000원","180,000원","78,809,999원"
경기도,화성시,https://www.hyundai.com/contents/repn-car/side-w/Electrified-GV70-27MY.png,Electrified GV70,ELECTRIFIED GV70 AWD 19인치,"75,798,478원","79,740,000원","3,480,000원","2,610,000원","870,000원","690,000원","520,000원","170,000원","71,628,478원"
경기도,화성시,https://www.hyundai.com/contents/repn-car/side-w/Electrified-GV70-27MY.png,Electrified GV70,ELECTRIFIED GV70 AWD 20인치,"76,558,935원","80,540,000원","3,260,000원","2,450,000원","810,000원","650,000원","490,000원","160,000원","72,648,935원"
경기도,화성시,https://www.hyundai.com/contents/repn-car/side-w/ioniq6-n-25lc-well-side.png,아이오닉 6 N,4WD N,"79,904,942원","84,060,000원","3,330,000원","2,500,000원","830,000원","670,000원","500,000원","170,000원","75,904,942원"
경기도,화성시,https://www.hyundai.com/contents/repn-car/side-w/g80_ev_27my-well-side.png,Electrified G80,ELECTRIFIED G80,"84,790,000원","89,080,000원","3,600,000원","2,700,000원","900,000원","720,000원","540,000원","180,000원","80,470,000원"
경기도,화성시,https://www.hyundai.com/contents/repn-car/side-w/g80_ev_27my-well-side.png,Electrified G80,ELECTRIFIED G80,"87,790,000원","92,080,000원","3,600,000원","2,700,000원","900,000원","720,000원","540,000원","180,000원","83,470,000원"
경기도,화성시,https://www.hyundai.com/contents/repn-car/side-w/the-new-staria-limousine-electric-27pe-well-side.png,더 뉴 스타리아 리무진 Electric,2WD 오토 Inspiration 리무진,"84,820,000원","89,110,000원","3,050,000원","2,290,000원","760,000원","610,000원","460,000원","150,000원","81,160,000원"
경기도,화성시,https://www.hyundai.com/contents/repn-car/side-w/porter2-electric-26my-well-side.png,포터 II Electric ,오토 스타일스페셜,"43,500,000원","43,500,000원","14,030,000원","9,680,000원","4,350,000원","1,450,000원","1,000,000원","450,000원","28,020,000원"
경기도,화성시,https://www.hyundai.com/contents/repn-car/side-w/porter2-electric-26my-well-side.png,포터 II Electric ,오토 스마트스페셜,"44,850,000원","44,850,000원","14,030,000원","9,680,000원","4,350,000원","1,450,000원","1,000,000원","450,000원","29,370,000원"
경기도,화성시,https://www.hyundai.com/contents/repn-car/side-w/porter2-electric-26my-well-side.png,포터 II Electric ,오토 프리미엄스페셜,"46,450,000원","46,450,000원","14,030,000원","9,680,000원","4,350,000원","1,450,000원","1,000,000원","450,000원","30,970,000원"
경기도,화성시,https://www.hyundai.com/contents/repn-car/side-w/porter2-electric-built-in-truck-26my-45side.png,포터II Electric 내장탑차,오토 스마트스페셜 저상,"49,030,000원","49,030,000원","11,310,000원","7,800,000원","3,510,000원","1,330,000원","920,000원","410,000원","36,390,000원"
경기도,화성시,https://www.hyundai.com/contents/repn-car/side-w/porter2-electric-built-in-truck-26my-45side.png,포터II Electric 내장탑차,오토 스마트스페셜,"50,250,000원","50,250,000원","11,310,000원","7,800,000원","3,510,000원","1,330,000원","920,000원","410,000원","37,610,000원"
경기도,화성시,https://www.hyundai.com/contents/repn-car/side-w/porter2-electric-built-in-truck-26my-45side.png,포터II Electric 내장탑차,오토 스마트스페셜 하이,"51,130,000원","51,130,000원","11,310,000원","7,800,000원","3,510,000원","1,330,000원","920,000원","410,000원","38,490,000원"
경기도,화성시,https://www.hyundai.com/contents/repn-car/side-w/porter2-electric-powergate-truck-26my-45side.png,포터II Electric 파워게이트,오토 스마트스페셜,"50,000,000원","50,000,000원","11,310,000원","7,800,000원","3,510,000원","1,330,000원","920,000원","410,000원","37,360,000원"
경기도,화성시,https://www.hyundai.com/contents/repn-car/side-w/porter2-electric-wingbody-26my-45side.png,포터II Electric 윙바디,오토 스마트스페셜 수동식,"51,030,000원","51,030,000원","11,310,000원","7,800,000원","3,510,000원","1,330,000원","920,000원","410,000원","38,390,000원"
경기도,화성시,https://www.hyundai.com/contents/repn-car/side-w/porter2-electric-wingbody-26my-45side.png,포터II Electric 윙바디,오토 스마트스페셜 전동식,"55,240,000원","55,240,000원","11,310,000원","7,800,000원","3,510,000원","1,330,000원","920,000원","410,000원","42,600,000원"
경기도,화성시,https://www.hyundai.com/contents/repn-car/side-w/the-new-staria-electric-27pe-well-side.png,더 뉴 스타리아 Electric,2WD 오토 Modern 3인승,"57,920,000원","57,920,000원","17,400,000원","12,000,000원","5,400,000원","1,450,000원","1,000,000원","450,000원","39,070,000원"
경기도,화성시,https://www.hyundai.com/contents/repn-car/side-w/the-new-staria-electric-27pe-well-side.png,더 뉴 스타리아 Electric,2WD 오토 Modern 5인승,"58,700,000원","58,700,000원","17,400,000원","12,000,000원","5,400,000원","1,450,000원","1,000,000원","450,000원","39,850,000원"
경기도,화성시,https://www.hyundai.com/contents/repn-car/side-w/st1-hightop-27my-well-side.png,ST1 하이탑차,오토 스마트,"58,830,000원","58,830,000원","15,950,000원","11,000,000원","4,950,000원","1,450,000원","1,000,000원","450,000원","41,430,000원"
경기도,화성시,https://www.hyundai.com/contents/repn-car/side-w/st1-27my-well-side.png,ST1 카고,오토 스타일,"59,460,000원","59,460,000원","17,400,000원","12,000,000원","5,400,000원","1,450,000원","1,000,000원","450,000원","40,610,000원"
경기도,화성시,https://www.hyundai.com/contents/repn-car/side-w/st1-27my-well-side.png,ST1 카고,오토 스마트,"61,230,000원","61,230,000원","17,400,000원","12,000,000원","5,400,000원","1,450,000원","1,000,000원","450,000원","42,380,000원"
경기도,화성시,https://www.hyundai.com/contents/repn-car/side-w/st1-27my-well-side.png,ST1 카고,오토 프리미엄,"65,710,000원","65,710,000원","17,400,000원","12,000,000원","5,400,000원","1,450,000원","1,000,000원","450,000원","46,860,000원"
경기도,화성시,https://www.hyundai.com/contents/repn-car/side-w/st1-freezer-truck-27my-well-side.png,ST1 카고 냉동,오토 스마트,"69,580,000원","69,580,000원","21,020,000원","14,500,000원","6,520,000원","1,450,000원","1,000,000원","450,000원","47,110,000원"
경기도,화성시,https://www.hyundai.com/contents/repn-car/side-w/st1-freezer-truck-27my-well-side.png,ST1 카고 냉동,오토 프리미엄,"74,060,000원","74,060,000원","21,020,000원","14,500,000원","6,520,000원","1,450,000원","1,000,000원","450,000원","51,590,000원"
경기도,화성시,https://www.hyundai.com/contents/repn-car/side-w/the-new-staria-electric-27pe-well-side.png,더 뉴 스타리아 Electric,2WD 오토 Modern 11인승,"60,290,000원","60,290,000원","19,500,000원","15,000,000원","4,500,000원",0원,0원,0원,"40,790,000원"
경기도,화성시,https://www.hyundai.com/contents/repn-car/side-w/the-new-staria-lounge-electric-27pe-well-side.png,더 뉴 스타리아 라운지 Electric,2WD 오토 Prestige 11인승 라운지,"65,490,000원","65,490,000원","19,500,000원","15,000,000원","4,500,000원",0원,0원,0원,"45,990,000원"
경기도,화성시,https://www.hyundai.com/contents/repn-car/side-w/nexo-27my-well-side.png,넥쏘,2WD 모던,"76,470,532원","80,447,000원","35,000,000원","22,500,000원","12,500,000원",0원,0원,0원,"41,470,532원"
경기도,화성시,https://www.hyundai.com/contents/repn-car/side-w/nexo-27my-well-side.png,넥쏘,2WD 익스클루시브,"79,369,771원","83,497,000원","35,000,000원","22,500,000원","12,500,000원",0원,0원,0원,"44,369,771원"
경기도,화성시,https://www.hyundai.com/contents/repn-car/side-w/nexo-27my-well-side.png,넥쏘,2WD 프레스티지,"83,789,923원","88,147,000원","35,000,000원","22,500,000원","12,500,000원",0원,0원,0원,"48,789,923원"
경기도,평택시,https://www.hyundai.com/contents/repn-car/side-w/casper_ev_26my_well_side.png,2027 캐스퍼 일렉트릭,캐스퍼 일렉트릭 기본형 15인치,"28,469,581원","29,950,000원","7,350,000원","4,900,000원","2,450,000원","1,270,000원","980,000원","290,000원","19,849,581원"
경기도,평택시,https://www.hyundai.com/contents/repn-car/side-w/casper_ev_26my_well_side.png,2027 캐스퍼 일렉트릭,캐스퍼 일렉트릭 항속형 15인치,"32,119,772원","33,790,000원","7,350,000원","4,900,000원","2,450,000원","1,270,000원","980,000원","290,000원","23,499,772원"
경기도,평택시,https://www.hyundai.com/contents/repn-car/side-w/casper_ev_26my_well_side.png,2027 캐스퍼 일렉트릭,캐스퍼 일렉트릭 항속형 17인치,"32,119,772원","33,790,000원","7,350,000원","4,900,000원","2,450,000원","1,270,000원","980,000원","290,000원","23,499,772원"
경기도,평택시,https://www.hyundai.com/contents/repn-car/side-w/casper_ev_26my_well_side.png,2027 캐스퍼 일렉트릭,캐스퍼 일렉트릭 크로스 17인치,"34,125,474원","35,900,000원","7,300,000원","4,870,000원","2,430,000원","1,260,000원","970,000원","290,000원","25,565,474원"
경기도,평택시,https://www.hyundai.com/contents/repn-car/side-w/casper_ev_26my_well_side.png,2027 캐스퍼 일렉트릭,캐스퍼 일렉트릭 라운지 17인치,"34,572,243원","36,370,000원","7,350,000원","4,900,000원","2,450,000원","1,270,000원","980,000원","290,000원","25,952,243원"
경기도,평택시,https://www.hyundai.com/contents/repn-car/side-w/kona-electric-25my-well-side.png,코나 Electric,기본형 E-Value +,"41,520,912원","43,680,000원","6,550,000원","4,370,000원","2,180,000원","1,130,000원","870,000원","260,000원","33,840,912원"
경기도,평택시,https://www.hyundai.com/contents/repn-car/side-w/kona-electric-25my-well-side.png,코나 Electric,기본형 Premium,"43,564,638원","45,830,000원","6,550,000원","4,370,000원","2,180,000원","1,130,000원","870,000원","260,000원","35,884,638원"
경기도,평택시,https://www.hyundai.com/contents/repn-car/side-w/kona-electric-25my-well-side.png,코나 Electric,항속형 Modern plus,"45,655,893원","48,030,000원","7,710,000원","5,140,000원","2,570,000원","1,300,000원","1,000,000원","300,000원","36,645,893원"
경기도,평택시,https://www.hyundai.com/contents/repn-car/side-w/kona-electric-25my-well-side.png,코나 Electric,항속형 Modern plus 스타일 Ⅱ,"45,655,893원","48,030,000원","7,710,000원","5,140,000원","2,570,000원","1,300,000원","1,000,000원","300,000원","36,645,893원"
경기도,평택시,https://www.hyundai.com/contents/repn-car/side-w/kona-electric-25my-well-side.png,코나 Electric,항속형 Premium,"46,568,440원","48,990,000원","7,710,000원","5,140,000원","2,570,000원","1,300,000원","1,000,000원","300,000원","37,558,440원"
경기도,평택시,https://www.hyundai.com/contents/repn-car/side-w/kona-electric-25my-well-side.png,코나 Electric,항속형 Premium 빌트인 캠 2,"46,568,440원","48,990,000원","7,710,000원","5,140,000원","2,570,000원","1,300,000원","1,000,000원","300,000원","37,558,440원"
경기도,평택시,https://www.hyundai.com/contents/repn-car/side-w/kona-electric-25my-well-side.png,코나 Electric,항속형 Premium 스타일 Ⅱ,"46,568,440원","48,990,000원","7,710,000원","5,140,000원","2,570,000원","1,300,000원","1,000,000원","300,000원","37,558,440원"
경기도,평택시,https://www.hyundai.com/contents/repn-car/side-w/kona-electric-25my-well-side.png,코나 Electric,항속형 Inspiration,"49,923,954원","52,520,000원","6,880,000원","4,590,000원","2,290,000원","1,200,000원","920,000원","280,000원","41,843,954원"
경기도,평택시,https://www.hyundai.com/contents/repn-car/side-w/kona-electric-25my-well-side.png,코나 Electric,항속형 N Line Inspiration,"50,865,018원","53,510,000원","6,880,000원","4,590,000원","2,290,000원","1,200,000원","920,000원","280,000원","42,785,018원"
경기도,평택시,https://www.hyundai.com/contents/repn-car/side-w/ioniq5-27my-well-side.png,아이오닉 5,2WD E-Value +(스탠다드) 19인치,"47,347,908원","49,810,000원","7,240,000원","4,830,000원","2,410,000원","1,260,000원","970,000원","290,000원","38,847,908원"
경기도,평택시,https://www.hyundai.com/contents/repn-car/side-w/ioniq5-27my-well-side.png,아이오닉 5,2WD E-Lite(롱레인지) 19인치,"50,636,881원","53,270,000원","8,500,000원","5,670,000원","2,830,000원","1,300,000원","1,000,000원","300,000원","40,836,881원"
경기도,평택시,https://www.hyundai.com/contents/repn-car/side-w/ioniq5-27my-well-side.png,아이오닉 5,2WD 모던(롱레인지) 19인치,"52,899,239원","55,650,000원","8,500,000원","5,670,000원","2,830,000원","1,300,000원","1,000,000원","300,000원","43,099,239원"
경기도,평택시,https://www.hyundai.com/contents/repn-car/side-w/ioniq5-27my-well-side.png,아이오닉 5,4WD E-Lite(롱레인지) 19인치,"52,984,791원","55,740,000원","8,370,000원","5,580,000원","2,790,000원","1,300,000원","1,000,000원","300,000원","43,314,791원"
경기도,평택시,https://www.hyundai.com/contents/repn-car/side-w/ioniq5-27my-well-side.png,아이오닉 5,2WD 모던(롱레인지) 19인치 빌트인캠 2 + 증강현실 내비게이션,"52,899,239원","55,650,000원","8,500,000원","5,670,000원","2,830,000원","1,300,000원","1,000,000원","300,000원","43,099,239원"
경기도,평택시,https://www.hyundai.com/contents/repn-car/side-w/ioniq5-27my-well-side.png,아이오닉 5,4WD 모던(롱레인지) 19인치,"55,247,148원","58,120,000원","8,370,000원","5,580,000원","2,790,000원","1,300,000원","1,000,000원","300,000원","45,577,148원"
경기도,평택시,https://www.hyundai.com/contents/repn-car/side-w/ioniq5-27my-well-side.png,아이오닉 5,2WD 프리미엄(롱레인지) 19인치,"58,241,444원","61,270,000원","8,500,000원","5,670,000원","2,830,000원","1,300,000원","1,000,000원","300,000원","48,441,444원"
경기도,평택시,https://www.hyundai.com/contents/repn-car/side-w/ioniq5-27my-well-side.png,아이오닉 5,2WD 프리미엄(롱레인지) 19인치 빌트인캠 2 + 증강현실 내비게이션,"58,241,444원","61,270,000원","8,500,000원","5,670,000원","2,830,000원","1,300,000원","1,000,000원","300,000원","48,441,444원"
경기도,평택시,https://www.hyundai.com/contents/repn-car/side-w/ioniq5-27my-well-side.png,아이오닉 5,2WD 프리미엄(롱레인지) 20인치,"58,707,224원","61,760,000원","8,380,000원","5,590,000원","2,790,000원","1,300,000원","1,000,000원","300,000원","49,027,224원"
경기도,평택시,https://www.hyundai.com/contents/repn-car/side-w/ioniq5-27my-well-side.png,아이오닉 5,2WD N LINE(롱레인지) 20인치,"59,448,669원","62,540,000원","8,110,000원","5,410,000원","2,700,000원","1,300,000원","1,000,000원","300,000원","50,038,669원"
경기도,평택시,https://www.hyundai.com/contents/repn-car/side-w/ioniq5-27my-well-side.png,아이오닉 5,4WD 프리미엄(롱레인지) 19인치,"60,589,354원","63,740,000원","8,370,000원","5,580,000원","2,790,000원","1,300,000원","1,000,000원","300,000원","50,919,354원"
경기도,평택시,https://www.hyundai.com/contents/repn-car/side-w/ioniq5-27my-well-side.png,아이오닉 5,4WD 프리미엄(롱레인지) 20인치,"61,055,132원","64,230,000원","7,980,000원","5,320,000원","2,660,000원","1,300,000원","1,000,000원","300,000원","51,775,132원"
경기도,평택시,https://www.hyundai.com/contents/repn-car/side-w/ioniq5-27my-well-side.png,아이오닉 5,2WD 인스퍼레이션(롱레인지) 19인치,"61,283,270원","64,470,000원","8,500,000원","5,670,000원","2,830,000원","1,300,000원","1,000,000원","300,000원","51,483,270원"
경기도,평택시,https://www.hyundai.com/contents/repn-car/side-w/ioniq5-27my-well-side.png,아이오닉 5,2WD 인스퍼레이션(롱레인지) 19인치 빌트인캠 2 + 증강현실 내비게이션,"61,283,270원","64,470,000원","8,500,000원","5,670,000원","2,830,000원","1,300,000원","1,000,000원","300,000원","51,483,270원"
경기도,평택시,https://www.hyundai.com/contents/repn-car/side-w/ioniq5-27my-well-side.png,아이오닉 5,2WD 인스퍼레이션(롱레인지) 20인치,"61,749,048원","64,960,000원","8,380,000원","5,590,000원","2,790,000원","1,300,000원","1,000,000원","300,000원","52,069,048원"
경기도,평택시,https://www.hyundai.com/contents/repn-car/side-w/ioniq5-27my-well-side.png,아이오닉 5,4WD N LINE(롱레인지) 20인치,"61,796,577원","65,010,000원","7,650,000원","5,100,000원","2,550,000원","1,300,000원","1,000,000원","300,000원","52,846,577원"
경기도,평택시,https://www.hyundai.com/contents/repn-car/side-w/ioniq5-27my-well-side.png,아이오닉 5,4WD 인스퍼레이션(롱레인지) 19인치,"63,631,178원","66,940,000원","8,370,000원","5,580,000원","2,790,000원","1,300,000원","1,000,000원","300,000원","53,961,178원"
경기도,평택시,https://www.hyundai.com/contents/repn-car/side-w/ioniq5-27my-well-side.png,아이오닉 5,4WD 인스퍼레이션(롱레인지) 20인치,"64,096,958원","67,430,000원","7,980,000원","5,320,000원","2,660,000원","1,300,000원","1,000,000원","300,000원","54,816,958원"
경기도,평택시,https://www.hyundai.com/contents/repn-car/side-w/ioniq6-25fl-well-side.png,더 뉴 아이오닉 6,2WD E-Value +(스탠다드) 18인치,"48,564,639원","51,090,000원","8,400,000원","5,600,000원","2,800,000원","1,300,000원","1,000,000원","300,000원","38,864,639원"
경기도,평택시,https://www.hyundai.com/contents/repn-car/side-w/ioniq6-25fl-well-side.png,더 뉴 아이오닉 6,2WD E-LITE(롱레인지) 18인치,"50,636,881원","53,270,000원","8,550,000원","5,700,000원","2,850,000원","1,300,000원","1,000,000원","300,000원","40,786,881원"
경기도,평택시,https://www.hyundai.com/contents/repn-car/side-w/ioniq6-25fl-well-side.png,더 뉴 아이오닉 6,2WD Exclusive(스탠다드) 18인치,"50,950,570원","53,600,000원","8,400,000원","5,600,000원","2,800,000원","1,300,000원","1,000,000원","300,000원","41,250,570원"
경기도,평택시,https://www.hyundai.com/contents/repn-car/side-w/ioniq6-25fl-well-side.png,더 뉴 아이오닉 6,2WD E-LITE(롱레인지) 20인치,"51,197,719원","53,860,000원","8,550,000원","5,700,000원","2,850,000원","1,300,000원","1,000,000원","300,000원","41,347,719원"
경기도,평택시,https://www.hyundai.com/contents/repn-car/side-w/ioniq6-25fl-well-side.png,더 뉴 아이오닉 6,4WD E-LITE(롱레인지) 18인치,"52,984,791원","55,740,000원","8,550,000원","5,700,000원","2,850,000원","1,300,000원","1,000,000원","300,000원","43,134,791원"
경기도,평택시,https://www.hyundai.com/contents/repn-car/side-w/ioniq6-25fl-well-side.png,더 뉴 아이오닉 6,4WD E-LITE(롱레인지) 20인치,"53,545,627원","56,330,000원","8,290,000원","5,530,000원","2,760,000원","1,300,000원","1,000,000원","300,000원","43,955,627원"
경기도,평택시,https://www.hyundai.com/contents/repn-car/side-w/ioniq6-25fl-well-side.png,더 뉴 아이오닉 6,2WD Exclusive(롱레인지) 18인치,"55,152,091원","58,020,000원","8,550,000원","5,700,000원","2,850,000원","1,300,000원","1,000,000원","300,000원","45,302,091원"
경기도,평택시,https://www.hyundai.com/contents/repn-car/side-w/ioniq6-25fl-well-side.png,더 뉴 아이오닉 6,2WD Prestige(스탠다드) 18인치,"55,532,319원","58,420,000원","8,400,000원","5,600,000원","2,800,000원","1,300,000원","1,000,000원","300,000원","45,832,319원"
경기도,평택시,https://www.hyundai.com/contents/repn-car/side-w/ioniq6-25fl-well-side.png,더 뉴 아이오닉 6,2WD Exclusive(롱레인지) 20인치,"55,712,927원","58,610,000원","8,550,000원","5,700,000원","2,850,000원","1,300,000원","1,000,000원","300,000원","45,862,927원"
경기도,평택시,https://www.hyundai.com/contents/repn-car/side-w/ioniq6-25fl-well-side.png,더 뉴 아이오닉 6,2WD N Line Exclusive(롱레인지) 20인치,"57,452,472원","60,440,000원","8,550,000원","5,700,000원","2,850,000원","1,300,000원","1,000,000원","300,000원","47,602,472원"
경기도,평택시,https://www.hyundai.com/contents/repn-car/side-w/ioniq6-25fl-well-side.png,더 뉴 아이오닉 6,4WD Exclusive(롱레인지) 18인치,"57,499,999원","60,490,000원","8,550,000원","5,700,000원","2,850,000원","1,300,000원","1,000,000원","300,000원","47,649,999원"
경기도,평택시,https://www.hyundai.com/contents/repn-car/side-w/ioniq6-25fl-well-side.png,더 뉴 아이오닉 6,4WD Exclusive(롱레인지) 20인치,"58,060,836원","61,080,000원","8,290,000원","5,530,000원","2,760,000원","1,300,000원","1,000,000원","300,000원","48,470,836원"
경기도,평택시,https://www.hyundai.com/contents/repn-car/side-w/ioniq6-25fl-well-side.png,더 뉴 아이오닉 6,2WD Prestige(롱레인지) 18인치,"59,724,335원","62,830,000원","8,550,000원","5,700,000원","2,850,000원","1,300,000원","1,000,000원","300,000원","49,874,335원"
경기도,평택시,https://www.hyundai.com/contents/repn-car/side-w/ioniq6-25fl-well-side.png,더 뉴 아이오닉 6,4WD N Line Exclusive(롱레인지) 20인치,"59,800,380원","62,910,000원","8,050,000원","5,370,000원","2,680,000원","1,300,000원","1,000,000원","300,000원","50,450,380원"
경기도,평택시,https://www.hyundai.com/contents/repn-car/side-w/ioniq6-25fl-well-side.png,더 뉴 아이오닉 6,2WD Prestige(롱레인지) 20인치,"60,285,171원","63,420,000원","8,550,000원","5,700,000원","2,850,000원","1,300,000원","1,000,000원","300,000원","50,435,171원"
경기도,평택시,https://www.hyundai.com/contents/repn-car/side-w/ioniq6-25fl-well-side.png,더 뉴 아이오닉 6,2WD N Line Prestige(롱레인지) 20인치,"61,321,293원","64,510,000원","8,550,000원","5,700,000원","2,850,000원","1,300,000원","1,000,000원","300,000원","51,471,293원"
경기도,평택시,https://www.hyundai.com/contents/repn-car/side-w/ioniq6-25fl-well-side.png,더 뉴 아이오닉 6,4WD Prestige(롱레인지) 18인치,"62,072,243원","65,300,000원","8,550,000원","5,700,000원","2,850,000원","1,300,000원","1,000,000원","300,000원","52,222,243원"
경기도,평택시,https://www.hyundai.com/contents/repn-car/side-w/ioniq6-25fl-well-side.png,더 뉴 아이오닉 6,4WD Prestige(롱레인지) 20인치,"62,633,079원","65,890,000원","8,290,000원","5,530,000원","2,760,000원","1,300,000원","1,000,000원","300,000원","53,043,079원"
경기도,평택시,https://www.hyundai.com/contents/repn-car/side-w/ioniq6-25fl-well-side.png,더 뉴 아이오닉 6,4WD N Line Prestige(롱레인지) 20인치,"63,669,201원","66,980,000원","8,050,000원","5,370,000원","2,680,000원","1,300,000원","1,000,000원","300,000원","54,319,201원"
경기도,평택시,https://www.hyundai.com/contents/repn-car/side-w/the-new-staria-lounge-electric-27pe-well-side.png,더 뉴 스타리아 라운지 Electric,2WD 오토 Prestige 7인승,"63,593,156원","66,900,000원","3,430,000원","2,290,000원","1,140,000원","600,000원","460,000원","140,000원","59,563,156원"
경기도,평택시,https://www.hyundai.com/contents/repn-car/side-w/the-new-staria-lounge-electric-27pe-well-side.png,더 뉴 스타리아 라운지 Electric,2WD 오토 Inspiration 7인승,"67,309,885원","70,810,000원","3,430,000원","2,290,000원","1,140,000원","600,000원","460,000원","140,000원","63,279,885원"
경기도,평택시,https://www.hyundai.com/contents/repn-car/side-w/GV60-27MY.png,GV60,GV60 스탠다드 2WD 19인치,"64,904,943원","68,280,000원","4,270,000원","2,850,000원","1,420,000원","740,000원","570,000원","170,000원","59,894,943원"
경기도,평택시,https://www.hyundai.com/contents/repn-car/side-w/GV60-27MY.png,GV60,GV60 스탠다드 AWD 19인치,"72,080,000원","72,080,000원","4,080,000원","2,720,000원","1,360,000원","700,000원","540,000원","160,000원","67,300,000원"
경기도,평택시,https://www.hyundai.com/contents/repn-car/side-w/GV60-27MY.png,GV60,GV60 스탠다드 AWD 20인치,"74,380,000원","74,380,000원","3,910,000원","2,610,000원","1,300,000원","680,000원","520,000원","160,000원","69,790,000원"
경기도,평택시,https://www.hyundai.com/contents/repn-car/side-w/ioniq9-27my-well-side.png,아이오닉 9,2WD 익스클루시브 19인치 7인승,"67,585,551원","71,100,000원","4,110,000원","2,740,000원","1,370,000원","720,000원","550,000원","170,000원","62,755,551원"
경기도,평택시,https://www.hyundai.com/contents/repn-car/side-w/ioniq9-27my-well-side.png,아이오닉 9,2WD 익스클루시브 19인치 6인승,"68,165,399원","71,710,000원","4,110,000원","2,740,000원","1,370,000원","720,000원","550,000원","170,000원","63,335,399원"
경기도,평택시,https://www.hyundai.com/contents/repn-car/side-w/ioniq9-27my-well-side.png,아이오닉 9,4WD(항속) 익스클루시브 19인치 7인승,"70,247,148원","73,900,000원","4,060,000원","2,710,000원","1,350,000원","700,000원","540,000원","160,000원","65,487,148원"
경기도,평택시,https://www.hyundai.com/contents/repn-car/side-w/ioniq9-27my-well-side.png,아이오닉 9,4WD(항속) 익스클루시브 19인치 6인승,"70,826,995원","74,510,000원","4,060,000원","2,710,000원","1,350,000원","700,000원","540,000원","160,000원","66,066,995원"
경기도,평택시,https://www.hyundai.com/contents/repn-car/side-w/ioniq9-27my-well-side.png,아이오닉 9,4WD(성능) 익스클루시브 19인치 7인승,"71,102,661원","74,800,000원","4,080,000원","2,720,000원","1,360,000원","700,000원","540,000원","160,000원","66,322,661원"
경기도,평택시,https://www.hyundai.com/contents/repn-car/side-w/ioniq9-27my-well-side.png,아이오닉 9,4WD(성능) 익스클루시브 19인치 6인승,"71,682,509원","75,410,000원","4,080,000원","2,720,000원","1,360,000원","700,000원","540,000원","160,000원","66,902,509원"
경기도,평택시,https://www.hyundai.com/contents/repn-car/side-w/ioniq9-27my-well-side.png,아이오닉 9,2WD 프레스티지 19인치 7인승,"73,241,445원","77,050,000원","4,110,000원","2,740,000원","1,370,000원","720,000원","550,000원","170,000원","68,411,445원"
경기도,평택시,https://www.hyundai.com/contents/repn-car/side-w/ioniq9-27my-well-side.png,아이오닉 9,2WD 프레스티지 21인치 7인승,"73,241,445원","77,050,000원","4,110,000원","2,740,000원","1,370,000원","720,000원","550,000원","170,000원","68,411,445원"
경기도,평택시,https://www.hyundai.com/contents/repn-car/side-w/ioniq9-27my-well-side.png,아이오닉 9,2WD 프레스티지 19인치 6인승,"73,735,741원","77,570,000원","4,110,000원","2,740,000원","1,370,000원","720,000원","550,000원","170,000원","68,905,741원"
경기도,평택시,https://www.hyundai.com/contents/repn-car/side-w/ioniq9-27my-well-side.png,아이오닉 9,2WD 프레스티지 21인치 6인승,"73,735,741원","77,570,000원","4,110,000원","2,740,000원","1,370,000원","720,000원","550,000원","170,000원","68,905,741원"
경기도,평택시,https://www.hyundai.com/contents/repn-car/side-w/ioniq9-27my-well-side.png,아이오닉 9,4WD(항속) 프레스티지 19인치 7인승,"75,903,041원","79,850,000원","4,060,000원","2,710,000원","1,350,000원","700,000원","540,000원","160,000원","71,143,041원"
경기도,평택시,https://www.hyundai.com/contents/repn-car/side-w/ioniq9-27my-well-side.png,아이오닉 9,4WD(항속) 프레스티지 21인치 7인승,"75,903,041원","79,850,000원","4,060,000원","2,710,000원","1,350,000원","700,000원","540,000원","160,000원","71,143,041원"
경기도,평택시,https://www.hyundai.com/contents/repn-car/side-w/ioniq9-27my-well-side.png,아이오닉 9,4WD(항속) 프레스티지 19인치 6인승,"76,397,338원","80,370,000원","4,060,000원","2,710,000원","1,350,000원","700,000원","540,000원","160,000원","71,637,338원"
경기도,평택시,https://www.hyundai.com/contents/repn-car/side-w/ioniq9-27my-well-side.png,아이오닉 9,4WD(항속) 프레스티지 21인치 6인승,"76,397,338원","80,370,000원","4,060,000원","2,710,000원","1,350,000원","700,000원","540,000원","160,000원","71,637,338원"
경기도,평택시,https://www.hyundai.com/contents/repn-car/side-w/ioniq9-27my-well-side.png,아이오닉 9,4WD(성능) 프레스티지 19인치 7인승,"76,758,555원","80,750,000원","4,080,000원","2,720,000원","1,360,000원","700,000원","540,000원","160,000원","71,978,555원"
경기도,평택시,https://www.hyundai.com/contents/repn-car/side-w/ioniq9-27my-well-side.png,아이오닉 9,4WD(성능) 프레스티지 21인치 7인승,"76,758,555원","80,750,000원","4,080,000원","2,720,000원","1,360,000원","700,000원","540,000원","160,000원","71,978,555원"
경기도,평택시,https://www.hyundai.com/contents/repn-car/side-w/ioniq9-27my-well-side.png,아이오닉 9,4WD(성능) 프레스티지 19인치 6인승,"77,252,851원","81,270,000원","4,080,000원","2,720,000원","1,360,000원","700,000원","540,000원","160,000원","72,472,851원"
경기도,평택시,https://www.hyundai.com/contents/repn-car/side-w/ioniq9-27my-well-side.png,아이오닉 9,4WD(성능) 프레스티지 21인치 6인승,"77,252,851원","81,270,000원","4,080,000원","2,720,000원","1,360,000원","700,000원","540,000원","160,000원","72,472,851원"
경기도,평택시,https://www.hyundai.com/contents/repn-car/side-w/ioniq9-27my-well-side.png,아이오닉 9,2WD 캘리그래피 19인치 7인승,"78,108,365원","82,170,000원","4,110,000원","2,740,000원","1,370,000원","720,000원","550,000원","170,000원","73,278,365원"
경기도,평택시,https://www.hyundai.com/contents/repn-car/side-w/ioniq9-27my-well-side.png,아이오닉 9,2WD 캘리그래피 21인치 7인승,"78,108,365원","82,170,000원","4,110,000원","2,740,000원","1,370,000원","720,000원","550,000원","170,000원","73,278,365원"
경기도,평택시,https://www.hyundai.com/contents/repn-car/side-w/ioniq9-27my-well-side.png,아이오닉 9,2WD 캘리그래피 19인치 6인승,"79,600,760원","83,740,000원","4,110,000원","2,740,000원","1,370,000원","720,000원","550,000원","170,000원","74,770,760원"
경기도,평택시,https://www.hyundai.com/contents/repn-car/side-w/ioniq9-27my-well-side.png,아이오닉 9,2WD 캘리그래피 21인치 6인승,"79,600,760원","83,740,000원","4,110,000원","2,740,000원","1,370,000원","720,000원","550,000원","170,000원","74,770,760원"
경기도,평택시,https://www.hyundai.com/contents/repn-car/side-w/ioniq9-27my-well-side.png,아이오닉 9,4WD(항속) 캘리그래피 19인치 7인승,"80,769,961원","84,970,000원","4,060,000원","2,710,000원","1,350,000원","700,000원","540,000원","160,000원","76,009,961원"
경기도,평택시,https://www.hyundai.com/contents/repn-car/side-w/ioniq9-27my-well-side.png,아이오닉 9,4WD(항속) 캘리그래피 21인치 7인승,"80,769,961원","84,970,000원","4,060,000원","2,710,000원","1,350,000원","700,000원","540,000원","160,000원","76,009,961원"
경기도,평택시,https://www.hyundai.com/contents/repn-car/side-w/ioniq9-27my-well-side.png,아이오닉 9,4WD(성능) 캘리그래피 19인치 7인승,"81,625,475원","85,870,000원","4,080,000원","2,720,000원","1,360,000원","700,000원","540,000원","160,000원","76,845,475원"
경기도,평택시,https://www.hyundai.com/contents/repn-car/side-w/ioniq9-27my-well-side.png,아이오닉 9,4WD(성능) 캘리그래피 21인치 7인승,"81,625,475원","85,870,000원","4,080,000원","2,720,000원","1,360,000원","700,000원","540,000원","160,000원","76,845,475원"
경기도,평택시,https://www.hyundai.com/contents/repn-car/side-w/ioniq9-27my-well-side.png,아이오닉 9,4WD(항속) 캘리그래피 19인치 6인승,"82,262,357원","86,540,000원","4,060,000원","2,710,000원","1,350,000원","700,000원","540,000원","160,000원","77,502,357원"
경기도,평택시,https://www.hyundai.com/contents/repn-car/side-w/ioniq9-27my-well-side.png,아이오닉 9,4WD(항속) 캘리그래피 21인치 6인승,"82,262,357원","86,540,000원","4,060,000원","2,710,000원","1,350,000원","700,000원","540,000원","160,000원","77,502,357원"
경기도,평택시,https://www.hyundai.com/contents/repn-car/side-w/ioniq9-27my-well-side.png,아이오닉 9,4WD(성능) 캘리그래피 19인치 6인승,"83,149,999원","87,440,000원","4,080,000원","2,720,000원","1,360,000원","700,000원","540,000원","160,000원","78,369,999원"
경기도,평택시,https://www.hyundai.com/contents/repn-car/side-w/ioniq9-27my-well-side.png,아이오닉 9,4WD(성능) 캘리그래피 21인치 6인승,"83,149,999원","87,440,000원","4,080,000원","2,720,000원","1,360,000원","700,000원","540,000원","160,000원","78,369,999원"
경기도,평택시,https://www.hyundai.com/contents/repn-car/side-w/Electrified-GV70-27MY.png,Electrified GV70,ELECTRIFIED GV70 AWD 19인치,"75,798,478원","79,740,000원","3,910,000원","2,610,000원","1,300,000원","680,000원","520,000원","160,000원","71,208,478원"
경기도,평택시,https://www.hyundai.com/contents/repn-car/side-w/Electrified-GV70-27MY.png,Electrified GV70,ELECTRIFIED GV70 AWD 20인치,"76,558,935원","80,540,000원","3,670,000원","2,450,000원","1,220,000원","640,000원","490,000원","150,000원","72,248,935원"
경기도,평택시,https://www.hyundai.com/contents/repn-car/side-w/ioniq6-n-25lc-well-side.png,아이오닉 6 N,4WD N,"79,904,942원","84,060,000원","3,750,000원","2,500,000원","1,250,000원","650,000원","500,000원","150,000원","75,504,942원"
경기도,평택시,https://www.hyundai.com/contents/repn-car/side-w/g80_ev_27my-well-side.png,Electrified G80,ELECTRIFIED G80,"84,790,000원","89,080,000원","4,050,000원","2,700,000원","1,350,000원","700,000원","540,000원","160,000원","80,040,000원"
경기도,평택시,https://www.hyundai.com/contents/repn-car/side-w/g80_ev_27my-well-side.png,Electrified G80,ELECTRIFIED G80,"87,790,000원","92,080,000원","4,050,000원","2,700,000원","1,350,000원","700,000원","540,000원","160,000원","83,040,000원"
경기도,평택시,https://www.hyundai.com/contents/repn-car/side-w/the-new-staria-limousine-electric-27pe-well-side.png,더 뉴 스타리아 리무진 Electric,2WD 오토 Inspiration 리무진,"84,820,000원","89,110,000원","3,430,000원","2,290,000원","1,140,000원","600,000원","460,000원","140,000원","80,790,000원"
경기도,평택시,https://www.hyundai.com/contents/repn-car/side-w/porter2-electric-26my-well-side.png,포터 II Electric ,오토 스타일스페셜,"43,500,000원","43,500,000원","15,000,000원","9,680,000원","5,320,000원","1,300,000원","1,000,000원","300,000원","27,200,000원"
경기도,평택시,https://www.hyundai.com/contents/repn-car/side-w/porter2-electric-26my-well-side.png,포터 II Electric ,오토 스마트스페셜,"44,850,000원","44,850,000원","15,000,000원","9,680,000원","5,320,000원","1,300,000원","1,000,000원","300,000원","28,550,000원"
경기도,평택시,https://www.hyundai.com/contents/repn-car/side-w/porter2-electric-26my-well-side.png,포터 II Electric ,오토 프리미엄스페셜,"46,450,000원","46,450,000원","15,000,000원","9,680,000원","5,320,000원","1,300,000원","1,000,000원","300,000원","30,150,000원"
경기도,평택시,https://www.hyundai.com/contents/repn-car/side-w/porter2-electric-built-in-truck-26my-45side.png,포터II Electric 내장탑차,오토 스마트스페셜 저상,"49,030,000원","49,030,000원","12,090,000원","7,800,000원","4,290,000원","1,200,000원","920,000원","280,000원","35,740,000원"
경기도,평택시,https://www.hyundai.com/contents/repn-car/side-w/porter2-electric-built-in-truck-26my-45side.png,포터II Electric 내장탑차,오토 스마트스페셜,"50,250,000원","50,250,000원","12,090,000원","7,800,000원","4,290,000원","1,200,000원","920,000원","280,000원","36,960,000원"
경기도,평택시,https://www.hyundai.com/contents/repn-car/side-w/porter2-electric-built-in-truck-26my-45side.png,포터II Electric 내장탑차,오토 스마트스페셜 하이,"51,130,000원","51,130,000원","12,090,000원","7,800,000원","4,290,000원","1,200,000원","920,000원","280,000원","37,840,000원"
경기도,평택시,https://www.hyundai.com/contents/repn-car/side-w/porter2-electric-powergate-truck-26my-45side.png,포터II Electric 파워게이트,오토 스마트스페셜,"50,000,000원","50,000,000원","12,090,000원","7,800,000원","4,290,000원","1,200,000원","920,000원","280,000원","36,710,000원"
경기도,평택시,https://www.hyundai.com/contents/repn-car/side-w/porter2-electric-wingbody-26my-45side.png,포터II Electric 윙바디,오토 스마트스페셜 수동식,"51,030,000원","51,030,000원","12,090,000원","7,800,000원","4,290,000원","1,200,000원","920,000원","280,000원","37,740,000원"
경기도,평택시,https://www.hyundai.com/contents/repn-car/side-w/porter2-electric-wingbody-26my-45side.png,포터II Electric 윙바디,오토 스마트스페셜 전동식,"55,240,000원","55,240,000원","12,090,000원","7,800,000원","4,290,000원","1,200,000원","920,000원","280,000원","41,950,000원"
경기도,평택시,https://www.hyundai.com/contents/repn-car/side-w/the-new-staria-electric-27pe-well-side.png,더 뉴 스타리아 Electric,2WD 오토 Modern 3인승,"57,920,000원","57,920,000원","18,600,000원","12,000,000원","6,600,000원","1,300,000원","1,000,000원","300,000원","38,020,000원"
경기도,평택시,https://www.hyundai.com/contents/repn-car/side-w/the-new-staria-electric-27pe-well-side.png,더 뉴 스타리아 Electric,2WD 오토 Modern 5인승,"58,700,000원","58,700,000원","18,600,000원","12,000,000원","6,600,000원","1,300,000원","1,000,000원","300,000원","38,800,000원"
경기도,평택시,https://www.hyundai.com/contents/repn-car/side-w/st1-hightop-27my-well-side.png,ST1 하이탑차,오토 스마트,"58,830,000원","58,830,000원","17,050,000원","11,000,000원","6,050,000원","1,300,000원","1,000,000원","300,000원","40,480,000원"
경기도,평택시,https://www.hyundai.com/contents/repn-car/side-w/st1-27my-well-side.png,ST1 카고,오토 스타일,"59,460,000원","59,460,000원","18,600,000원","12,000,000원","6,600,000원","1,300,000원","1,000,000원","300,000원","39,560,000원"
경기도,평택시,https://www.hyundai.com/contents/repn-car/side-w/st1-27my-well-side.png,ST1 카고,오토 스마트,"61,230,000원","61,230,000원","18,600,000원","12,000,000원","6,600,000원","1,300,000원","1,000,000원","300,000원","41,330,000원"
경기도,평택시,https://www.hyundai.com/contents/repn-car/side-w/st1-27my-well-side.png,ST1 카고,오토 프리미엄,"65,710,000원","65,710,000원","18,600,000원","12,000,000원","6,600,000원","1,300,000원","1,000,000원","300,000원","45,810,000원"
경기도,평택시,https://www.hyundai.com/contents/repn-car/side-w/st1-freezer-truck-27my-well-side.png,ST1 카고 냉동,오토 스마트,"69,580,000원","69,580,000원","22,470,000원","14,500,000원","7,970,000원","1,300,000원","1,000,000원","300,000원","45,810,000원"
경기도,평택시,https://www.hyundai.com/contents/repn-car/side-w/st1-freezer-truck-27my-well-side.png,ST1 카고 냉동,오토 프리미엄,"74,060,000원","74,060,000원","22,470,000원","14,500,000원","7,970,000원","1,300,000원","1,000,000원","300,000원","50,290,000원"
경기도,평택시,https://www.hyundai.com/contents/repn-car/side-w/the-new-staria-electric-27pe-well-side.png,더 뉴 스타리아 Electric,2WD 오토 Modern 11인승,"60,290,000원","60,290,000원","19,500,000원","15,000,000원","4,500,000원",0원,0원,0원,"40,790,000원"
경기도,평택시,https://www.hyundai.com/contents/repn-car/side-w/the-new-staria-lounge-electric-27pe-well-side.png,더 뉴 스타리아 라운지 Electric,2WD 오토 Prestige 11인승 라운지,"65,490,000원","65,490,000원","19,500,000원","15,000,000원","4,500,000원",0원,0원,0원,"45,990,000원"
경기도,평택시,https://www.hyundai.com/contents/repn-car/side-w/nexo-27my-well-side.png,넥쏘,2WD 모던,"76,470,532원","80,447,000원","35,000,000원","22,500,000원","12,500,000원",0원,0원,0원,"41,470,532원"
경기도,평택시,https://www.hyundai.com/contents/repn-car/side-w/nexo-27my-well-side.png,넥쏘,2WD 익스클루시브,"79,369,771원","83,497,000원","35,000,000원","22,500,000원","12,500,000원",0원,0원,0원,"44,369,771원"
경기도,평택시,https://www.hyundai.com/contents/repn-car/side-w/nexo-27my-well-side.png,넥쏘,2WD 프레스티지,"83,789,923원","88,147,000원","35,000,000원","22,500,000원","12,500,000원",0원,0원,0원,"48,789,923원"
경기도,시흥시,https://www.hyundai.com/contents/repn-car/side-w/casper_ev_26my_well_side.png,2027 캐스퍼 일렉트릭,캐스퍼 일렉트릭 기본형 15인치,"28,469,581원","29,950,000원","6,860,000원","4,900,000원","1,960,000원","1,270,000원","980,000원","290,000원","20,339,581원"
경기도,시흥시,https://www.hyundai.com/contents/repn-car/side-w/casper_ev_26my_well_side.png,2027 캐스퍼 일렉트릭,캐스퍼 일렉트릭 항속형 15인치,"32,119,772원","33,790,000원","6,860,000원","4,900,000원","1,960,000원","1,270,000원","980,000원","290,000원","23,989,772원"
경기도,시흥시,https://www.hyundai.com/contents/repn-car/side-w/casper_ev_26my_well_side.png,2027 캐스퍼 일렉트릭,캐스퍼 일렉트릭 항속형 17인치,"32,119,772원","33,790,000원","6,860,000원","4,900,000원","1,960,000원","1,270,000원","980,000원","290,000원","23,989,772원"
경기도,시흥시,https://www.hyundai.com/contents/repn-car/side-w/casper_ev_26my_well_side.png,2027 캐스퍼 일렉트릭,캐스퍼 일렉트릭 크로스 17인치,"34,125,474원","35,900,000원","6,810,000원","4,870,000원","1,940,000원","1,260,000원","970,000원","290,000원","26,055,474원"
경기도,시흥시,https://www.hyundai.com/contents/repn-car/side-w/casper_ev_26my_well_side.png,2027 캐스퍼 일렉트릭,캐스퍼 일렉트릭 라운지 17인치,"34,572,243원","36,370,000원","6,860,000원","4,900,000원","1,960,000원","1,270,000원","980,000원","290,000원","26,442,243원"
경기도,시흥시,https://www.hyundai.com/contents/repn-car/side-w/kona-electric-25my-well-side.png,코나 Electric,기본형 E-Value +,"41,520,912원","43,680,000원","6,110,000원","4,370,000원","1,740,000원","1,130,000원","870,000원","260,000원","34,280,912원"
경기도,시흥시,https://www.hyundai.com/contents/repn-car/side-w/kona-electric-25my-well-side.png,코나 Electric,기본형 Premium,"43,564,638원","45,830,000원","6,110,000원","4,370,000원","1,740,000원","1,130,000원","870,000원","260,000원","36,324,638원"
경기도,시흥시,https://www.hyundai.com/contents/repn-car/side-w/kona-electric-25my-well-side.png,코나 Electric,항속형 Modern plus,"45,655,893원","48,030,000원","7,190,000원","5,140,000원","2,050,000원","1,300,000원","1,000,000원","300,000원","37,165,893원"
경기도,시흥시,https://www.hyundai.com/contents/repn-car/side-w/kona-electric-25my-well-side.png,코나 Electric,항속형 Modern plus 스타일 Ⅱ,"45,655,893원","48,030,000원","7,190,000원","5,140,000원","2,050,000원","1,300,000원","1,000,000원","300,000원","37,165,893원"
경기도,시흥시,https://www.hyundai.com/contents/repn-car/side-w/kona-electric-25my-well-side.png,코나 Electric,항속형 Premium,"46,568,440원","48,990,000원","7,190,000원","5,140,000원","2,050,000원","1,300,000원","1,000,000원","300,000원","38,078,440원"
경기도,시흥시,https://www.hyundai.com/contents/repn-car/side-w/kona-electric-25my-well-side.png,코나 Electric,항속형 Premium 빌트인 캠 2,"46,568,440원","48,990,000원","7,190,000원","5,140,000원","2,050,000원","1,300,000원","1,000,000원","300,000원","38,078,440원"
경기도,시흥시,https://www.hyundai.com/contents/repn-car/side-w/kona-electric-25my-well-side.png,코나 Electric,항속형 Premium 스타일 Ⅱ,"46,568,440원","48,990,000원","7,190,000원","5,140,000원","2,050,000원","1,300,000원","1,000,000원","300,000원","38,078,440원"
경기도,시흥시,https://www.hyundai.com/contents/repn-car/side-w/kona-electric-25my-well-side.png,코나 Electric,항속형 Inspiration,"49,923,954원","52,520,000원","6,420,000원","4,590,000원","1,830,000원","1,200,000원","920,000원","280,000원","42,303,954원"
경기도,시흥시,https://www.hyundai.com/contents/repn-car/side-w/kona-electric-25my-well-side.png,코나 Electric,항속형 N Line Inspiration,"50,865,018원","53,510,000원","6,420,000원","4,590,000원","1,830,000원","1,200,000원","920,000원","280,000원","43,245,018원"
경기도,시흥시,https://www.hyundai.com/contents/repn-car/side-w/ioniq5-27my-well-side.png,아이오닉 5,2WD E-Value +(스탠다드) 19인치,"47,347,908원","49,810,000원","6,760,000원","4,830,000원","1,930,000원","1,260,000원","970,000원","290,000원","39,327,908원"
경기도,시흥시,https://www.hyundai.com/contents/repn-car/side-w/ioniq5-27my-well-side.png,아이오닉 5,2WD E-Lite(롱레인지) 19인치,"50,636,881원","53,270,000원","7,930,000원","5,670,000원","2,260,000원","1,300,000원","1,000,000원","300,000원","41,406,881원"
경기도,시흥시,https://www.hyundai.com/contents/repn-car/side-w/ioniq5-27my-well-side.png,아이오닉 5,2WD 모던(롱레인지) 19인치,"52,899,239원","55,650,000원","7,930,000원","5,670,000원","2,260,000원","1,300,000원","1,000,000원","300,000원","43,669,239원"
경기도,시흥시,https://www.hyundai.com/contents/repn-car/side-w/ioniq5-27my-well-side.png,아이오닉 5,4WD E-Lite(롱레인지) 19인치,"52,984,791원","55,740,000원","7,810,000원","5,580,000원","2,230,000원","1,300,000원","1,000,000원","300,000원","43,874,791원"
경기도,시흥시,https://www.hyundai.com/contents/repn-car/side-w/ioniq5-27my-well-side.png,아이오닉 5,2WD 모던(롱레인지) 19인치 빌트인캠 2 + 증강현실 내비게이션,"52,899,239원","55,650,000원","7,930,000원","5,670,000원","2,260,000원","1,300,000원","1,000,000원","300,000원","43,669,239원"
경기도,시흥시,https://www.hyundai.com/contents/repn-car/side-w/ioniq5-27my-well-side.png,아이오닉 5,4WD 모던(롱레인지) 19인치,"55,247,148원","58,120,000원","7,810,000원","5,580,000원","2,230,000원","1,300,000원","1,000,000원","300,000원","46,137,148원"
경기도,시흥시,https://www.hyundai.com/contents/repn-car/side-w/ioniq5-27my-well-side.png,아이오닉 5,2WD 프리미엄(롱레인지) 19인치,"58,241,444원","61,270,000원","7,930,000원","5,670,000원","2,260,000원","1,300,000원","1,000,000원","300,000원","49,011,444원"
경기도,시흥시,https://www.hyundai.com/contents/repn-car/side-w/ioniq5-27my-well-side.png,아이오닉 5,2WD 프리미엄(롱레인지) 19인치 빌트인캠 2 + 증강현실 내비게이션,"58,241,444원","61,270,000원","7,930,000원","5,670,000원","2,260,000원","1,300,000원","1,000,000원","300,000원","49,011,444원"
경기도,시흥시,https://www.hyundai.com/contents/repn-car/side-w/ioniq5-27my-well-side.png,아이오닉 5,2WD 프리미엄(롱레인지) 20인치,"58,707,224원","61,760,000원","7,820,000원","5,590,000원","2,230,000원","1,300,000원","1,000,000원","300,000원","49,587,224원"
경기도,시흥시,https://www.hyundai.com/contents/repn-car/side-w/ioniq5-27my-well-side.png,아이오닉 5,2WD N LINE(롱레인지) 20인치,"59,448,669원","62,540,000원","7,570,000원","5,410,000원","2,160,000원","1,300,000원","1,000,000원","300,000원","50,578,669원"
경기도,시흥시,https://www.hyundai.com/contents/repn-car/side-w/ioniq5-27my-well-side.png,아이오닉 5,4WD 프리미엄(롱레인지) 19인치,"60,589,354원","63,740,000원","7,810,000원","5,580,000원","2,230,000원","1,300,000원","1,000,000원","300,000원","51,479,354원"
경기도,시흥시,https://www.hyundai.com/contents/repn-car/side-w/ioniq5-27my-well-side.png,아이오닉 5,4WD 프리미엄(롱레인지) 20인치,"61,055,132원","64,230,000원","7,440,000원","5,320,000원","2,120,000원","1,300,000원","1,000,000원","300,000원","52,315,132원"
경기도,시흥시,https://www.hyundai.com/contents/repn-car/side-w/ioniq5-27my-well-side.png,아이오닉 5,2WD 인스퍼레이션(롱레인지) 19인치,"61,283,270원","64,470,000원","7,930,000원","5,670,000원","2,260,000원","1,300,000원","1,000,000원","300,000원","52,053,270원"
경기도,시흥시,https://www.hyundai.com/contents/repn-car/side-w/ioniq5-27my-well-side.png,아이오닉 5,2WD 인스퍼레이션(롱레인지) 19인치 빌트인캠 2 + 증강현실 내비게이션,"61,283,270원","64,470,000원","7,930,000원","5,670,000원","2,260,000원","1,300,000원","1,000,000원","300,000원","52,053,270원"
경기도,시흥시,https://www.hyundai.com/contents/repn-car/side-w/ioniq5-27my-well-side.png,아이오닉 5,2WD 인스퍼레이션(롱레인지) 20인치,"61,749,048원","64,960,000원","7,820,000원","5,590,000원","2,230,000원","1,300,000원","1,000,000원","300,000원","52,629,048원"
경기도,시흥시,https://www.hyundai.com/contents/repn-car/side-w/ioniq5-27my-well-side.png,아이오닉 5,4WD N LINE(롱레인지) 20인치,"61,796,577원","65,010,000원","7,140,000원","5,100,000원","2,040,000원","1,300,000원","1,000,000원","300,000원","53,356,577원"
경기도,시흥시,https://www.hyundai.com/contents/repn-car/side-w/ioniq5-27my-well-side.png,아이오닉 5,4WD 인스퍼레이션(롱레인지) 19인치,"63,631,178원","66,940,000원","7,810,000원","5,580,000원","2,230,000원","1,300,000원","1,000,000원","300,000원","54,521,178원"
경기도,시흥시,https://www.hyundai.com/contents/repn-car/side-w/ioniq5-27my-well-side.png,아이오닉 5,4WD 인스퍼레이션(롱레인지) 20인치,"64,096,958원","67,430,000원","7,440,000원","5,320,000원","2,120,000원","1,300,000원","1,000,000원","300,000원","55,356,958원"
경기도,시흥시,https://www.hyundai.com/contents/repn-car/side-w/ioniq6-25fl-well-side.png,더 뉴 아이오닉 6,2WD E-Value +(스탠다드) 18인치,"48,564,639원","51,090,000원","7,840,000원","5,600,000원","2,240,000원","1,300,000원","1,000,000원","300,000원","39,424,639원"
경기도,시흥시,https://www.hyundai.com/contents/repn-car/side-w/ioniq6-25fl-well-side.png,더 뉴 아이오닉 6,2WD E-LITE(롱레인지) 18인치,"50,636,881원","53,270,000원","7,980,000원","5,700,000원","2,280,000원","1,300,000원","1,000,000원","300,000원","41,356,881원"
경기도,시흥시,https://www.hyundai.com/contents/repn-car/side-w/ioniq6-25fl-well-side.png,더 뉴 아이오닉 6,2WD Exclusive(스탠다드) 18인치,"50,950,570원","53,600,000원","7,840,000원","5,600,000원","2,240,000원","1,300,000원","1,000,000원","300,000원","41,810,570원"
경기도,시흥시,https://www.hyundai.com/contents/repn-car/side-w/ioniq6-25fl-well-side.png,더 뉴 아이오닉 6,2WD E-LITE(롱레인지) 20인치,"51,197,719원","53,860,000원","7,980,000원","5,700,000원","2,280,000원","1,300,000원","1,000,000원","300,000원","41,917,719원"
경기도,시흥시,https://www.hyundai.com/contents/repn-car/side-w/ioniq6-25fl-well-side.png,더 뉴 아이오닉 6,4WD E-LITE(롱레인지) 18인치,"52,984,791원","55,740,000원","7,980,000원","5,700,000원","2,280,000원","1,300,000원","1,000,000원","300,000원","43,704,791원"
경기도,시흥시,https://www.hyundai.com/contents/repn-car/side-w/ioniq6-25fl-well-side.png,더 뉴 아이오닉 6,4WD E-LITE(롱레인지) 20인치,"53,545,627원","56,330,000원","7,740,000원","5,530,000원","2,210,000원","1,300,000원","1,000,000원","300,000원","44,505,627원"
경기도,시흥시,https://www.hyundai.com/contents/repn-car/side-w/ioniq6-25fl-well-side.png,더 뉴 아이오닉 6,2WD Exclusive(롱레인지) 18인치,"55,152,091원","58,020,000원","7,980,000원","5,700,000원","2,280,000원","1,300,000원","1,000,000원","300,000원","45,872,091원"
경기도,시흥시,https://www.hyundai.com/contents/repn-car/side-w/ioniq6-25fl-well-side.png,더 뉴 아이오닉 6,2WD Prestige(스탠다드) 18인치,"55,532,319원","58,420,000원","7,840,000원","5,600,000원","2,240,000원","1,300,000원","1,000,000원","300,000원","46,392,319원"
경기도,시흥시,https://www.hyundai.com/contents/repn-car/side-w/ioniq6-25fl-well-side.png,더 뉴 아이오닉 6,2WD Exclusive(롱레인지) 20인치,"55,712,927원","58,610,000원","7,980,000원","5,700,000원","2,280,000원","1,300,000원","1,000,000원","300,000원","46,432,927원"
경기도,시흥시,https://www.hyundai.com/contents/repn-car/side-w/ioniq6-25fl-well-side.png,더 뉴 아이오닉 6,2WD N Line Exclusive(롱레인지) 20인치,"57,452,472원","60,440,000원","7,980,000원","5,700,000원","2,280,000원","1,300,000원","1,000,000원","300,000원","48,172,472원"
경기도,시흥시,https://www.hyundai.com/contents/repn-car/side-w/ioniq6-25fl-well-side.png,더 뉴 아이오닉 6,4WD Exclusive(롱레인지) 18인치,"57,499,999원","60,490,000원","7,980,000원","5,700,000원","2,280,000원","1,300,000원","1,000,000원","300,000원","48,219,999원"
경기도,시흥시,https://www.hyundai.com/contents/repn-car/side-w/ioniq6-25fl-well-side.png,더 뉴 아이오닉 6,4WD Exclusive(롱레인지) 20인치,"58,060,836원","61,080,000원","7,740,000원","5,530,000원","2,210,000원","1,300,000원","1,000,000원","300,000원","49,020,836원"
경기도,시흥시,https://www.hyundai.com/contents/repn-car/side-w/ioniq6-25fl-well-side.png,더 뉴 아이오닉 6,2WD Prestige(롱레인지) 18인치,"59,724,335원","62,830,000원","7,980,000원","5,700,000원","2,280,000원","1,300,000원","1,000,000원","300,000원","50,444,335원"
경기도,시흥시,https://www.hyundai.com/contents/repn-car/side-w/ioniq6-25fl-well-side.png,더 뉴 아이오닉 6,4WD N Line Exclusive(롱레인지) 20인치,"59,800,380원","62,910,000원","7,510,000원","5,370,000원","2,140,000원","1,300,000원","1,000,000원","300,000원","50,990,380원"
경기도,시흥시,https://www.hyundai.com/contents/repn-car/side-w/ioniq6-25fl-well-side.png,더 뉴 아이오닉 6,2WD Prestige(롱레인지) 20인치,"60,285,171원","63,420,000원","7,980,000원","5,700,000원","2,280,000원","1,300,000원","1,000,000원","300,000원","51,005,171원"
경기도,시흥시,https://www.hyundai.com/contents/repn-car/side-w/ioniq6-25fl-well-side.png,더 뉴 아이오닉 6,2WD N Line Prestige(롱레인지) 20인치,"61,321,293원","64,510,000원","7,980,000원","5,700,000원","2,280,000원","1,300,000원","1,000,000원","300,000원","52,041,293원"
경기도,시흥시,https://www.hyundai.com/contents/repn-car/side-w/ioniq6-25fl-well-side.png,더 뉴 아이오닉 6,4WD Prestige(롱레인지) 18인치,"62,072,243원","65,300,000원","7,980,000원","5,700,000원","2,280,000원","1,300,000원","1,000,000원","300,000원","52,792,243원"
경기도,시흥시,https://www.hyundai.com/contents/repn-car/side-w/ioniq6-25fl-well-side.png,더 뉴 아이오닉 6,4WD Prestige(롱레인지) 20인치,"62,633,079원","65,890,000원","7,740,000원","5,530,000원","2,210,000원","1,300,000원","1,000,000원","300,000원","53,593,079원"
경기도,시흥시,https://www.hyundai.com/contents/repn-car/side-w/ioniq6-25fl-well-side.png,더 뉴 아이오닉 6,4WD N Line Prestige(롱레인지) 20인치,"63,669,201원","66,980,000원","7,510,000원","5,370,000원","2,140,000원","1,300,000원","1,000,000원","300,000원","54,859,201원"
경기도,시흥시,https://www.hyundai.com/contents/repn-car/side-w/the-new-staria-lounge-electric-27pe-well-side.png,더 뉴 스타리아 라운지 Electric,2WD 오토 Prestige 7인승,"63,593,156원","66,900,000원","3,200,000원","2,290,000원","910,000원","600,000원","460,000원","140,000원","59,793,156원"
경기도,시흥시,https://www.hyundai.com/contents/repn-car/side-w/the-new-staria-lounge-electric-27pe-well-side.png,더 뉴 스타리아 라운지 Electric,2WD 오토 Inspiration 7인승,"67,309,885원","70,810,000원","3,200,000원","2,290,000원","910,000원","600,000원","460,000원","140,000원","63,509,885원"
경기도,시흥시,https://www.hyundai.com/contents/repn-car/side-w/GV60-27MY.png,GV60,GV60 스탠다드 2WD 19인치,"64,904,943원","68,280,000원","3,990,000원","2,850,000원","1,140,000원","740,000원","570,000원","170,000원","60,174,943원"
경기도,시흥시,https://www.hyundai.com/contents/repn-car/side-w/GV60-27MY.png,GV60,GV60 스탠다드 AWD 19인치,"72,080,000원","72,080,000원","3,800,000원","2,720,000원","1,080,000원","700,000원","540,000원","160,000원","67,580,000원"
경기도,시흥시,https://www.hyundai.com/contents/repn-car/side-w/GV60-27MY.png,GV60,GV60 스탠다드 AWD 20인치,"74,380,000원","74,380,000원","3,650,000원","2,610,000원","1,040,000원","680,000원","520,000원","160,000원","70,050,000원"
경기도,시흥시,https://www.hyundai.com/contents/repn-car/side-w/ioniq9-27my-well-side.png,아이오닉 9,2WD 익스클루시브 19인치 7인승,"67,585,551원","71,100,000원","3,830,000원","2,740,000원","1,090,000원","720,000원","550,000원","170,000원","63,035,551원"
경기도,시흥시,https://www.hyundai.com/contents/repn-car/side-w/ioniq9-27my-well-side.png,아이오닉 9,2WD 익스클루시브 19인치 6인승,"68,165,399원","71,710,000원","3,830,000원","2,740,000원","1,090,000원","720,000원","550,000원","170,000원","63,615,399원"
경기도,시흥시,https://www.hyundai.com/contents/repn-car/side-w/ioniq9-27my-well-side.png,아이오닉 9,4WD(항속) 익스클루시브 19인치 7인승,"70,247,148원","73,900,000원","3,790,000원","2,710,000원","1,080,000원","700,000원","540,000원","160,000원","65,757,148원"
경기도,시흥시,https://www.hyundai.com/contents/repn-car/side-w/ioniq9-27my-well-side.png,아이오닉 9,4WD(항속) 익스클루시브 19인치 6인승,"70,826,995원","74,510,000원","3,790,000원","2,710,000원","1,080,000원","700,000원","540,000원","160,000원","66,336,995원"
경기도,시흥시,https://www.hyundai.com/contents/repn-car/side-w/ioniq9-27my-well-side.png,아이오닉 9,4WD(성능) 익스클루시브 19인치 7인승,"71,102,661원","74,800,000원","3,800,000원","2,720,000원","1,080,000원","700,000원","540,000원","160,000원","66,602,661원"
경기도,시흥시,https://www.hyundai.com/contents/repn-car/side-w/ioniq9-27my-well-side.png,아이오닉 9,4WD(성능) 익스클루시브 19인치 6인승,"71,682,509원","75,410,000원","3,800,000원","2,720,000원","1,080,000원","700,000원","540,000원","160,000원","67,182,509원"
경기도,시흥시,https://www.hyundai.com/contents/repn-car/side-w/ioniq9-27my-well-side.png,아이오닉 9,2WD 프레스티지 19인치 7인승,"73,241,445원","77,050,000원","3,830,000원","2,740,000원","1,090,000원","720,000원","550,000원","170,000원","68,691,445원"
경기도,시흥시,https://www.hyundai.com/contents/repn-car/side-w/ioniq9-27my-well-side.png,아이오닉 9,2WD 프레스티지 21인치 7인승,"73,241,445원","77,050,000원","3,830,000원","2,740,000원","1,090,000원","720,000원","550,000원","170,000원","68,691,445원"
경기도,시흥시,https://www.hyundai.com/contents/repn-car/side-w/ioniq9-27my-well-side.png,아이오닉 9,2WD 프레스티지 19인치 6인승,"73,735,741원","77,570,000원","3,830,000원","2,740,000원","1,090,000원","720,000원","550,000원","170,000원","69,185,741원"
경기도,시흥시,https://www.hyundai.com/contents/repn-car/side-w/ioniq9-27my-well-side.png,아이오닉 9,2WD 프레스티지 21인치 6인승,"73,735,741원","77,570,000원","3,830,000원","2,740,000원","1,090,000원","720,000원","550,000원","170,000원","69,185,741원"
경기도,시흥시,https://www.hyundai.com/contents/repn-car/side-w/ioniq9-27my-well-side.png,아이오닉 9,4WD(항속) 프레스티지 19인치 7인승,"75,903,041원","79,850,000원","3,790,000원","2,710,000원","1,080,000원","700,000원","540,000원","160,000원","71,413,041원"
경기도,시흥시,https://www.hyundai.com/contents/repn-car/side-w/ioniq9-27my-well-side.png,아이오닉 9,4WD(항속) 프레스티지 21인치 7인승,"75,903,041원","79,850,000원","3,790,000원","2,710,000원","1,080,000원","700,000원","540,000원","160,000원","71,413,041원"
경기도,시흥시,https://www.hyundai.com/contents/repn-car/side-w/ioniq9-27my-well-side.png,아이오닉 9,4WD(항속) 프레스티지 19인치 6인승,"76,397,338원","80,370,000원","3,790,000원","2,710,000원","1,080,000원","700,000원","540,000원","160,000원","71,907,338원"
경기도,시흥시,https://www.hyundai.com/contents/repn-car/side-w/ioniq9-27my-well-side.png,아이오닉 9,4WD(항속) 프레스티지 21인치 6인승,"76,397,338원","80,370,000원","3,790,000원","2,710,000원","1,080,000원","700,000원","540,000원","160,000원","71,907,338원"
경기도,시흥시,https://www.hyundai.com/contents/repn-car/side-w/ioniq9-27my-well-side.png,아이오닉 9,4WD(성능) 프레스티지 19인치 7인승,"76,758,555원","80,750,000원","3,800,000원","2,720,000원","1,080,000원","700,000원","540,000원","160,000원","72,258,555원"
경기도,시흥시,https://www.hyundai.com/contents/repn-car/side-w/ioniq9-27my-well-side.png,아이오닉 9,4WD(성능) 프레스티지 21인치 7인승,"76,758,555원","80,750,000원","3,800,000원","2,720,000원","1,080,000원","700,000원","540,000원","160,000원","72,258,555원"
경기도,시흥시,https://www.hyundai.com/contents/repn-car/side-w/ioniq9-27my-well-side.png,아이오닉 9,4WD(성능) 프레스티지 19인치 6인승,"77,252,851원","81,270,000원","3,800,000원","2,720,000원","1,080,000원","700,000원","540,000원","160,000원","72,752,851원"
경기도,시흥시,https://www.hyundai.com/contents/repn-car/side-w/ioniq9-27my-well-side.png,아이오닉 9,4WD(성능) 프레스티지 21인치 6인승,"77,252,851원","81,270,000원","3,800,000원","2,720,000원","1,080,000원","700,000원","540,000원","160,000원","72,752,851원"
경기도,시흥시,https://www.hyundai.com/contents/repn-car/side-w/ioniq9-27my-well-side.png,아이오닉 9,2WD 캘리그래피 19인치 7인승,"78,108,365원","82,170,000원","3,830,000원","2,740,000원","1,090,000원","720,000원","550,000원","170,000원","73,558,365원"
경기도,시흥시,https://www.hyundai.com/contents/repn-car/side-w/ioniq9-27my-well-side.png,아이오닉 9,2WD 캘리그래피 21인치 7인승,"78,108,365원","82,170,000원","3,830,000원","2,740,000원","1,090,000원","720,000원","550,000원","170,000원","73,558,365원"
경기도,시흥시,https://www.hyundai.com/contents/repn-car/side-w/ioniq9-27my-well-side.png,아이오닉 9,2WD 캘리그래피 19인치 6인승,"79,600,760원","83,740,000원","3,830,000원","2,740,000원","1,090,000원","720,000원","550,000원","170,000원","75,050,760원"
경기도,시흥시,https://www.hyundai.com/contents/repn-car/side-w/ioniq9-27my-well-side.png,아이오닉 9,2WD 캘리그래피 21인치 6인승,"79,600,760원","83,740,000원","3,830,000원","2,740,000원","1,090,000원","720,000원","550,000원","170,000원","75,050,760원"
경기도,시흥시,https://www.hyundai.com/contents/repn-car/side-w/ioniq9-27my-well-side.png,아이오닉 9,4WD(항속) 캘리그래피 19인치 7인승,"80,769,961원","84,970,000원","3,790,000원","2,710,000원","1,080,000원","700,000원","540,000원","160,000원","76,279,961원"
경기도,시흥시,https://www.hyundai.com/contents/repn-car/side-w/ioniq9-27my-well-side.png,아이오닉 9,4WD(항속) 캘리그래피 21인치 7인승,"80,769,961원","84,970,000원","3,790,000원","2,710,000원","1,080,000원","700,000원","540,000원","160,000원","76,279,961원"
경기도,시흥시,https://www.hyundai.com/contents/repn-car/side-w/ioniq9-27my-well-side.png,아이오닉 9,4WD(성능) 캘리그래피 19인치 7인승,"81,625,475원","85,870,000원","3,800,000원","2,720,000원","1,080,000원","700,000원","540,000원","160,000원","77,125,475원"
경기도,시흥시,https://www.hyundai.com/contents/repn-car/side-w/ioniq9-27my-well-side.png,아이오닉 9,4WD(성능) 캘리그래피 21인치 7인승,"81,625,475원","85,870,000원","3,800,000원","2,720,000원","1,080,000원","700,000원","540,000원","160,000원","77,125,475원"
경기도,시흥시,https://www.hyundai.com/contents/repn-car/side-w/ioniq9-27my-well-side.png,아이오닉 9,4WD(항속) 캘리그래피 19인치 6인승,"82,262,357원","86,540,000원","3,790,000원","2,710,000원","1,080,000원","700,000원","540,000원","160,000원","77,772,357원"
경기도,시흥시,https://www.hyundai.com/contents/repn-car/side-w/ioniq9-27my-well-side.png,아이오닉 9,4WD(항속) 캘리그래피 21인치 6인승,"82,262,357원","86,540,000원","3,790,000원","2,710,000원","1,080,000원","700,000원","540,000원","160,000원","77,772,357원"
경기도,시흥시,https://www.hyundai.com/contents/repn-car/side-w/ioniq9-27my-well-side.png,아이오닉 9,4WD(성능) 캘리그래피 19인치 6인승,"83,149,999원","87,440,000원","3,800,000원","2,720,000원","1,080,000원","700,000원","540,000원","160,000원","78,649,999원"
경기도,시흥시,https://www.hyundai.com/contents/repn-car/side-w/ioniq9-27my-well-side.png,아이오닉 9,4WD(성능) 캘리그래피 21인치 6인승,"83,149,999원","87,440,000원","3,800,000원","2,720,000원","1,080,000원","700,000원","540,000원","160,000원","78,649,999원"
경기도,시흥시,https://www.hyundai.com/contents/repn-car/side-w/Electrified-GV70-27MY.png,Electrified GV70,ELECTRIFIED GV70 AWD 19인치,"75,798,478원","79,740,000원","3,650,000원","2,610,000원","1,040,000원","680,000원","520,000원","160,000원","71,468,478원"
경기도,시흥시,https://www.hyundai.com/contents/repn-car/side-w/Electrified-GV70-27MY.png,Electrified GV70,ELECTRIFIED GV70 AWD 20인치,"76,558,935원","80,540,000원","3,430,000원","2,450,000원","980,000원","640,000원","490,000원","150,000원","72,488,935원"
경기도,시흥시,https://www.hyundai.com/contents/repn-car/side-w/ioniq6-n-25lc-well-side.png,아이오닉 6 N,4WD N,"79,904,942원","84,060,000원","3,500,000원","2,500,000원","1,000,000원","650,000원","500,000원","150,000원","75,754,942원"
경기도,시흥시,https://www.hyundai.com/contents/repn-car/side-w/g80_ev_27my-well-side.png,Electrified G80,ELECTRIFIED G80,"84,790,000원","89,080,000원","3,780,000원","2,700,000원","1,080,000원","700,000원","540,000원","160,000원","80,310,000원"
경기도,시흥시,https://www.hyundai.com/contents/repn-car/side-w/g80_ev_27my-well-side.png,Electrified G80,ELECTRIFIED G80,"87,790,000원","92,080,000원","3,780,000원","2,700,000원","1,080,000원","700,000원","540,000원","160,000원","83,310,000원"
경기도,시흥시,https://www.hyundai.com/contents/repn-car/side-w/the-new-staria-limousine-electric-27pe-well-side.png,더 뉴 스타리아 리무진 Electric,2WD 오토 Inspiration 리무진,"84,820,000원","89,110,000원","3,200,000원","2,290,000원","910,000원","600,000원","460,000원","140,000원","81,020,000원"
경기도,시흥시,https://www.hyundai.com/contents/repn-car/side-w/porter2-electric-26my-well-side.png,포터 II Electric ,오토 스타일스페셜,"43,500,000원","43,500,000원","13,550,000원","9,680,000원","3,870,000원","1,300,000원","1,000,000원","300,000원","28,650,000원"
경기도,시흥시,https://www.hyundai.com/contents/repn-car/side-w/porter2-electric-26my-well-side.png,포터 II Electric ,오토 스마트스페셜,"44,850,000원","44,850,000원","13,550,000원","9,680,000원","3,870,000원","1,300,000원","1,000,000원","300,000원","30,000,000원"
경기도,시흥시,https://www.hyundai.com/contents/repn-car/side-w/porter2-electric-26my-well-side.png,포터 II Electric ,오토 프리미엄스페셜,"46,450,000원","46,450,000원","13,550,000원","9,680,000원","3,870,000원","1,300,000원","1,000,000원","300,000원","31,600,000원"
경기도,시흥시,https://www.hyundai.com/contents/repn-car/side-w/porter2-electric-built-in-truck-26my-45side.png,포터II Electric 내장탑차,오토 스마트스페셜 저상,"49,030,000원","49,030,000원","10,920,000원","7,800,000원","3,120,000원","1,200,000원","920,000원","280,000원","36,910,000원"
경기도,시흥시,https://www.hyundai.com/contents/repn-car/side-w/porter2-electric-built-in-truck-26my-45side.png,포터II Electric 내장탑차,오토 스마트스페셜,"50,250,000원","50,250,000원","10,920,000원","7,800,000원","3,120,000원","1,200,000원","920,000원","280,000원","38,130,000원"
경기도,시흥시,https://www.hyundai.com/contents/repn-car/side-w/porter2-electric-built-in-truck-26my-45side.png,포터II Electric 내장탑차,오토 스마트스페셜 하이,"51,130,000원","51,130,000원","10,920,000원","7,800,000원","3,120,000원","1,200,000원","920,000원","280,000원","39,010,000원"
경기도,시흥시,https://www.hyundai.com/contents/repn-car/side-w/porter2-electric-powergate-truck-26my-45side.png,포터II Electric 파워게이트,오토 스마트스페셜,"50,000,000원","50,000,000원","10,920,000원","7,800,000원","3,120,000원","1,200,000원","920,000원","280,000원","37,880,000원"
경기도,시흥시,https://www.hyundai.com/contents/repn-car/side-w/porter2-electric-wingbody-26my-45side.png,포터II Electric 윙바디,오토 스마트스페셜 수동식,"51,030,000원","51,030,000원","10,920,000원","7,800,000원","3,120,000원","1,200,000원","920,000원","280,000원","38,910,000원"
경기도,시흥시,https://www.hyundai.com/contents/repn-car/side-w/porter2-electric-wingbody-26my-45side.png,포터II Electric 윙바디,오토 스마트스페셜 전동식,"55,240,000원","55,240,000원","10,920,000원","7,800,000원","3,120,000원","1,200,000원","920,000원","280,000원","43,120,000원"
경기도,시흥시,https://www.hyundai.com/contents/repn-car/side-w/the-new-staria-electric-27pe-well-side.png,더 뉴 스타리아 Electric,2WD 오토 Modern 3인승,"57,920,000원","57,920,000원","16,800,000원","12,000,000원","4,800,000원","1,300,000원","1,000,000원","300,000원","39,820,000원"
경기도,시흥시,https://www.hyundai.com/contents/repn-car/side-w/the-new-staria-electric-27pe-well-side.png,더 뉴 스타리아 Electric,2WD 오토 Modern 5인승,"58,700,000원","58,700,000원","16,800,000원","12,000,000원","4,800,000원","1,300,000원","1,000,000원","300,000원","40,600,000원"
경기도,시흥시,https://www.hyundai.com/contents/repn-car/side-w/st1-hightop-27my-well-side.png,ST1 하이탑차,오토 스마트,"58,830,000원","58,830,000원","15,400,000원","11,000,000원","4,400,000원","1,300,000원","1,000,000원","300,000원","42,130,000원"
경기도,시흥시,https://www.hyundai.com/contents/repn-car/side-w/st1-27my-well-side.png,ST1 카고,오토 스타일,"59,460,000원","59,460,000원","16,800,000원","12,000,000원","4,800,000원","1,300,000원","1,000,000원","300,000원","41,360,000원"
경기도,시흥시,https://www.hyundai.com/contents/repn-car/side-w/st1-27my-well-side.png,ST1 카고,오토 스마트,"61,230,000원","61,230,000원","16,800,000원","12,000,000원","4,800,000원","1,300,000원","1,000,000원","300,000원","43,130,000원"
경기도,시흥시,https://www.hyundai.com/contents/repn-car/side-w/st1-27my-well-side.png,ST1 카고,오토 프리미엄,"65,710,000원","65,710,000원","16,800,000원","12,000,000원","4,800,000원","1,300,000원","1,000,000원","300,000원","47,610,000원"
경기도,시흥시,https://www.hyundai.com/contents/repn-car/side-w/st1-freezer-truck-27my-well-side.png,ST1 카고 냉동,오토 스마트,"69,580,000원","69,580,000원","20,300,000원","14,500,000원","5,800,000원","1,300,000원","1,000,000원","300,000원","47,980,000원"
경기도,시흥시,https://www.hyundai.com/contents/repn-car/side-w/st1-freezer-truck-27my-well-side.png,ST1 카고 냉동,오토 프리미엄,"74,060,000원","74,060,000원","20,300,000원","14,500,000원","5,800,000원","1,300,000원","1,000,000원","300,000원","52,460,000원"
경기도,시흥시,https://www.hyundai.com/contents/repn-car/side-w/the-new-staria-electric-27pe-well-side.png,더 뉴 스타리아 Electric,2WD 오토 Modern 11인승,"60,290,000원","60,290,000원","19,500,000원","15,000,000원","4,500,000원",0원,0원,0원,"40,790,000원"
경기도,시흥시,https://www.hyundai.com/contents/repn-car/side-w/the-new-staria-lounge-electric-27pe-well-side.png,더 뉴 스타리아 라운지 Electric,2WD 오토 Prestige 11인승 라운지,"65,490,000원","65,490,000원","19,500,000원","15,000,000원","4,500,000원",0원,0원,0원,"45,990,000원"
경기도,시흥시,https://www.hyundai.com/contents/repn-car/side-w/nexo-27my-well-side.png,넥쏘,2WD 모던,"76,470,532원","80,447,000원","32,500,000원","22,500,000원","10,000,000원",0원,0원,0원,"43,970,532원"
경기도,시흥시,https://www.hyundai.com/contents/repn-car/side-w/nexo-27my-well-side.png,넥쏘,2WD 익스클루시브,"79,369,771원","83,497,000원","32,500,000원","22,500,000원","10,000,000원",0원,0원,0원,"46,869,771원"
경기도,시흥시,https://www.hyundai.com/contents/repn-car/side-w/nexo-27my-well-side.png,넥쏘,2WD 프레스티지,"83,789,923원","88,147,000원","32,500,000원","22,500,000원","10,000,000원",0원,0원,0원,"51,289,923원"
경기도,파주시,https://www.hyundai.com/contents/repn-car/side-w/casper_ev_26my_well_side.png,2027 캐스퍼 일렉트릭,캐스퍼 일렉트릭 기본형 15인치,"28,469,581원","29,950,000원","7,350,000원","4,900,000원","2,450,000원","1,270,000원","980,000원","290,000원","19,849,581원"
경기도,파주시,https://www.hyundai.com/contents/repn-car/side-w/casper_ev_26my_well_side.png,2027 캐스퍼 일렉트릭,캐스퍼 일렉트릭 항속형 15인치,"32,119,772원","33,790,000원","7,350,000원","4,900,000원","2,450,000원","1,270,000원","980,000원","290,000원","23,499,772원"
경기도,파주시,https://www.hyundai.com/contents/repn-car/side-w/casper_ev_26my_well_side.png,2027 캐스퍼 일렉트릭,캐스퍼 일렉트릭 항속형 17인치,"32,119,772원","33,790,000원","7,350,000원","4,900,000원","2,450,000원","1,270,000원","980,000원","290,000원","23,499,772원"
경기도,파주시,https://www.hyundai.com/contents/repn-car/side-w/casper_ev_26my_well_side.png,2027 캐스퍼 일렉트릭,캐스퍼 일렉트릭 크로스 17인치,"34,125,474원","35,900,000원","7,300,000원","4,870,000원","2,430,000원","1,260,000원","970,000원","290,000원","25,565,474원"
경기도,파주시,https://www.hyundai.com/contents/repn-car/side-w/casper_ev_26my_well_side.png,2027 캐스퍼 일렉트릭,캐스퍼 일렉트릭 라운지 17인치,"34,572,243원","36,370,000원","7,350,000원","4,900,000원","2,450,000원","1,270,000원","980,000원","290,000원","25,952,243원"
경기도,파주시,https://www.hyundai.com/contents/repn-car/side-w/kona-electric-25my-well-side.png,코나 Electric,기본형 E-Value +,"41,520,912원","43,680,000원","6,550,000원","4,370,000원","2,180,000원","1,130,000원","870,000원","260,000원","33,840,912원"
경기도,파주시,https://www.hyundai.com/contents/repn-car/side-w/kona-electric-25my-well-side.png,코나 Electric,기본형 Premium,"43,564,638원","45,830,000원","6,550,000원","4,370,000원","2,180,000원","1,130,000원","870,000원","260,000원","35,884,638원"
경기도,파주시,https://www.hyundai.com/contents/repn-car/side-w/kona-electric-25my-well-side.png,코나 Electric,항속형 Modern plus,"45,655,893원","48,030,000원","7,710,000원","5,140,000원","2,570,000원","1,300,000원","1,000,000원","300,000원","36,645,893원"
경기도,파주시,https://www.hyundai.com/contents/repn-car/side-w/kona-electric-25my-well-side.png,코나 Electric,항속형 Modern plus 스타일 Ⅱ,"45,655,893원","48,030,000원","7,710,000원","5,140,000원","2,570,000원","1,300,000원","1,000,000원","300,000원","36,645,893원"
경기도,파주시,https://www.hyundai.com/contents/repn-car/side-w/kona-electric-25my-well-side.png,코나 Electric,항속형 Premium,"46,568,440원","48,990,000원","7,710,000원","5,140,000원","2,570,000원","1,300,000원","1,000,000원","300,000원","37,558,440원"
경기도,파주시,https://www.hyundai.com/contents/repn-car/side-w/kona-electric-25my-well-side.png,코나 Electric,항속형 Premium 빌트인 캠 2,"46,568,440원","48,990,000원","7,710,000원","5,140,000원","2,570,000원","1,300,000원","1,000,000원","300,000원","37,558,440원"
경기도,파주시,https://www.hyundai.com/contents/repn-car/side-w/kona-electric-25my-well-side.png,코나 Electric,항속형 Premium 스타일 Ⅱ,"46,568,440원","48,990,000원","7,710,000원","5,140,000원","2,570,000원","1,300,000원","1,000,000원","300,000원","37,558,440원"
경기도,파주시,https://www.hyundai.com/contents/repn-car/side-w/kona-electric-25my-well-side.png,코나 Electric,항속형 Inspiration,"49,923,954원","52,520,000원","6,880,000원","4,590,000원","2,290,000원","1,200,000원","920,000원","280,000원","41,843,954원"
경기도,파주시,https://www.hyundai.com/contents/repn-car/side-w/kona-electric-25my-well-side.png,코나 Electric,항속형 N Line Inspiration,"50,865,018원","53,510,000원","6,880,000원","4,590,000원","2,290,000원","1,200,000원","920,000원","280,000원","42,785,018원"
경기도,파주시,https://www.hyundai.com/contents/repn-car/side-w/ioniq5-27my-well-side.png,아이오닉 5,2WD E-Value +(스탠다드) 19인치,"47,347,908원","49,810,000원","7,240,000원","4,830,000원","2,410,000원","1,260,000원","970,000원","290,000원","38,847,908원"
경기도,파주시,https://www.hyundai.com/contents/repn-car/side-w/ioniq5-27my-well-side.png,아이오닉 5,2WD E-Lite(롱레인지) 19인치,"50,636,881원","53,270,000원","8,500,000원","5,670,000원","2,830,000원","1,300,000원","1,000,000원","300,000원","40,836,881원"
경기도,파주시,https://www.hyundai.com/contents/repn-car/side-w/ioniq5-27my-well-side.png,아이오닉 5,2WD 모던(롱레인지) 19인치,"52,899,239원","55,650,000원","8,500,000원","5,670,000원","2,830,000원","1,300,000원","1,000,000원","300,000원","43,099,239원"
경기도,파주시,https://www.hyundai.com/contents/repn-car/side-w/ioniq5-27my-well-side.png,아이오닉 5,4WD E-Lite(롱레인지) 19인치,"52,984,791원","55,740,000원","8,370,000원","5,580,000원","2,790,000원","1,300,000원","1,000,000원","300,000원","43,314,791원"
경기도,파주시,https://www.hyundai.com/contents/repn-car/side-w/ioniq5-27my-well-side.png,아이오닉 5,2WD 모던(롱레인지) 19인치 빌트인캠 2 + 증강현실 내비게이션,"52,899,239원","55,650,000원","8,500,000원","5,670,000원","2,830,000원","1,300,000원","1,000,000원","300,000원","43,099,239원"
경기도,파주시,https://www.hyundai.com/contents/repn-car/side-w/ioniq5-27my-well-side.png,아이오닉 5,4WD 모던(롱레인지) 19인치,"55,247,148원","58,120,000원","8,370,000원","5,580,000원","2,790,000원","1,300,000원","1,000,000원","300,000원","45,577,148원"
경기도,파주시,https://www.hyundai.com/contents/repn-car/side-w/ioniq5-27my-well-side.png,아이오닉 5,2WD 프리미엄(롱레인지) 19인치,"58,241,444원","61,270,000원","8,500,000원","5,670,000원","2,830,000원","1,300,000원","1,000,000원","300,000원","48,441,444원"
경기도,파주시,https://www.hyundai.com/contents/repn-car/side-w/ioniq5-27my-well-side.png,아이오닉 5,2WD 프리미엄(롱레인지) 19인치 빌트인캠 2 + 증강현실 내비게이션,"58,241,444원","61,270,000원","8,500,000원","5,670,000원","2,830,000원","1,300,000원","1,000,000원","300,000원","48,441,444원"
경기도,파주시,https://www.hyundai.com/contents/repn-car/side-w/ioniq5-27my-well-side.png,아이오닉 5,2WD 프리미엄(롱레인지) 20인치,"58,707,224원","61,760,000원","8,380,000원","5,590,000원","2,790,000원","1,300,000원","1,000,000원","300,000원","49,027,224원"
경기도,파주시,https://www.hyundai.com/contents/repn-car/side-w/ioniq5-27my-well-side.png,아이오닉 5,2WD N LINE(롱레인지) 20인치,"59,448,669원","62,540,000원","8,110,000원","5,410,000원","2,700,000원","1,300,000원","1,000,000원","300,000원","50,038,669원"
경기도,파주시,https://www.hyundai.com/contents/repn-car/side-w/ioniq5-27my-well-side.png,아이오닉 5,4WD 프리미엄(롱레인지) 19인치,"60,589,354원","63,740,000원","8,370,000원","5,580,000원","2,790,000원","1,300,000원","1,000,000원","300,000원","50,919,354원"
경기도,파주시,https://www.hyundai.com/contents/repn-car/side-w/ioniq5-27my-well-side.png,아이오닉 5,4WD 프리미엄(롱레인지) 20인치,"61,055,132원","64,230,000원","7,980,000원","5,320,000원","2,660,000원","1,300,000원","1,000,000원","300,000원","51,775,132원"
경기도,파주시,https://www.hyundai.com/contents/repn-car/side-w/ioniq5-27my-well-side.png,아이오닉 5,2WD 인스퍼레이션(롱레인지) 19인치,"61,283,270원","64,470,000원","8,500,000원","5,670,000원","2,830,000원","1,300,000원","1,000,000원","300,000원","51,483,270원"
경기도,파주시,https://www.hyundai.com/contents/repn-car/side-w/ioniq5-27my-well-side.png,아이오닉 5,2WD 인스퍼레이션(롱레인지) 19인치 빌트인캠 2 + 증강현실 내비게이션,"61,283,270원","64,470,000원","8,500,000원","5,670,000원","2,830,000원","1,300,000원","1,000,000원","300,000원","51,483,270원"
경기도,파주시,https://www.hyundai.com/contents/repn-car/side-w/ioniq5-27my-well-side.png,아이오닉 5,2WD 인스퍼레이션(롱레인지) 20인치,"61,749,048원","64,960,000원","8,380,000원","5,590,000원","2,790,000원","1,300,000원","1,000,000원","300,000원","52,069,048원"
경기도,파주시,https://www.hyundai.com/contents/repn-car/side-w/ioniq5-27my-well-side.png,아이오닉 5,4WD N LINE(롱레인지) 20인치,"61,796,577원","65,010,000원","7,650,000원","5,100,000원","2,550,000원","1,300,000원","1,000,000원","300,000원","52,846,577원"
경기도,파주시,https://www.hyundai.com/contents/repn-car/side-w/ioniq5-27my-well-side.png,아이오닉 5,4WD 인스퍼레이션(롱레인지) 19인치,"63,631,178원","66,940,000원","8,370,000원","5,580,000원","2,790,000원","1,300,000원","1,000,000원","300,000원","53,961,178원"
경기도,파주시,https://www.hyundai.com/contents/repn-car/side-w/ioniq5-27my-well-side.png,아이오닉 5,4WD 인스퍼레이션(롱레인지) 20인치,"64,096,958원","67,430,000원","7,980,000원","5,320,000원","2,660,000원","1,300,000원","1,000,000원","300,000원","54,816,958원"
경기도,파주시,https://www.hyundai.com/contents/repn-car/side-w/ioniq6-25fl-well-side.png,더 뉴 아이오닉 6,2WD E-Value +(스탠다드) 18인치,"48,564,639원","51,090,000원","8,400,000원","5,600,000원","2,800,000원","1,300,000원","1,000,000원","300,000원","38,864,639원"
경기도,파주시,https://www.hyundai.com/contents/repn-car/side-w/ioniq6-25fl-well-side.png,더 뉴 아이오닉 6,2WD E-LITE(롱레인지) 18인치,"50,636,881원","53,270,000원","8,550,000원","5,700,000원","2,850,000원","1,300,000원","1,000,000원","300,000원","40,786,881원"
경기도,파주시,https://www.hyundai.com/contents/repn-car/side-w/ioniq6-25fl-well-side.png,더 뉴 아이오닉 6,2WD Exclusive(스탠다드) 18인치,"50,950,570원","53,600,000원","8,400,000원","5,600,000원","2,800,000원","1,300,000원","1,000,000원","300,000원","41,250,570원"
경기도,파주시,https://www.hyundai.com/contents/repn-car/side-w/ioniq6-25fl-well-side.png,더 뉴 아이오닉 6,2WD E-LITE(롱레인지) 20인치,"51,197,719원","53,860,000원","8,550,000원","5,700,000원","2,850,000원","1,300,000원","1,000,000원","300,000원","41,347,719원"
경기도,파주시,https://www.hyundai.com/contents/repn-car/side-w/ioniq6-25fl-well-side.png,더 뉴 아이오닉 6,4WD E-LITE(롱레인지) 18인치,"52,984,791원","55,740,000원","8,550,000원","5,700,000원","2,850,000원","1,300,000원","1,000,000원","300,000원","43,134,791원"
경기도,파주시,https://www.hyundai.com/contents/repn-car/side-w/ioniq6-25fl-well-side.png,더 뉴 아이오닉 6,4WD E-LITE(롱레인지) 20인치,"53,545,627원","56,330,000원","8,290,000원","5,530,000원","2,760,000원","1,300,000원","1,000,000원","300,000원","43,955,627원"
경기도,파주시,https://www.hyundai.com/contents/repn-car/side-w/ioniq6-25fl-well-side.png,더 뉴 아이오닉 6,2WD Exclusive(롱레인지) 18인치,"55,152,091원","58,020,000원","8,550,000원","5,700,000원","2,850,000원","1,300,000원","1,000,000원","300,000원","45,302,091원"
경기도,파주시,https://www.hyundai.com/contents/repn-car/side-w/ioniq6-25fl-well-side.png,더 뉴 아이오닉 6,2WD Prestige(스탠다드) 18인치,"55,532,319원","58,420,000원","8,400,000원","5,600,000원","2,800,000원","1,300,000원","1,000,000원","300,000원","45,832,319원"
경기도,파주시,https://www.hyundai.com/contents/repn-car/side-w/ioniq6-25fl-well-side.png,더 뉴 아이오닉 6,2WD Exclusive(롱레인지) 20인치,"55,712,927원","58,610,000원","8,550,000원","5,700,000원","2,850,000원","1,300,000원","1,000,000원","300,000원","45,862,927원"
경기도,파주시,https://www.hyundai.com/contents/repn-car/side-w/ioniq6-25fl-well-side.png,더 뉴 아이오닉 6,2WD N Line Exclusive(롱레인지) 20인치,"57,452,472원","60,440,000원","8,550,000원","5,700,000원","2,850,000원","1,300,000원","1,000,000원","300,000원","47,602,472원"
경기도,파주시,https://www.hyundai.com/contents/repn-car/side-w/ioniq6-25fl-well-side.png,더 뉴 아이오닉 6,4WD Exclusive(롱레인지) 18인치,"57,499,999원","60,490,000원","8,550,000원","5,700,000원","2,850,000원","1,300,000원","1,000,000원","300,000원","47,649,999원"
경기도,파주시,https://www.hyundai.com/contents/repn-car/side-w/ioniq6-25fl-well-side.png,더 뉴 아이오닉 6,4WD Exclusive(롱레인지) 20인치,"58,060,836원","61,080,000원","8,290,000원","5,530,000원","2,760,000원","1,300,000원","1,000,000원","300,000원","48,470,836원"
경기도,파주시,https://www.hyundai.com/contents/repn-car/side-w/ioniq6-25fl-well-side.png,더 뉴 아이오닉 6,2WD Prestige(롱레인지) 18인치,"59,724,335원","62,830,000원","8,550,000원","5,700,000원","2,850,000원","1,300,000원","1,000,000원","300,000원","49,874,335원"
경기도,파주시,https://www.hyundai.com/contents/repn-car/side-w/ioniq6-25fl-well-side.png,더 뉴 아이오닉 6,4WD N Line Exclusive(롱레인지) 20인치,"59,800,380원","62,910,000원","8,050,000원","5,370,000원","2,680,000원","1,300,000원","1,000,000원","300,000원","50,450,380원"
경기도,파주시,https://www.hyundai.com/contents/repn-car/side-w/ioniq6-25fl-well-side.png,더 뉴 아이오닉 6,2WD Prestige(롱레인지) 20인치,"60,285,171원","63,420,000원","8,550,000원","5,700,000원","2,850,000원","1,300,000원","1,000,000원","300,000원","50,435,171원"
경기도,파주시,https://www.hyundai.com/contents/repn-car/side-w/ioniq6-25fl-well-side.png,더 뉴 아이오닉 6,2WD N Line Prestige(롱레인지) 20인치,"61,321,293원","64,510,000원","8,550,000원","5,700,000원","2,850,000원","1,300,000원","1,000,000원","300,000원","51,471,293원"
경기도,파주시,https://www.hyundai.com/contents/repn-car/side-w/ioniq6-25fl-well-side.png,더 뉴 아이오닉 6,4WD Prestige(롱레인지) 18인치,"62,072,243원","65,300,000원","8,550,000원","5,700,000원","2,850,000원","1,300,000원","1,000,000원","300,000원","52,222,243원"
경기도,파주시,https://www.hyundai.com/contents/repn-car/side-w/ioniq6-25fl-well-side.png,더 뉴 아이오닉 6,4WD Prestige(롱레인지) 20인치,"62,633,079원","65,890,000원","8,290,000원","5,530,000원","2,760,000원","1,300,000원","1,000,000원","300,000원","53,043,079원"
경기도,파주시,https://www.hyundai.com/contents/repn-car/side-w/ioniq6-25fl-well-side.png,더 뉴 아이오닉 6,4WD N Line Prestige(롱레인지) 20인치,"63,669,201원","66,980,000원","8,050,000원","5,370,000원","2,680,000원","1,300,000원","1,000,000원","300,000원","54,319,201원"
경기도,파주시,https://www.hyundai.com/contents/repn-car/side-w/the-new-staria-lounge-electric-27pe-well-side.png,더 뉴 스타리아 라운지 Electric,2WD 오토 Prestige 7인승,"63,593,156원","66,900,000원","3,430,000원","2,290,000원","1,140,000원","600,000원","460,000원","140,000원","59,563,156원"
경기도,파주시,https://www.hyundai.com/contents/repn-car/side-w/the-new-staria-lounge-electric-27pe-well-side.png,더 뉴 스타리아 라운지 Electric,2WD 오토 Inspiration 7인승,"67,309,885원","70,810,000원","3,430,000원","2,290,000원","1,140,000원","600,000원","460,000원","140,000원","63,279,885원"
경기도,파주시,https://www.hyundai.com/contents/repn-car/side-w/GV60-27MY.png,GV60,GV60 스탠다드 2WD 19인치,"64,904,943원","68,280,000원","4,270,000원","2,850,000원","1,420,000원","740,000원","570,000원","170,000원","59,894,943원"
경기도,파주시,https://www.hyundai.com/contents/repn-car/side-w/GV60-27MY.png,GV60,GV60 스탠다드 AWD 19인치,"72,080,000원","72,080,000원","4,080,000원","2,720,000원","1,360,000원","700,000원","540,000원","160,000원","67,300,000원"
경기도,파주시,https://www.hyundai.com/contents/repn-car/side-w/GV60-27MY.png,GV60,GV60 스탠다드 AWD 20인치,"74,380,000원","74,380,000원","3,910,000원","2,610,000원","1,300,000원","680,000원","520,000원","160,000원","69,790,000원"
경기도,파주시,https://www.hyundai.com/contents/repn-car/side-w/ioniq9-27my-well-side.png,아이오닉 9,2WD 익스클루시브 19인치 7인승,"67,585,551원","71,100,000원","4,110,000원","2,740,000원","1,370,000원","720,000원","550,000원","170,000원","62,755,551원"
경기도,파주시,https://www.hyundai.com/contents/repn-car/side-w/ioniq9-27my-well-side.png,아이오닉 9,2WD 익스클루시브 19인치 6인승,"68,165,399원","71,710,000원","4,110,000원","2,740,000원","1,370,000원","720,000원","550,000원","170,000원","63,335,399원"
경기도,파주시,https://www.hyundai.com/contents/repn-car/side-w/ioniq9-27my-well-side.png,아이오닉 9,4WD(항속) 익스클루시브 19인치 7인승,"70,247,148원","73,900,000원","4,060,000원","2,710,000원","1,350,000원","700,000원","540,000원","160,000원","65,487,148원"
경기도,파주시,https://www.hyundai.com/contents/repn-car/side-w/ioniq9-27my-well-side.png,아이오닉 9,4WD(항속) 익스클루시브 19인치 6인승,"70,826,995원","74,510,000원","4,060,000원","2,710,000원","1,350,000원","700,000원","540,000원","160,000원","66,066,995원"
경기도,파주시,https://www.hyundai.com/contents/repn-car/side-w/ioniq9-27my-well-side.png,아이오닉 9,4WD(성능) 익스클루시브 19인치 7인승,"71,102,661원","74,800,000원","4,080,000원","2,720,000원","1,360,000원","700,000원","540,000원","160,000원","66,322,661원"
경기도,파주시,https://www.hyundai.com/contents/repn-car/side-w/ioniq9-27my-well-side.png,아이오닉 9,4WD(성능) 익스클루시브 19인치 6인승,"71,682,509원","75,410,000원","4,080,000원","2,720,000원","1,360,000원","700,000원","540,000원","160,000원","66,902,509원"
경기도,파주시,https://www.hyundai.com/contents/repn-car/side-w/ioniq9-27my-well-side.png,아이오닉 9,2WD 프레스티지 19인치 7인승,"73,241,445원","77,050,000원","4,110,000원","2,740,000원","1,370,000원","720,000원","550,000원","170,000원","68,411,445원"
경기도,파주시,https://www.hyundai.com/contents/repn-car/side-w/ioniq9-27my-well-side.png,아이오닉 9,2WD 프레스티지 21인치 7인승,"73,241,445원","77,050,000원","4,110,000원","2,740,000원","1,370,000원","720,000원","550,000원","170,000원","68,411,445원"
경기도,파주시,https://www.hyundai.com/contents/repn-car/side-w/ioniq9-27my-well-side.png,아이오닉 9,2WD 프레스티지 19인치 6인승,"73,735,741원","77,570,000원","4,110,000원","2,740,000원","1,370,000원","720,000원","550,000원","170,000원","68,905,741원"
경기도,파주시,https://www.hyundai.com/contents/repn-car/side-w/ioniq9-27my-well-side.png,아이오닉 9,2WD 프레스티지 21인치 6인승,"73,735,741원","77,570,000원","4,110,000원","2,740,000원","1,370,000원","720,000원","550,000원","170,000원","68,905,741원"
경기도,파주시,https://www.hyundai.com/contents/repn-car/side-w/ioniq9-27my-well-side.png,아이오닉 9,4WD(항속) 프레스티지 19인치 7인승,"75,903,041원","79,850,000원","4,060,000원","2,710,000원","1,350,000원","700,000원","540,000원","160,000원","71,143,041원"
경기도,파주시,https://www.hyundai.com/contents/repn-car/side-w/ioniq9-27my-well-side.png,아이오닉 9,4WD(항속) 프레스티지 21인치 7인승,"75,903,041원","79,850,000원","4,060,000원","2,710,000원","1,350,000원","700,000원","540,000원","160,000원","71,143,041원"
경기도,파주시,https://www.hyundai.com/contents/repn-car/side-w/ioniq9-27my-well-side.png,아이오닉 9,4WD(항속) 프레스티지 19인치 6인승,"76,397,338원","80,370,000원","4,060,000원","2,710,000원","1,350,000원","700,000원","540,000원","160,000원","71,637,338원"
경기도,파주시,https://www.hyundai.com/contents/repn-car/side-w/ioniq9-27my-well-side.png,아이오닉 9,4WD(항속) 프레스티지 21인치 6인승,"76,397,338원","80,370,000원","4,060,000원","2,710,000원","1,350,000원","700,000원","540,000원","160,000원","71,637,338원"
경기도,파주시,https://www.hyundai.com/contents/repn-car/side-w/ioniq9-27my-well-side.png,아이오닉 9,4WD(성능) 프레스티지 19인치 7인승,"76,758,555원","80,750,000원","4,080,000원","2,720,000원","1,360,000원","700,000원","540,000원","160,000원","71,978,555원"
경기도,파주시,https://www.hyundai.com/contents/repn-car/side-w/ioniq9-27my-well-side.png,아이오닉 9,4WD(성능) 프레스티지 21인치 7인승,"76,758,555원","80,750,000원","4,080,000원","2,720,000원","1,360,000원","700,000원","540,000원","160,000원","71,978,555원"
경기도,파주시,https://www.hyundai.com/contents/repn-car/side-w/ioniq9-27my-well-side.png,아이오닉 9,4WD(성능) 프레스티지 19인치 6인승,"77,252,851원","81,270,000원","4,080,000원","2,720,000원","1,360,000원","700,000원","540,000원","160,000원","72,472,851원"
경기도,파주시,https://www.hyundai.com/contents/repn-car/side-w/ioniq9-27my-well-side.png,아이오닉 9,4WD(성능) 프레스티지 21인치 6인승,"77,252,851원","81,270,000원","4,080,000원","2,720,000원","1,360,000원","700,000원","540,000원","160,000원","72,472,851원"
경기도,파주시,https://www.hyundai.com/contents/repn-car/side-w/ioniq9-27my-well-side.png,아이오닉 9,2WD 캘리그래피 19인치 7인승,"78,108,365원","82,170,000원","4,110,000원","2,740,000원","1,370,000원","720,000원","550,000원","170,000원","73,278,365원"
경기도,파주시,https://www.hyundai.com/contents/repn-car/side-w/ioniq9-27my-well-side.png,아이오닉 9,2WD 캘리그래피 21인치 7인승,"78,108,365원","82,170,000원","4,110,000원","2,740,000원","1,370,000원","720,000원","550,000원","170,000원","73,278,365원"
경기도,파주시,https://www.hyundai.com/contents/repn-car/side-w/ioniq9-27my-well-side.png,아이오닉 9,2WD 캘리그래피 19인치 6인승,"79,600,760원","83,740,000원","4,110,000원","2,740,000원","1,370,000원","720,000원","550,000원","170,000원","74,770,760원"
경기도,파주시,https://www.hyundai.com/contents/repn-car/side-w/ioniq9-27my-well-side.png,아이오닉 9,2WD 캘리그래피 21인치 6인승,"79,600,760원","83,740,000원","4,110,000원","2,740,000원","1,370,000원","720,000원","550,000원","170,000원","74,770,760원"
경기도,파주시,https://www.hyundai.com/contents/repn-car/side-w/ioniq9-27my-well-side.png,아이오닉 9,4WD(항속) 캘리그래피 19인치 7인승,"80,769,961원","84,970,000원","4,060,000원","2,710,000원","1,350,000원","700,000원","540,000원","160,000원","76,009,961원"
경기도,파주시,https://www.hyundai.com/contents/repn-car/side-w/ioniq9-27my-well-side.png,아이오닉 9,4WD(항속) 캘리그래피 21인치 7인승,"80,769,961원","84,970,000원","4,060,000원","2,710,000원","1,350,000원","700,000원","540,000원","160,000원","76,009,961원"
경기도,파주시,https://www.hyundai.com/contents/repn-car/side-w/ioniq9-27my-well-side.png,아이오닉 9,4WD(성능) 캘리그래피 19인치 7인승,"81,625,475원","85,870,000원","4,080,000원","2,720,000원","1,360,000원","700,000원","540,000원","160,000원","76,845,475원"
경기도,파주시,https://www.hyundai.com/contents/repn-car/side-w/ioniq9-27my-well-side.png,아이오닉 9,4WD(성능) 캘리그래피 21인치 7인승,"81,625,475원","85,870,000원","4,080,000원","2,720,000원","1,360,000원","700,000원","540,000원","160,000원","76,845,475원"
경기도,파주시,https://www.hyundai.com/contents/repn-car/side-w/ioniq9-27my-well-side.png,아이오닉 9,4WD(항속) 캘리그래피 19인치 6인승,"82,262,357원","86,540,000원","4,060,000원","2,710,000원","1,350,000원","700,000원","540,000원","160,000원","77,502,357원"
경기도,파주시,https://www.hyundai.com/contents/repn-car/side-w/ioniq9-27my-well-side.png,아이오닉 9,4WD(항속) 캘리그래피 21인치 6인승,"82,262,357원","86,540,000원","4,060,000원","2,710,000원","1,350,000원","700,000원","540,000원","160,000원","77,502,357원"
경기도,파주시,https://www.hyundai.com/contents/repn-car/side-w/ioniq9-27my-well-side.png,아이오닉 9,4WD(성능) 캘리그래피 19인치 6인승,"83,149,999원","87,440,000원","4,080,000원","2,720,000원","1,360,000원","700,000원","540,000원","160,000원","78,369,999원"
경기도,파주시,https://www.hyundai.com/contents/repn-car/side-w/ioniq9-27my-well-side.png,아이오닉 9,4WD(성능) 캘리그래피 21인치 6인승,"83,149,999원","87,440,000원","4,080,000원","2,720,000원","1,360,000원","700,000원","540,000원","160,000원","78,369,999원"
경기도,파주시,https://www.hyundai.com/contents/repn-car/side-w/Electrified-GV70-27MY.png,Electrified GV70,ELECTRIFIED GV70 AWD 19인치,"75,798,478원","79,740,000원","3,910,000원","2,610,000원","1,300,000원","680,000원","520,000원","160,000원","71,208,478원"
경기도,파주시,https://www.hyundai.com/contents/repn-car/side-w/Electrified-GV70-27MY.png,Electrified GV70,ELECTRIFIED GV70 AWD 20인치,"76,558,935원","80,540,000원","3,670,000원","2,450,000원","1,220,000원","640,000원","490,000원","150,000원","72,248,935원"
경기도,파주시,https://www.hyundai.com/contents/repn-car/side-w/ioniq6-n-25lc-well-side.png,아이오닉 6 N,4WD N,"79,904,942원","84,060,000원","3,750,000원","2,500,000원","1,250,000원","650,000원","500,000원","150,000원","75,504,942원"
경기도,파주시,https://www.hyundai.com/contents/repn-car/side-w/g80_ev_27my-well-side.png,Electrified G80,ELECTRIFIED G80,"84,790,000원","89,080,000원","4,050,000원","2,700,000원","1,350,000원","700,000원","540,000원","160,000원","80,040,000원"
경기도,파주시,https://www.hyundai.com/contents/repn-car/side-w/g80_ev_27my-well-side.png,Electrified G80,ELECTRIFIED G80,"87,790,000원","92,080,000원","4,050,000원","2,700,000원","1,350,000원","700,000원","540,000원","160,000원","83,040,000원"
경기도,파주시,https://www.hyundai.com/contents/repn-car/side-w/the-new-staria-limousine-electric-27pe-well-side.png,더 뉴 스타리아 리무진 Electric,2WD 오토 Inspiration 리무진,"84,820,000원","89,110,000원","3,430,000원","2,290,000원","1,140,000원","600,000원","460,000원","140,000원","80,790,000원"
경기도,파주시,https://www.hyundai.com/contents/repn-car/side-w/porter2-electric-26my-well-side.png,포터 II Electric ,오토 스타일스페셜,"43,500,000원","43,500,000원","14,520,000원","9,680,000원","4,840,000원","1,300,000원","1,000,000원","300,000원","27,680,000원"
경기도,파주시,https://www.hyundai.com/contents/repn-car/side-w/porter2-electric-26my-well-side.png,포터 II Electric ,오토 스마트스페셜,"44,850,000원","44,850,000원","14,520,000원","9,680,000원","4,840,000원","1,300,000원","1,000,000원","300,000원","29,030,000원"
경기도,파주시,https://www.hyundai.com/contents/repn-car/side-w/porter2-electric-26my-well-side.png,포터 II Electric ,오토 프리미엄스페셜,"46,450,000원","46,450,000원","14,520,000원","9,680,000원","4,840,000원","1,300,000원","1,000,000원","300,000원","30,630,000원"
경기도,파주시,https://www.hyundai.com/contents/repn-car/side-w/porter2-electric-built-in-truck-26my-45side.png,포터II Electric 내장탑차,오토 스마트스페셜 저상,"49,030,000원","49,030,000원","11,700,000원","7,800,000원","3,900,000원","1,200,000원","920,000원","280,000원","36,130,000원"
경기도,파주시,https://www.hyundai.com/contents/repn-car/side-w/porter2-electric-built-in-truck-26my-45side.png,포터II Electric 내장탑차,오토 스마트스페셜,"50,250,000원","50,250,000원","11,700,000원","7,800,000원","3,900,000원","1,200,000원","920,000원","280,000원","37,350,000원"
경기도,파주시,https://www.hyundai.com/contents/repn-car/side-w/porter2-electric-built-in-truck-26my-45side.png,포터II Electric 내장탑차,오토 스마트스페셜 하이,"51,130,000원","51,130,000원","11,700,000원","7,800,000원","3,900,000원","1,200,000원","920,000원","280,000원","38,230,000원"
경기도,파주시,https://www.hyundai.com/contents/repn-car/side-w/porter2-electric-powergate-truck-26my-45side.png,포터II Electric 파워게이트,오토 스마트스페셜,"50,000,000원","50,000,000원","11,700,000원","7,800,000원","3,900,000원","1,200,000원","920,000원","280,000원","37,100,000원"
경기도,파주시,https://www.hyundai.com/contents/repn-car/side-w/porter2-electric-wingbody-26my-45side.png,포터II Electric 윙바디,오토 스마트스페셜 수동식,"51,030,000원","51,030,000원","11,700,000원","7,800,000원","3,900,000원","1,200,000원","920,000원","280,000원","38,130,000원"
경기도,파주시,https://www.hyundai.com/contents/repn-car/side-w/porter2-electric-wingbody-26my-45side.png,포터II Electric 윙바디,오토 스마트스페셜 전동식,"55,240,000원","55,240,000원","11,700,000원","7,800,000원","3,900,000원","1,200,000원","920,000원","280,000원","42,340,000원"
경기도,파주시,https://www.hyundai.com/contents/repn-car/side-w/the-new-staria-electric-27pe-well-side.png,더 뉴 스타리아 Electric,2WD 오토 Modern 3인승,"57,920,000원","57,920,000원","18,000,000원","12,000,000원","6,000,000원","1,300,000원","1,000,000원","300,000원","38,620,000원"
경기도,파주시,https://www.hyundai.com/contents/repn-car/side-w/the-new-staria-electric-27pe-well-side.png,더 뉴 스타리아 Electric,2WD 오토 Modern 5인승,"58,700,000원","58,700,000원","18,000,000원","12,000,000원","6,000,000원","1,300,000원","1,000,000원","300,000원","39,400,000원"
경기도,파주시,https://www.hyundai.com/contents/repn-car/side-w/st1-hightop-27my-well-side.png,ST1 하이탑차,오토 스마트,"58,830,000원","58,830,000원","16,500,000원","11,000,000원","5,500,000원","1,300,000원","1,000,000원","300,000원","41,030,000원"
경기도,파주시,https://www.hyundai.com/contents/repn-car/side-w/st1-27my-well-side.png,ST1 카고,오토 스타일,"59,460,000원","59,460,000원","18,000,000원","12,000,000원","6,000,000원","1,300,000원","1,000,000원","300,000원","40,160,000원"
경기도,파주시,https://www.hyundai.com/contents/repn-car/side-w/st1-27my-well-side.png,ST1 카고,오토 스마트,"61,230,000원","61,230,000원","18,000,000원","12,000,000원","6,000,000원","1,300,000원","1,000,000원","300,000원","41,930,000원"
경기도,파주시,https://www.hyundai.com/contents/repn-car/side-w/st1-27my-well-side.png,ST1 카고,오토 프리미엄,"65,710,000원","65,710,000원","18,000,000원","12,000,000원","6,000,000원","1,300,000원","1,000,000원","300,000원","46,410,000원"
경기도,파주시,https://www.hyundai.com/contents/repn-car/side-w/st1-freezer-truck-27my-well-side.png,ST1 카고 냉동,오토 스마트,"69,580,000원","69,580,000원","21,750,000원","14,500,000원","7,250,000원","1,300,000원","1,000,000원","300,000원","46,530,000원"
경기도,파주시,https://www.hyundai.com/contents/repn-car/side-w/st1-freezer-truck-27my-well-side.png,ST1 카고 냉동,오토 프리미엄,"74,060,000원","74,060,000원","21,750,000원","14,500,000원","7,250,000원","1,300,000원","1,000,000원","300,000원","51,010,000원"
경기도,파주시,https://www.hyundai.com/contents/repn-car/side-w/the-new-staria-electric-27pe-well-side.png,더 뉴 스타리아 Electric,2WD 오토 Modern 11인승,"60,290,000원","60,290,000원","19,500,000원","15,000,000원","4,500,000원",0원,0원,0원,"40,790,000원"
경기도,파주시,https://www.hyundai.com/contents/repn-car/side-w/the-new-staria-lounge-electric-27pe-well-side.png,더 뉴 스타리아 라운지 Electric,2WD 오토 Prestige 11인승 라운지,"65,490,000원","65,490,000원","19,500,000원","15,000,000원","4,500,000원",0원,0원,0원,"45,990,000원"
경기도,파주시,https://www.hyundai.com/contents/repn-car/side-w/nexo-27my-well-side.png,넥쏘,2WD 모던,"76,470,532원","80,447,000원","32,500,000원","22,500,000원","10,000,000원",0원,0원,0원,"43,970,532원"
경기도,파주시,https://www.hyundai.com/contents/repn-car/side-w/nexo-27my-well-side.png,넥쏘,2WD 익스클루시브,"79,369,771원","83,497,000원","32,500,000원","22,500,000원","10,000,000원",0원,0원,0원,"46,869,771원"
경기도,파주시,https://www.hyundai.com/contents/repn-car/side-w/nexo-27my-well-side.png,넥쏘,2WD 프레스티지,"83,789,923원","88,147,000원","32,500,000원","22,500,000원","10,000,000원",0원,0원,0원,"51,289,923원"
경기도,김포시,https://www.hyundai.com/contents/repn-car/side-w/casper_ev_26my_well_side.png,2027 캐스퍼 일렉트릭,캐스퍼 일렉트릭 기본형 15인치,"28,469,581원","29,950,000원","6,860,000원","4,900,000원","1,960,000원","1,270,000원","980,000원","290,000원","20,339,581원"
경기도,김포시,https://www.hyundai.com/contents/repn-car/side-w/casper_ev_26my_well_side.png,2027 캐스퍼 일렉트릭,캐스퍼 일렉트릭 항속형 15인치,"32,119,772원","33,790,000원","6,860,000원","4,900,000원","1,960,000원","1,270,000원","980,000원","290,000원","23,989,772원"
경기도,김포시,https://www.hyundai.com/contents/repn-car/side-w/casper_ev_26my_well_side.png,2027 캐스퍼 일렉트릭,캐스퍼 일렉트릭 항속형 17인치,"32,119,772원","33,790,000원","6,860,000원","4,900,000원","1,960,000원","1,270,000원","980,000원","290,000원","23,989,772원"
경기도,김포시,https://www.hyundai.com/contents/repn-car/side-w/casper_ev_26my_well_side.png,2027 캐스퍼 일렉트릭,캐스퍼 일렉트릭 크로스 17인치,"34,125,474원","35,900,000원","6,810,000원","4,870,000원","1,940,000원","1,260,000원","970,000원","290,000원","26,055,474원"
경기도,김포시,https://www.hyundai.com/contents/repn-car/side-w/casper_ev_26my_well_side.png,2027 캐스퍼 일렉트릭,캐스퍼 일렉트릭 라운지 17인치,"34,572,243원","36,370,000원","6,860,000원","4,900,000원","1,960,000원","1,270,000원","980,000원","290,000원","26,442,243원"
경기도,김포시,https://www.hyundai.com/contents/repn-car/side-w/kona-electric-25my-well-side.png,코나 Electric,기본형 E-Value +,"41,520,912원","43,680,000원","6,110,000원","4,370,000원","1,740,000원","1,130,000원","870,000원","260,000원","34,280,912원"
경기도,김포시,https://www.hyundai.com/contents/repn-car/side-w/kona-electric-25my-well-side.png,코나 Electric,기본형 Premium,"43,564,638원","45,830,000원","6,110,000원","4,370,000원","1,740,000원","1,130,000원","870,000원","260,000원","36,324,638원"
경기도,김포시,https://www.hyundai.com/contents/repn-car/side-w/kona-electric-25my-well-side.png,코나 Electric,항속형 Modern plus,"45,655,893원","48,030,000원","7,190,000원","5,140,000원","2,050,000원","1,300,000원","1,000,000원","300,000원","37,165,893원"
경기도,김포시,https://www.hyundai.com/contents/repn-car/side-w/kona-electric-25my-well-side.png,코나 Electric,항속형 Modern plus 스타일 Ⅱ,"45,655,893원","48,030,000원","7,190,000원","5,140,000원","2,050,000원","1,300,000원","1,000,000원","300,000원","37,165,893원"
경기도,김포시,https://www.hyundai.com/contents/repn-car/side-w/kona-electric-25my-well-side.png,코나 Electric,항속형 Premium,"46,568,440원","48,990,000원","7,190,000원","5,140,000원","2,050,000원","1,300,000원","1,000,000원","300,000원","38,078,440원"
경기도,김포시,https://www.hyundai.com/contents/repn-car/side-w/kona-electric-25my-well-side.png,코나 Electric,항속형 Premium 빌트인 캠 2,"46,568,440원","48,990,000원","7,190,000원","5,140,000원","2,050,000원","1,300,000원","1,000,000원","300,000원","38,078,440원"
경기도,김포시,https://www.hyundai.com/contents/repn-car/side-w/kona-electric-25my-well-side.png,코나 Electric,항속형 Premium 스타일 Ⅱ,"46,568,440원","48,990,000원","7,190,000원","5,140,000원","2,050,000원","1,300,000원","1,000,000원","300,000원","38,078,440원"
경기도,김포시,https://www.hyundai.com/contents/repn-car/side-w/kona-electric-25my-well-side.png,코나 Electric,항속형 Inspiration,"49,923,954원","52,520,000원","6,420,000원","4,590,000원","1,830,000원","1,200,000원","920,000원","280,000원","42,303,954원"
경기도,김포시,https://www.hyundai.com/contents/repn-car/side-w/kona-electric-25my-well-side.png,코나 Electric,항속형 N Line Inspiration,"50,865,018원","53,510,000원","6,420,000원","4,590,000원","1,830,000원","1,200,000원","920,000원","280,000원","43,245,018원"
경기도,김포시,https://www.hyundai.com/contents/repn-car/side-w/ioniq5-27my-well-side.png,아이오닉 5,2WD E-Value +(스탠다드) 19인치,"47,347,908원","49,810,000원","6,760,000원","4,830,000원","1,930,000원","1,260,000원","970,000원","290,000원","39,327,908원"
경기도,김포시,https://www.hyundai.com/contents/repn-car/side-w/ioniq5-27my-well-side.png,아이오닉 5,2WD E-Lite(롱레인지) 19인치,"50,636,881원","53,270,000원","7,930,000원","5,670,000원","2,260,000원","1,300,000원","1,000,000원","300,000원","41,406,881원"
경기도,김포시,https://www.hyundai.com/contents/repn-car/side-w/ioniq5-27my-well-side.png,아이오닉 5,2WD 모던(롱레인지) 19인치,"52,899,239원","55,650,000원","7,930,000원","5,670,000원","2,260,000원","1,300,000원","1,000,000원","300,000원","43,669,239원"
경기도,김포시,https://www.hyundai.com/contents/repn-car/side-w/ioniq5-27my-well-side.png,아이오닉 5,4WD E-Lite(롱레인지) 19인치,"52,984,791원","55,740,000원","7,810,000원","5,580,000원","2,230,000원","1,300,000원","1,000,000원","300,000원","43,874,791원"
경기도,김포시,https://www.hyundai.com/contents/repn-car/side-w/ioniq5-27my-well-side.png,아이오닉 5,2WD 모던(롱레인지) 19인치 빌트인캠 2 + 증강현실 내비게이션,"52,899,239원","55,650,000원","7,930,000원","5,670,000원","2,260,000원","1,300,000원","1,000,000원","300,000원","43,669,239원"
경기도,김포시,https://www.hyundai.com/contents/repn-car/side-w/ioniq5-27my-well-side.png,아이오닉 5,4WD 모던(롱레인지) 19인치,"55,247,148원","58,120,000원","7,810,000원","5,580,000원","2,230,000원","1,300,000원","1,000,000원","300,000원","46,137,148원"
경기도,김포시,https://www.hyundai.com/contents/repn-car/side-w/ioniq5-27my-well-side.png,아이오닉 5,2WD 프리미엄(롱레인지) 19인치,"58,241,444원","61,270,000원","7,930,000원","5,670,000원","2,260,000원","1,300,000원","1,000,000원","300,000원","49,011,444원"
경기도,김포시,https://www.hyundai.com/contents/repn-car/side-w/ioniq5-27my-well-side.png,아이오닉 5,2WD 프리미엄(롱레인지) 19인치 빌트인캠 2 + 증강현실 내비게이션,"58,241,444원","61,270,000원","7,930,000원","5,670,000원","2,260,000원","1,300,000원","1,000,000원","300,000원","49,011,444원"
경기도,김포시,https://www.hyundai.com/contents/repn-car/side-w/ioniq5-27my-well-side.png,아이오닉 5,2WD 프리미엄(롱레인지) 20인치,"58,707,224원","61,760,000원","7,820,000원","5,590,000원","2,230,000원","1,300,000원","1,000,000원","300,000원","49,587,224원"
경기도,김포시,https://www.hyundai.com/contents/repn-car/side-w/ioniq5-27my-well-side.png,아이오닉 5,2WD N LINE(롱레인지) 20인치,"59,448,669원","62,540,000원","7,570,000원","5,410,000원","2,160,000원","1,300,000원","1,000,000원","300,000원","50,578,669원"
경기도,김포시,https://www.hyundai.com/contents/repn-car/side-w/ioniq5-27my-well-side.png,아이오닉 5,4WD 프리미엄(롱레인지) 19인치,"60,589,354원","63,740,000원","7,810,000원","5,580,000원","2,230,000원","1,300,000원","1,000,000원","300,000원","51,479,354원"
경기도,김포시,https://www.hyundai.com/contents/repn-car/side-w/ioniq5-27my-well-side.png,아이오닉 5,4WD 프리미엄(롱레인지) 20인치,"61,055,132원","64,230,000원","7,440,000원","5,320,000원","2,120,000원","1,300,000원","1,000,000원","300,000원","52,315,132원"
경기도,김포시,https://www.hyundai.com/contents/repn-car/side-w/ioniq5-27my-well-side.png,아이오닉 5,2WD 인스퍼레이션(롱레인지) 19인치,"61,283,270원","64,470,000원","7,930,000원","5,670,000원","2,260,000원","1,300,000원","1,000,000원","300,000원","52,053,270원"
경기도,김포시,https://www.hyundai.com/contents/repn-car/side-w/ioniq5-27my-well-side.png,아이오닉 5,2WD 인스퍼레이션(롱레인지) 19인치 빌트인캠 2 + 증강현실 내비게이션,"61,283,270원","64,470,000원","7,930,000원","5,670,000원","2,260,000원","1,300,000원","1,000,000원","300,000원","52,053,270원"
경기도,김포시,https://www.hyundai.com/contents/repn-car/side-w/ioniq5-27my-well-side.png,아이오닉 5,2WD 인스퍼레이션(롱레인지) 20인치,"61,749,048원","64,960,000원","7,820,000원","5,590,000원","2,230,000원","1,300,000원","1,000,000원","300,000원","52,629,048원"
경기도,김포시,https://www.hyundai.com/contents/repn-car/side-w/ioniq5-27my-well-side.png,아이오닉 5,4WD N LINE(롱레인지) 20인치,"61,796,577원","65,010,000원","7,140,000원","5,100,000원","2,040,000원","1,300,000원","1,000,000원","300,000원","53,356,577원"
경기도,김포시,https://www.hyundai.com/contents/repn-car/side-w/ioniq5-27my-well-side.png,아이오닉 5,4WD 인스퍼레이션(롱레인지) 19인치,"63,631,178원","66,940,000원","7,810,000원","5,580,000원","2,230,000원","1,300,000원","1,000,000원","300,000원","54,521,178원"
경기도,김포시,https://www.hyundai.com/contents/repn-car/side-w/ioniq5-27my-well-side.png,아이오닉 5,4WD 인스퍼레이션(롱레인지) 20인치,"64,096,958원","67,430,000원","7,440,000원","5,320,000원","2,120,000원","1,300,000원","1,000,000원","300,000원","55,356,958원"
경기도,김포시,https://www.hyundai.com/contents/repn-car/side-w/ioniq6-25fl-well-side.png,더 뉴 아이오닉 6,2WD E-Value +(스탠다드) 18인치,"48,564,639원","51,090,000원","7,840,000원","5,600,000원","2,240,000원","1,300,000원","1,000,000원","300,000원","39,424,639원"
경기도,김포시,https://www.hyundai.com/contents/repn-car/side-w/ioniq6-25fl-well-side.png,더 뉴 아이오닉 6,2WD E-LITE(롱레인지) 18인치,"50,636,881원","53,270,000원","7,980,000원","5,700,000원","2,280,000원","1,300,000원","1,000,000원","300,000원","41,356,881원"
경기도,김포시,https://www.hyundai.com/contents/repn-car/side-w/ioniq6-25fl-well-side.png,더 뉴 아이오닉 6,2WD Exclusive(스탠다드) 18인치,"50,950,570원","53,600,000원","7,840,000원","5,600,000원","2,240,000원","1,300,000원","1,000,000원","300,000원","41,810,570원"
경기도,김포시,https://www.hyundai.com/contents/repn-car/side-w/ioniq6-25fl-well-side.png,더 뉴 아이오닉 6,2WD E-LITE(롱레인지) 20인치,"51,197,719원","53,860,000원","7,980,000원","5,700,000원","2,280,000원","1,300,000원","1,000,000원","300,000원","41,917,719원"
경기도,김포시,https://www.hyundai.com/contents/repn-car/side-w/ioniq6-25fl-well-side.png,더 뉴 아이오닉 6,4WD E-LITE(롱레인지) 18인치,"52,984,791원","55,740,000원","7,980,000원","5,700,000원","2,280,000원","1,300,000원","1,000,000원","300,000원","43,704,791원"
경기도,김포시,https://www.hyundai.com/contents/repn-car/side-w/ioniq6-25fl-well-side.png,더 뉴 아이오닉 6,4WD E-LITE(롱레인지) 20인치,"53,545,627원","56,330,000원","7,740,000원","5,530,000원","2,210,000원","1,300,000원","1,000,000원","300,000원","44,505,627원"
경기도,김포시,https://www.hyundai.com/contents/repn-car/side-w/ioniq6-25fl-well-side.png,더 뉴 아이오닉 6,2WD Exclusive(롱레인지) 18인치,"55,152,091원","58,020,000원","7,980,000원","5,700,000원","2,280,000원","1,300,000원","1,000,000원","300,000원","45,872,091원"
경기도,김포시,https://www.hyundai.com/contents/repn-car/side-w/ioniq6-25fl-well-side.png,더 뉴 아이오닉 6,2WD Prestige(스탠다드) 18인치,"55,532,319원","58,420,000원","7,840,000원","5,600,000원","2,240,000원","1,300,000원","1,000,000원","300,000원","46,392,319원"
경기도,김포시,https://www.hyundai.com/contents/repn-car/side-w/ioniq6-25fl-well-side.png,더 뉴 아이오닉 6,2WD Exclusive(롱레인지) 20인치,"55,712,927원","58,610,000원","7,980,000원","5,700,000원","2,280,000원","1,300,000원","1,000,000원","300,000원","46,432,927원"
경기도,김포시,https://www.hyundai.com/contents/repn-car/side-w/ioniq6-25fl-well-side.png,더 뉴 아이오닉 6,2WD N Line Exclusive(롱레인지) 20인치,"57,452,472원","60,440,000원","7,980,000원","5,700,000원","2,280,000원","1,300,000원","1,000,000원","300,000원","48,172,472원"
경기도,김포시,https://www.hyundai.com/contents/repn-car/side-w/ioniq6-25fl-well-side.png,더 뉴 아이오닉 6,4WD Exclusive(롱레인지) 18인치,"57,499,999원","60,490,000원","7,980,000원","5,700,000원","2,280,000원","1,300,000원","1,000,000원","300,000원","48,219,999원"
경기도,김포시,https://www.hyundai.com/contents/repn-car/side-w/ioniq6-25fl-well-side.png,더 뉴 아이오닉 6,4WD Exclusive(롱레인지) 20인치,"58,060,836원","61,080,000원","7,740,000원","5,530,000원","2,210,000원","1,300,000원","1,000,000원","300,000원","49,020,836원"
경기도,김포시,https://www.hyundai.com/contents/repn-car/side-w/ioniq6-25fl-well-side.png,더 뉴 아이오닉 6,2WD Prestige(롱레인지) 18인치,"59,724,335원","62,830,000원","7,980,000원","5,700,000원","2,280,000원","1,300,000원","1,000,000원","300,000원","50,444,335원"
경기도,김포시,https://www.hyundai.com/contents/repn-car/side-w/ioniq6-25fl-well-side.png,더 뉴 아이오닉 6,4WD N Line Exclusive(롱레인지) 20인치,"59,800,380원","62,910,000원","7,510,000원","5,370,000원","2,140,000원","1,300,000원","1,000,000원","300,000원","50,990,380원"
경기도,김포시,https://www.hyundai.com/contents/repn-car/side-w/ioniq6-25fl-well-side.png,더 뉴 아이오닉 6,2WD Prestige(롱레인지) 20인치,"60,285,171원","63,420,000원","7,980,000원","5,700,000원","2,280,000원","1,300,000원","1,000,000원","300,000원","51,005,171원"
경기도,김포시,https://www.hyundai.com/contents/repn-car/side-w/ioniq6-25fl-well-side.png,더 뉴 아이오닉 6,2WD N Line Prestige(롱레인지) 20인치,"61,321,293원","64,510,000원","7,980,000원","5,700,000원","2,280,000원","1,300,000원","1,000,000원","300,000원","52,041,293원"
경기도,김포시,https://www.hyundai.com/contents/repn-car/side-w/ioniq6-25fl-well-side.png,더 뉴 아이오닉 6,4WD Prestige(롱레인지) 18인치,"62,072,243원","65,300,000원","7,980,000원","5,700,000원","2,280,000원","1,300,000원","1,000,000원","300,000원","52,792,243원"
경기도,김포시,https://www.hyundai.com/contents/repn-car/side-w/ioniq6-25fl-well-side.png,더 뉴 아이오닉 6,4WD Prestige(롱레인지) 20인치,"62,633,079원","65,890,000원","7,740,000원","5,530,000원","2,210,000원","1,300,000원","1,000,000원","300,000원","53,593,079원"
경기도,김포시,https://www.hyundai.com/contents/repn-car/side-w/ioniq6-25fl-well-side.png,더 뉴 아이오닉 6,4WD N Line Prestige(롱레인지) 20인치,"63,669,201원","66,980,000원","7,510,000원","5,370,000원","2,140,000원","1,300,000원","1,000,000원","300,000원","54,859,201원"
경기도,김포시,https://www.hyundai.com/contents/repn-car/side-w/the-new-staria-lounge-electric-27pe-well-side.png,더 뉴 스타리아 라운지 Electric,2WD 오토 Prestige 7인승,"63,593,156원","66,900,000원","3,200,000원","2,290,000원","910,000원","600,000원","460,000원","140,000원","59,793,156원"
경기도,김포시,https://www.hyundai.com/contents/repn-car/side-w/the-new-staria-lounge-electric-27pe-well-side.png,더 뉴 스타리아 라운지 Electric,2WD 오토 Inspiration 7인승,"67,309,885원","70,810,000원","3,200,000원","2,290,000원","910,000원","600,000원","460,000원","140,000원","63,509,885원"
경기도,김포시,https://www.hyundai.com/contents/repn-car/side-w/GV60-27MY.png,GV60,GV60 스탠다드 2WD 19인치,"64,904,943원","68,280,000원","3,990,000원","2,850,000원","1,140,000원","740,000원","570,000원","170,000원","60,174,943원"
경기도,김포시,https://www.hyundai.com/contents/repn-car/side-w/GV60-27MY.png,GV60,GV60 스탠다드 AWD 19인치,"72,080,000원","72,080,000원","3,800,000원","2,720,000원","1,080,000원","700,000원","540,000원","160,000원","67,580,000원"
경기도,김포시,https://www.hyundai.com/contents/repn-car/side-w/GV60-27MY.png,GV60,GV60 스탠다드 AWD 20인치,"74,380,000원","74,380,000원","3,650,000원","2,610,000원","1,040,000원","680,000원","520,000원","160,000원","70,050,000원"
경기도,김포시,https://www.hyundai.com/contents/repn-car/side-w/ioniq9-27my-well-side.png,아이오닉 9,2WD 익스클루시브 19인치 7인승,"67,585,551원","71,100,000원","3,830,000원","2,740,000원","1,090,000원","720,000원","550,000원","170,000원","63,035,551원"
경기도,김포시,https://www.hyundai.com/contents/repn-car/side-w/ioniq9-27my-well-side.png,아이오닉 9,2WD 익스클루시브 19인치 6인승,"68,165,399원","71,710,000원","3,830,000원","2,740,000원","1,090,000원","720,000원","550,000원","170,000원","63,615,399원"
경기도,김포시,https://www.hyundai.com/contents/repn-car/side-w/ioniq9-27my-well-side.png,아이오닉 9,4WD(항속) 익스클루시브 19인치 7인승,"70,247,148원","73,900,000원","3,790,000원","2,710,000원","1,080,000원","700,000원","540,000원","160,000원","65,757,148원"
경기도,김포시,https://www.hyundai.com/contents/repn-car/side-w/ioniq9-27my-well-side.png,아이오닉 9,4WD(항속) 익스클루시브 19인치 6인승,"70,826,995원","74,510,000원","3,790,000원","2,710,000원","1,080,000원","700,000원","540,000원","160,000원","66,336,995원"
경기도,김포시,https://www.hyundai.com/contents/repn-car/side-w/ioniq9-27my-well-side.png,아이오닉 9,4WD(성능) 익스클루시브 19인치 7인승,"71,102,661원","74,800,000원","3,800,000원","2,720,000원","1,080,000원","700,000원","540,000원","160,000원","66,602,661원"
경기도,김포시,https://www.hyundai.com/contents/repn-car/side-w/ioniq9-27my-well-side.png,아이오닉 9,4WD(성능) 익스클루시브 19인치 6인승,"71,682,509원","75,410,000원","3,800,000원","2,720,000원","1,080,000원","700,000원","540,000원","160,000원","67,182,509원"
경기도,김포시,https://www.hyundai.com/contents/repn-car/side-w/ioniq9-27my-well-side.png,아이오닉 9,2WD 프레스티지 19인치 7인승,"73,241,445원","77,050,000원","3,830,000원","2,740,000원","1,090,000원","720,000원","550,000원","170,000원","68,691,445원"
경기도,김포시,https://www.hyundai.com/contents/repn-car/side-w/ioniq9-27my-well-side.png,아이오닉 9,2WD 프레스티지 21인치 7인승,"73,241,445원","77,050,000원","3,830,000원","2,740,000원","1,090,000원","720,000원","550,000원","170,000원","68,691,445원"
경기도,김포시,https://www.hyundai.com/contents/repn-car/side-w/ioniq9-27my-well-side.png,아이오닉 9,2WD 프레스티지 19인치 6인승,"73,735,741원","77,570,000원","3,830,000원","2,740,000원","1,090,000원","720,000원","550,000원","170,000원","69,185,741원"
경기도,김포시,https://www.hyundai.com/contents/repn-car/side-w/ioniq9-27my-well-side.png,아이오닉 9,2WD 프레스티지 21인치 6인승,"73,735,741원","77,570,000원","3,830,000원","2,740,000원","1,090,000원","720,000원","550,000원","170,000원","69,185,741원"
경기도,김포시,https://www.hyundai.com/contents/repn-car/side-w/ioniq9-27my-well-side.png,아이오닉 9,4WD(항속) 프레스티지 19인치 7인승,"75,903,041원","79,850,000원","3,790,000원","2,710,000원","1,080,000원","700,000원","540,000원","160,000원","71,413,041원"
경기도,김포시,https://www.hyundai.com/contents/repn-car/side-w/ioniq9-27my-well-side.png,아이오닉 9,4WD(항속) 프레스티지 21인치 7인승,"75,903,041원","79,850,000원","3,790,000원","2,710,000원","1,080,000원","700,000원","540,000원","160,000원","71,413,041원"
경기도,김포시,https://www.hyundai.com/contents/repn-car/side-w/ioniq9-27my-well-side.png,아이오닉 9,4WD(항속) 프레스티지 19인치 6인승,"76,397,338원","80,370,000원","3,790,000원","2,710,000원","1,080,000원","700,000원","540,000원","160,000원","71,907,338원"
경기도,김포시,https://www.hyundai.com/contents/repn-car/side-w/ioniq9-27my-well-side.png,아이오닉 9,4WD(항속) 프레스티지 21인치 6인승,"76,397,338원","80,370,000원","3,790,000원","2,710,000원","1,080,000원","700,000원","540,000원","160,000원","71,907,338원"
경기도,김포시,https://www.hyundai.com/contents/repn-car/side-w/ioniq9-27my-well-side.png,아이오닉 9,4WD(성능) 프레스티지 19인치 7인승,"76,758,555원","80,750,000원","3,800,000원","2,720,000원","1,080,000원","700,000원","540,000원","160,000원","72,258,555원"
경기도,김포시,https://www.hyundai.com/contents/repn-car/side-w/ioniq9-27my-well-side.png,아이오닉 9,4WD(성능) 프레스티지 21인치 7인승,"76,758,555원","80,750,000원","3,800,000원","2,720,000원","1,080,000원","700,000원","540,000원","160,000원","72,258,555원"
경기도,김포시,https://www.hyundai.com/contents/repn-car/side-w/ioniq9-27my-well-side.png,아이오닉 9,4WD(성능) 프레스티지 19인치 6인승,"77,252,851원","81,270,000원","3,800,000원","2,720,000원","1,080,000원","700,000원","540,000원","160,000원","72,752,851원"
경기도,김포시,https://www.hyundai.com/contents/repn-car/side-w/ioniq9-27my-well-side.png,아이오닉 9,4WD(성능) 프레스티지 21인치 6인승,"77,252,851원","81,270,000원","3,800,000원","2,720,000원","1,080,000원","700,000원","540,000원","160,000원","72,752,851원"
경기도,김포시,https://www.hyundai.com/contents/repn-car/side-w/ioniq9-27my-well-side.png,아이오닉 9,2WD 캘리그래피 19인치 7인승,"78,108,365원","82,170,000원","3,830,000원","2,740,000원","1,090,000원","720,000원","550,000원","170,000원","73,558,365원"
경기도,김포시,https://www.hyundai.com/contents/repn-car/side-w/ioniq9-27my-well-side.png,아이오닉 9,2WD 캘리그래피 21인치 7인승,"78,108,365원","82,170,000원","3,830,000원","2,740,000원","1,090,000원","720,000원","550,000원","170,000원","73,558,365원"
경기도,김포시,https://www.hyundai.com/contents/repn-car/side-w/ioniq9-27my-well-side.png,아이오닉 9,2WD 캘리그래피 19인치 6인승,"79,600,760원","83,740,000원","3,830,000원","2,740,000원","1,090,000원","720,000원","550,000원","170,000원","75,050,760원"
경기도,김포시,https://www.hyundai.com/contents/repn-car/side-w/ioniq9-27my-well-side.png,아이오닉 9,2WD 캘리그래피 21인치 6인승,"79,600,760원","83,740,000원","3,830,000원","2,740,000원","1,090,000원","720,000원","550,000원","170,000원","75,050,760원"
경기도,김포시,https://www.hyundai.com/contents/repn-car/side-w/ioniq9-27my-well-side.png,아이오닉 9,4WD(항속) 캘리그래피 19인치 7인승,"80,769,961원","84,970,000원","3,790,000원","2,710,000원","1,080,000원","700,000원","540,000원","160,000원","76,279,961원"
경기도,김포시,https://www.hyundai.com/contents/repn-car/side-w/ioniq9-27my-well-side.png,아이오닉 9,4WD(항속) 캘리그래피 21인치 7인승,"80,769,961원","84,970,000원","3,790,000원","2,710,000원","1,080,000원","700,000원","540,000원","160,000원","76,279,961원"
경기도,김포시,https://www.hyundai.com/contents/repn-car/side-w/ioniq9-27my-well-side.png,아이오닉 9,4WD(성능) 캘리그래피 19인치 7인승,"81,625,475원","85,870,000원","3,800,000원","2,720,000원","1,080,000원","700,000원","540,000원","160,000원","77,125,475원"
경기도,김포시,https://www.hyundai.com/contents/repn-car/side-w/ioniq9-27my-well-side.png,아이오닉 9,4WD(성능) 캘리그래피 21인치 7인승,"81,625,475원","85,870,000원","3,800,000원","2,720,000원","1,080,000원","700,000원","540,000원","160,000원","77,125,475원"
경기도,김포시,https://www.hyundai.com/contents/repn-car/side-w/ioniq9-27my-well-side.png,아이오닉 9,4WD(항속) 캘리그래피 19인치 6인승,"82,262,357원","86,540,000원","3,790,000원","2,710,000원","1,080,000원","700,000원","540,000원","160,000원","77,772,357원"
경기도,김포시,https://www.hyundai.com/contents/repn-car/side-w/ioniq9-27my-well-side.png,아이오닉 9,4WD(항속) 캘리그래피 21인치 6인승,"82,262,357원","86,540,000원","3,790,000원","2,710,000원","1,080,000원","700,000원","540,000원","160,000원","77,772,357원"
경기도,김포시,https://www.hyundai.com/contents/repn-car/side-w/ioniq9-27my-well-side.png,아이오닉 9,4WD(성능) 캘리그래피 19인치 6인승,"83,149,999원","87,440,000원","3,800,000원","2,720,000원","1,080,000원","700,000원","540,000원","160,000원","78,649,999원"
경기도,김포시,https://www.hyundai.com/contents/repn-car/side-w/ioniq9-27my-well-side.png,아이오닉 9,4WD(성능) 캘리그래피 21인치 6인승,"83,149,999원","87,440,000원","3,800,000원","2,720,000원","1,080,000원","700,000원","540,000원","160,000원","78,649,999원"
경기도,김포시,https://www.hyundai.com/contents/repn-car/side-w/Electrified-GV70-27MY.png,Electrified GV70,ELECTRIFIED GV70 AWD 19인치,"75,798,478원","79,740,000원","3,650,000원","2,610,000원","1,040,000원","680,000원","520,000원","160,000원","71,468,478원"
경기도,김포시,https://www.hyundai.com/contents/repn-car/side-w/Electrified-GV70-27MY.png,Electrified GV70,ELECTRIFIED GV70 AWD 20인치,"76,558,935원","80,540,000원","3,430,000원","2,450,000원","980,000원","640,000원","490,000원","150,000원","72,488,935원"
경기도,김포시,https://www.hyundai.com/contents/repn-car/side-w/ioniq6-n-25lc-well-side.png,아이오닉 6 N,4WD N,"79,904,942원","84,060,000원","3,500,000원","2,500,000원","1,000,000원","650,000원","500,000원","150,000원","75,754,942원"
경기도,김포시,https://www.hyundai.com/contents/repn-car/side-w/g80_ev_27my-well-side.png,Electrified G80,ELECTRIFIED G80,"84,790,000원","89,080,000원","3,780,000원","2,700,000원","1,080,000원","700,000원","540,000원","160,000원","80,310,000원"
경기도,김포시,https://www.hyundai.com/contents/repn-car/side-w/g80_ev_27my-well-side.png,Electrified G80,ELECTRIFIED G80,"87,790,000원","92,080,000원","3,780,000원","2,700,000원","1,080,000원","700,000원","540,000원","160,000원","83,310,000원"
경기도,김포시,https://www.hyundai.com/contents/repn-car/side-w/the-new-staria-limousine-electric-27pe-well-side.png,더 뉴 스타리아 리무진 Electric,2WD 오토 Inspiration 리무진,"84,820,000원","89,110,000원","3,200,000원","2,290,000원","910,000원","600,000원","460,000원","140,000원","81,020,000원"
경기도,김포시,https://www.hyundai.com/contents/repn-car/side-w/porter2-electric-26my-well-side.png,포터 II Electric ,오토 스타일스페셜,"43,500,000원","43,500,000원","13,550,000원","9,680,000원","3,870,000원","1,300,000원","1,000,000원","300,000원","28,650,000원"
경기도,김포시,https://www.hyundai.com/contents/repn-car/side-w/porter2-electric-26my-well-side.png,포터 II Electric ,오토 스마트스페셜,"44,850,000원","44,850,000원","13,550,000원","9,680,000원","3,870,000원","1,300,000원","1,000,000원","300,000원","30,000,000원"
경기도,김포시,https://www.hyundai.com/contents/repn-car/side-w/porter2-electric-26my-well-side.png,포터 II Electric ,오토 프리미엄스페셜,"46,450,000원","46,450,000원","13,550,000원","9,680,000원","3,870,000원","1,300,000원","1,000,000원","300,000원","31,600,000원"
경기도,김포시,https://www.hyundai.com/contents/repn-car/side-w/porter2-electric-built-in-truck-26my-45side.png,포터II Electric 내장탑차,오토 스마트스페셜 저상,"49,030,000원","49,030,000원","10,920,000원","7,800,000원","3,120,000원","1,200,000원","920,000원","280,000원","36,910,000원"
경기도,김포시,https://www.hyundai.com/contents/repn-car/side-w/porter2-electric-built-in-truck-26my-45side.png,포터II Electric 내장탑차,오토 스마트스페셜,"50,250,000원","50,250,000원","10,920,000원","7,800,000원","3,120,000원","1,200,000원","920,000원","280,000원","38,130,000원"
경기도,김포시,https://www.hyundai.com/contents/repn-car/side-w/porter2-electric-built-in-truck-26my-45side.png,포터II Electric 내장탑차,오토 스마트스페셜 하이,"51,130,000원","51,130,000원","10,920,000원","7,800,000원","3,120,000원","1,200,000원","920,000원","280,000원","39,010,000원"
경기도,김포시,https://www.hyundai.com/contents/repn-car/side-w/porter2-electric-powergate-truck-26my-45side.png,포터II Electric 파워게이트,오토 스마트스페셜,"50,000,000원","50,000,000원","10,920,000원","7,800,000원","3,120,000원","1,200,000원","920,000원","280,000원","37,880,000원"
경기도,김포시,https://www.hyundai.com/contents/repn-car/side-w/porter2-electric-wingbody-26my-45side.png,포터II Electric 윙바디,오토 스마트스페셜 수동식,"51,030,000원","51,030,000원","10,920,000원","7,800,000원","3,120,000원","1,200,000원","920,000원","280,000원","38,910,000원"
경기도,김포시,https://www.hyundai.com/contents/repn-car/side-w/porter2-electric-wingbody-26my-45side.png,포터II Electric 윙바디,오토 스마트스페셜 전동식,"55,240,000원","55,240,000원","10,920,000원","7,800,000원","3,120,000원","1,200,000원","920,000원","280,000원","43,120,000원"
경기도,김포시,https://www.hyundai.com/contents/repn-car/side-w/the-new-staria-electric-27pe-well-side.png,더 뉴 스타리아 Electric,2WD 오토 Modern 3인승,"57,920,000원","57,920,000원","16,800,000원","12,000,000원","4,800,000원","1,300,000원","1,000,000원","300,000원","39,820,000원"
경기도,김포시,https://www.hyundai.com/contents/repn-car/side-w/the-new-staria-electric-27pe-well-side.png,더 뉴 스타리아 Electric,2WD 오토 Modern 5인승,"58,700,000원","58,700,000원","16,800,000원","12,000,000원","4,800,000원","1,300,000원","1,000,000원","300,000원","40,600,000원"
경기도,김포시,https://www.hyundai.com/contents/repn-car/side-w/st1-hightop-27my-well-side.png,ST1 하이탑차,오토 스마트,"58,830,000원","58,830,000원","15,400,000원","11,000,000원","4,400,000원","1,300,000원","1,000,000원","300,000원","42,130,000원"
경기도,김포시,https://www.hyundai.com/contents/repn-car/side-w/st1-27my-well-side.png,ST1 카고,오토 스타일,"59,460,000원","59,460,000원","16,800,000원","12,000,000원","4,800,000원","1,300,000원","1,000,000원","300,000원","41,360,000원"
경기도,김포시,https://www.hyundai.com/contents/repn-car/side-w/st1-27my-well-side.png,ST1 카고,오토 스마트,"61,230,000원","61,230,000원","16,800,000원","12,000,000원","4,800,000원","1,300,000원","1,000,000원","300,000원","43,130,000원"
경기도,김포시,https://www.hyundai.com/contents/repn-car/side-w/st1-27my-well-side.png,ST1 카고,오토 프리미엄,"65,710,000원","65,710,000원","16,800,000원","12,000,000원","4,800,000원","1,300,000원","1,000,000원","300,000원","47,610,000원"
경기도,김포시,https://www.hyundai.com/contents/repn-car/side-w/st1-freezer-truck-27my-well-side.png,ST1 카고 냉동,오토 스마트,"69,580,000원","69,580,000원","20,300,000원","14,500,000원","5,800,000원","1,300,000원","1,000,000원","300,000원","47,980,000원"
경기도,김포시,https://www.hyundai.com/contents/repn-car/side-w/st1-freezer-truck-27my-well-side.png,ST1 카고 냉동,오토 프리미엄,"74,060,000원","74,060,000원","20,300,000원","14,500,000원","5,800,000원","1,300,000원","1,000,000원","300,000원","52,460,000원"
경기도,김포시,https://www.hyundai.com/contents/repn-car/side-w/the-new-staria-electric-27pe-well-side.png,더 뉴 스타리아 Electric,2WD 오토 Modern 11인승,"60,290,000원","60,290,000원","19,500,000원","15,000,000원","4,500,000원",0원,0원,0원,"40,790,000원"
경기도,김포시,https://www.hyundai.com/contents/repn-car/side-w/the-new-staria-lounge-electric-27pe-well-side.png,더 뉴 스타리아 라운지 Electric,2WD 오토 Prestige 11인승 라운지,"65,490,000원","65,490,000원","19,500,000원","15,000,000원","4,500,000원",0원,0원,0원,"45,990,000원"
경기도,김포시,https://www.hyundai.com/contents/repn-car/side-w/nexo-27my-well-side.png,넥쏘,2WD 모던,"76,470,532원","80,447,000원","32,500,000원","22,500,000원","10,000,000원",0원,0원,0원,"43,970,532원"
경기도,김포시,https://www.hyundai.com/contents/repn-car/side-w/nexo-27my-well-side.png,넥쏘,2WD 익스클루시브,"79,369,771원","83,497,000원","32,500,000원","22,500,000원","10,000,000원",0원,0원,0원,"46,869,771원"
경기도,김포시,https://www.hyundai.com/contents/repn-car/side-w/nexo-27my-well-side.png,넥쏘,2WD 프레스티지,"83,789,923원","88,147,000원","32,500,000원","22,500,000원","10,000,000원",0원,0원,0원,"51,289,923원"
경기도,광명시,https://www.hyundai.com/contents/repn-car/side-w/casper_ev_26my_well_side.png,2027 캐스퍼 일렉트릭,캐스퍼 일렉트릭 기본형 15인치,"28,469,581원","29,950,000원","8,330,000원","4,900,000원","3,430,000원","1,270,000원","980,000원","290,000원","18,869,581원"
경기도,광명시,https://www.hyundai.com/contents/repn-car/side-w/casper_ev_26my_well_side.png,2027 캐스퍼 일렉트릭,캐스퍼 일렉트릭 항속형 15인치,"32,119,772원","33,790,000원","8,330,000원","4,900,000원","3,430,000원","1,270,000원","980,000원","290,000원","22,519,772원"
경기도,광명시,https://www.hyundai.com/contents/repn-car/side-w/casper_ev_26my_well_side.png,2027 캐스퍼 일렉트릭,캐스퍼 일렉트릭 항속형 17인치,"32,119,772원","33,790,000원","8,330,000원","4,900,000원","3,430,000원","1,270,000원","980,000원","290,000원","22,519,772원"
경기도,광명시,https://www.hyundai.com/contents/repn-car/side-w/casper_ev_26my_well_side.png,2027 캐스퍼 일렉트릭,캐스퍼 일렉트릭 크로스 17인치,"34,125,474원","35,900,000원","8,270,000원","4,870,000원","3,400,000원","1,260,000원","970,000원","290,000원","24,595,474원"
경기도,광명시,https://www.hyundai.com/contents/repn-car/side-w/casper_ev_26my_well_side.png,2027 캐스퍼 일렉트릭,캐스퍼 일렉트릭 라운지 17인치,"34,572,243원","36,370,000원","8,330,000원","4,900,000원","3,430,000원","1,270,000원","980,000원","290,000원","24,972,243원"
경기도,광명시,https://www.hyundai.com/contents/repn-car/side-w/kona-electric-25my-well-side.png,코나 Electric,기본형 E-Value +,"41,520,912원","43,680,000원","7,420,000원","4,370,000원","3,050,000원","1,130,000원","870,000원","260,000원","32,970,912원"
경기도,광명시,https://www.hyundai.com/contents/repn-car/side-w/kona-electric-25my-well-side.png,코나 Electric,기본형 Premium,"43,564,638원","45,830,000원","7,420,000원","4,370,000원","3,050,000원","1,130,000원","870,000원","260,000원","35,014,638원"
경기도,광명시,https://www.hyundai.com/contents/repn-car/side-w/kona-electric-25my-well-side.png,코나 Electric,항속형 Modern plus,"45,655,893원","48,030,000원","8,730,000원","5,140,000원","3,590,000원","1,300,000원","1,000,000원","300,000원","35,625,893원"
경기도,광명시,https://www.hyundai.com/contents/repn-car/side-w/kona-electric-25my-well-side.png,코나 Electric,항속형 Modern plus 스타일 Ⅱ,"45,655,893원","48,030,000원","8,730,000원","5,140,000원","3,590,000원","1,300,000원","1,000,000원","300,000원","35,625,893원"
경기도,광명시,https://www.hyundai.com/contents/repn-car/side-w/kona-electric-25my-well-side.png,코나 Electric,항속형 Premium,"46,568,440원","48,990,000원","8,730,000원","5,140,000원","3,590,000원","1,300,000원","1,000,000원","300,000원","36,538,440원"
경기도,광명시,https://www.hyundai.com/contents/repn-car/side-w/kona-electric-25my-well-side.png,코나 Electric,항속형 Premium 빌트인 캠 2,"46,568,440원","48,990,000원","8,730,000원","5,140,000원","3,590,000원","1,300,000원","1,000,000원","300,000원","36,538,440원"
경기도,광명시,https://www.hyundai.com/contents/repn-car/side-w/kona-electric-25my-well-side.png,코나 Electric,항속형 Premium 스타일 Ⅱ,"46,568,440원","48,990,000원","8,730,000원","5,140,000원","3,590,000원","1,300,000원","1,000,000원","300,000원","36,538,440원"
경기도,광명시,https://www.hyundai.com/contents/repn-car/side-w/kona-electric-25my-well-side.png,코나 Electric,항속형 Inspiration,"49,923,954원","52,520,000원","7,800,000원","4,590,000원","3,210,000원","1,200,000원","920,000원","280,000원","40,923,954원"
경기도,광명시,https://www.hyundai.com/contents/repn-car/side-w/kona-electric-25my-well-side.png,코나 Electric,항속형 N Line Inspiration,"50,865,018원","53,510,000원","7,800,000원","4,590,000원","3,210,000원","1,200,000원","920,000원","280,000원","41,865,018원"
경기도,광명시,https://www.hyundai.com/contents/repn-car/side-w/ioniq5-27my-well-side.png,아이오닉 5,2WD E-Value +(스탠다드) 19인치,"47,347,908원","49,810,000원","8,210,000원","4,830,000원","3,380,000원","1,260,000원","970,000원","290,000원","37,877,908원"
경기도,광명시,https://www.hyundai.com/contents/repn-car/side-w/ioniq5-27my-well-side.png,아이오닉 5,2WD E-Lite(롱레인지) 19인치,"50,636,881원","53,270,000원","9,630,000원","5,670,000원","3,960,000원","1,300,000원","1,000,000원","300,000원","39,706,881원"
경기도,광명시,https://www.hyundai.com/contents/repn-car/side-w/ioniq5-27my-well-side.png,아이오닉 5,2WD 모던(롱레인지) 19인치,"52,899,239원","55,650,000원","9,630,000원","5,670,000원","3,960,000원","1,300,000원","1,000,000원","300,000원","41,969,239원"
경기도,광명시,https://www.hyundai.com/contents/repn-car/side-w/ioniq5-27my-well-side.png,아이오닉 5,4WD E-Lite(롱레인지) 19인치,"52,984,791원","55,740,000원","9,480,000원","5,580,000원","3,900,000원","1,300,000원","1,000,000원","300,000원","42,204,791원"
경기도,광명시,https://www.hyundai.com/contents/repn-car/side-w/ioniq5-27my-well-side.png,아이오닉 5,2WD 모던(롱레인지) 19인치 빌트인캠 2 + 증강현실 내비게이션,"52,899,239원","55,650,000원","9,630,000원","5,670,000원","3,960,000원","1,300,000원","1,000,000원","300,000원","41,969,239원"
경기도,광명시,https://www.hyundai.com/contents/repn-car/side-w/ioniq5-27my-well-side.png,아이오닉 5,4WD 모던(롱레인지) 19인치,"55,247,148원","58,120,000원","9,480,000원","5,580,000원","3,900,000원","1,300,000원","1,000,000원","300,000원","44,467,148원"
경기도,광명시,https://www.hyundai.com/contents/repn-car/side-w/ioniq5-27my-well-side.png,아이오닉 5,2WD 프리미엄(롱레인지) 19인치,"58,241,444원","61,270,000원","9,630,000원","5,670,000원","3,960,000원","1,300,000원","1,000,000원","300,000원","47,311,444원"
경기도,광명시,https://www.hyundai.com/contents/repn-car/side-w/ioniq5-27my-well-side.png,아이오닉 5,2WD 프리미엄(롱레인지) 19인치 빌트인캠 2 + 증강현실 내비게이션,"58,241,444원","61,270,000원","9,630,000원","5,670,000원","3,960,000원","1,300,000원","1,000,000원","300,000원","47,311,444원"
경기도,광명시,https://www.hyundai.com/contents/repn-car/side-w/ioniq5-27my-well-side.png,아이오닉 5,2WD 프리미엄(롱레인지) 20인치,"58,707,224원","61,760,000원","9,500,000원","5,590,000원","3,910,000원","1,300,000원","1,000,000원","300,000원","47,907,224원"
경기도,광명시,https://www.hyundai.com/contents/repn-car/side-w/ioniq5-27my-well-side.png,아이오닉 5,2WD N LINE(롱레인지) 20인치,"59,448,669원","62,540,000원","9,190,000원","5,410,000원","3,780,000원","1,300,000원","1,000,000원","300,000원","48,958,669원"
경기도,광명시,https://www.hyundai.com/contents/repn-car/side-w/ioniq5-27my-well-side.png,아이오닉 5,4WD 프리미엄(롱레인지) 19인치,"60,589,354원","63,740,000원","9,480,000원","5,580,000원","3,900,000원","1,300,000원","1,000,000원","300,000원","49,809,354원"
경기도,광명시,https://www.hyundai.com/contents/repn-car/side-w/ioniq5-27my-well-side.png,아이오닉 5,4WD 프리미엄(롱레인지) 20인치,"61,055,132원","64,230,000원","9,040,000원","5,320,000원","3,720,000원","1,300,000원","1,000,000원","300,000원","50,715,132원"
경기도,광명시,https://www.hyundai.com/contents/repn-car/side-w/ioniq5-27my-well-side.png,아이오닉 5,2WD 인스퍼레이션(롱레인지) 19인치,"61,283,270원","64,470,000원","9,630,000원","5,670,000원","3,960,000원","1,300,000원","1,000,000원","300,000원","50,353,270원"
경기도,광명시,https://www.hyundai.com/contents/repn-car/side-w/ioniq5-27my-well-side.png,아이오닉 5,2WD 인스퍼레이션(롱레인지) 19인치 빌트인캠 2 + 증강현실 내비게이션,"61,283,270원","64,470,000원","9,630,000원","5,670,000원","3,960,000원","1,300,000원","1,000,000원","300,000원","50,353,270원"
경기도,광명시,https://www.hyundai.com/contents/repn-car/side-w/ioniq5-27my-well-side.png,아이오닉 5,2WD 인스퍼레이션(롱레인지) 20인치,"61,749,048원","64,960,000원","9,500,000원","5,590,000원","3,910,000원","1,300,000원","1,000,000원","300,000원","50,949,048원"
경기도,광명시,https://www.hyundai.com/contents/repn-car/side-w/ioniq5-27my-well-side.png,아이오닉 5,4WD N LINE(롱레인지) 20인치,"61,796,577원","65,010,000원","8,670,000원","5,100,000원","3,570,000원","1,300,000원","1,000,000원","300,000원","51,826,577원"
경기도,광명시,https://www.hyundai.com/contents/repn-car/side-w/ioniq5-27my-well-side.png,아이오닉 5,4WD 인스퍼레이션(롱레인지) 19인치,"63,631,178원","66,940,000원","9,480,000원","5,580,000원","3,900,000원","1,300,000원","1,000,000원","300,000원","52,851,178원"
경기도,광명시,https://www.hyundai.com/contents/repn-car/side-w/ioniq5-27my-well-side.png,아이오닉 5,4WD 인스퍼레이션(롱레인지) 20인치,"64,096,958원","67,430,000원","9,040,000원","5,320,000원","3,720,000원","1,300,000원","1,000,000원","300,000원","53,756,958원"
경기도,광명시,https://www.hyundai.com/contents/repn-car/side-w/ioniq6-25fl-well-side.png,더 뉴 아이오닉 6,2WD E-Value +(스탠다드) 18인치,"48,564,639원","51,090,000원","9,520,000원","5,600,000원","3,920,000원","1,300,000원","1,000,000원","300,000원","37,744,639원"
경기도,광명시,https://www.hyundai.com/contents/repn-car/side-w/ioniq6-25fl-well-side.png,더 뉴 아이오닉 6,2WD E-LITE(롱레인지) 18인치,"50,636,881원","53,270,000원","9,690,000원","5,700,000원","3,990,000원","1,300,000원","1,000,000원","300,000원","39,646,881원"
경기도,광명시,https://www.hyundai.com/contents/repn-car/side-w/ioniq6-25fl-well-side.png,더 뉴 아이오닉 6,2WD Exclusive(스탠다드) 18인치,"50,950,570원","53,600,000원","9,520,000원","5,600,000원","3,920,000원","1,300,000원","1,000,000원","300,000원","40,130,570원"
경기도,광명시,https://www.hyundai.com/contents/repn-car/side-w/ioniq6-25fl-well-side.png,더 뉴 아이오닉 6,2WD E-LITE(롱레인지) 20인치,"51,197,719원","53,860,000원","9,690,000원","5,700,000원","3,990,000원","1,300,000원","1,000,000원","300,000원","40,207,719원"
경기도,광명시,https://www.hyundai.com/contents/repn-car/side-w/ioniq6-25fl-well-side.png,더 뉴 아이오닉 6,4WD E-LITE(롱레인지) 18인치,"52,984,791원","55,740,000원","9,690,000원","5,700,000원","3,990,000원","1,300,000원","1,000,000원","300,000원","41,994,791원"
경기도,광명시,https://www.hyundai.com/contents/repn-car/side-w/ioniq6-25fl-well-side.png,더 뉴 아이오닉 6,4WD E-LITE(롱레인지) 20인치,"53,545,627원","56,330,000원","9,400,000원","5,530,000원","3,870,000원","1,300,000원","1,000,000원","300,000원","42,845,627원"
경기도,광명시,https://www.hyundai.com/contents/repn-car/side-w/ioniq6-25fl-well-side.png,더 뉴 아이오닉 6,2WD Exclusive(롱레인지) 18인치,"55,152,091원","58,020,000원","9,690,000원","5,700,000원","3,990,000원","1,300,000원","1,000,000원","300,000원","44,162,091원"
경기도,광명시,https://www.hyundai.com/contents/repn-car/side-w/ioniq6-25fl-well-side.png,더 뉴 아이오닉 6,2WD Prestige(스탠다드) 18인치,"55,532,319원","58,420,000원","9,520,000원","5,600,000원","3,920,000원","1,300,000원","1,000,000원","300,000원","44,712,319원"
경기도,광명시,https://www.hyundai.com/contents/repn-car/side-w/ioniq6-25fl-well-side.png,더 뉴 아이오닉 6,2WD Exclusive(롱레인지) 20인치,"55,712,927원","58,610,000원","9,690,000원","5,700,000원","3,990,000원","1,300,000원","1,000,000원","300,000원","44,722,927원"
경기도,광명시,https://www.hyundai.com/contents/repn-car/side-w/ioniq6-25fl-well-side.png,더 뉴 아이오닉 6,2WD N Line Exclusive(롱레인지) 20인치,"57,452,472원","60,440,000원","9,690,000원","5,700,000원","3,990,000원","1,300,000원","1,000,000원","300,000원","46,462,472원"
경기도,광명시,https://www.hyundai.com/contents/repn-car/side-w/ioniq6-25fl-well-side.png,더 뉴 아이오닉 6,4WD Exclusive(롱레인지) 18인치,"57,499,999원","60,490,000원","9,690,000원","5,700,000원","3,990,000원","1,300,000원","1,000,000원","300,000원","46,509,999원"
경기도,광명시,https://www.hyundai.com/contents/repn-car/side-w/ioniq6-25fl-well-side.png,더 뉴 아이오닉 6,4WD Exclusive(롱레인지) 20인치,"58,060,836원","61,080,000원","9,400,000원","5,530,000원","3,870,000원","1,300,000원","1,000,000원","300,000원","47,360,836원"
경기도,광명시,https://www.hyundai.com/contents/repn-car/side-w/ioniq6-25fl-well-side.png,더 뉴 아이오닉 6,2WD Prestige(롱레인지) 18인치,"59,724,335원","62,830,000원","9,690,000원","5,700,000원","3,990,000원","1,300,000원","1,000,000원","300,000원","48,734,335원"
경기도,광명시,https://www.hyundai.com/contents/repn-car/side-w/ioniq6-25fl-well-side.png,더 뉴 아이오닉 6,4WD N Line Exclusive(롱레인지) 20인치,"59,800,380원","62,910,000원","9,120,000원","5,370,000원","3,750,000원","1,300,000원","1,000,000원","300,000원","49,380,380원"
경기도,광명시,https://www.hyundai.com/contents/repn-car/side-w/ioniq6-25fl-well-side.png,더 뉴 아이오닉 6,2WD Prestige(롱레인지) 20인치,"60,285,171원","63,420,000원","9,690,000원","5,700,000원","3,990,000원","1,300,000원","1,000,000원","300,000원","49,295,171원"
경기도,광명시,https://www.hyundai.com/contents/repn-car/side-w/ioniq6-25fl-well-side.png,더 뉴 아이오닉 6,2WD N Line Prestige(롱레인지) 20인치,"61,321,293원","64,510,000원","9,690,000원","5,700,000원","3,990,000원","1,300,000원","1,000,000원","300,000원","50,331,293원"
경기도,광명시,https://www.hyundai.com/contents/repn-car/side-w/ioniq6-25fl-well-side.png,더 뉴 아이오닉 6,4WD Prestige(롱레인지) 18인치,"62,072,243원","65,300,000원","9,690,000원","5,700,000원","3,990,000원","1,300,000원","1,000,000원","300,000원","51,082,243원"
경기도,광명시,https://www.hyundai.com/contents/repn-car/side-w/ioniq6-25fl-well-side.png,더 뉴 아이오닉 6,4WD Prestige(롱레인지) 20인치,"62,633,079원","65,890,000원","9,400,000원","5,530,000원","3,870,000원","1,300,000원","1,000,000원","300,000원","51,933,079원"
경기도,광명시,https://www.hyundai.com/contents/repn-car/side-w/ioniq6-25fl-well-side.png,더 뉴 아이오닉 6,4WD N Line Prestige(롱레인지) 20인치,"63,669,201원","66,980,000원","9,120,000원","5,370,000원","3,750,000원","1,300,000원","1,000,000원","300,000원","53,249,201원"
경기도,광명시,https://www.hyundai.com/contents/repn-car/side-w/the-new-staria-lounge-electric-27pe-well-side.png,더 뉴 스타리아 라운지 Electric,2WD 오토 Prestige 7인승,"63,593,156원","66,900,000원","3,890,000원","2,290,000원","1,600,000원","600,000원","460,000원","140,000원","59,103,156원"
경기도,광명시,https://www.hyundai.com/contents/repn-car/side-w/the-new-staria-lounge-electric-27pe-well-side.png,더 뉴 스타리아 라운지 Electric,2WD 오토 Inspiration 7인승,"67,309,885원","70,810,000원","3,890,000원","2,290,000원","1,600,000원","600,000원","460,000원","140,000원","62,819,885원"
경기도,광명시,https://www.hyundai.com/contents/repn-car/side-w/GV60-27MY.png,GV60,GV60 스탠다드 2WD 19인치,"64,904,943원","68,280,000원","4,840,000원","2,850,000원","1,990,000원","740,000원","570,000원","170,000원","59,324,943원"
경기도,광명시,https://www.hyundai.com/contents/repn-car/side-w/GV60-27MY.png,GV60,GV60 스탠다드 AWD 19인치,"72,080,000원","72,080,000원","4,620,000원","2,720,000원","1,900,000원","700,000원","540,000원","160,000원","66,760,000원"
경기도,광명시,https://www.hyundai.com/contents/repn-car/side-w/GV60-27MY.png,GV60,GV60 스탠다드 AWD 20인치,"74,380,000원","74,380,000원","4,430,000원","2,610,000원","1,820,000원","680,000원","520,000원","160,000원","69,270,000원"
경기도,광명시,https://www.hyundai.com/contents/repn-car/side-w/ioniq9-27my-well-side.png,아이오닉 9,2WD 익스클루시브 19인치 7인승,"67,585,551원","71,100,000원","4,650,000원","2,740,000원","1,910,000원","720,000원","550,000원","170,000원","62,215,551원"
경기도,광명시,https://www.hyundai.com/contents/repn-car/side-w/ioniq9-27my-well-side.png,아이오닉 9,2WD 익스클루시브 19인치 6인승,"68,165,399원","71,710,000원","4,650,000원","2,740,000원","1,910,000원","720,000원","550,000원","170,000원","62,795,399원"
경기도,광명시,https://www.hyundai.com/contents/repn-car/side-w/ioniq9-27my-well-side.png,아이오닉 9,4WD(항속) 익스클루시브 19인치 7인승,"70,247,148원","73,900,000원","4,600,000원","2,710,000원","1,890,000원","700,000원","540,000원","160,000원","64,947,148원"
경기도,광명시,https://www.hyundai.com/contents/repn-car/side-w/ioniq9-27my-well-side.png,아이오닉 9,4WD(항속) 익스클루시브 19인치 6인승,"70,826,995원","74,510,000원","4,600,000원","2,710,000원","1,890,000원","700,000원","540,000원","160,000원","65,526,995원"
경기도,광명시,https://www.hyundai.com/contents/repn-car/side-w/ioniq9-27my-well-side.png,아이오닉 9,4WD(성능) 익스클루시브 19인치 7인승,"71,102,661원","74,800,000원","4,620,000원","2,720,000원","1,900,000원","700,000원","540,000원","160,000원","65,782,661원"
경기도,광명시,https://www.hyundai.com/contents/repn-car/side-w/ioniq9-27my-well-side.png,아이오닉 9,4WD(성능) 익스클루시브 19인치 6인승,"71,682,509원","75,410,000원","4,620,000원","2,720,000원","1,900,000원","700,000원","540,000원","160,000원","66,362,509원"
경기도,광명시,https://www.hyundai.com/contents/repn-car/side-w/ioniq9-27my-well-side.png,아이오닉 9,2WD 프레스티지 19인치 7인승,"73,241,445원","77,050,000원","4,650,000원","2,740,000원","1,910,000원","720,000원","550,000원","170,000원","67,871,445원"
경기도,광명시,https://www.hyundai.com/contents/repn-car/side-w/ioniq9-27my-well-side.png,아이오닉 9,2WD 프레스티지 21인치 7인승,"73,241,445원","77,050,000원","4,650,000원","2,740,000원","1,910,000원","720,000원","550,000원","170,000원","67,871,445원"
경기도,광명시,https://www.hyundai.com/contents/repn-car/side-w/ioniq9-27my-well-side.png,아이오닉 9,2WD 프레스티지 19인치 6인승,"73,735,741원","77,570,000원","4,650,000원","2,740,000원","1,910,000원","720,000원","550,000원","170,000원","68,365,741원"
경기도,광명시,https://www.hyundai.com/contents/repn-car/side-w/ioniq9-27my-well-side.png,아이오닉 9,2WD 프레스티지 21인치 6인승,"73,735,741원","77,570,000원","4,650,000원","2,740,000원","1,910,000원","720,000원","550,000원","170,000원","68,365,741원"
경기도,광명시,https://www.hyundai.com/contents/repn-car/side-w/ioniq9-27my-well-side.png,아이오닉 9,4WD(항속) 프레스티지 19인치 7인승,"75,903,041원","79,850,000원","4,600,000원","2,710,000원","1,890,000원","700,000원","540,000원","160,000원","70,603,041원"
경기도,광명시,https://www.hyundai.com/contents/repn-car/side-w/ioniq9-27my-well-side.png,아이오닉 9,4WD(항속) 프레스티지 21인치 7인승,"75,903,041원","79,850,000원","4,600,000원","2,710,000원","1,890,000원","700,000원","540,000원","160,000원","70,603,041원"
경기도,광명시,https://www.hyundai.com/contents/repn-car/side-w/ioniq9-27my-well-side.png,아이오닉 9,4WD(항속) 프레스티지 19인치 6인승,"76,397,338원","80,370,000원","4,600,000원","2,710,000원","1,890,000원","700,000원","540,000원","160,000원","71,097,338원"
경기도,광명시,https://www.hyundai.com/contents/repn-car/side-w/ioniq9-27my-well-side.png,아이오닉 9,4WD(항속) 프레스티지 21인치 6인승,"76,397,338원","80,370,000원","4,600,000원","2,710,000원","1,890,000원","700,000원","540,000원","160,000원","71,097,338원"
경기도,광명시,https://www.hyundai.com/contents/repn-car/side-w/ioniq9-27my-well-side.png,아이오닉 9,4WD(성능) 프레스티지 19인치 7인승,"76,758,555원","80,750,000원","4,620,000원","2,720,000원","1,900,000원","700,000원","540,000원","160,000원","71,438,555원"
경기도,광명시,https://www.hyundai.com/contents/repn-car/side-w/ioniq9-27my-well-side.png,아이오닉 9,4WD(성능) 프레스티지 21인치 7인승,"76,758,555원","80,750,000원","4,620,000원","2,720,000원","1,900,000원","700,000원","540,000원","160,000원","71,438,555원"
경기도,광명시,https://www.hyundai.com/contents/repn-car/side-w/ioniq9-27my-well-side.png,아이오닉 9,4WD(성능) 프레스티지 19인치 6인승,"77,252,851원","81,270,000원","4,620,000원","2,720,000원","1,900,000원","700,000원","540,000원","160,000원","71,932,851원"
경기도,광명시,https://www.hyundai.com/contents/repn-car/side-w/ioniq9-27my-well-side.png,아이오닉 9,4WD(성능) 프레스티지 21인치 6인승,"77,252,851원","81,270,000원","4,620,000원","2,720,000원","1,900,000원","700,000원","540,000원","160,000원","71,932,851원"
경기도,광명시,https://www.hyundai.com/contents/repn-car/side-w/ioniq9-27my-well-side.png,아이오닉 9,2WD 캘리그래피 19인치 7인승,"78,108,365원","82,170,000원","4,650,000원","2,740,000원","1,910,000원","720,000원","550,000원","170,000원","72,738,365원"
경기도,광명시,https://www.hyundai.com/contents/repn-car/side-w/ioniq9-27my-well-side.png,아이오닉 9,2WD 캘리그래피 21인치 7인승,"78,108,365원","82,170,000원","4,650,000원","2,740,000원","1,910,000원","720,000원","550,000원","170,000원","72,738,365원"
경기도,광명시,https://www.hyundai.com/contents/repn-car/side-w/ioniq9-27my-well-side.png,아이오닉 9,2WD 캘리그래피 19인치 6인승,"79,600,760원","83,740,000원","4,650,000원","2,740,000원","1,910,000원","720,000원","550,000원","170,000원","74,230,760원"
경기도,광명시,https://www.hyundai.com/contents/repn-car/side-w/ioniq9-27my-well-side.png,아이오닉 9,2WD 캘리그래피 21인치 6인승,"79,600,760원","83,740,000원","4,650,000원","2,740,000원","1,910,000원","720,000원","550,000원","170,000원","74,230,760원"
경기도,광명시,https://www.hyundai.com/contents/repn-car/side-w/ioniq9-27my-well-side.png,아이오닉 9,4WD(항속) 캘리그래피 19인치 7인승,"80,769,961원","84,970,000원","4,600,000원","2,710,000원","1,890,000원","700,000원","540,000원","160,000원","75,469,961원"
경기도,광명시,https://www.hyundai.com/contents/repn-car/side-w/ioniq9-27my-well-side.png,아이오닉 9,4WD(항속) 캘리그래피 21인치 7인승,"80,769,961원","84,970,000원","4,600,000원","2,710,000원","1,890,000원","700,000원","540,000원","160,000원","75,469,961원"
경기도,광명시,https://www.hyundai.com/contents/repn-car/side-w/ioniq9-27my-well-side.png,아이오닉 9,4WD(성능) 캘리그래피 19인치 7인승,"81,625,475원","85,870,000원","4,620,000원","2,720,000원","1,900,000원","700,000원","540,000원","160,000원","76,305,475원"
경기도,광명시,https://www.hyundai.com/contents/repn-car/side-w/ioniq9-27my-well-side.png,아이오닉 9,4WD(성능) 캘리그래피 21인치 7인승,"81,625,475원","85,870,000원","4,620,000원","2,720,000원","1,900,000원","700,000원","540,000원","160,000원","76,305,475원"
경기도,광명시,https://www.hyundai.com/contents/repn-car/side-w/ioniq9-27my-well-side.png,아이오닉 9,4WD(항속) 캘리그래피 19인치 6인승,"82,262,357원","86,540,000원","4,600,000원","2,710,000원","1,890,000원","700,000원","540,000원","160,000원","76,962,357원"
경기도,광명시,https://www.hyundai.com/contents/repn-car/side-w/ioniq9-27my-well-side.png,아이오닉 9,4WD(항속) 캘리그래피 21인치 6인승,"82,262,357원","86,540,000원","4,600,000원","2,710,000원","1,890,000원","700,000원","540,000원","160,000원","76,962,357원"
경기도,광명시,https://www.hyundai.com/contents/repn-car/side-w/ioniq9-27my-well-side.png,아이오닉 9,4WD(성능) 캘리그래피 19인치 6인승,"83,149,999원","87,440,000원","4,620,000원","2,720,000원","1,900,000원","700,000원","540,000원","160,000원","77,829,999원"
경기도,광명시,https://www.hyundai.com/contents/repn-car/side-w/ioniq9-27my-well-side.png,아이오닉 9,4WD(성능) 캘리그래피 21인치 6인승,"83,149,999원","87,440,000원","4,620,000원","2,720,000원","1,900,000원","700,000원","540,000원","160,000원","77,829,999원"
경기도,광명시,https://www.hyundai.com/contents/repn-car/side-w/Electrified-GV70-27MY.png,Electrified GV70,ELECTRIFIED GV70 AWD 19인치,"75,798,478원","79,740,000원","4,430,000원","2,610,000원","1,820,000원","680,000원","520,000원","160,000원","70,688,478원"
경기도,광명시,https://www.hyundai.com/contents/repn-car/side-w/Electrified-GV70-27MY.png,Electrified GV70,ELECTRIFIED GV70 AWD 20인치,"76,558,935원","80,540,000원","4,160,000원","2,450,000원","1,710,000원","640,000원","490,000원","150,000원","71,758,935원"
경기도,광명시,https://www.hyundai.com/contents/repn-car/side-w/ioniq6-n-25lc-well-side.png,아이오닉 6 N,4WD N,"79,904,942원","84,060,000원","4,250,000원","2,500,000원","1,750,000원","650,000원","500,000원","150,000원","75,004,942원"
경기도,광명시,https://www.hyundai.com/contents/repn-car/side-w/g80_ev_27my-well-side.png,Electrified G80,ELECTRIFIED G80,"84,790,000원","89,080,000원","4,590,000원","2,700,000원","1,890,000원","700,000원","540,000원","160,000원","79,500,000원"
경기도,광명시,https://www.hyundai.com/contents/repn-car/side-w/g80_ev_27my-well-side.png,Electrified G80,ELECTRIFIED G80,"87,790,000원","92,080,000원","4,590,000원","2,700,000원","1,890,000원","700,000원","540,000원","160,000원","82,500,000원"
경기도,광명시,https://www.hyundai.com/contents/repn-car/side-w/the-new-staria-limousine-electric-27pe-well-side.png,더 뉴 스타리아 리무진 Electric,2WD 오토 Inspiration 리무진,"84,820,000원","89,110,000원","3,890,000원","2,290,000원","1,600,000원","600,000원","460,000원","140,000원","80,330,000원"
경기도,광명시,https://www.hyundai.com/contents/repn-car/side-w/porter2-electric-26my-well-side.png,포터 II Electric ,오토 스타일스페셜,"43,500,000원","43,500,000원","15,190,000원","9,680,000원","5,510,000원","1,300,000원","1,000,000원","300,000원","27,010,000원"
경기도,광명시,https://www.hyundai.com/contents/repn-car/side-w/porter2-electric-26my-well-side.png,포터 II Electric ,오토 스마트스페셜,"44,850,000원","44,850,000원","15,190,000원","9,680,000원","5,510,000원","1,300,000원","1,000,000원","300,000원","28,360,000원"
경기도,광명시,https://www.hyundai.com/contents/repn-car/side-w/porter2-electric-26my-well-side.png,포터 II Electric ,오토 프리미엄스페셜,"46,450,000원","46,450,000원","15,190,000원","9,680,000원","5,510,000원","1,300,000원","1,000,000원","300,000원","29,960,000원"
경기도,광명시,https://www.hyundai.com/contents/repn-car/side-w/porter2-electric-built-in-truck-26my-45side.png,포터II Electric 내장탑차,오토 스마트스페셜 저상,"49,030,000원","49,030,000원","12,240,000원","7,800,000원","4,440,000원","1,200,000원","920,000원","280,000원","35,590,000원"
경기도,광명시,https://www.hyundai.com/contents/repn-car/side-w/porter2-electric-built-in-truck-26my-45side.png,포터II Electric 내장탑차,오토 스마트스페셜,"50,250,000원","50,250,000원","12,240,000원","7,800,000원","4,440,000원","1,200,000원","920,000원","280,000원","36,810,000원"
경기도,광명시,https://www.hyundai.com/contents/repn-car/side-w/porter2-electric-built-in-truck-26my-45side.png,포터II Electric 내장탑차,오토 스마트스페셜 하이,"51,130,000원","51,130,000원","12,240,000원","7,800,000원","4,440,000원","1,200,000원","920,000원","280,000원","37,690,000원"
경기도,광명시,https://www.hyundai.com/contents/repn-car/side-w/porter2-electric-powergate-truck-26my-45side.png,포터II Electric 파워게이트,오토 스마트스페셜,"50,000,000원","50,000,000원","12,240,000원","7,800,000원","4,440,000원","1,200,000원","920,000원","280,000원","36,560,000원"
경기도,광명시,https://www.hyundai.com/contents/repn-car/side-w/porter2-electric-wingbody-26my-45side.png,포터II Electric 윙바디,오토 스마트스페셜 수동식,"51,030,000원","51,030,000원","12,240,000원","7,800,000원","4,440,000원","1,200,000원","920,000원","280,000원","37,590,000원"
경기도,광명시,https://www.hyundai.com/contents/repn-car/side-w/porter2-electric-wingbody-26my-45side.png,포터II Electric 윙바디,오토 스마트스페셜 전동식,"55,240,000원","55,240,000원","12,240,000원","7,800,000원","4,440,000원","1,200,000원","920,000원","280,000원","41,800,000원"
경기도,광명시,https://www.hyundai.com/contents/repn-car/side-w/the-new-staria-electric-27pe-well-side.png,더 뉴 스타리아 Electric,2WD 오토 Modern 3인승,"57,920,000원","57,920,000원","18,840,000원","12,000,000원","6,840,000원","1,300,000원","1,000,000원","300,000원","37,780,000원"
경기도,광명시,https://www.hyundai.com/contents/repn-car/side-w/the-new-staria-electric-27pe-well-side.png,더 뉴 스타리아 Electric,2WD 오토 Modern 5인승,"58,700,000원","58,700,000원","18,840,000원","12,000,000원","6,840,000원","1,300,000원","1,000,000원","300,000원","38,560,000원"
경기도,광명시,https://www.hyundai.com/contents/repn-car/side-w/st1-hightop-27my-well-side.png,ST1 하이탑차,오토 스마트,"58,830,000원","58,830,000원","17,270,000원","11,000,000원","6,270,000원","1,300,000원","1,000,000원","300,000원","40,260,000원"
경기도,광명시,https://www.hyundai.com/contents/repn-car/side-w/st1-27my-well-side.png,ST1 카고,오토 스타일,"59,460,000원","59,460,000원","18,840,000원","12,000,000원","6,840,000원","1,300,000원","1,000,000원","300,000원","39,320,000원"
경기도,광명시,https://www.hyundai.com/contents/repn-car/side-w/st1-27my-well-side.png,ST1 카고,오토 스마트,"61,230,000원","61,230,000원","18,840,000원","12,000,000원","6,840,000원","1,300,000원","1,000,000원","300,000원","41,090,000원"
경기도,광명시,https://www.hyundai.com/contents/repn-car/side-w/st1-27my-well-side.png,ST1 카고,오토 프리미엄,"65,710,000원","65,710,000원","18,840,000원","12,000,000원","6,840,000원","1,300,000원","1,000,000원","300,000원","45,570,000원"
경기도,광명시,https://www.hyundai.com/contents/repn-car/side-w/st1-freezer-truck-27my-well-side.png,ST1 카고 냉동,오토 스마트,"69,580,000원","69,580,000원","22,760,000원","14,500,000원","8,260,000원","1,300,000원","1,000,000원","300,000원","45,520,000원"
경기도,광명시,https://www.hyundai.com/contents/repn-car/side-w/st1-freezer-truck-27my-well-side.png,ST1 카고 냉동,오토 프리미엄,"74,060,000원","74,060,000원","22,760,000원","14,500,000원","8,260,000원","1,300,000원","1,000,000원","300,000원","50,000,000원"
경기도,광명시,https://www.hyundai.com/contents/repn-car/side-w/the-new-staria-electric-27pe-well-side.png,더 뉴 스타리아 Electric,2WD 오토 Modern 11인승,"60,290,000원","60,290,000원","19,500,000원","15,000,000원","4,500,000원",0원,0원,0원,"40,790,000원"
경기도,광명시,https://www.hyundai.com/contents/repn-car/side-w/the-new-staria-lounge-electric-27pe-well-side.png,더 뉴 스타리아 라운지 Electric,2WD 오토 Prestige 11인승 라운지,"65,490,000원","65,490,000원","19,500,000원","15,000,000원","4,500,000원",0원,0원,0원,"45,990,000원"
경기도,광명시,https://www.hyundai.com/contents/repn-car/side-w/nexo-27my-well-side.png,넥쏘,2WD 모던,"76,470,532원","80,447,000원","32,500,000원","22,500,000원","10,000,000원",0원,0원,0원,"43,970,532원"
경기도,광명시,https://www.hyundai.com/contents/repn-car/side-w/nexo-27my-well-side.png,넥쏘,2WD 익스클루시브,"79,369,771원","83,497,000원","32,500,000원","22,500,000원","10,000,000원",0원,0원,0원,"46,869,771원"
경기도,광명시,https://www.hyundai.com/contents/repn-car/side-w/nexo-27my-well-side.png,넥쏘,2WD 프레스티지,"83,789,923원","88,147,000원","32,500,000원","22,500,000원","10,000,000원",0원,0원,0원,"51,289,923원"
경기도,광주시,https://www.hyundai.com/contents/repn-car/side-w/casper_ev_26my_well_side.png,2027 캐스퍼 일렉트릭,캐스퍼 일렉트릭 기본형 15인치,"28,469,581원","29,950,000원","6,370,000원","4,900,000원","1,470,000원","1,270,000원","980,000원","290,000원","20,829,581원"
경기도,광주시,https://www.hyundai.com/contents/repn-car/side-w/casper_ev_26my_well_side.png,2027 캐스퍼 일렉트릭,캐스퍼 일렉트릭 항속형 15인치,"32,119,772원","33,790,000원","6,370,000원","4,900,000원","1,470,000원","1,270,000원","980,000원","290,000원","24,479,772원"
경기도,광주시,https://www.hyundai.com/contents/repn-car/side-w/casper_ev_26my_well_side.png,2027 캐스퍼 일렉트릭,캐스퍼 일렉트릭 항속형 17인치,"32,119,772원","33,790,000원","6,370,000원","4,900,000원","1,470,000원","1,270,000원","980,000원","290,000원","24,479,772원"
경기도,광주시,https://www.hyundai.com/contents/repn-car/side-w/casper_ev_26my_well_side.png,2027 캐스퍼 일렉트릭,캐스퍼 일렉트릭 크로스 17인치,"34,125,474원","35,900,000원","6,330,000원","4,870,000원","1,460,000원","1,260,000원","970,000원","290,000원","26,535,474원"
경기도,광주시,https://www.hyundai.com/contents/repn-car/side-w/casper_ev_26my_well_side.png,2027 캐스퍼 일렉트릭,캐스퍼 일렉트릭 라운지 17인치,"34,572,243원","36,370,000원","6,370,000원","4,900,000원","1,470,000원","1,270,000원","980,000원","290,000원","26,932,243원"
경기도,광주시,https://www.hyundai.com/contents/repn-car/side-w/kona-electric-25my-well-side.png,코나 Electric,기본형 E-Value +,"41,520,912원","43,680,000원","5,680,000원","4,370,000원","1,310,000원","1,130,000원","870,000원","260,000원","34,710,912원"
경기도,광주시,https://www.hyundai.com/contents/repn-car/side-w/kona-electric-25my-well-side.png,코나 Electric,기본형 Premium,"43,564,638원","45,830,000원","5,680,000원","4,370,000원","1,310,000원","1,130,000원","870,000원","260,000원","36,754,638원"
경기도,광주시,https://www.hyundai.com/contents/repn-car/side-w/kona-electric-25my-well-side.png,코나 Electric,항속형 Modern plus,"45,655,893원","48,030,000원","6,680,000원","5,140,000원","1,540,000원","1,300,000원","1,000,000원","300,000원","37,675,893원"
경기도,광주시,https://www.hyundai.com/contents/repn-car/side-w/kona-electric-25my-well-side.png,코나 Electric,항속형 Modern plus 스타일 Ⅱ,"45,655,893원","48,030,000원","6,680,000원","5,140,000원","1,540,000원","1,300,000원","1,000,000원","300,000원","37,675,893원"
경기도,광주시,https://www.hyundai.com/contents/repn-car/side-w/kona-electric-25my-well-side.png,코나 Electric,항속형 Premium,"46,568,440원","48,990,000원","6,680,000원","5,140,000원","1,540,000원","1,300,000원","1,000,000원","300,000원","38,588,440원"
경기도,광주시,https://www.hyundai.com/contents/repn-car/side-w/kona-electric-25my-well-side.png,코나 Electric,항속형 Premium 빌트인 캠 2,"46,568,440원","48,990,000원","6,680,000원","5,140,000원","1,540,000원","1,300,000원","1,000,000원","300,000원","38,588,440원"
경기도,광주시,https://www.hyundai.com/contents/repn-car/side-w/kona-electric-25my-well-side.png,코나 Electric,항속형 Premium 스타일 Ⅱ,"46,568,440원","48,990,000원","6,680,000원","5,140,000원","1,540,000원","1,300,000원","1,000,000원","300,000원","38,588,440원"
경기도,광주시,https://www.hyundai.com/contents/repn-car/side-w/kona-electric-25my-well-side.png,코나 Electric,항속형 Inspiration,"49,923,954원","52,520,000원","5,960,000원","4,590,000원","1,370,000원","1,200,000원","920,000원","280,000원","42,763,954원"
경기도,광주시,https://www.hyundai.com/contents/repn-car/side-w/kona-electric-25my-well-side.png,코나 Electric,항속형 N Line Inspiration,"50,865,018원","53,510,000원","5,960,000원","4,590,000원","1,370,000원","1,200,000원","920,000원","280,000원","43,705,018원"
경기도,광주시,https://www.hyundai.com/contents/repn-car/side-w/ioniq5-27my-well-side.png,아이오닉 5,2WD E-Value +(스탠다드) 19인치,"47,347,908원","49,810,000원","6,270,000원","4,830,000원","1,440,000원","1,260,000원","970,000원","290,000원","39,817,908원"
경기도,광주시,https://www.hyundai.com/contents/repn-car/side-w/ioniq5-27my-well-side.png,아이오닉 5,2WD E-Lite(롱레인지) 19인치,"50,636,881원","53,270,000원","7,370,000원","5,670,000원","1,700,000원","1,300,000원","1,000,000원","300,000원","41,966,881원"
경기도,광주시,https://www.hyundai.com/contents/repn-car/side-w/ioniq5-27my-well-side.png,아이오닉 5,2WD 모던(롱레인지) 19인치,"52,899,239원","55,650,000원","7,370,000원","5,670,000원","1,700,000원","1,300,000원","1,000,000원","300,000원","44,229,239원"
경기도,광주시,https://www.hyundai.com/contents/repn-car/side-w/ioniq5-27my-well-side.png,아이오닉 5,4WD E-Lite(롱레인지) 19인치,"52,984,791원","55,740,000원","7,250,000원","5,580,000원","1,670,000원","1,300,000원","1,000,000원","300,000원","44,434,791원"
경기도,광주시,https://www.hyundai.com/contents/repn-car/side-w/ioniq5-27my-well-side.png,아이오닉 5,2WD 모던(롱레인지) 19인치 빌트인캠 2 + 증강현실 내비게이션,"52,899,239원","55,650,000원","7,370,000원","5,670,000원","1,700,000원","1,300,000원","1,000,000원","300,000원","44,229,239원"
경기도,광주시,https://www.hyundai.com/contents/repn-car/side-w/ioniq5-27my-well-side.png,아이오닉 5,4WD 모던(롱레인지) 19인치,"55,247,148원","58,120,000원","7,250,000원","5,580,000원","1,670,000원","1,300,000원","1,000,000원","300,000원","46,697,148원"
경기도,광주시,https://www.hyundai.com/contents/repn-car/side-w/ioniq5-27my-well-side.png,아이오닉 5,2WD 프리미엄(롱레인지) 19인치,"58,241,444원","61,270,000원","7,370,000원","5,670,000원","1,700,000원","1,300,000원","1,000,000원","300,000원","49,571,444원"
경기도,광주시,https://www.hyundai.com/contents/repn-car/side-w/ioniq5-27my-well-side.png,아이오닉 5,2WD 프리미엄(롱레인지) 19인치 빌트인캠 2 + 증강현실 내비게이션,"58,241,444원","61,270,000원","7,370,000원","5,670,000원","1,700,000원","1,300,000원","1,000,000원","300,000원","49,571,444원"
경기도,광주시,https://www.hyundai.com/contents/repn-car/side-w/ioniq5-27my-well-side.png,아이오닉 5,2WD 프리미엄(롱레인지) 20인치,"58,707,224원","61,760,000원","7,260,000원","5,590,000원","1,670,000원","1,300,000원","1,000,000원","300,000원","50,147,224원"
경기도,광주시,https://www.hyundai.com/contents/repn-car/side-w/ioniq5-27my-well-side.png,아이오닉 5,2WD N LINE(롱레인지) 20인치,"59,448,669원","62,540,000원","7,030,000원","5,410,000원","1,620,000원","1,300,000원","1,000,000원","300,000원","51,118,669원"
경기도,광주시,https://www.hyundai.com/contents/repn-car/side-w/ioniq5-27my-well-side.png,아이오닉 5,4WD 프리미엄(롱레인지) 19인치,"60,589,354원","63,740,000원","7,250,000원","5,580,000원","1,670,000원","1,300,000원","1,000,000원","300,000원","52,039,354원"
경기도,광주시,https://www.hyundai.com/contents/repn-car/side-w/ioniq5-27my-well-side.png,아이오닉 5,4WD 프리미엄(롱레인지) 20인치,"61,055,132원","64,230,000원","6,910,000원","5,320,000원","1,590,000원","1,300,000원","1,000,000원","300,000원","52,845,132원"
경기도,광주시,https://www.hyundai.com/contents/repn-car/side-w/ioniq5-27my-well-side.png,아이오닉 5,2WD 인스퍼레이션(롱레인지) 19인치,"61,283,270원","64,470,000원","7,370,000원","5,670,000원","1,700,000원","1,300,000원","1,000,000원","300,000원","52,613,270원"
경기도,광주시,https://www.hyundai.com/contents/repn-car/side-w/ioniq5-27my-well-side.png,아이오닉 5,2WD 인스퍼레이션(롱레인지) 19인치 빌트인캠 2 + 증강현실 내비게이션,"61,283,270원","64,470,000원","7,370,000원","5,670,000원","1,700,000원","1,300,000원","1,000,000원","300,000원","52,613,270원"
경기도,광주시,https://www.hyundai.com/contents/repn-car/side-w/ioniq5-27my-well-side.png,아이오닉 5,2WD 인스퍼레이션(롱레인지) 20인치,"61,749,048원","64,960,000원","7,260,000원","5,590,000원","1,670,000원","1,300,000원","1,000,000원","300,000원","53,189,048원"
경기도,광주시,https://www.hyundai.com/contents/repn-car/side-w/ioniq5-27my-well-side.png,아이오닉 5,4WD N LINE(롱레인지) 20인치,"61,796,577원","65,010,000원","6,630,000원","5,100,000원","1,530,000원","1,300,000원","1,000,000원","300,000원","53,866,577원"
경기도,광주시,https://www.hyundai.com/contents/repn-car/side-w/ioniq5-27my-well-side.png,아이오닉 5,4WD 인스퍼레이션(롱레인지) 19인치,"63,631,178원","66,940,000원","7,250,000원","5,580,000원","1,670,000원","1,300,000원","1,000,000원","300,000원","55,081,178원"
경기도,광주시,https://www.hyundai.com/contents/repn-car/side-w/ioniq5-27my-well-side.png,아이오닉 5,4WD 인스퍼레이션(롱레인지) 20인치,"64,096,958원","67,430,000원","6,910,000원","5,320,000원","1,590,000원","1,300,000원","1,000,000원","300,000원","55,886,958원"
경기도,광주시,https://www.hyundai.com/contents/repn-car/side-w/ioniq6-25fl-well-side.png,더 뉴 아이오닉 6,2WD E-Value +(스탠다드) 18인치,"48,564,639원","51,090,000원","7,280,000원","5,600,000원","1,680,000원","1,300,000원","1,000,000원","300,000원","39,984,639원"
경기도,광주시,https://www.hyundai.com/contents/repn-car/side-w/ioniq6-25fl-well-side.png,더 뉴 아이오닉 6,2WD E-LITE(롱레인지) 18인치,"50,636,881원","53,270,000원","7,410,000원","5,700,000원","1,710,000원","1,300,000원","1,000,000원","300,000원","41,926,881원"
경기도,광주시,https://www.hyundai.com/contents/repn-car/side-w/ioniq6-25fl-well-side.png,더 뉴 아이오닉 6,2WD Exclusive(스탠다드) 18인치,"50,950,570원","53,600,000원","7,280,000원","5,600,000원","1,680,000원","1,300,000원","1,000,000원","300,000원","42,370,570원"
경기도,광주시,https://www.hyundai.com/contents/repn-car/side-w/ioniq6-25fl-well-side.png,더 뉴 아이오닉 6,2WD E-LITE(롱레인지) 20인치,"51,197,719원","53,860,000원","7,410,000원","5,700,000원","1,710,000원","1,300,000원","1,000,000원","300,000원","42,487,719원"
경기도,광주시,https://www.hyundai.com/contents/repn-car/side-w/ioniq6-25fl-well-side.png,더 뉴 아이오닉 6,4WD E-LITE(롱레인지) 18인치,"52,984,791원","55,740,000원","7,410,000원","5,700,000원","1,710,000원","1,300,000원","1,000,000원","300,000원","44,274,791원"
경기도,광주시,https://www.hyundai.com/contents/repn-car/side-w/ioniq6-25fl-well-side.png,더 뉴 아이오닉 6,4WD E-LITE(롱레인지) 20인치,"53,545,627원","56,330,000원","7,180,000원","5,530,000원","1,650,000원","1,300,000원","1,000,000원","300,000원","45,065,627원"
경기도,광주시,https://www.hyundai.com/contents/repn-car/side-w/ioniq6-25fl-well-side.png,더 뉴 아이오닉 6,2WD Exclusive(롱레인지) 18인치,"55,152,091원","58,020,000원","7,410,000원","5,700,000원","1,710,000원","1,300,000원","1,000,000원","300,000원","46,442,091원"
경기도,광주시,https://www.hyundai.com/contents/repn-car/side-w/ioniq6-25fl-well-side.png,더 뉴 아이오닉 6,2WD Prestige(스탠다드) 18인치,"55,532,319원","58,420,000원","7,280,000원","5,600,000원","1,680,000원","1,300,000원","1,000,000원","300,000원","46,952,319원"
경기도,광주시,https://www.hyundai.com/contents/repn-car/side-w/ioniq6-25fl-well-side.png,더 뉴 아이오닉 6,2WD Exclusive(롱레인지) 20인치,"55,712,927원","58,610,000원","7,410,000원","5,700,000원","1,710,000원","1,300,000원","1,000,000원","300,000원","47,002,927원"
경기도,광주시,https://www.hyundai.com/contents/repn-car/side-w/ioniq6-25fl-well-side.png,더 뉴 아이오닉 6,2WD N Line Exclusive(롱레인지) 20인치,"57,452,472원","60,440,000원","7,410,000원","5,700,000원","1,710,000원","1,300,000원","1,000,000원","300,000원","48,742,472원"
경기도,광주시,https://www.hyundai.com/contents/repn-car/side-w/ioniq6-25fl-well-side.png,더 뉴 아이오닉 6,4WD Exclusive(롱레인지) 18인치,"57,499,999원","60,490,000원","7,410,000원","5,700,000원","1,710,000원","1,300,000원","1,000,000원","300,000원","48,789,999원"
경기도,광주시,https://www.hyundai.com/contents/repn-car/side-w/ioniq6-25fl-well-side.png,더 뉴 아이오닉 6,4WD Exclusive(롱레인지) 20인치,"58,060,836원","61,080,000원","7,180,000원","5,530,000원","1,650,000원","1,300,000원","1,000,000원","300,000원","49,580,836원"
경기도,광주시,https://www.hyundai.com/contents/repn-car/side-w/ioniq6-25fl-well-side.png,더 뉴 아이오닉 6,2WD Prestige(롱레인지) 18인치,"59,724,335원","62,830,000원","7,410,000원","5,700,000원","1,710,000원","1,300,000원","1,000,000원","300,000원","51,014,335원"
경기도,광주시,https://www.hyundai.com/contents/repn-car/side-w/ioniq6-25fl-well-side.png,더 뉴 아이오닉 6,4WD N Line Exclusive(롱레인지) 20인치,"59,800,380원","62,910,000원","6,980,000원","5,370,000원","1,610,000원","1,300,000원","1,000,000원","300,000원","51,520,380원"
경기도,광주시,https://www.hyundai.com/contents/repn-car/side-w/ioniq6-25fl-well-side.png,더 뉴 아이오닉 6,2WD Prestige(롱레인지) 20인치,"60,285,171원","63,420,000원","7,410,000원","5,700,000원","1,710,000원","1,300,000원","1,000,000원","300,000원","51,575,171원"
경기도,광주시,https://www.hyundai.com/contents/repn-car/side-w/ioniq6-25fl-well-side.png,더 뉴 아이오닉 6,2WD N Line Prestige(롱레인지) 20인치,"61,321,293원","64,510,000원","7,410,000원","5,700,000원","1,710,000원","1,300,000원","1,000,000원","300,000원","52,611,293원"
경기도,광주시,https://www.hyundai.com/contents/repn-car/side-w/ioniq6-25fl-well-side.png,더 뉴 아이오닉 6,4WD Prestige(롱레인지) 18인치,"62,072,243원","65,300,000원","7,410,000원","5,700,000원","1,710,000원","1,300,000원","1,000,000원","300,000원","53,362,243원"
경기도,광주시,https://www.hyundai.com/contents/repn-car/side-w/ioniq6-25fl-well-side.png,더 뉴 아이오닉 6,4WD Prestige(롱레인지) 20인치,"62,633,079원","65,890,000원","7,180,000원","5,530,000원","1,650,000원","1,300,000원","1,000,000원","300,000원","54,153,079원"
경기도,광주시,https://www.hyundai.com/contents/repn-car/side-w/ioniq6-25fl-well-side.png,더 뉴 아이오닉 6,4WD N Line Prestige(롱레인지) 20인치,"63,669,201원","66,980,000원","6,980,000원","5,370,000원","1,610,000원","1,300,000원","1,000,000원","300,000원","55,389,201원"
경기도,광주시,https://www.hyundai.com/contents/repn-car/side-w/the-new-staria-lounge-electric-27pe-well-side.png,더 뉴 스타리아 라운지 Electric,2WD 오토 Prestige 7인승,"63,593,156원","66,900,000원","2,970,000원","2,290,000원","680,000원","600,000원","460,000원","140,000원","60,023,156원"
경기도,광주시,https://www.hyundai.com/contents/repn-car/side-w/the-new-staria-lounge-electric-27pe-well-side.png,더 뉴 스타리아 라운지 Electric,2WD 오토 Inspiration 7인승,"67,309,885원","70,810,000원","2,970,000원","2,290,000원","680,000원","600,000원","460,000원","140,000원","63,739,885원"
경기도,광주시,https://www.hyundai.com/contents/repn-car/side-w/GV60-27MY.png,GV60,GV60 스탠다드 2WD 19인치,"64,904,943원","68,280,000원","3,700,000원","2,850,000원","850,000원","740,000원","570,000원","170,000원","60,464,943원"
경기도,광주시,https://www.hyundai.com/contents/repn-car/side-w/GV60-27MY.png,GV60,GV60 스탠다드 AWD 19인치,"72,080,000원","72,080,000원","3,530,000원","2,720,000원","810,000원","700,000원","540,000원","160,000원","67,850,000원"
경기도,광주시,https://www.hyundai.com/contents/repn-car/side-w/GV60-27MY.png,GV60,GV60 스탠다드 AWD 20인치,"74,380,000원","74,380,000원","3,390,000원","2,610,000원","780,000원","680,000원","520,000원","160,000원","70,310,000원"
경기도,광주시,https://www.hyundai.com/contents/repn-car/side-w/ioniq9-27my-well-side.png,아이오닉 9,2WD 익스클루시브 19인치 7인승,"67,585,551원","71,100,000원","3,560,000원","2,740,000원","820,000원","720,000원","550,000원","170,000원","63,305,551원"
경기도,광주시,https://www.hyundai.com/contents/repn-car/side-w/ioniq9-27my-well-side.png,아이오닉 9,2WD 익스클루시브 19인치 6인승,"68,165,399원","71,710,000원","3,560,000원","2,740,000원","820,000원","720,000원","550,000원","170,000원","63,885,399원"
경기도,광주시,https://www.hyundai.com/contents/repn-car/side-w/ioniq9-27my-well-side.png,아이오닉 9,4WD(항속) 익스클루시브 19인치 7인승,"70,247,148원","73,900,000원","3,520,000원","2,710,000원","810,000원","700,000원","540,000원","160,000원","66,027,148원"
경기도,광주시,https://www.hyundai.com/contents/repn-car/side-w/ioniq9-27my-well-side.png,아이오닉 9,4WD(항속) 익스클루시브 19인치 6인승,"70,826,995원","74,510,000원","3,520,000원","2,710,000원","810,000원","700,000원","540,000원","160,000원","66,606,995원"
경기도,광주시,https://www.hyundai.com/contents/repn-car/side-w/ioniq9-27my-well-side.png,아이오닉 9,4WD(성능) 익스클루시브 19인치 7인승,"71,102,661원","74,800,000원","3,530,000원","2,720,000원","810,000원","700,000원","540,000원","160,000원","66,872,661원"
경기도,광주시,https://www.hyundai.com/contents/repn-car/side-w/ioniq9-27my-well-side.png,아이오닉 9,4WD(성능) 익스클루시브 19인치 6인승,"71,682,509원","75,410,000원","3,530,000원","2,720,000원","810,000원","700,000원","540,000원","160,000원","67,452,509원"
경기도,광주시,https://www.hyundai.com/contents/repn-car/side-w/ioniq9-27my-well-side.png,아이오닉 9,2WD 프레스티지 19인치 7인승,"73,241,445원","77,050,000원","3,560,000원","2,740,000원","820,000원","720,000원","550,000원","170,000원","68,961,445원"
경기도,광주시,https://www.hyundai.com/contents/repn-car/side-w/ioniq9-27my-well-side.png,아이오닉 9,2WD 프레스티지 21인치 7인승,"73,241,445원","77,050,000원","3,560,000원","2,740,000원","820,000원","720,000원","550,000원","170,000원","68,961,445원"
경기도,광주시,https://www.hyundai.com/contents/repn-car/side-w/ioniq9-27my-well-side.png,아이오닉 9,2WD 프레스티지 19인치 6인승,"73,735,741원","77,570,000원","3,560,000원","2,740,000원","820,000원","720,000원","550,000원","170,000원","69,455,741원"
경기도,광주시,https://www.hyundai.com/contents/repn-car/side-w/ioniq9-27my-well-side.png,아이오닉 9,2WD 프레스티지 21인치 6인승,"73,735,741원","77,570,000원","3,560,000원","2,740,000원","820,000원","720,000원","550,000원","170,000원","69,455,741원"
경기도,광주시,https://www.hyundai.com/contents/repn-car/side-w/ioniq9-27my-well-side.png,아이오닉 9,4WD(항속) 프레스티지 19인치 7인승,"75,903,041원","79,850,000원","3,520,000원","2,710,000원","810,000원","700,000원","540,000원","160,000원","71,683,041원"
경기도,광주시,https://www.hyundai.com/contents/repn-car/side-w/ioniq9-27my-well-side.png,아이오닉 9,4WD(항속) 프레스티지 21인치 7인승,"75,903,041원","79,850,000원","3,520,000원","2,710,000원","810,000원","700,000원","540,000원","160,000원","71,683,041원"
경기도,광주시,https://www.hyundai.com/contents/repn-car/side-w/ioniq9-27my-well-side.png,아이오닉 9,4WD(항속) 프레스티지 19인치 6인승,"76,397,338원","80,370,000원","3,520,000원","2,710,000원","810,000원","700,000원","540,000원","160,000원","72,177,338원"
경기도,광주시,https://www.hyundai.com/contents/repn-car/side-w/ioniq9-27my-well-side.png,아이오닉 9,4WD(항속) 프레스티지 21인치 6인승,"76,397,338원","80,370,000원","3,520,000원","2,710,000원","810,000원","700,000원","540,000원","160,000원","72,177,338원"
경기도,광주시,https://www.hyundai.com/contents/repn-car/side-w/ioniq9-27my-well-side.png,아이오닉 9,4WD(성능) 프레스티지 19인치 7인승,"76,758,555원","80,750,000원","3,530,000원","2,720,000원","810,000원","700,000원","540,000원","160,000원","72,528,555원"
경기도,광주시,https://www.hyundai.com/contents/repn-car/side-w/ioniq9-27my-well-side.png,아이오닉 9,4WD(성능) 프레스티지 21인치 7인승,"76,758,555원","80,750,000원","3,530,000원","2,720,000원","810,000원","700,000원","540,000원","160,000원","72,528,555원"
경기도,광주시,https://www.hyundai.com/contents/repn-car/side-w/ioniq9-27my-well-side.png,아이오닉 9,4WD(성능) 프레스티지 19인치 6인승,"77,252,851원","81,270,000원","3,530,000원","2,720,000원","810,000원","700,000원","540,000원","160,000원","73,022,851원"
경기도,광주시,https://www.hyundai.com/contents/repn-car/side-w/ioniq9-27my-well-side.png,아이오닉 9,4WD(성능) 프레스티지 21인치 6인승,"77,252,851원","81,270,000원","3,530,000원","2,720,000원","810,000원","700,000원","540,000원","160,000원","73,022,851원"
경기도,광주시,https://www.hyundai.com/contents/repn-car/side-w/ioniq9-27my-well-side.png,아이오닉 9,2WD 캘리그래피 19인치 7인승,"78,108,365원","82,170,000원","3,560,000원","2,740,000원","820,000원","720,000원","550,000원","170,000원","73,828,365원"
경기도,광주시,https://www.hyundai.com/contents/repn-car/side-w/ioniq9-27my-well-side.png,아이오닉 9,2WD 캘리그래피 21인치 7인승,"78,108,365원","82,170,000원","3,560,000원","2,740,000원","820,000원","720,000원","550,000원","170,000원","73,828,365원"
경기도,광주시,https://www.hyundai.com/contents/repn-car/side-w/ioniq9-27my-well-side.png,아이오닉 9,2WD 캘리그래피 19인치 6인승,"79,600,760원","83,740,000원","3,560,000원","2,740,000원","820,000원","720,000원","550,000원","170,000원","75,320,760원"
경기도,광주시,https://www.hyundai.com/contents/repn-car/side-w/ioniq9-27my-well-side.png,아이오닉 9,2WD 캘리그래피 21인치 6인승,"79,600,760원","83,740,000원","3,560,000원","2,740,000원","820,000원","720,000원","550,000원","170,000원","75,320,760원"
경기도,광주시,https://www.hyundai.com/contents/repn-car/side-w/ioniq9-27my-well-side.png,아이오닉 9,4WD(항속) 캘리그래피 19인치 7인승,"80,769,961원","84,970,000원","3,520,000원","2,710,000원","810,000원","700,000원","540,000원","160,000원","76,549,961원"
경기도,광주시,https://www.hyundai.com/contents/repn-car/side-w/ioniq9-27my-well-side.png,아이오닉 9,4WD(항속) 캘리그래피 21인치 7인승,"80,769,961원","84,970,000원","3,520,000원","2,710,000원","810,000원","700,000원","540,000원","160,000원","76,549,961원"
경기도,광주시,https://www.hyundai.com/contents/repn-car/side-w/ioniq9-27my-well-side.png,아이오닉 9,4WD(성능) 캘리그래피 19인치 7인승,"81,625,475원","85,870,000원","3,530,000원","2,720,000원","810,000원","700,000원","540,000원","160,000원","77,395,475원"
경기도,광주시,https://www.hyundai.com/contents/repn-car/side-w/ioniq9-27my-well-side.png,아이오닉 9,4WD(성능) 캘리그래피 21인치 7인승,"81,625,475원","85,870,000원","3,530,000원","2,720,000원","810,000원","700,000원","540,000원","160,000원","77,395,475원"
경기도,광주시,https://www.hyundai.com/contents/repn-car/side-w/ioniq9-27my-well-side.png,아이오닉 9,4WD(항속) 캘리그래피 19인치 6인승,"82,262,357원","86,540,000원","3,520,000원","2,710,000원","810,000원","700,000원","540,000원","160,000원","78,042,357원"
경기도,광주시,https://www.hyundai.com/contents/repn-car/side-w/ioniq9-27my-well-side.png,아이오닉 9,4WD(항속) 캘리그래피 21인치 6인승,"82,262,357원","86,540,000원","3,520,000원","2,710,000원","810,000원","700,000원","540,000원","160,000원","78,042,357원"
경기도,광주시,https://www.hyundai.com/contents/repn-car/side-w/ioniq9-27my-well-side.png,아이오닉 9,4WD(성능) 캘리그래피 19인치 6인승,"83,149,999원","87,440,000원","3,530,000원","2,720,000원","810,000원","700,000원","540,000원","160,000원","78,919,999원"
경기도,광주시,https://www.hyundai.com/contents/repn-car/side-w/ioniq9-27my-well-side.png,아이오닉 9,4WD(성능) 캘리그래피 21인치 6인승,"83,149,999원","87,440,000원","3,530,000원","2,720,000원","810,000원","700,000원","540,000원","160,000원","78,919,999원"
경기도,광주시,https://www.hyundai.com/contents/repn-car/side-w/Electrified-GV70-27MY.png,Electrified GV70,ELECTRIFIED GV70 AWD 19인치,"75,798,478원","79,740,000원","3,390,000원","2,610,000원","780,000원","680,000원","520,000원","160,000원","71,728,478원"
경기도,광주시,https://www.hyundai.com/contents/repn-car/side-w/Electrified-GV70-27MY.png,Electrified GV70,ELECTRIFIED GV70 AWD 20인치,"76,558,935원","80,540,000원","3,180,000원","2,450,000원","730,000원","640,000원","490,000원","150,000원","72,738,935원"
경기도,광주시,https://www.hyundai.com/contents/repn-car/side-w/ioniq6-n-25lc-well-side.png,아이오닉 6 N,4WD N,"79,904,942원","84,060,000원","3,250,000원","2,500,000원","750,000원","650,000원","500,000원","150,000원","76,004,942원"
경기도,광주시,https://www.hyundai.com/contents/repn-car/side-w/g80_ev_27my-well-side.png,Electrified G80,ELECTRIFIED G80,"84,790,000원","89,080,000원","3,510,000원","2,700,000원","810,000원","700,000원","540,000원","160,000원","80,580,000원"
경기도,광주시,https://www.hyundai.com/contents/repn-car/side-w/g80_ev_27my-well-side.png,Electrified G80,ELECTRIFIED G80,"87,790,000원","92,080,000원","3,510,000원","2,700,000원","810,000원","700,000원","540,000원","160,000원","83,580,000원"
경기도,광주시,https://www.hyundai.com/contents/repn-car/side-w/the-new-staria-limousine-electric-27pe-well-side.png,더 뉴 스타리아 리무진 Electric,2WD 오토 Inspiration 리무진,"84,820,000원","89,110,000원","2,970,000원","2,290,000원","680,000원","600,000원","460,000원","140,000원","81,250,000원"
경기도,광주시,https://www.hyundai.com/contents/repn-car/side-w/porter2-electric-26my-well-side.png,포터 II Electric ,오토 스타일스페셜,"43,500,000원","43,500,000원","13,550,000원","9,680,000원","3,870,000원","1,300,000원","1,000,000원","300,000원","28,650,000원"
경기도,광주시,https://www.hyundai.com/contents/repn-car/side-w/porter2-electric-26my-well-side.png,포터 II Electric ,오토 스마트스페셜,"44,850,000원","44,850,000원","13,550,000원","9,680,000원","3,870,000원","1,300,000원","1,000,000원","300,000원","30,000,000원"
경기도,광주시,https://www.hyundai.com/contents/repn-car/side-w/porter2-electric-26my-well-side.png,포터 II Electric ,오토 프리미엄스페셜,"46,450,000원","46,450,000원","13,550,000원","9,680,000원","3,870,000원","1,300,000원","1,000,000원","300,000원","31,600,000원"
경기도,광주시,https://www.hyundai.com/contents/repn-car/side-w/porter2-electric-built-in-truck-26my-45side.png,포터II Electric 내장탑차,오토 스마트스페셜 저상,"49,030,000원","49,030,000원","10,920,000원","7,800,000원","3,120,000원","1,200,000원","920,000원","280,000원","36,910,000원"
경기도,광주시,https://www.hyundai.com/contents/repn-car/side-w/porter2-electric-built-in-truck-26my-45side.png,포터II Electric 내장탑차,오토 스마트스페셜,"50,250,000원","50,250,000원","10,920,000원","7,800,000원","3,120,000원","1,200,000원","920,000원","280,000원","38,130,000원"
경기도,광주시,https://www.hyundai.com/contents/repn-car/side-w/porter2-electric-built-in-truck-26my-45side.png,포터II Electric 내장탑차,오토 스마트스페셜 하이,"51,130,000원","51,130,000원","10,920,000원","7,800,000원","3,120,000원","1,200,000원","920,000원","280,000원","39,010,000원"
경기도,광주시,https://www.hyundai.com/contents/repn-car/side-w/porter2-electric-powergate-truck-26my-45side.png,포터II Electric 파워게이트,오토 스마트스페셜,"50,000,000원","50,000,000원","10,920,000원","7,800,000원","3,120,000원","1,200,000원","920,000원","280,000원","37,880,000원"
경기도,광주시,https://www.hyundai.com/contents/repn-car/side-w/porter2-electric-wingbody-26my-45side.png,포터II Electric 윙바디,오토 스마트스페셜 수동식,"51,030,000원","51,030,000원","10,920,000원","7,800,000원","3,120,000원","1,200,000원","920,000원","280,000원","38,910,000원"
경기도,광주시,https://www.hyundai.com/contents/repn-car/side-w/porter2-electric-wingbody-26my-45side.png,포터II Electric 윙바디,오토 스마트스페셜 전동식,"55,240,000원","55,240,000원","10,920,000원","7,800,000원","3,120,000원","1,200,000원","920,000원","280,000원","43,120,000원"
경기도,광주시,https://www.hyundai.com/contents/repn-car/side-w/the-new-staria-electric-27pe-well-side.png,더 뉴 스타리아 Electric,2WD 오토 Modern 3인승,"57,920,000원","57,920,000원","16,800,000원","12,000,000원","4,800,000원","1,300,000원","1,000,000원","300,000원","39,820,000원"
경기도,광주시,https://www.hyundai.com/contents/repn-car/side-w/the-new-staria-electric-27pe-well-side.png,더 뉴 스타리아 Electric,2WD 오토 Modern 5인승,"58,700,000원","58,700,000원","16,800,000원","12,000,000원","4,800,000원","1,300,000원","1,000,000원","300,000원","40,600,000원"
경기도,광주시,https://www.hyundai.com/contents/repn-car/side-w/st1-hightop-27my-well-side.png,ST1 하이탑차,오토 스마트,"58,830,000원","58,830,000원","15,400,000원","11,000,000원","4,400,000원","1,300,000원","1,000,000원","300,000원","42,130,000원"
경기도,광주시,https://www.hyundai.com/contents/repn-car/side-w/st1-27my-well-side.png,ST1 카고,오토 스타일,"59,460,000원","59,460,000원","16,800,000원","12,000,000원","4,800,000원","1,300,000원","1,000,000원","300,000원","41,360,000원"
경기도,광주시,https://www.hyundai.com/contents/repn-car/side-w/st1-27my-well-side.png,ST1 카고,오토 스마트,"61,230,000원","61,230,000원","16,800,000원","12,000,000원","4,800,000원","1,300,000원","1,000,000원","300,000원","43,130,000원"
경기도,광주시,https://www.hyundai.com/contents/repn-car/side-w/st1-27my-well-side.png,ST1 카고,오토 프리미엄,"65,710,000원","65,710,000원","16,800,000원","12,000,000원","4,800,000원","1,300,000원","1,000,000원","300,000원","47,610,000원"
경기도,광주시,https://www.hyundai.com/contents/repn-car/side-w/st1-freezer-truck-27my-well-side.png,ST1 카고 냉동,오토 스마트,"69,580,000원","69,580,000원","20,300,000원","14,500,000원","5,800,000원","1,300,000원","1,000,000원","300,000원","47,980,000원"
경기도,광주시,https://www.hyundai.com/contents/repn-car/side-w/st1-freezer-truck-27my-well-side.png,ST1 카고 냉동,오토 프리미엄,"74,060,000원","74,060,000원","20,300,000원","14,500,000원","5,800,000원","1,300,000원","1,000,000원","300,000원","52,460,000원"
경기도,광주시,https://www.hyundai.com/contents/repn-car/side-w/the-new-staria-electric-27pe-well-side.png,더 뉴 스타리아 Electric,2WD 오토 Modern 11인승,"60,290,000원","60,290,000원","19,500,000원","15,000,000원","4,500,000원",0원,0원,0원,"40,790,000원"
경기도,광주시,https://www.hyundai.com/contents/repn-car/side-w/the-new-staria-lounge-electric-27pe-well-side.png,더 뉴 스타리아 라운지 Electric,2WD 오토 Prestige 11인승 라운지,"65,490,000원","65,490,000원","19,500,000원","15,000,000원","4,500,000원",0원,0원,0원,"45,990,000원"
경기도,광주시,https://www.hyundai.com/contents/repn-car/side-w/nexo-27my-well-side.png,넥쏘,2WD 모던,"76,470,532원","80,447,000원","32,500,000원","22,500,000원","10,000,000원",0원,0원,0원,"43,970,532원"
경기도,광주시,https://www.hyundai.com/contents/repn-car/side-w/nexo-27my-well-side.png,넥쏘,2WD 익스클루시브,"79,369,771원","83,497,000원","32,500,000원","22,500,000원","10,000,000원",0원,0원,0원,"46,869,771원"
경기도,광주시,https://www.hyundai.com/contents/repn-car/side-w/nexo-27my-well-side.png,넥쏘,2WD 프레스티지,"83,789,923원","88,147,000원","32,500,000원","22,500,000원","10,000,000원",0원,0원,0원,"51,289,923원"
경기도,군포시,https://www.hyundai.com/contents/repn-car/side-w/casper_ev_26my_well_side.png,2027 캐스퍼 일렉트릭,캐스퍼 일렉트릭 기본형 15인치,"28,469,581원","29,950,000원","7,260,000원","4,900,000원","2,360,000원","1,270,000원","980,000원","290,000원","19,939,581원"
경기도,군포시,https://www.hyundai.com/contents/repn-car/side-w/casper_ev_26my_well_side.png,2027 캐스퍼 일렉트릭,캐스퍼 일렉트릭 항속형 15인치,"32,119,772원","33,790,000원","7,260,000원","4,900,000원","2,360,000원","1,270,000원","980,000원","290,000원","23,589,772원"
경기도,군포시,https://www.hyundai.com/contents/repn-car/side-w/casper_ev_26my_well_side.png,2027 캐스퍼 일렉트릭,캐스퍼 일렉트릭 항속형 17인치,"32,119,772원","33,790,000원","7,260,000원","4,900,000원","2,360,000원","1,270,000원","980,000원","290,000원","23,589,772원"
경기도,군포시,https://www.hyundai.com/contents/repn-car/side-w/casper_ev_26my_well_side.png,2027 캐스퍼 일렉트릭,캐스퍼 일렉트릭 크로스 17인치,"34,125,474원","35,900,000원","7,220,000원","4,870,000원","2,350,000원","1,260,000원","970,000원","290,000원","25,645,474원"
경기도,군포시,https://www.hyundai.com/contents/repn-car/side-w/casper_ev_26my_well_side.png,2027 캐스퍼 일렉트릭,캐스퍼 일렉트릭 라운지 17인치,"34,572,243원","36,370,000원","7,260,000원","4,900,000원","2,360,000원","1,270,000원","980,000원","290,000원","26,042,243원"
경기도,군포시,https://www.hyundai.com/contents/repn-car/side-w/kona-electric-25my-well-side.png,코나 Electric,기본형 E-Value +,"41,520,912원","43,680,000원","6,480,000원","4,370,000원","2,110,000원","1,130,000원","870,000원","260,000원","33,910,912원"
경기도,군포시,https://www.hyundai.com/contents/repn-car/side-w/kona-electric-25my-well-side.png,코나 Electric,기본형 Premium,"43,564,638원","45,830,000원","6,480,000원","4,370,000원","2,110,000원","1,130,000원","870,000원","260,000원","35,954,638원"
경기도,군포시,https://www.hyundai.com/contents/repn-car/side-w/kona-electric-25my-well-side.png,코나 Electric,항속형 Modern plus,"45,655,893원","48,030,000원","7,620,000원","5,140,000원","2,480,000원","1,300,000원","1,000,000원","300,000원","36,735,893원"
경기도,군포시,https://www.hyundai.com/contents/repn-car/side-w/kona-electric-25my-well-side.png,코나 Electric,항속형 Modern plus 스타일 Ⅱ,"45,655,893원","48,030,000원","7,620,000원","5,140,000원","2,480,000원","1,300,000원","1,000,000원","300,000원","36,735,893원"
경기도,군포시,https://www.hyundai.com/contents/repn-car/side-w/kona-electric-25my-well-side.png,코나 Electric,항속형 Premium,"46,568,440원","48,990,000원","7,620,000원","5,140,000원","2,480,000원","1,300,000원","1,000,000원","300,000원","37,648,440원"
경기도,군포시,https://www.hyundai.com/contents/repn-car/side-w/kona-electric-25my-well-side.png,코나 Electric,항속형 Premium 빌트인 캠 2,"46,568,440원","48,990,000원","7,620,000원","5,140,000원","2,480,000원","1,300,000원","1,000,000원","300,000원","37,648,440원"
경기도,군포시,https://www.hyundai.com/contents/repn-car/side-w/kona-electric-25my-well-side.png,코나 Electric,항속형 Premium 스타일 Ⅱ,"46,568,440원","48,990,000원","7,620,000원","5,140,000원","2,480,000원","1,300,000원","1,000,000원","300,000원","37,648,440원"
경기도,군포시,https://www.hyundai.com/contents/repn-car/side-w/kona-electric-25my-well-side.png,코나 Electric,항속형 Inspiration,"49,923,954원","52,520,000원","6,800,000원","4,590,000원","2,210,000원","1,200,000원","920,000원","280,000원","41,923,954원"
경기도,군포시,https://www.hyundai.com/contents/repn-car/side-w/kona-electric-25my-well-side.png,코나 Electric,항속형 N Line Inspiration,"50,865,018원","53,510,000원","6,800,000원","4,590,000원","2,210,000원","1,200,000원","920,000원","280,000원","42,865,018원"
경기도,군포시,https://www.hyundai.com/contents/repn-car/side-w/ioniq5-27my-well-side.png,아이오닉 5,2WD E-Value +(스탠다드) 19인치,"47,347,908원","49,810,000원","7,160,000원","4,830,000원","2,330,000원","1,260,000원","970,000원","290,000원","38,927,908원"
경기도,군포시,https://www.hyundai.com/contents/repn-car/side-w/ioniq5-27my-well-side.png,아이오닉 5,2WD E-Lite(롱레인지) 19인치,"50,636,881원","53,270,000원","8,410,000원","5,670,000원","2,740,000원","1,300,000원","1,000,000원","300,000원","40,926,881원"
경기도,군포시,https://www.hyundai.com/contents/repn-car/side-w/ioniq5-27my-well-side.png,아이오닉 5,2WD 모던(롱레인지) 19인치,"52,899,239원","55,650,000원","8,410,000원","5,670,000원","2,740,000원","1,300,000원","1,000,000원","300,000원","43,189,239원"
경기도,군포시,https://www.hyundai.com/contents/repn-car/side-w/ioniq5-27my-well-side.png,아이오닉 5,4WD E-Lite(롱레인지) 19인치,"52,984,791원","55,740,000원","8,270,000원","5,580,000원","2,690,000원","1,300,000원","1,000,000원","300,000원","43,414,791원"
경기도,군포시,https://www.hyundai.com/contents/repn-car/side-w/ioniq5-27my-well-side.png,아이오닉 5,2WD 모던(롱레인지) 19인치 빌트인캠 2 + 증강현실 내비게이션,"52,899,239원","55,650,000원","8,410,000원","5,670,000원","2,740,000원","1,300,000원","1,000,000원","300,000원","43,189,239원"
경기도,군포시,https://www.hyundai.com/contents/repn-car/side-w/ioniq5-27my-well-side.png,아이오닉 5,4WD 모던(롱레인지) 19인치,"55,247,148원","58,120,000원","8,270,000원","5,580,000원","2,690,000원","1,300,000원","1,000,000원","300,000원","45,677,148원"
경기도,군포시,https://www.hyundai.com/contents/repn-car/side-w/ioniq5-27my-well-side.png,아이오닉 5,2WD 프리미엄(롱레인지) 19인치,"58,241,444원","61,270,000원","8,410,000원","5,670,000원","2,740,000원","1,300,000원","1,000,000원","300,000원","48,531,444원"
경기도,군포시,https://www.hyundai.com/contents/repn-car/side-w/ioniq5-27my-well-side.png,아이오닉 5,2WD 프리미엄(롱레인지) 19인치 빌트인캠 2 + 증강현실 내비게이션,"58,241,444원","61,270,000원","8,410,000원","5,670,000원","2,740,000원","1,300,000원","1,000,000원","300,000원","48,531,444원"
경기도,군포시,https://www.hyundai.com/contents/repn-car/side-w/ioniq5-27my-well-side.png,아이오닉 5,2WD 프리미엄(롱레인지) 20인치,"58,707,224원","61,760,000원","8,290,000원","5,590,000원","2,700,000원","1,300,000원","1,000,000원","300,000원","49,117,224원"
경기도,군포시,https://www.hyundai.com/contents/repn-car/side-w/ioniq5-27my-well-side.png,아이오닉 5,2WD N LINE(롱레인지) 20인치,"59,448,669원","62,540,000원","8,020,000원","5,410,000원","2,610,000원","1,300,000원","1,000,000원","300,000원","50,128,669원"
경기도,군포시,https://www.hyundai.com/contents/repn-car/side-w/ioniq5-27my-well-side.png,아이오닉 5,4WD 프리미엄(롱레인지) 19인치,"60,589,354원","63,740,000원","8,270,000원","5,580,000원","2,690,000원","1,300,000원","1,000,000원","300,000원","51,019,354원"
경기도,군포시,https://www.hyundai.com/contents/repn-car/side-w/ioniq5-27my-well-side.png,아이오닉 5,4WD 프리미엄(롱레인지) 20인치,"61,055,132원","64,230,000원","7,890,000원","5,320,000원","2,570,000원","1,300,000원","1,000,000원","300,000원","51,865,132원"
경기도,군포시,https://www.hyundai.com/contents/repn-car/side-w/ioniq5-27my-well-side.png,아이오닉 5,2WD 인스퍼레이션(롱레인지) 19인치,"61,283,270원","64,470,000원","8,410,000원","5,670,000원","2,740,000원","1,300,000원","1,000,000원","300,000원","51,573,270원"
경기도,군포시,https://www.hyundai.com/contents/repn-car/side-w/ioniq5-27my-well-side.png,아이오닉 5,2WD 인스퍼레이션(롱레인지) 19인치 빌트인캠 2 + 증강현실 내비게이션,"61,283,270원","64,470,000원","8,410,000원","5,670,000원","2,740,000원","1,300,000원","1,000,000원","300,000원","51,573,270원"
경기도,군포시,https://www.hyundai.com/contents/repn-car/side-w/ioniq5-27my-well-side.png,아이오닉 5,2WD 인스퍼레이션(롱레인지) 20인치,"61,749,048원","64,960,000원","8,290,000원","5,590,000원","2,700,000원","1,300,000원","1,000,000원","300,000원","52,159,048원"
경기도,군포시,https://www.hyundai.com/contents/repn-car/side-w/ioniq5-27my-well-side.png,아이오닉 5,4WD N LINE(롱레인지) 20인치,"61,796,577원","65,010,000원","7,560,000원","5,100,000원","2,460,000원","1,300,000원","1,000,000원","300,000원","52,936,577원"
경기도,군포시,https://www.hyundai.com/contents/repn-car/side-w/ioniq5-27my-well-side.png,아이오닉 5,4WD 인스퍼레이션(롱레인지) 19인치,"63,631,178원","66,940,000원","8,270,000원","5,580,000원","2,690,000원","1,300,000원","1,000,000원","300,000원","54,061,178원"
경기도,군포시,https://www.hyundai.com/contents/repn-car/side-w/ioniq5-27my-well-side.png,아이오닉 5,4WD 인스퍼레이션(롱레인지) 20인치,"64,096,958원","67,430,000원","7,890,000원","5,320,000원","2,570,000원","1,300,000원","1,000,000원","300,000원","54,906,958원"
경기도,군포시,https://www.hyundai.com/contents/repn-car/side-w/ioniq6-25fl-well-side.png,더 뉴 아이오닉 6,2WD E-Value +(스탠다드) 18인치,"48,564,639원","51,090,000원","8,300,000원","5,600,000원","2,700,000원","1,300,000원","1,000,000원","300,000원","38,964,639원"
경기도,군포시,https://www.hyundai.com/contents/repn-car/side-w/ioniq6-25fl-well-side.png,더 뉴 아이오닉 6,2WD E-LITE(롱레인지) 18인치,"50,636,881원","53,270,000원","8,450,000원","5,700,000원","2,750,000원","1,300,000원","1,000,000원","300,000원","40,886,881원"
경기도,군포시,https://www.hyundai.com/contents/repn-car/side-w/ioniq6-25fl-well-side.png,더 뉴 아이오닉 6,2WD Exclusive(스탠다드) 18인치,"50,950,570원","53,600,000원","8,300,000원","5,600,000원","2,700,000원","1,300,000원","1,000,000원","300,000원","41,350,570원"
경기도,군포시,https://www.hyundai.com/contents/repn-car/side-w/ioniq6-25fl-well-side.png,더 뉴 아이오닉 6,2WD E-LITE(롱레인지) 20인치,"51,197,719원","53,860,000원","8,450,000원","5,700,000원","2,750,000원","1,300,000원","1,000,000원","300,000원","41,447,719원"
경기도,군포시,https://www.hyundai.com/contents/repn-car/side-w/ioniq6-25fl-well-side.png,더 뉴 아이오닉 6,4WD E-LITE(롱레인지) 18인치,"52,984,791원","55,740,000원","8,450,000원","5,700,000원","2,750,000원","1,300,000원","1,000,000원","300,000원","43,234,791원"
경기도,군포시,https://www.hyundai.com/contents/repn-car/side-w/ioniq6-25fl-well-side.png,더 뉴 아이오닉 6,4WD E-LITE(롱레인지) 20인치,"53,545,627원","56,330,000원","8,200,000원","5,530,000원","2,670,000원","1,300,000원","1,000,000원","300,000원","44,045,627원"
경기도,군포시,https://www.hyundai.com/contents/repn-car/side-w/ioniq6-25fl-well-side.png,더 뉴 아이오닉 6,2WD Exclusive(롱레인지) 18인치,"55,152,091원","58,020,000원","8,450,000원","5,700,000원","2,750,000원","1,300,000원","1,000,000원","300,000원","45,402,091원"
경기도,군포시,https://www.hyundai.com/contents/repn-car/side-w/ioniq6-25fl-well-side.png,더 뉴 아이오닉 6,2WD Prestige(스탠다드) 18인치,"55,532,319원","58,420,000원","8,300,000원","5,600,000원","2,700,000원","1,300,000원","1,000,000원","300,000원","45,932,319원"
경기도,군포시,https://www.hyundai.com/contents/repn-car/side-w/ioniq6-25fl-well-side.png,더 뉴 아이오닉 6,2WD Exclusive(롱레인지) 20인치,"55,712,927원","58,610,000원","8,450,000원","5,700,000원","2,750,000원","1,300,000원","1,000,000원","300,000원","45,962,927원"
경기도,군포시,https://www.hyundai.com/contents/repn-car/side-w/ioniq6-25fl-well-side.png,더 뉴 아이오닉 6,2WD N Line Exclusive(롱레인지) 20인치,"57,452,472원","60,440,000원","8,450,000원","5,700,000원","2,750,000원","1,300,000원","1,000,000원","300,000원","47,702,472원"
경기도,군포시,https://www.hyundai.com/contents/repn-car/side-w/ioniq6-25fl-well-side.png,더 뉴 아이오닉 6,4WD Exclusive(롱레인지) 18인치,"57,499,999원","60,490,000원","8,450,000원","5,700,000원","2,750,000원","1,300,000원","1,000,000원","300,000원","47,749,999원"
경기도,군포시,https://www.hyundai.com/contents/repn-car/side-w/ioniq6-25fl-well-side.png,더 뉴 아이오닉 6,4WD Exclusive(롱레인지) 20인치,"58,060,836원","61,080,000원","8,200,000원","5,530,000원","2,670,000원","1,300,000원","1,000,000원","300,000원","48,560,836원"
경기도,군포시,https://www.hyundai.com/contents/repn-car/side-w/ioniq6-25fl-well-side.png,더 뉴 아이오닉 6,2WD Prestige(롱레인지) 18인치,"59,724,335원","62,830,000원","8,450,000원","5,700,000원","2,750,000원","1,300,000원","1,000,000원","300,000원","49,974,335원"
경기도,군포시,https://www.hyundai.com/contents/repn-car/side-w/ioniq6-25fl-well-side.png,더 뉴 아이오닉 6,4WD N Line Exclusive(롱레인지) 20인치,"59,800,380원","62,910,000원","7,960,000원","5,370,000원","2,590,000원","1,300,000원","1,000,000원","300,000원","50,540,380원"
경기도,군포시,https://www.hyundai.com/contents/repn-car/side-w/ioniq6-25fl-well-side.png,더 뉴 아이오닉 6,2WD Prestige(롱레인지) 20인치,"60,285,171원","63,420,000원","8,450,000원","5,700,000원","2,750,000원","1,300,000원","1,000,000원","300,000원","50,535,171원"
경기도,군포시,https://www.hyundai.com/contents/repn-car/side-w/ioniq6-25fl-well-side.png,더 뉴 아이오닉 6,2WD N Line Prestige(롱레인지) 20인치,"61,321,293원","64,510,000원","8,450,000원","5,700,000원","2,750,000원","1,300,000원","1,000,000원","300,000원","51,571,293원"
경기도,군포시,https://www.hyundai.com/contents/repn-car/side-w/ioniq6-25fl-well-side.png,더 뉴 아이오닉 6,4WD Prestige(롱레인지) 18인치,"62,072,243원","65,300,000원","8,450,000원","5,700,000원","2,750,000원","1,300,000원","1,000,000원","300,000원","52,322,243원"
경기도,군포시,https://www.hyundai.com/contents/repn-car/side-w/ioniq6-25fl-well-side.png,더 뉴 아이오닉 6,4WD Prestige(롱레인지) 20인치,"62,633,079원","65,890,000원","8,200,000원","5,530,000원","2,670,000원","1,300,000원","1,000,000원","300,000원","53,133,079원"
경기도,군포시,https://www.hyundai.com/contents/repn-car/side-w/ioniq6-25fl-well-side.png,더 뉴 아이오닉 6,4WD N Line Prestige(롱레인지) 20인치,"63,669,201원","66,980,000원","7,960,000원","5,370,000원","2,590,000원","1,300,000원","1,000,000원","300,000원","54,409,201원"
경기도,군포시,https://www.hyundai.com/contents/repn-car/side-w/the-new-staria-lounge-electric-27pe-well-side.png,더 뉴 스타리아 라운지 Electric,2WD 오토 Prestige 7인승,"63,593,156원","66,900,000원","3,390,000원","2,290,000원","1,100,000원","600,000원","460,000원","140,000원","59,603,156원"
경기도,군포시,https://www.hyundai.com/contents/repn-car/side-w/the-new-staria-lounge-electric-27pe-well-side.png,더 뉴 스타리아 라운지 Electric,2WD 오토 Inspiration 7인승,"67,309,885원","70,810,000원","3,390,000원","2,290,000원","1,100,000원","600,000원","460,000원","140,000원","63,319,885원"
경기도,군포시,https://www.hyundai.com/contents/repn-car/side-w/GV60-27MY.png,GV60,GV60 스탠다드 2WD 19인치,"64,904,943원","68,280,000원","4,220,000원","2,850,000원","1,370,000원","740,000원","570,000원","170,000원","59,944,943원"
경기도,군포시,https://www.hyundai.com/contents/repn-car/side-w/GV60-27MY.png,GV60,GV60 스탠다드 AWD 19인치,"72,080,000원","72,080,000원","4,030,000원","2,720,000원","1,310,000원","700,000원","540,000원","160,000원","67,350,000원"
경기도,군포시,https://www.hyundai.com/contents/repn-car/side-w/GV60-27MY.png,GV60,GV60 스탠다드 AWD 20인치,"74,380,000원","74,380,000원","3,870,000원","2,610,000원","1,260,000원","680,000원","520,000원","160,000원","69,830,000원"
경기도,군포시,https://www.hyundai.com/contents/repn-car/side-w/ioniq9-27my-well-side.png,아이오닉 9,2WD 익스클루시브 19인치 7인승,"67,585,551원","71,100,000원","4,060,000원","2,740,000원","1,320,000원","720,000원","550,000원","170,000원","62,805,551원"
경기도,군포시,https://www.hyundai.com/contents/repn-car/side-w/ioniq9-27my-well-side.png,아이오닉 9,2WD 익스클루시브 19인치 6인승,"68,165,399원","71,710,000원","4,060,000원","2,740,000원","1,320,000원","720,000원","550,000원","170,000원","63,385,399원"
경기도,군포시,https://www.hyundai.com/contents/repn-car/side-w/ioniq9-27my-well-side.png,아이오닉 9,4WD(항속) 익스클루시브 19인치 7인승,"70,247,148원","73,900,000원","4,010,000원","2,710,000원","1,300,000원","700,000원","540,000원","160,000원","65,537,148원"
경기도,군포시,https://www.hyundai.com/contents/repn-car/side-w/ioniq9-27my-well-side.png,아이오닉 9,4WD(항속) 익스클루시브 19인치 6인승,"70,826,995원","74,510,000원","4,010,000원","2,710,000원","1,300,000원","700,000원","540,000원","160,000원","66,116,995원"
경기도,군포시,https://www.hyundai.com/contents/repn-car/side-w/ioniq9-27my-well-side.png,아이오닉 9,4WD(성능) 익스클루시브 19인치 7인승,"71,102,661원","74,800,000원","4,030,000원","2,720,000원","1,310,000원","700,000원","540,000원","160,000원","66,372,661원"
경기도,군포시,https://www.hyundai.com/contents/repn-car/side-w/ioniq9-27my-well-side.png,아이오닉 9,4WD(성능) 익스클루시브 19인치 6인승,"71,682,509원","75,410,000원","4,030,000원","2,720,000원","1,310,000원","700,000원","540,000원","160,000원","66,952,509원"
경기도,군포시,https://www.hyundai.com/contents/repn-car/side-w/ioniq9-27my-well-side.png,아이오닉 9,2WD 프레스티지 19인치 7인승,"73,241,445원","77,050,000원","4,060,000원","2,740,000원","1,320,000원","720,000원","550,000원","170,000원","68,461,445원"
경기도,군포시,https://www.hyundai.com/contents/repn-car/side-w/ioniq9-27my-well-side.png,아이오닉 9,2WD 프레스티지 21인치 7인승,"73,241,445원","77,050,000원","4,060,000원","2,740,000원","1,320,000원","720,000원","550,000원","170,000원","68,461,445원"
경기도,군포시,https://www.hyundai.com/contents/repn-car/side-w/ioniq9-27my-well-side.png,아이오닉 9,2WD 프레스티지 19인치 6인승,"73,735,741원","77,570,000원","4,060,000원","2,740,000원","1,320,000원","720,000원","550,000원","170,000원","68,955,741원"
경기도,군포시,https://www.hyundai.com/contents/repn-car/side-w/ioniq9-27my-well-side.png,아이오닉 9,2WD 프레스티지 21인치 6인승,"73,735,741원","77,570,000원","4,060,000원","2,740,000원","1,320,000원","720,000원","550,000원","170,000원","68,955,741원"
경기도,군포시,https://www.hyundai.com/contents/repn-car/side-w/ioniq9-27my-well-side.png,아이오닉 9,4WD(항속) 프레스티지 19인치 7인승,"75,903,041원","79,850,000원","4,010,000원","2,710,000원","1,300,000원","700,000원","540,000원","160,000원","71,193,041원"
경기도,군포시,https://www.hyundai.com/contents/repn-car/side-w/ioniq9-27my-well-side.png,아이오닉 9,4WD(항속) 프레스티지 21인치 7인승,"75,903,041원","79,850,000원","4,010,000원","2,710,000원","1,300,000원","700,000원","540,000원","160,000원","71,193,041원"
경기도,군포시,https://www.hyundai.com/contents/repn-car/side-w/ioniq9-27my-well-side.png,아이오닉 9,4WD(항속) 프레스티지 19인치 6인승,"76,397,338원","80,370,000원","4,010,000원","2,710,000원","1,300,000원","700,000원","540,000원","160,000원","71,687,338원"
경기도,군포시,https://www.hyundai.com/contents/repn-car/side-w/ioniq9-27my-well-side.png,아이오닉 9,4WD(항속) 프레스티지 21인치 6인승,"76,397,338원","80,370,000원","4,010,000원","2,710,000원","1,300,000원","700,000원","540,000원","160,000원","71,687,338원"
경기도,군포시,https://www.hyundai.com/contents/repn-car/side-w/ioniq9-27my-well-side.png,아이오닉 9,4WD(성능) 프레스티지 19인치 7인승,"76,758,555원","80,750,000원","4,030,000원","2,720,000원","1,310,000원","700,000원","540,000원","160,000원","72,028,555원"
경기도,군포시,https://www.hyundai.com/contents/repn-car/side-w/ioniq9-27my-well-side.png,아이오닉 9,4WD(성능) 프레스티지 21인치 7인승,"76,758,555원","80,750,000원","4,030,000원","2,720,000원","1,310,000원","700,000원","540,000원","160,000원","72,028,555원"
경기도,군포시,https://www.hyundai.com/contents/repn-car/side-w/ioniq9-27my-well-side.png,아이오닉 9,4WD(성능) 프레스티지 19인치 6인승,"77,252,851원","81,270,000원","4,030,000원","2,720,000원","1,310,000원","700,000원","540,000원","160,000원","72,522,851원"
경기도,군포시,https://www.hyundai.com/contents/repn-car/side-w/ioniq9-27my-well-side.png,아이오닉 9,4WD(성능) 프레스티지 21인치 6인승,"77,252,851원","81,270,000원","4,030,000원","2,720,000원","1,310,000원","700,000원","540,000원","160,000원","72,522,851원"
경기도,군포시,https://www.hyundai.com/contents/repn-car/side-w/ioniq9-27my-well-side.png,아이오닉 9,2WD 캘리그래피 19인치 7인승,"78,108,365원","82,170,000원","4,060,000원","2,740,000원","1,320,000원","720,000원","550,000원","170,000원","73,328,365원"
경기도,군포시,https://www.hyundai.com/contents/repn-car/side-w/ioniq9-27my-well-side.png,아이오닉 9,2WD 캘리그래피 21인치 7인승,"78,108,365원","82,170,000원","4,060,000원","2,740,000원","1,320,000원","720,000원","550,000원","170,000원","73,328,365원"
경기도,군포시,https://www.hyundai.com/contents/repn-car/side-w/ioniq9-27my-well-side.png,아이오닉 9,2WD 캘리그래피 19인치 6인승,"79,600,760원","83,740,000원","4,060,000원","2,740,000원","1,320,000원","720,000원","550,000원","170,000원","74,820,760원"
경기도,군포시,https://www.hyundai.com/contents/repn-car/side-w/ioniq9-27my-well-side.png,아이오닉 9,2WD 캘리그래피 21인치 6인승,"79,600,760원","83,740,000원","4,060,000원","2,740,000원","1,320,000원","720,000원","550,000원","170,000원","74,820,760원"
경기도,군포시,https://www.hyundai.com/contents/repn-car/side-w/ioniq9-27my-well-side.png,아이오닉 9,4WD(항속) 캘리그래피 19인치 7인승,"80,769,961원","84,970,000원","4,010,000원","2,710,000원","1,300,000원","700,000원","540,000원","160,000원","76,059,961원"
경기도,군포시,https://www.hyundai.com/contents/repn-car/side-w/ioniq9-27my-well-side.png,아이오닉 9,4WD(항속) 캘리그래피 21인치 7인승,"80,769,961원","84,970,000원","4,010,000원","2,710,000원","1,300,000원","700,000원","540,000원","160,000원","76,059,961원"
경기도,군포시,https://www.hyundai.com/contents/repn-car/side-w/ioniq9-27my-well-side.png,아이오닉 9,4WD(성능) 캘리그래피 19인치 7인승,"81,625,475원","85,870,000원","4,030,000원","2,720,000원","1,310,000원","700,000원","540,000원","160,000원","76,895,475원"
경기도,군포시,https://www.hyundai.com/contents/repn-car/side-w/ioniq9-27my-well-side.png,아이오닉 9,4WD(성능) 캘리그래피 21인치 7인승,"81,625,475원","85,870,000원","4,030,000원","2,720,000원","1,310,000원","700,000원","540,000원","160,000원","76,895,475원"
경기도,군포시,https://www.hyundai.com/contents/repn-car/side-w/ioniq9-27my-well-side.png,아이오닉 9,4WD(항속) 캘리그래피 19인치 6인승,"82,262,357원","86,540,000원","4,010,000원","2,710,000원","1,300,000원","700,000원","540,000원","160,000원","77,552,357원"
경기도,군포시,https://www.hyundai.com/contents/repn-car/side-w/ioniq9-27my-well-side.png,아이오닉 9,4WD(항속) 캘리그래피 21인치 6인승,"82,262,357원","86,540,000원","4,010,000원","2,710,000원","1,300,000원","700,000원","540,000원","160,000원","77,552,357원"
경기도,군포시,https://www.hyundai.com/contents/repn-car/side-w/ioniq9-27my-well-side.png,아이오닉 9,4WD(성능) 캘리그래피 19인치 6인승,"83,149,999원","87,440,000원","4,030,000원","2,720,000원","1,310,000원","700,000원","540,000원","160,000원","78,419,999원"
경기도,군포시,https://www.hyundai.com/contents/repn-car/side-w/ioniq9-27my-well-side.png,아이오닉 9,4WD(성능) 캘리그래피 21인치 6인승,"83,149,999원","87,440,000원","4,030,000원","2,720,000원","1,310,000원","700,000원","540,000원","160,000원","78,419,999원"
경기도,군포시,https://www.hyundai.com/contents/repn-car/side-w/Electrified-GV70-27MY.png,Electrified GV70,ELECTRIFIED GV70 AWD 19인치,"75,798,478원","79,740,000원","3,870,000원","2,610,000원","1,260,000원","680,000원","520,000원","160,000원","71,248,478원"
경기도,군포시,https://www.hyundai.com/contents/repn-car/side-w/Electrified-GV70-27MY.png,Electrified GV70,ELECTRIFIED GV70 AWD 20인치,"76,558,935원","80,540,000원","3,630,000원","2,450,000원","1,180,000원","640,000원","490,000원","150,000원","72,288,935원"
경기도,군포시,https://www.hyundai.com/contents/repn-car/side-w/ioniq6-n-25lc-well-side.png,아이오닉 6 N,4WD N,"79,904,942원","84,060,000원","3,700,000원","2,500,000원","1,200,000원","650,000원","500,000원","150,000원","75,554,942원"
경기도,군포시,https://www.hyundai.com/contents/repn-car/side-w/g80_ev_27my-well-side.png,Electrified G80,ELECTRIFIED G80,"84,790,000원","89,080,000원","4,000,000원","2,700,000원","1,300,000원","700,000원","540,000원","160,000원","80,090,000원"
경기도,군포시,https://www.hyundai.com/contents/repn-car/side-w/g80_ev_27my-well-side.png,Electrified G80,ELECTRIFIED G80,"87,790,000원","92,080,000원","4,000,000원","2,700,000원","1,300,000원","700,000원","540,000원","160,000원","83,090,000원"
경기도,군포시,https://www.hyundai.com/contents/repn-car/side-w/the-new-staria-limousine-electric-27pe-well-side.png,더 뉴 스타리아 리무진 Electric,2WD 오토 Inspiration 리무진,"84,820,000원","89,110,000원","3,390,000원","2,290,000원","1,100,000원","600,000원","460,000원","140,000원","80,830,000원"
경기도,군포시,https://www.hyundai.com/contents/repn-car/side-w/porter2-electric-26my-well-side.png,포터 II Electric ,오토 스타일스페셜,"43,500,000원","43,500,000원","14,130,000원","9,680,000원","4,450,000원","1,300,000원","1,000,000원","300,000원","28,070,000원"
경기도,군포시,https://www.hyundai.com/contents/repn-car/side-w/porter2-electric-26my-well-side.png,포터 II Electric ,오토 스마트스페셜,"44,850,000원","44,850,000원","14,130,000원","9,680,000원","4,450,000원","1,300,000원","1,000,000원","300,000원","29,420,000원"
경기도,군포시,https://www.hyundai.com/contents/repn-car/side-w/porter2-electric-26my-well-side.png,포터 II Electric ,오토 프리미엄스페셜,"46,450,000원","46,450,000원","14,130,000원","9,680,000원","4,450,000원","1,300,000원","1,000,000원","300,000원","31,020,000원"
경기도,군포시,https://www.hyundai.com/contents/repn-car/side-w/porter2-electric-built-in-truck-26my-45side.png,포터II Electric 내장탑차,오토 스마트스페셜 저상,"49,030,000원","49,030,000원","11,380,000원","7,800,000원","3,580,000원","1,200,000원","920,000원","280,000원","36,450,000원"
경기도,군포시,https://www.hyundai.com/contents/repn-car/side-w/porter2-electric-built-in-truck-26my-45side.png,포터II Electric 내장탑차,오토 스마트스페셜,"50,250,000원","50,250,000원","11,380,000원","7,800,000원","3,580,000원","1,200,000원","920,000원","280,000원","37,670,000원"
경기도,군포시,https://www.hyundai.com/contents/repn-car/side-w/porter2-electric-built-in-truck-26my-45side.png,포터II Electric 내장탑차,오토 스마트스페셜 하이,"51,130,000원","51,130,000원","11,380,000원","7,800,000원","3,580,000원","1,200,000원","920,000원","280,000원","38,550,000원"
경기도,군포시,https://www.hyundai.com/contents/repn-car/side-w/porter2-electric-powergate-truck-26my-45side.png,포터II Electric 파워게이트,오토 스마트스페셜,"50,000,000원","50,000,000원","11,380,000원","7,800,000원","3,580,000원","1,200,000원","920,000원","280,000원","37,420,000원"
경기도,군포시,https://www.hyundai.com/contents/repn-car/side-w/porter2-electric-wingbody-26my-45side.png,포터II Electric 윙바디,오토 스마트스페셜 수동식,"51,030,000원","51,030,000원","11,380,000원","7,800,000원","3,580,000원","1,200,000원","920,000원","280,000원","38,450,000원"
경기도,군포시,https://www.hyundai.com/contents/repn-car/side-w/porter2-electric-wingbody-26my-45side.png,포터II Electric 윙바디,오토 스마트스페셜 전동식,"55,240,000원","55,240,000원","11,380,000원","7,800,000원","3,580,000원","1,200,000원","920,000원","280,000원","42,660,000원"
경기도,군포시,https://www.hyundai.com/contents/repn-car/side-w/the-new-staria-electric-27pe-well-side.png,더 뉴 스타리아 Electric,2WD 오토 Modern 3인승,"57,920,000원","57,920,000원","17,520,000원","12,000,000원","5,520,000원","1,300,000원","1,000,000원","300,000원","39,100,000원"
경기도,군포시,https://www.hyundai.com/contents/repn-car/side-w/the-new-staria-electric-27pe-well-side.png,더 뉴 스타리아 Electric,2WD 오토 Modern 5인승,"58,700,000원","58,700,000원","17,520,000원","12,000,000원","5,520,000원","1,300,000원","1,000,000원","300,000원","39,880,000원"
경기도,군포시,https://www.hyundai.com/contents/repn-car/side-w/st1-hightop-27my-well-side.png,ST1 하이탑차,오토 스마트,"58,830,000원","58,830,000원","16,060,000원","11,000,000원","5,060,000원","1,300,000원","1,000,000원","300,000원","41,470,000원"
경기도,군포시,https://www.hyundai.com/contents/repn-car/side-w/st1-27my-well-side.png,ST1 카고,오토 스타일,"59,460,000원","59,460,000원","17,520,000원","12,000,000원","5,520,000원","1,300,000원","1,000,000원","300,000원","40,640,000원"
경기도,군포시,https://www.hyundai.com/contents/repn-car/side-w/st1-27my-well-side.png,ST1 카고,오토 스마트,"61,230,000원","61,230,000원","17,520,000원","12,000,000원","5,520,000원","1,300,000원","1,000,000원","300,000원","42,410,000원"
경기도,군포시,https://www.hyundai.com/contents/repn-car/side-w/st1-27my-well-side.png,ST1 카고,오토 프리미엄,"65,710,000원","65,710,000원","17,520,000원","12,000,000원","5,520,000원","1,300,000원","1,000,000원","300,000원","46,890,000원"
경기도,군포시,https://www.hyundai.com/contents/repn-car/side-w/st1-freezer-truck-27my-well-side.png,ST1 카고 냉동,오토 스마트,"69,580,000원","69,580,000원","21,170,000원","14,500,000원","6,670,000원","1,300,000원","1,000,000원","300,000원","47,110,000원"
경기도,군포시,https://www.hyundai.com/contents/repn-car/side-w/st1-freezer-truck-27my-well-side.png,ST1 카고 냉동,오토 프리미엄,"74,060,000원","74,060,000원","21,170,000원","14,500,000원","6,670,000원","1,300,000원","1,000,000원","300,000원","51,590,000원"
경기도,군포시,https://www.hyundai.com/contents/repn-car/side-w/the-new-staria-electric-27pe-well-side.png,더 뉴 스타리아 Electric,2WD 오토 Modern 11인승,"60,290,000원","60,290,000원","19,500,000원","15,000,000원","4,500,000원",0원,0원,0원,"40,790,000원"
경기도,군포시,https://www.hyundai.com/contents/repn-car/side-w/the-new-staria-lounge-electric-27pe-well-side.png,더 뉴 스타리아 라운지 Electric,2WD 오토 Prestige 11인승 라운지,"65,490,000원","65,490,000원","19,500,000원","15,000,000원","4,500,000원",0원,0원,0원,"45,990,000원"
경기도,군포시,https://www.hyundai.com/contents/repn-car/side-w/nexo-27my-well-side.png,넥쏘,2WD 모던,"76,470,532원","80,447,000원","32,500,000원","22,500,000원","10,000,000원",0원,0원,0원,"43,970,532원"
경기도,군포시,https://www.hyundai.com/contents/repn-car/side-w/nexo-27my-well-side.png,넥쏘,2WD 익스클루시브,"79,369,771원","83,497,000원","32,500,000원","22,500,000원","10,000,000원",0원,0원,0원,"46,869,771원"
경기도,군포시,https://www.hyundai.com/contents/repn-car/side-w/nexo-27my-well-side.png,넥쏘,2WD 프레스티지,"83,789,923원","88,147,000원","32,500,000원","22,500,000원","10,000,000원",0원,0원,0원,"51,289,923원"
경기도,이천시,https://www.hyundai.com/contents/repn-car/side-w/casper_ev_26my_well_side.png,2027 캐스퍼 일렉트릭,캐스퍼 일렉트릭 기본형 15인치,"28,469,581원","29,950,000원","7,350,000원","4,900,000원","2,450,000원","1,270,000원","980,000원","290,000원","19,849,581원"
경기도,이천시,https://www.hyundai.com/contents/repn-car/side-w/casper_ev_26my_well_side.png,2027 캐스퍼 일렉트릭,캐스퍼 일렉트릭 항속형 15인치,"32,119,772원","33,790,000원","7,350,000원","4,900,000원","2,450,000원","1,270,000원","980,000원","290,000원","23,499,772원"
경기도,이천시,https://www.hyundai.com/contents/repn-car/side-w/casper_ev_26my_well_side.png,2027 캐스퍼 일렉트릭,캐스퍼 일렉트릭 항속형 17인치,"32,119,772원","33,790,000원","7,350,000원","4,900,000원","2,450,000원","1,270,000원","980,000원","290,000원","23,499,772원"
경기도,이천시,https://www.hyundai.com/contents/repn-car/side-w/casper_ev_26my_well_side.png,2027 캐스퍼 일렉트릭,캐스퍼 일렉트릭 크로스 17인치,"34,125,474원","35,900,000원","7,300,000원","4,870,000원","2,430,000원","1,260,000원","970,000원","290,000원","25,565,474원"
경기도,이천시,https://www.hyundai.com/contents/repn-car/side-w/casper_ev_26my_well_side.png,2027 캐스퍼 일렉트릭,캐스퍼 일렉트릭 라운지 17인치,"34,572,243원","36,370,000원","7,350,000원","4,900,000원","2,450,000원","1,270,000원","980,000원","290,000원","25,952,243원"
경기도,이천시,https://www.hyundai.com/contents/repn-car/side-w/kona-electric-25my-well-side.png,코나 Electric,기본형 E-Value +,"41,520,912원","43,680,000원","6,550,000원","4,370,000원","2,180,000원","1,130,000원","870,000원","260,000원","33,840,912원"
경기도,이천시,https://www.hyundai.com/contents/repn-car/side-w/kona-electric-25my-well-side.png,코나 Electric,기본형 Premium,"43,564,638원","45,830,000원","6,550,000원","4,370,000원","2,180,000원","1,130,000원","870,000원","260,000원","35,884,638원"
경기도,이천시,https://www.hyundai.com/contents/repn-car/side-w/kona-electric-25my-well-side.png,코나 Electric,항속형 Modern plus,"45,655,893원","48,030,000원","7,710,000원","5,140,000원","2,570,000원","1,300,000원","1,000,000원","300,000원","36,645,893원"
경기도,이천시,https://www.hyundai.com/contents/repn-car/side-w/kona-electric-25my-well-side.png,코나 Electric,항속형 Modern plus 스타일 Ⅱ,"45,655,893원","48,030,000원","7,710,000원","5,140,000원","2,570,000원","1,300,000원","1,000,000원","300,000원","36,645,893원"
경기도,이천시,https://www.hyundai.com/contents/repn-car/side-w/kona-electric-25my-well-side.png,코나 Electric,항속형 Premium,"46,568,440원","48,990,000원","7,710,000원","5,140,000원","2,570,000원","1,300,000원","1,000,000원","300,000원","37,558,440원"
경기도,이천시,https://www.hyundai.com/contents/repn-car/side-w/kona-electric-25my-well-side.png,코나 Electric,항속형 Premium 빌트인 캠 2,"46,568,440원","48,990,000원","7,710,000원","5,140,000원","2,570,000원","1,300,000원","1,000,000원","300,000원","37,558,440원"
경기도,이천시,https://www.hyundai.com/contents/repn-car/side-w/kona-electric-25my-well-side.png,코나 Electric,항속형 Premium 스타일 Ⅱ,"46,568,440원","48,990,000원","7,710,000원","5,140,000원","2,570,000원","1,300,000원","1,000,000원","300,000원","37,558,440원"
경기도,이천시,https://www.hyundai.com/contents/repn-car/side-w/kona-electric-25my-well-side.png,코나 Electric,항속형 Inspiration,"49,923,954원","52,520,000원","6,880,000원","4,590,000원","2,290,000원","1,200,000원","920,000원","280,000원","41,843,954원"
경기도,이천시,https://www.hyundai.com/contents/repn-car/side-w/kona-electric-25my-well-side.png,코나 Electric,항속형 N Line Inspiration,"50,865,018원","53,510,000원","6,880,000원","4,590,000원","2,290,000원","1,200,000원","920,000원","280,000원","42,785,018원"
경기도,이천시,https://www.hyundai.com/contents/repn-car/side-w/ioniq5-27my-well-side.png,아이오닉 5,2WD E-Value +(스탠다드) 19인치,"47,347,908원","49,810,000원","7,240,000원","4,830,000원","2,410,000원","1,260,000원","970,000원","290,000원","38,847,908원"
경기도,이천시,https://www.hyundai.com/contents/repn-car/side-w/ioniq5-27my-well-side.png,아이오닉 5,2WD E-Lite(롱레인지) 19인치,"50,636,881원","53,270,000원","8,500,000원","5,670,000원","2,830,000원","1,300,000원","1,000,000원","300,000원","40,836,881원"
경기도,이천시,https://www.hyundai.com/contents/repn-car/side-w/ioniq5-27my-well-side.png,아이오닉 5,2WD 모던(롱레인지) 19인치,"52,899,239원","55,650,000원","8,500,000원","5,670,000원","2,830,000원","1,300,000원","1,000,000원","300,000원","43,099,239원"
경기도,이천시,https://www.hyundai.com/contents/repn-car/side-w/ioniq5-27my-well-side.png,아이오닉 5,4WD E-Lite(롱레인지) 19인치,"52,984,791원","55,740,000원","8,370,000원","5,580,000원","2,790,000원","1,300,000원","1,000,000원","300,000원","43,314,791원"
경기도,이천시,https://www.hyundai.com/contents/repn-car/side-w/ioniq5-27my-well-side.png,아이오닉 5,2WD 모던(롱레인지) 19인치 빌트인캠 2 + 증강현실 내비게이션,"52,899,239원","55,650,000원","8,500,000원","5,670,000원","2,830,000원","1,300,000원","1,000,000원","300,000원","43,099,239원"
경기도,이천시,https://www.hyundai.com/contents/repn-car/side-w/ioniq5-27my-well-side.png,아이오닉 5,4WD 모던(롱레인지) 19인치,"55,247,148원","58,120,000원","8,370,000원","5,580,000원","2,790,000원","1,300,000원","1,000,000원","300,000원","45,577,148원"
경기도,이천시,https://www.hyundai.com/contents/repn-car/side-w/ioniq5-27my-well-side.png,아이오닉 5,2WD 프리미엄(롱레인지) 19인치,"58,241,444원","61,270,000원","8,500,000원","5,670,000원","2,830,000원","1,300,000원","1,000,000원","300,000원","48,441,444원"
경기도,이천시,https://www.hyundai.com/contents/repn-car/side-w/ioniq5-27my-well-side.png,아이오닉 5,2WD 프리미엄(롱레인지) 19인치 빌트인캠 2 + 증강현실 내비게이션,"58,241,444원","61,270,000원","8,500,000원","5,670,000원","2,830,000원","1,300,000원","1,000,000원","300,000원","48,441,444원"
경기도,이천시,https://www.hyundai.com/contents/repn-car/side-w/ioniq5-27my-well-side.png,아이오닉 5,2WD 프리미엄(롱레인지) 20인치,"58,707,224원","61,760,000원","8,380,000원","5,590,000원","2,790,000원","1,300,000원","1,000,000원","300,000원","49,027,224원"
경기도,이천시,https://www.hyundai.com/contents/repn-car/side-w/ioniq5-27my-well-side.png,아이오닉 5,2WD N LINE(롱레인지) 20인치,"59,448,669원","62,540,000원","8,110,000원","5,410,000원","2,700,000원","1,300,000원","1,000,000원","300,000원","50,038,669원"
경기도,이천시,https://www.hyundai.com/contents/repn-car/side-w/ioniq5-27my-well-side.png,아이오닉 5,4WD 프리미엄(롱레인지) 19인치,"60,589,354원","63,740,000원","8,370,000원","5,580,000원","2,790,000원","1,300,000원","1,000,000원","300,000원","50,919,354원"
경기도,이천시,https://www.hyundai.com/contents/repn-car/side-w/ioniq5-27my-well-side.png,아이오닉 5,4WD 프리미엄(롱레인지) 20인치,"61,055,132원","64,230,000원","7,980,000원","5,320,000원","2,660,000원","1,300,000원","1,000,000원","300,000원","51,775,132원"
경기도,이천시,https://www.hyundai.com/contents/repn-car/side-w/ioniq5-27my-well-side.png,아이오닉 5,2WD 인스퍼레이션(롱레인지) 19인치,"61,283,270원","64,470,000원","8,500,000원","5,670,000원","2,830,000원","1,300,000원","1,000,000원","300,000원","51,483,270원"
경기도,이천시,https://www.hyundai.com/contents/repn-car/side-w/ioniq5-27my-well-side.png,아이오닉 5,2WD 인스퍼레이션(롱레인지) 19인치 빌트인캠 2 + 증강현실 내비게이션,"61,283,270원","64,470,000원","8,500,000원","5,670,000원","2,830,000원","1,300,000원","1,000,000원","300,000원","51,483,270원"
경기도,이천시,https://www.hyundai.com/contents/repn-car/side-w/ioniq5-27my-well-side.png,아이오닉 5,2WD 인스퍼레이션(롱레인지) 20인치,"61,749,048원","64,960,000원","8,380,000원","5,590,000원","2,790,000원","1,300,000원","1,000,000원","300,000원","52,069,048원"
경기도,이천시,https://www.hyundai.com/contents/repn-car/side-w/ioniq5-27my-well-side.png,아이오닉 5,4WD N LINE(롱레인지) 20인치,"61,796,577원","65,010,000원","7,650,000원","5,100,000원","2,550,000원","1,300,000원","1,000,000원","300,000원","52,846,577원"
경기도,이천시,https://www.hyundai.com/contents/repn-car/side-w/ioniq5-27my-well-side.png,아이오닉 5,4WD 인스퍼레이션(롱레인지) 19인치,"63,631,178원","66,940,000원","8,370,000원","5,580,000원","2,790,000원","1,300,000원","1,000,000원","300,000원","53,961,178원"
경기도,이천시,https://www.hyundai.com/contents/repn-car/side-w/ioniq5-27my-well-side.png,아이오닉 5,4WD 인스퍼레이션(롱레인지) 20인치,"64,096,958원","67,430,000원","7,980,000원","5,320,000원","2,660,000원","1,300,000원","1,000,000원","300,000원","54,816,958원"
경기도,이천시,https://www.hyundai.com/contents/repn-car/side-w/ioniq6-25fl-well-side.png,더 뉴 아이오닉 6,2WD E-Value +(스탠다드) 18인치,"48,564,639원","51,090,000원","8,400,000원","5,600,000원","2,800,000원","1,300,000원","1,000,000원","300,000원","38,864,639원"
경기도,이천시,https://www.hyundai.com/contents/repn-car/side-w/ioniq6-25fl-well-side.png,더 뉴 아이오닉 6,2WD E-LITE(롱레인지) 18인치,"50,636,881원","53,270,000원","8,550,000원","5,700,000원","2,850,000원","1,300,000원","1,000,000원","300,000원","40,786,881원"
경기도,이천시,https://www.hyundai.com/contents/repn-car/side-w/ioniq6-25fl-well-side.png,더 뉴 아이오닉 6,2WD Exclusive(스탠다드) 18인치,"50,950,570원","53,600,000원","8,400,000원","5,600,000원","2,800,000원","1,300,000원","1,000,000원","300,000원","41,250,570원"
경기도,이천시,https://www.hyundai.com/contents/repn-car/side-w/ioniq6-25fl-well-side.png,더 뉴 아이오닉 6,2WD E-LITE(롱레인지) 20인치,"51,197,719원","53,860,000원","8,550,000원","5,700,000원","2,850,000원","1,300,000원","1,000,000원","300,000원","41,347,719원"
경기도,이천시,https://www.hyundai.com/contents/repn-car/side-w/ioniq6-25fl-well-side.png,더 뉴 아이오닉 6,4WD E-LITE(롱레인지) 18인치,"52,984,791원","55,740,000원","8,550,000원","5,700,000원","2,850,000원","1,300,000원","1,000,000원","300,000원","43,134,791원"
경기도,이천시,https://www.hyundai.com/contents/repn-car/side-w/ioniq6-25fl-well-side.png,더 뉴 아이오닉 6,4WD E-LITE(롱레인지) 20인치,"53,545,627원","56,330,000원","8,290,000원","5,530,000원","2,760,000원","1,300,000원","1,000,000원","300,000원","43,955,627원"
경기도,이천시,https://www.hyundai.com/contents/repn-car/side-w/ioniq6-25fl-well-side.png,더 뉴 아이오닉 6,2WD Exclusive(롱레인지) 18인치,"55,152,091원","58,020,000원","8,550,000원","5,700,000원","2,850,000원","1,300,000원","1,000,000원","300,000원","45,302,091원"
경기도,이천시,https://www.hyundai.com/contents/repn-car/side-w/ioniq6-25fl-well-side.png,더 뉴 아이오닉 6,2WD Prestige(스탠다드) 18인치,"55,532,319원","58,420,000원","8,400,000원","5,600,000원","2,800,000원","1,300,000원","1,000,000원","300,000원","45,832,319원"
경기도,이천시,https://www.hyundai.com/contents/repn-car/side-w/ioniq6-25fl-well-side.png,더 뉴 아이오닉 6,2WD Exclusive(롱레인지) 20인치,"55,712,927원","58,610,000원","8,550,000원","5,700,000원","2,850,000원","1,300,000원","1,000,000원","300,000원","45,862,927원"
경기도,이천시,https://www.hyundai.com/contents/repn-car/side-w/ioniq6-25fl-well-side.png,더 뉴 아이오닉 6,2WD N Line Exclusive(롱레인지) 20인치,"57,452,472원","60,440,000원","8,550,000원","5,700,000원","2,850,000원","1,300,000원","1,000,000원","300,000원","47,602,472원"
경기도,이천시,https://www.hyundai.com/contents/repn-car/side-w/ioniq6-25fl-well-side.png,더 뉴 아이오닉 6,4WD Exclusive(롱레인지) 18인치,"57,499,999원","60,490,000원","8,550,000원","5,700,000원","2,850,000원","1,300,000원","1,000,000원","300,000원","47,649,999원"
경기도,이천시,https://www.hyundai.com/contents/repn-car/side-w/ioniq6-25fl-well-side.png,더 뉴 아이오닉 6,4WD Exclusive(롱레인지) 20인치,"58,060,836원","61,080,000원","8,290,000원","5,530,000원","2,760,000원","1,300,000원","1,000,000원","300,000원","48,470,836원"
경기도,이천시,https://www.hyundai.com/contents/repn-car/side-w/ioniq6-25fl-well-side.png,더 뉴 아이오닉 6,2WD Prestige(롱레인지) 18인치,"59,724,335원","62,830,000원","8,550,000원","5,700,000원","2,850,000원","1,300,000원","1,000,000원","300,000원","49,874,335원"
경기도,이천시,https://www.hyundai.com/contents/repn-car/side-w/ioniq6-25fl-well-side.png,더 뉴 아이오닉 6,4WD N Line Exclusive(롱레인지) 20인치,"59,800,380원","62,910,000원","8,050,000원","5,370,000원","2,680,000원","1,300,000원","1,000,000원","300,000원","50,450,380원"
경기도,이천시,https://www.hyundai.com/contents/repn-car/side-w/ioniq6-25fl-well-side.png,더 뉴 아이오닉 6,2WD Prestige(롱레인지) 20인치,"60,285,171원","63,420,000원","8,550,000원","5,700,000원","2,850,000원","1,300,000원","1,000,000원","300,000원","50,435,171원"
경기도,이천시,https://www.hyundai.com/contents/repn-car/side-w/ioniq6-25fl-well-side.png,더 뉴 아이오닉 6,2WD N Line Prestige(롱레인지) 20인치,"61,321,293원","64,510,000원","8,550,000원","5,700,000원","2,850,000원","1,300,000원","1,000,000원","300,000원","51,471,293원"
경기도,이천시,https://www.hyundai.com/contents/repn-car/side-w/ioniq6-25fl-well-side.png,더 뉴 아이오닉 6,4WD Prestige(롱레인지) 18인치,"62,072,243원","65,300,000원","8,550,000원","5,700,000원","2,850,000원","1,300,000원","1,000,000원","300,000원","52,222,243원"
경기도,이천시,https://www.hyundai.com/contents/repn-car/side-w/ioniq6-25fl-well-side.png,더 뉴 아이오닉 6,4WD Prestige(롱레인지) 20인치,"62,633,079원","65,890,000원","8,290,000원","5,530,000원","2,760,000원","1,300,000원","1,000,000원","300,000원","53,043,079원"
경기도,이천시,https://www.hyundai.com/contents/repn-car/side-w/ioniq6-25fl-well-side.png,더 뉴 아이오닉 6,4WD N Line Prestige(롱레인지) 20인치,"63,669,201원","66,980,000원","8,050,000원","5,370,000원","2,680,000원","1,300,000원","1,000,000원","300,000원","54,319,201원"
경기도,이천시,https://www.hyundai.com/contents/repn-car/side-w/the-new-staria-lounge-electric-27pe-well-side.png,더 뉴 스타리아 라운지 Electric,2WD 오토 Prestige 7인승,"63,593,156원","66,900,000원","3,430,000원","2,290,000원","1,140,000원","600,000원","460,000원","140,000원","59,563,156원"
경기도,이천시,https://www.hyundai.com/contents/repn-car/side-w/the-new-staria-lounge-electric-27pe-well-side.png,더 뉴 스타리아 라운지 Electric,2WD 오토 Inspiration 7인승,"67,309,885원","70,810,000원","3,430,000원","2,290,000원","1,140,000원","600,000원","460,000원","140,000원","63,279,885원"
경기도,이천시,https://www.hyundai.com/contents/repn-car/side-w/GV60-27MY.png,GV60,GV60 스탠다드 2WD 19인치,"64,904,943원","68,280,000원","4,270,000원","2,850,000원","1,420,000원","740,000원","570,000원","170,000원","59,894,943원"
경기도,이천시,https://www.hyundai.com/contents/repn-car/side-w/GV60-27MY.png,GV60,GV60 스탠다드 AWD 19인치,"72,080,000원","72,080,000원","4,080,000원","2,720,000원","1,360,000원","700,000원","540,000원","160,000원","67,300,000원"
경기도,이천시,https://www.hyundai.com/contents/repn-car/side-w/GV60-27MY.png,GV60,GV60 스탠다드 AWD 20인치,"74,380,000원","74,380,000원","3,910,000원","2,610,000원","1,300,000원","680,000원","520,000원","160,000원","69,790,000원"
경기도,이천시,https://www.hyundai.com/contents/repn-car/side-w/ioniq9-27my-well-side.png,아이오닉 9,2WD 익스클루시브 19인치 7인승,"67,585,551원","71,100,000원","4,110,000원","2,740,000원","1,370,000원","720,000원","550,000원","170,000원","62,755,551원"
경기도,이천시,https://www.hyundai.com/contents/repn-car/side-w/ioniq9-27my-well-side.png,아이오닉 9,2WD 익스클루시브 19인치 6인승,"68,165,399원","71,710,000원","4,110,000원","2,740,000원","1,370,000원","720,000원","550,000원","170,000원","63,335,399원"
경기도,이천시,https://www.hyundai.com/contents/repn-car/side-w/ioniq9-27my-well-side.png,아이오닉 9,4WD(항속) 익스클루시브 19인치 7인승,"70,247,148원","73,900,000원","4,060,000원","2,710,000원","1,350,000원","700,000원","540,000원","160,000원","65,487,148원"
경기도,이천시,https://www.hyundai.com/contents/repn-car/side-w/ioniq9-27my-well-side.png,아이오닉 9,4WD(항속) 익스클루시브 19인치 6인승,"70,826,995원","74,510,000원","4,060,000원","2,710,000원","1,350,000원","700,000원","540,000원","160,000원","66,066,995원"
경기도,이천시,https://www.hyundai.com/contents/repn-car/side-w/ioniq9-27my-well-side.png,아이오닉 9,4WD(성능) 익스클루시브 19인치 7인승,"71,102,661원","74,800,000원","4,080,000원","2,720,000원","1,360,000원","700,000원","540,000원","160,000원","66,322,661원"
경기도,이천시,https://www.hyundai.com/contents/repn-car/side-w/ioniq9-27my-well-side.png,아이오닉 9,4WD(성능) 익스클루시브 19인치 6인승,"71,682,509원","75,410,000원","4,080,000원","2,720,000원","1,360,000원","700,000원","540,000원","160,000원","66,902,509원"
경기도,이천시,https://www.hyundai.com/contents/repn-car/side-w/ioniq9-27my-well-side.png,아이오닉 9,2WD 프레스티지 19인치 7인승,"73,241,445원","77,050,000원","4,110,000원","2,740,000원","1,370,000원","720,000원","550,000원","170,000원","68,411,445원"
경기도,이천시,https://www.hyundai.com/contents/repn-car/side-w/ioniq9-27my-well-side.png,아이오닉 9,2WD 프레스티지 21인치 7인승,"73,241,445원","77,050,000원","4,110,000원","2,740,000원","1,370,000원","720,000원","550,000원","170,000원","68,411,445원"
경기도,이천시,https://www.hyundai.com/contents/repn-car/side-w/ioniq9-27my-well-side.png,아이오닉 9,2WD 프레스티지 19인치 6인승,"73,735,741원","77,570,000원","4,110,000원","2,740,000원","1,370,000원","720,000원","550,000원","170,000원","68,905,741원"
경기도,이천시,https://www.hyundai.com/contents/repn-car/side-w/ioniq9-27my-well-side.png,아이오닉 9,2WD 프레스티지 21인치 6인승,"73,735,741원","77,570,000원","4,110,000원","2,740,000원","1,370,000원","720,000원","550,000원","170,000원","68,905,741원"
경기도,이천시,https://www.hyundai.com/contents/repn-car/side-w/ioniq9-27my-well-side.png,아이오닉 9,4WD(항속) 프레스티지 19인치 7인승,"75,903,041원","79,850,000원","4,060,000원","2,710,000원","1,350,000원","700,000원","540,000원","160,000원","71,143,041원"
경기도,이천시,https://www.hyundai.com/contents/repn-car/side-w/ioniq9-27my-well-side.png,아이오닉 9,4WD(항속) 프레스티지 21인치 7인승,"75,903,041원","79,850,000원","4,060,000원","2,710,000원","1,350,000원","700,000원","540,000원","160,000원","71,143,041원"
경기도,이천시,https://www.hyundai.com/contents/repn-car/side-w/ioniq9-27my-well-side.png,아이오닉 9,4WD(항속) 프레스티지 19인치 6인승,"76,397,338원","80,370,000원","4,060,000원","2,710,000원","1,350,000원","700,000원","540,000원","160,000원","71,637,338원"
경기도,이천시,https://www.hyundai.com/contents/repn-car/side-w/ioniq9-27my-well-side.png,아이오닉 9,4WD(항속) 프레스티지 21인치 6인승,"76,397,338원","80,370,000원","4,060,000원","2,710,000원","1,350,000원","700,000원","540,000원","160,000원","71,637,338원"
경기도,이천시,https://www.hyundai.com/contents/repn-car/side-w/ioniq9-27my-well-side.png,아이오닉 9,4WD(성능) 프레스티지 19인치 7인승,"76,758,555원","80,750,000원","4,080,000원","2,720,000원","1,360,000원","700,000원","540,000원","160,000원","71,978,555원"
경기도,이천시,https://www.hyundai.com/contents/repn-car/side-w/ioniq9-27my-well-side.png,아이오닉 9,4WD(성능) 프레스티지 21인치 7인승,"76,758,555원","80,750,000원","4,080,000원","2,720,000원","1,360,000원","700,000원","540,000원","160,000원","71,978,555원"
경기도,이천시,https://www.hyundai.com/contents/repn-car/side-w/ioniq9-27my-well-side.png,아이오닉 9,4WD(성능) 프레스티지 19인치 6인승,"77,252,851원","81,270,000원","4,080,000원","2,720,000원","1,360,000원","700,000원","540,000원","160,000원","72,472,851원"
경기도,이천시,https://www.hyundai.com/contents/repn-car/side-w/ioniq9-27my-well-side.png,아이오닉 9,4WD(성능) 프레스티지 21인치 6인승,"77,252,851원","81,270,000원","4,080,000원","2,720,000원","1,360,000원","700,000원","540,000원","160,000원","72,472,851원"
경기도,이천시,https://www.hyundai.com/contents/repn-car/side-w/ioniq9-27my-well-side.png,아이오닉 9,2WD 캘리그래피 19인치 7인승,"78,108,365원","82,170,000원","4,110,000원","2,740,000원","1,370,000원","720,000원","550,000원","170,000원","73,278,365원"
경기도,이천시,https://www.hyundai.com/contents/repn-car/side-w/ioniq9-27my-well-side.png,아이오닉 9,2WD 캘리그래피 21인치 7인승,"78,108,365원","82,170,000원","4,110,000원","2,740,000원","1,370,000원","720,000원","550,000원","170,000원","73,278,365원"
경기도,이천시,https://www.hyundai.com/contents/repn-car/side-w/ioniq9-27my-well-side.png,아이오닉 9,2WD 캘리그래피 19인치 6인승,"79,600,760원","83,740,000원","4,110,000원","2,740,000원","1,370,000원","720,000원","550,000원","170,000원","74,770,760원"
경기도,이천시,https://www.hyundai.com/contents/repn-car/side-w/ioniq9-27my-well-side.png,아이오닉 9,2WD 캘리그래피 21인치 6인승,"79,600,760원","83,740,000원","4,110,000원","2,740,000원","1,370,000원","720,000원","550,000원","170,000원","74,770,760원"
경기도,이천시,https://www.hyundai.com/contents/repn-car/side-w/ioniq9-27my-well-side.png,아이오닉 9,4WD(항속) 캘리그래피 19인치 7인승,"80,769,961원","84,970,000원","4,060,000원","2,710,000원","1,350,000원","700,000원","540,000원","160,000원","76,009,961원"
경기도,이천시,https://www.hyundai.com/contents/repn-car/side-w/ioniq9-27my-well-side.png,아이오닉 9,4WD(항속) 캘리그래피 21인치 7인승,"80,769,961원","84,970,000원","4,060,000원","2,710,000원","1,350,000원","700,000원","540,000원","160,000원","76,009,961원"
경기도,이천시,https://www.hyundai.com/contents/repn-car/side-w/ioniq9-27my-well-side.png,아이오닉 9,4WD(성능) 캘리그래피 19인치 7인승,"81,625,475원","85,870,000원","4,080,000원","2,720,000원","1,360,000원","700,000원","540,000원","160,000원","76,845,475원"
경기도,이천시,https://www.hyundai.com/contents/repn-car/side-w/ioniq9-27my-well-side.png,아이오닉 9,4WD(성능) 캘리그래피 21인치 7인승,"81,625,475원","85,870,000원","4,080,000원","2,720,000원","1,360,000원","700,000원","540,000원","160,000원","76,845,475원"
경기도,이천시,https://www.hyundai.com/contents/repn-car/side-w/ioniq9-27my-well-side.png,아이오닉 9,4WD(항속) 캘리그래피 19인치 6인승,"82,262,357원","86,540,000원","4,060,000원","2,710,000원","1,350,000원","700,000원","540,000원","160,000원","77,502,357원"
경기도,이천시,https://www.hyundai.com/contents/repn-car/side-w/ioniq9-27my-well-side.png,아이오닉 9,4WD(항속) 캘리그래피 21인치 6인승,"82,262,357원","86,540,000원","4,060,000원","2,710,000원","1,350,000원","700,000원","540,000원","160,000원","77,502,357원"
경기도,이천시,https://www.hyundai.com/contents/repn-car/side-w/ioniq9-27my-well-side.png,아이오닉 9,4WD(성능) 캘리그래피 19인치 6인승,"83,149,999원","87,440,000원","4,080,000원","2,720,000원","1,360,000원","700,000원","540,000원","160,000원","78,369,999원"
경기도,이천시,https://www.hyundai.com/contents/repn-car/side-w/ioniq9-27my-well-side.png,아이오닉 9,4WD(성능) 캘리그래피 21인치 6인승,"83,149,999원","87,440,000원","4,080,000원","2,720,000원","1,360,000원","700,000원","540,000원","160,000원","78,369,999원"
경기도,이천시,https://www.hyundai.com/contents/repn-car/side-w/Electrified-GV70-27MY.png,Electrified GV70,ELECTRIFIED GV70 AWD 19인치,"75,798,478원","79,740,000원","3,910,000원","2,610,000원","1,300,000원","680,000원","520,000원","160,000원","71,208,478원"
경기도,이천시,https://www.hyundai.com/contents/repn-car/side-w/Electrified-GV70-27MY.png,Electrified GV70,ELECTRIFIED GV70 AWD 20인치,"76,558,935원","80,540,000원","3,670,000원","2,450,000원","1,220,000원","640,000원","490,000원","150,000원","72,248,935원"
경기도,이천시,https://www.hyundai.com/contents/repn-car/side-w/ioniq6-n-25lc-well-side.png,아이오닉 6 N,4WD N,"79,904,942원","84,060,000원","3,750,000원","2,500,000원","1,250,000원","650,000원","500,000원","150,000원","75,504,942원"
경기도,이천시,https://www.hyundai.com/contents/repn-car/side-w/g80_ev_27my-well-side.png,Electrified G80,ELECTRIFIED G80,"84,790,000원","89,080,000원","4,050,000원","2,700,000원","1,350,000원","700,000원","540,000원","160,000원","80,040,000원"
경기도,이천시,https://www.hyundai.com/contents/repn-car/side-w/g80_ev_27my-well-side.png,Electrified G80,ELECTRIFIED G80,"87,790,000원","92,080,000원","4,050,000원","2,700,000원","1,350,000원","700,000원","540,000원","160,000원","83,040,000원"
경기도,이천시,https://www.hyundai.com/contents/repn-car/side-w/the-new-staria-limousine-electric-27pe-well-side.png,더 뉴 스타리아 리무진 Electric,2WD 오토 Inspiration 리무진,"84,820,000원","89,110,000원","3,430,000원","2,290,000원","1,140,000원","600,000원","460,000원","140,000원","80,790,000원"
경기도,이천시,https://www.hyundai.com/contents/repn-car/side-w/porter2-electric-26my-well-side.png,포터 II Electric ,오토 스타일스페셜,"43,500,000원","43,500,000원","14,520,000원","9,680,000원","4,840,000원","1,300,000원","1,000,000원","300,000원","27,680,000원"
경기도,이천시,https://www.hyundai.com/contents/repn-car/side-w/porter2-electric-26my-well-side.png,포터 II Electric ,오토 스마트스페셜,"44,850,000원","44,850,000원","14,520,000원","9,680,000원","4,840,000원","1,300,000원","1,000,000원","300,000원","29,030,000원"
경기도,이천시,https://www.hyundai.com/contents/repn-car/side-w/porter2-electric-26my-well-side.png,포터 II Electric ,오토 프리미엄스페셜,"46,450,000원","46,450,000원","14,520,000원","9,680,000원","4,840,000원","1,300,000원","1,000,000원","300,000원","30,630,000원"
경기도,이천시,https://www.hyundai.com/contents/repn-car/side-w/porter2-electric-built-in-truck-26my-45side.png,포터II Electric 내장탑차,오토 스마트스페셜 저상,"49,030,000원","49,030,000원","11,700,000원","7,800,000원","3,900,000원","1,200,000원","920,000원","280,000원","36,130,000원"
경기도,이천시,https://www.hyundai.com/contents/repn-car/side-w/porter2-electric-built-in-truck-26my-45side.png,포터II Electric 내장탑차,오토 스마트스페셜,"50,250,000원","50,250,000원","11,700,000원","7,800,000원","3,900,000원","1,200,000원","920,000원","280,000원","37,350,000원"
경기도,이천시,https://www.hyundai.com/contents/repn-car/side-w/porter2-electric-built-in-truck-26my-45side.png,포터II Electric 내장탑차,오토 스마트스페셜 하이,"51,130,000원","51,130,000원","11,700,000원","7,800,000원","3,900,000원","1,200,000원","920,000원","280,000원","38,230,000원"
경기도,이천시,https://www.hyundai.com/contents/repn-car/side-w/porter2-electric-powergate-truck-26my-45side.png,포터II Electric 파워게이트,오토 스마트스페셜,"50,000,000원","50,000,000원","11,700,000원","7,800,000원","3,900,000원","1,200,000원","920,000원","280,000원","37,100,000원"
경기도,이천시,https://www.hyundai.com/contents/repn-car/side-w/porter2-electric-wingbody-26my-45side.png,포터II Electric 윙바디,오토 스마트스페셜 수동식,"51,030,000원","51,030,000원","11,700,000원","7,800,000원","3,900,000원","1,200,000원","920,000원","280,000원","38,130,000원"
경기도,이천시,https://www.hyundai.com/contents/repn-car/side-w/porter2-electric-wingbody-26my-45side.png,포터II Electric 윙바디,오토 스마트스페셜 전동식,"55,240,000원","55,240,000원","11,700,000원","7,800,000원","3,900,000원","1,200,000원","920,000원","280,000원","42,340,000원"
경기도,이천시,https://www.hyundai.com/contents/repn-car/side-w/the-new-staria-electric-27pe-well-side.png,더 뉴 스타리아 Electric,2WD 오토 Modern 3인승,"57,920,000원","57,920,000원","18,000,000원","12,000,000원","6,000,000원","1,300,000원","1,000,000원","300,000원","38,620,000원"
경기도,이천시,https://www.hyundai.com/contents/repn-car/side-w/the-new-staria-electric-27pe-well-side.png,더 뉴 스타리아 Electric,2WD 오토 Modern 5인승,"58,700,000원","58,700,000원","18,000,000원","12,000,000원","6,000,000원","1,300,000원","1,000,000원","300,000원","39,400,000원"
경기도,이천시,https://www.hyundai.com/contents/repn-car/side-w/st1-hightop-27my-well-side.png,ST1 하이탑차,오토 스마트,"58,830,000원","58,830,000원","16,500,000원","11,000,000원","5,500,000원","1,300,000원","1,000,000원","300,000원","41,030,000원"
경기도,이천시,https://www.hyundai.com/contents/repn-car/side-w/st1-27my-well-side.png,ST1 카고,오토 스타일,"59,460,000원","59,460,000원","18,000,000원","12,000,000원","6,000,000원","1,300,000원","1,000,000원","300,000원","40,160,000원"
경기도,이천시,https://www.hyundai.com/contents/repn-car/side-w/st1-27my-well-side.png,ST1 카고,오토 스마트,"61,230,000원","61,230,000원","18,000,000원","12,000,000원","6,000,000원","1,300,000원","1,000,000원","300,000원","41,930,000원"
경기도,이천시,https://www.hyundai.com/contents/repn-car/side-w/st1-27my-well-side.png,ST1 카고,오토 프리미엄,"65,710,000원","65,710,000원","18,000,000원","12,000,000원","6,000,000원","1,300,000원","1,000,000원","300,000원","46,410,000원"
경기도,이천시,https://www.hyundai.com/contents/repn-car/side-w/st1-freezer-truck-27my-well-side.png,ST1 카고 냉동,오토 스마트,"69,580,000원","69,580,000원","21,750,000원","14,500,000원","7,250,000원","1,300,000원","1,000,000원","300,000원","46,530,000원"
경기도,이천시,https://www.hyundai.com/contents/repn-car/side-w/st1-freezer-truck-27my-well-side.png,ST1 카고 냉동,오토 프리미엄,"74,060,000원","74,060,000원","21,750,000원","14,500,000원","7,250,000원","1,300,000원","1,000,000원","300,000원","51,010,000원"
경기도,이천시,https://www.hyundai.com/contents/repn-car/side-w/the-new-staria-electric-27pe-well-side.png,더 뉴 스타리아 Electric,2WD 오토 Modern 11인승,"60,290,000원","60,290,000원","19,500,000원","15,000,000원","4,500,000원",0원,0원,0원,"40,790,000원"
경기도,이천시,https://www.hyundai.com/contents/repn-car/side-w/the-new-staria-lounge-electric-27pe-well-side.png,더 뉴 스타리아 라운지 Electric,2WD 오토 Prestige 11인승 라운지,"65,490,000원","65,490,000원","19,500,000원","15,000,000원","4,500,000원",0원,0원,0원,"45,990,000원"
경기도,이천시,https://www.hyundai.com/contents/repn-car/side-w/nexo-27my-well-side.png,넥쏘,2WD 모던,"76,470,532원","80,447,000원","32,500,000원","22,500,000원","10,000,000원",0원,0원,0원,"43,970,532원"
경기도,이천시,https://www.hyundai.com/contents/repn-car/side-w/nexo-27my-well-side.png,넥쏘,2WD 익스클루시브,"79,369,771원","83,497,000원","32,500,000원","22,500,000원","10,000,000원",0원,0원,0원,"46,869,771원"
경기도,이천시,https://www.hyundai.com/contents/repn-car/side-w/nexo-27my-well-side.png,넥쏘,2WD 프레스티지,"83,789,923원","88,147,000원","32,500,000원","22,500,000원","10,000,000원",0원,0원,0원,"51,289,923원"
경기도,오산시,https://www.hyundai.com/contents/repn-car/side-w/casper_ev_26my_well_side.png,2027 캐스퍼 일렉트릭,캐스퍼 일렉트릭 기본형 15인치,"28,469,581원","29,950,000원","7,180,000원","4,900,000원","2,280,000원","1,270,000원","980,000원","290,000원","20,019,581원"
경기도,오산시,https://www.hyundai.com/contents/repn-car/side-w/casper_ev_26my_well_side.png,2027 캐스퍼 일렉트릭,캐스퍼 일렉트릭 항속형 15인치,"32,119,772원","33,790,000원","7,180,000원","4,900,000원","2,280,000원","1,270,000원","980,000원","290,000원","23,669,772원"
경기도,오산시,https://www.hyundai.com/contents/repn-car/side-w/casper_ev_26my_well_side.png,2027 캐스퍼 일렉트릭,캐스퍼 일렉트릭 항속형 17인치,"32,119,772원","33,790,000원","7,180,000원","4,900,000원","2,280,000원","1,270,000원","980,000원","290,000원","23,669,772원"
경기도,오산시,https://www.hyundai.com/contents/repn-car/side-w/casper_ev_26my_well_side.png,2027 캐스퍼 일렉트릭,캐스퍼 일렉트릭 크로스 17인치,"34,125,474원","35,900,000원","7,140,000원","4,870,000원","2,270,000원","1,260,000원","970,000원","290,000원","25,725,474원"
경기도,오산시,https://www.hyundai.com/contents/repn-car/side-w/casper_ev_26my_well_side.png,2027 캐스퍼 일렉트릭,캐스퍼 일렉트릭 라운지 17인치,"34,572,243원","36,370,000원","7,180,000원","4,900,000원","2,280,000원","1,270,000원","980,000원","290,000원","26,122,243원"
경기도,오산시,https://www.hyundai.com/contents/repn-car/side-w/kona-electric-25my-well-side.png,코나 Electric,기본형 E-Value +,"41,520,912원","43,680,000원","6,400,000원","4,370,000원","2,030,000원","1,130,000원","870,000원","260,000원","33,990,912원"
경기도,오산시,https://www.hyundai.com/contents/repn-car/side-w/kona-electric-25my-well-side.png,코나 Electric,기본형 Premium,"43,564,638원","45,830,000원","6,400,000원","4,370,000원","2,030,000원","1,130,000원","870,000원","260,000원","36,034,638원"
경기도,오산시,https://www.hyundai.com/contents/repn-car/side-w/kona-electric-25my-well-side.png,코나 Electric,항속형 Modern plus,"45,655,893원","48,030,000원","7,530,000원","5,140,000원","2,390,000원","1,300,000원","1,000,000원","300,000원","36,825,893원"
경기도,오산시,https://www.hyundai.com/contents/repn-car/side-w/kona-electric-25my-well-side.png,코나 Electric,항속형 Modern plus 스타일 Ⅱ,"45,655,893원","48,030,000원","7,530,000원","5,140,000원","2,390,000원","1,300,000원","1,000,000원","300,000원","36,825,893원"
경기도,오산시,https://www.hyundai.com/contents/repn-car/side-w/kona-electric-25my-well-side.png,코나 Electric,항속형 Premium,"46,568,440원","48,990,000원","7,530,000원","5,140,000원","2,390,000원","1,300,000원","1,000,000원","300,000원","37,738,440원"
경기도,오산시,https://www.hyundai.com/contents/repn-car/side-w/kona-electric-25my-well-side.png,코나 Electric,항속형 Premium 빌트인 캠 2,"46,568,440원","48,990,000원","7,530,000원","5,140,000원","2,390,000원","1,300,000원","1,000,000원","300,000원","37,738,440원"
경기도,오산시,https://www.hyundai.com/contents/repn-car/side-w/kona-electric-25my-well-side.png,코나 Electric,항속형 Premium 스타일 Ⅱ,"46,568,440원","48,990,000원","7,530,000원","5,140,000원","2,390,000원","1,300,000원","1,000,000원","300,000원","37,738,440원"
경기도,오산시,https://www.hyundai.com/contents/repn-car/side-w/kona-electric-25my-well-side.png,코나 Electric,항속형 Inspiration,"49,923,954원","52,520,000원","6,730,000원","4,590,000원","2,140,000원","1,200,000원","920,000원","280,000원","41,993,954원"
경기도,오산시,https://www.hyundai.com/contents/repn-car/side-w/kona-electric-25my-well-side.png,코나 Electric,항속형 N Line Inspiration,"50,865,018원","53,510,000원","6,730,000원","4,590,000원","2,140,000원","1,200,000원","920,000원","280,000원","42,935,018원"
경기도,오산시,https://www.hyundai.com/contents/repn-car/side-w/ioniq5-27my-well-side.png,아이오닉 5,2WD E-Value +(스탠다드) 19인치,"47,347,908원","49,810,000원","7,080,000원","4,830,000원","2,250,000원","1,260,000원","970,000원","290,000원","39,007,908원"
경기도,오산시,https://www.hyundai.com/contents/repn-car/side-w/ioniq5-27my-well-side.png,아이오닉 5,2WD E-Lite(롱레인지) 19인치,"50,636,881원","53,270,000원","8,310,000원","5,670,000원","2,640,000원","1,300,000원","1,000,000원","300,000원","41,026,881원"
경기도,오산시,https://www.hyundai.com/contents/repn-car/side-w/ioniq5-27my-well-side.png,아이오닉 5,2WD 모던(롱레인지) 19인치,"52,899,239원","55,650,000원","8,310,000원","5,670,000원","2,640,000원","1,300,000원","1,000,000원","300,000원","43,289,239원"
경기도,오산시,https://www.hyundai.com/contents/repn-car/side-w/ioniq5-27my-well-side.png,아이오닉 5,4WD E-Lite(롱레인지) 19인치,"52,984,791원","55,740,000원","8,180,000원","5,580,000원","2,600,000원","1,300,000원","1,000,000원","300,000원","43,504,791원"
경기도,오산시,https://www.hyundai.com/contents/repn-car/side-w/ioniq5-27my-well-side.png,아이오닉 5,2WD 모던(롱레인지) 19인치 빌트인캠 2 + 증강현실 내비게이션,"52,899,239원","55,650,000원","8,310,000원","5,670,000원","2,640,000원","1,300,000원","1,000,000원","300,000원","43,289,239원"
경기도,오산시,https://www.hyundai.com/contents/repn-car/side-w/ioniq5-27my-well-side.png,아이오닉 5,4WD 모던(롱레인지) 19인치,"55,247,148원","58,120,000원","8,180,000원","5,580,000원","2,600,000원","1,300,000원","1,000,000원","300,000원","45,767,148원"
경기도,오산시,https://www.hyundai.com/contents/repn-car/side-w/ioniq5-27my-well-side.png,아이오닉 5,2WD 프리미엄(롱레인지) 19인치,"58,241,444원","61,270,000원","8,310,000원","5,670,000원","2,640,000원","1,300,000원","1,000,000원","300,000원","48,631,444원"
경기도,오산시,https://www.hyundai.com/contents/repn-car/side-w/ioniq5-27my-well-side.png,아이오닉 5,2WD 프리미엄(롱레인지) 19인치 빌트인캠 2 + 증강현실 내비게이션,"58,241,444원","61,270,000원","8,310,000원","5,670,000원","2,640,000원","1,300,000원","1,000,000원","300,000원","48,631,444원"
경기도,오산시,https://www.hyundai.com/contents/repn-car/side-w/ioniq5-27my-well-side.png,아이오닉 5,2WD 프리미엄(롱레인지) 20인치,"58,707,224원","61,760,000원","8,190,000원","5,590,000원","2,600,000원","1,300,000원","1,000,000원","300,000원","49,217,224원"
경기도,오산시,https://www.hyundai.com/contents/repn-car/side-w/ioniq5-27my-well-side.png,아이오닉 5,2WD N LINE(롱레인지) 20인치,"59,448,669원","62,540,000원","7,930,000원","5,410,000원","2,520,000원","1,300,000원","1,000,000원","300,000원","50,218,669원"
경기도,오산시,https://www.hyundai.com/contents/repn-car/side-w/ioniq5-27my-well-side.png,아이오닉 5,4WD 프리미엄(롱레인지) 19인치,"60,589,354원","63,740,000원","8,180,000원","5,580,000원","2,600,000원","1,300,000원","1,000,000원","300,000원","51,109,354원"
경기도,오산시,https://www.hyundai.com/contents/repn-car/side-w/ioniq5-27my-well-side.png,아이오닉 5,4WD 프리미엄(롱레인지) 20인치,"61,055,132원","64,230,000원","7,800,000원","5,320,000원","2,480,000원","1,300,000원","1,000,000원","300,000원","51,955,132원"
경기도,오산시,https://www.hyundai.com/contents/repn-car/side-w/ioniq5-27my-well-side.png,아이오닉 5,2WD 인스퍼레이션(롱레인지) 19인치,"61,283,270원","64,470,000원","8,310,000원","5,670,000원","2,640,000원","1,300,000원","1,000,000원","300,000원","51,673,270원"
경기도,오산시,https://www.hyundai.com/contents/repn-car/side-w/ioniq5-27my-well-side.png,아이오닉 5,2WD 인스퍼레이션(롱레인지) 19인치 빌트인캠 2 + 증강현실 내비게이션,"61,283,270원","64,470,000원","8,310,000원","5,670,000원","2,640,000원","1,300,000원","1,000,000원","300,000원","51,673,270원"
경기도,오산시,https://www.hyundai.com/contents/repn-car/side-w/ioniq5-27my-well-side.png,아이오닉 5,2WD 인스퍼레이션(롱레인지) 20인치,"61,749,048원","64,960,000원","8,190,000원","5,590,000원","2,600,000원","1,300,000원","1,000,000원","300,000원","52,259,048원"
경기도,오산시,https://www.hyundai.com/contents/repn-car/side-w/ioniq5-27my-well-side.png,아이오닉 5,4WD N LINE(롱레인지) 20인치,"61,796,577원","65,010,000원","7,480,000원","5,100,000원","2,380,000원","1,300,000원","1,000,000원","300,000원","53,016,577원"
경기도,오산시,https://www.hyundai.com/contents/repn-car/side-w/ioniq5-27my-well-side.png,아이오닉 5,4WD 인스퍼레이션(롱레인지) 19인치,"63,631,178원","66,940,000원","8,180,000원","5,580,000원","2,600,000원","1,300,000원","1,000,000원","300,000원","54,151,178원"
경기도,오산시,https://www.hyundai.com/contents/repn-car/side-w/ioniq5-27my-well-side.png,아이오닉 5,4WD 인스퍼레이션(롱레인지) 20인치,"64,096,958원","67,430,000원","7,800,000원","5,320,000원","2,480,000원","1,300,000원","1,000,000원","300,000원","54,996,958원"
경기도,오산시,https://www.hyundai.com/contents/repn-car/side-w/ioniq6-25fl-well-side.png,더 뉴 아이오닉 6,2WD E-Value +(스탠다드) 18인치,"48,564,639원","51,090,000원","8,210,000원","5,600,000원","2,610,000원","1,300,000원","1,000,000원","300,000원","39,054,639원"
경기도,오산시,https://www.hyundai.com/contents/repn-car/side-w/ioniq6-25fl-well-side.png,더 뉴 아이오닉 6,2WD E-LITE(롱레인지) 18인치,"50,636,881원","53,270,000원","8,360,000원","5,700,000원","2,660,000원","1,300,000원","1,000,000원","300,000원","40,976,881원"
경기도,오산시,https://www.hyundai.com/contents/repn-car/side-w/ioniq6-25fl-well-side.png,더 뉴 아이오닉 6,2WD Exclusive(스탠다드) 18인치,"50,950,570원","53,600,000원","8,210,000원","5,600,000원","2,610,000원","1,300,000원","1,000,000원","300,000원","41,440,570원"
경기도,오산시,https://www.hyundai.com/contents/repn-car/side-w/ioniq6-25fl-well-side.png,더 뉴 아이오닉 6,2WD E-LITE(롱레인지) 20인치,"51,197,719원","53,860,000원","8,360,000원","5,700,000원","2,660,000원","1,300,000원","1,000,000원","300,000원","41,537,719원"
경기도,오산시,https://www.hyundai.com/contents/repn-car/side-w/ioniq6-25fl-well-side.png,더 뉴 아이오닉 6,4WD E-LITE(롱레인지) 18인치,"52,984,791원","55,740,000원","8,360,000원","5,700,000원","2,660,000원","1,300,000원","1,000,000원","300,000원","43,324,791원"
경기도,오산시,https://www.hyundai.com/contents/repn-car/side-w/ioniq6-25fl-well-side.png,더 뉴 아이오닉 6,4WD E-LITE(롱레인지) 20인치,"53,545,627원","56,330,000원","8,110,000원","5,530,000원","2,580,000원","1,300,000원","1,000,000원","300,000원","44,135,627원"
경기도,오산시,https://www.hyundai.com/contents/repn-car/side-w/ioniq6-25fl-well-side.png,더 뉴 아이오닉 6,2WD Exclusive(롱레인지) 18인치,"55,152,091원","58,020,000원","8,360,000원","5,700,000원","2,660,000원","1,300,000원","1,000,000원","300,000원","45,492,091원"
경기도,오산시,https://www.hyundai.com/contents/repn-car/side-w/ioniq6-25fl-well-side.png,더 뉴 아이오닉 6,2WD Prestige(스탠다드) 18인치,"55,532,319원","58,420,000원","8,210,000원","5,600,000원","2,610,000원","1,300,000원","1,000,000원","300,000원","46,022,319원"
경기도,오산시,https://www.hyundai.com/contents/repn-car/side-w/ioniq6-25fl-well-side.png,더 뉴 아이오닉 6,2WD Exclusive(롱레인지) 20인치,"55,712,927원","58,610,000원","8,360,000원","5,700,000원","2,660,000원","1,300,000원","1,000,000원","300,000원","46,052,927원"
경기도,오산시,https://www.hyundai.com/contents/repn-car/side-w/ioniq6-25fl-well-side.png,더 뉴 아이오닉 6,2WD N Line Exclusive(롱레인지) 20인치,"57,452,472원","60,440,000원","8,360,000원","5,700,000원","2,660,000원","1,300,000원","1,000,000원","300,000원","47,792,472원"
경기도,오산시,https://www.hyundai.com/contents/repn-car/side-w/ioniq6-25fl-well-side.png,더 뉴 아이오닉 6,4WD Exclusive(롱레인지) 18인치,"57,499,999원","60,490,000원","8,360,000원","5,700,000원","2,660,000원","1,300,000원","1,000,000원","300,000원","47,839,999원"
경기도,오산시,https://www.hyundai.com/contents/repn-car/side-w/ioniq6-25fl-well-side.png,더 뉴 아이오닉 6,4WD Exclusive(롱레인지) 20인치,"58,060,836원","61,080,000원","8,110,000원","5,530,000원","2,580,000원","1,300,000원","1,000,000원","300,000원","48,650,836원"
경기도,오산시,https://www.hyundai.com/contents/repn-car/side-w/ioniq6-25fl-well-side.png,더 뉴 아이오닉 6,2WD Prestige(롱레인지) 18인치,"59,724,335원","62,830,000원","8,360,000원","5,700,000원","2,660,000원","1,300,000원","1,000,000원","300,000원","50,064,335원"
경기도,오산시,https://www.hyundai.com/contents/repn-car/side-w/ioniq6-25fl-well-side.png,더 뉴 아이오닉 6,4WD N Line Exclusive(롱레인지) 20인치,"59,800,380원","62,910,000원","7,870,000원","5,370,000원","2,500,000원","1,300,000원","1,000,000원","300,000원","50,630,380원"
경기도,오산시,https://www.hyundai.com/contents/repn-car/side-w/ioniq6-25fl-well-side.png,더 뉴 아이오닉 6,2WD Prestige(롱레인지) 20인치,"60,285,171원","63,420,000원","8,360,000원","5,700,000원","2,660,000원","1,300,000원","1,000,000원","300,000원","50,625,171원"
경기도,오산시,https://www.hyundai.com/contents/repn-car/side-w/ioniq6-25fl-well-side.png,더 뉴 아이오닉 6,2WD N Line Prestige(롱레인지) 20인치,"61,321,293원","64,510,000원","8,360,000원","5,700,000원","2,660,000원","1,300,000원","1,000,000원","300,000원","51,661,293원"
경기도,오산시,https://www.hyundai.com/contents/repn-car/side-w/ioniq6-25fl-well-side.png,더 뉴 아이오닉 6,4WD Prestige(롱레인지) 18인치,"62,072,243원","65,300,000원","8,360,000원","5,700,000원","2,660,000원","1,300,000원","1,000,000원","300,000원","52,412,243원"
경기도,오산시,https://www.hyundai.com/contents/repn-car/side-w/ioniq6-25fl-well-side.png,더 뉴 아이오닉 6,4WD Prestige(롱레인지) 20인치,"62,633,079원","65,890,000원","8,110,000원","5,530,000원","2,580,000원","1,300,000원","1,000,000원","300,000원","53,223,079원"
경기도,오산시,https://www.hyundai.com/contents/repn-car/side-w/ioniq6-25fl-well-side.png,더 뉴 아이오닉 6,4WD N Line Prestige(롱레인지) 20인치,"63,669,201원","66,980,000원","7,870,000원","5,370,000원","2,500,000원","1,300,000원","1,000,000원","300,000원","54,499,201원"
경기도,오산시,https://www.hyundai.com/contents/repn-car/side-w/the-new-staria-lounge-electric-27pe-well-side.png,더 뉴 스타리아 라운지 Electric,2WD 오토 Prestige 7인승,"63,593,156원","66,900,000원","3,350,000원","2,290,000원","1,060,000원","600,000원","460,000원","140,000원","59,643,156원"
경기도,오산시,https://www.hyundai.com/contents/repn-car/side-w/the-new-staria-lounge-electric-27pe-well-side.png,더 뉴 스타리아 라운지 Electric,2WD 오토 Inspiration 7인승,"67,309,885원","70,810,000원","3,350,000원","2,290,000원","1,060,000원","600,000원","460,000원","140,000원","63,359,885원"
경기도,오산시,https://www.hyundai.com/contents/repn-car/side-w/GV60-27MY.png,GV60,GV60 스탠다드 2WD 19인치,"64,904,943원","68,280,000원","4,180,000원","2,850,000원","1,330,000원","740,000원","570,000원","170,000원","59,984,943원"
경기도,오산시,https://www.hyundai.com/contents/repn-car/side-w/GV60-27MY.png,GV60,GV60 스탠다드 AWD 19인치,"72,080,000원","72,080,000원","3,980,000원","2,720,000원","1,260,000원","700,000원","540,000원","160,000원","67,400,000원"
경기도,오산시,https://www.hyundai.com/contents/repn-car/side-w/GV60-27MY.png,GV60,GV60 스탠다드 AWD 20인치,"74,380,000원","74,380,000원","3,820,000원","2,610,000원","1,210,000원","680,000원","520,000원","160,000원","69,880,000원"
경기도,오산시,https://www.hyundai.com/contents/repn-car/side-w/ioniq9-27my-well-side.png,아이오닉 9,2WD 익스클루시브 19인치 7인승,"67,585,551원","71,100,000원","4,010,000원","2,740,000원","1,270,000원","720,000원","550,000원","170,000원","62,855,551원"
경기도,오산시,https://www.hyundai.com/contents/repn-car/side-w/ioniq9-27my-well-side.png,아이오닉 9,2WD 익스클루시브 19인치 6인승,"68,165,399원","71,710,000원","4,010,000원","2,740,000원","1,270,000원","720,000원","550,000원","170,000원","63,435,399원"
경기도,오산시,https://www.hyundai.com/contents/repn-car/side-w/ioniq9-27my-well-side.png,아이오닉 9,4WD(항속) 익스클루시브 19인치 7인승,"70,247,148원","73,900,000원","3,970,000원","2,710,000원","1,260,000원","700,000원","540,000원","160,000원","65,577,148원"
경기도,오산시,https://www.hyundai.com/contents/repn-car/side-w/ioniq9-27my-well-side.png,아이오닉 9,4WD(항속) 익스클루시브 19인치 6인승,"70,826,995원","74,510,000원","3,970,000원","2,710,000원","1,260,000원","700,000원","540,000원","160,000원","66,156,995원"
경기도,오산시,https://www.hyundai.com/contents/repn-car/side-w/ioniq9-27my-well-side.png,아이오닉 9,4WD(성능) 익스클루시브 19인치 7인승,"71,102,661원","74,800,000원","3,980,000원","2,720,000원","1,260,000원","700,000원","540,000원","160,000원","66,422,661원"
경기도,오산시,https://www.hyundai.com/contents/repn-car/side-w/ioniq9-27my-well-side.png,아이오닉 9,4WD(성능) 익스클루시브 19인치 6인승,"71,682,509원","75,410,000원","3,980,000원","2,720,000원","1,260,000원","700,000원","540,000원","160,000원","67,002,509원"
경기도,오산시,https://www.hyundai.com/contents/repn-car/side-w/ioniq9-27my-well-side.png,아이오닉 9,2WD 프레스티지 19인치 7인승,"73,241,445원","77,050,000원","4,010,000원","2,740,000원","1,270,000원","720,000원","550,000원","170,000원","68,511,445원"
경기도,오산시,https://www.hyundai.com/contents/repn-car/side-w/ioniq9-27my-well-side.png,아이오닉 9,2WD 프레스티지 21인치 7인승,"73,241,445원","77,050,000원","4,010,000원","2,740,000원","1,270,000원","720,000원","550,000원","170,000원","68,511,445원"
경기도,오산시,https://www.hyundai.com/contents/repn-car/side-w/ioniq9-27my-well-side.png,아이오닉 9,2WD 프레스티지 19인치 6인승,"73,735,741원","77,570,000원","4,010,000원","2,740,000원","1,270,000원","720,000원","550,000원","170,000원","69,005,741원"
경기도,오산시,https://www.hyundai.com/contents/repn-car/side-w/ioniq9-27my-well-side.png,아이오닉 9,2WD 프레스티지 21인치 6인승,"73,735,741원","77,570,000원","4,010,000원","2,740,000원","1,270,000원","720,000원","550,000원","170,000원","69,005,741원"
경기도,오산시,https://www.hyundai.com/contents/repn-car/side-w/ioniq9-27my-well-side.png,아이오닉 9,4WD(항속) 프레스티지 19인치 7인승,"75,903,041원","79,850,000원","3,970,000원","2,710,000원","1,260,000원","700,000원","540,000원","160,000원","71,233,041원"
경기도,오산시,https://www.hyundai.com/contents/repn-car/side-w/ioniq9-27my-well-side.png,아이오닉 9,4WD(항속) 프레스티지 21인치 7인승,"75,903,041원","79,850,000원","3,970,000원","2,710,000원","1,260,000원","700,000원","540,000원","160,000원","71,233,041원"
경기도,오산시,https://www.hyundai.com/contents/repn-car/side-w/ioniq9-27my-well-side.png,아이오닉 9,4WD(항속) 프레스티지 19인치 6인승,"76,397,338원","80,370,000원","3,970,000원","2,710,000원","1,260,000원","700,000원","540,000원","160,000원","71,727,338원"
경기도,오산시,https://www.hyundai.com/contents/repn-car/side-w/ioniq9-27my-well-side.png,아이오닉 9,4WD(항속) 프레스티지 21인치 6인승,"76,397,338원","80,370,000원","3,970,000원","2,710,000원","1,260,000원","700,000원","540,000원","160,000원","71,727,338원"
경기도,오산시,https://www.hyundai.com/contents/repn-car/side-w/ioniq9-27my-well-side.png,아이오닉 9,4WD(성능) 프레스티지 19인치 7인승,"76,758,555원","80,750,000원","3,980,000원","2,720,000원","1,260,000원","700,000원","540,000원","160,000원","72,078,555원"
경기도,오산시,https://www.hyundai.com/contents/repn-car/side-w/ioniq9-27my-well-side.png,아이오닉 9,4WD(성능) 프레스티지 21인치 7인승,"76,758,555원","80,750,000원","3,980,000원","2,720,000원","1,260,000원","700,000원","540,000원","160,000원","72,078,555원"
경기도,오산시,https://www.hyundai.com/contents/repn-car/side-w/ioniq9-27my-well-side.png,아이오닉 9,4WD(성능) 프레스티지 19인치 6인승,"77,252,851원","81,270,000원","3,980,000원","2,720,000원","1,260,000원","700,000원","540,000원","160,000원","72,572,851원"
경기도,오산시,https://www.hyundai.com/contents/repn-car/side-w/ioniq9-27my-well-side.png,아이오닉 9,4WD(성능) 프레스티지 21인치 6인승,"77,252,851원","81,270,000원","3,980,000원","2,720,000원","1,260,000원","700,000원","540,000원","160,000원","72,572,851원"
경기도,오산시,https://www.hyundai.com/contents/repn-car/side-w/ioniq9-27my-well-side.png,아이오닉 9,2WD 캘리그래피 19인치 7인승,"78,108,365원","82,170,000원","4,010,000원","2,740,000원","1,270,000원","720,000원","550,000원","170,000원","73,378,365원"
경기도,오산시,https://www.hyundai.com/contents/repn-car/side-w/ioniq9-27my-well-side.png,아이오닉 9,2WD 캘리그래피 21인치 7인승,"78,108,365원","82,170,000원","4,010,000원","2,740,000원","1,270,000원","720,000원","550,000원","170,000원","73,378,365원"
경기도,오산시,https://www.hyundai.com/contents/repn-car/side-w/ioniq9-27my-well-side.png,아이오닉 9,2WD 캘리그래피 19인치 6인승,"79,600,760원","83,740,000원","4,010,000원","2,740,000원","1,270,000원","720,000원","550,000원","170,000원","74,870,760원"
경기도,오산시,https://www.hyundai.com/contents/repn-car/side-w/ioniq9-27my-well-side.png,아이오닉 9,2WD 캘리그래피 21인치 6인승,"79,600,760원","83,740,000원","4,010,000원","2,740,000원","1,270,000원","720,000원","550,000원","170,000원","74,870,760원"
경기도,오산시,https://www.hyundai.com/contents/repn-car/side-w/ioniq9-27my-well-side.png,아이오닉 9,4WD(항속) 캘리그래피 19인치 7인승,"80,769,961원","84,970,000원","3,970,000원","2,710,000원","1,260,000원","700,000원","540,000원","160,000원","76,099,961원"
경기도,오산시,https://www.hyundai.com/contents/repn-car/side-w/ioniq9-27my-well-side.png,아이오닉 9,4WD(항속) 캘리그래피 21인치 7인승,"80,769,961원","84,970,000원","3,970,000원","2,710,000원","1,260,000원","700,000원","540,000원","160,000원","76,099,961원"
경기도,오산시,https://www.hyundai.com/contents/repn-car/side-w/ioniq9-27my-well-side.png,아이오닉 9,4WD(성능) 캘리그래피 19인치 7인승,"81,625,475원","85,870,000원","3,980,000원","2,720,000원","1,260,000원","700,000원","540,000원","160,000원","76,945,475원"
경기도,오산시,https://www.hyundai.com/contents/repn-car/side-w/ioniq9-27my-well-side.png,아이오닉 9,4WD(성능) 캘리그래피 21인치 7인승,"81,625,475원","85,870,000원","3,980,000원","2,720,000원","1,260,000원","700,000원","540,000원","160,000원","76,945,475원"
경기도,오산시,https://www.hyundai.com/contents/repn-car/side-w/ioniq9-27my-well-side.png,아이오닉 9,4WD(항속) 캘리그래피 19인치 6인승,"82,262,357원","86,540,000원","3,970,000원","2,710,000원","1,260,000원","700,000원","540,000원","160,000원","77,592,357원"
경기도,오산시,https://www.hyundai.com/contents/repn-car/side-w/ioniq9-27my-well-side.png,아이오닉 9,4WD(항속) 캘리그래피 21인치 6인승,"82,262,357원","86,540,000원","3,970,000원","2,710,000원","1,260,000원","700,000원","540,000원","160,000원","77,592,357원"
경기도,오산시,https://www.hyundai.com/contents/repn-car/side-w/ioniq9-27my-well-side.png,아이오닉 9,4WD(성능) 캘리그래피 19인치 6인승,"83,149,999원","87,440,000원","3,980,000원","2,720,000원","1,260,000원","700,000원","540,000원","160,000원","78,469,999원"
경기도,오산시,https://www.hyundai.com/contents/repn-car/side-w/ioniq9-27my-well-side.png,아이오닉 9,4WD(성능) 캘리그래피 21인치 6인승,"83,149,999원","87,440,000원","3,980,000원","2,720,000원","1,260,000원","700,000원","540,000원","160,000원","78,469,999원"
경기도,오산시,https://www.hyundai.com/contents/repn-car/side-w/Electrified-GV70-27MY.png,Electrified GV70,ELECTRIFIED GV70 AWD 19인치,"75,798,478원","79,740,000원","3,820,000원","2,610,000원","1,210,000원","680,000원","520,000원","160,000원","71,298,478원"
경기도,오산시,https://www.hyundai.com/contents/repn-car/side-w/Electrified-GV70-27MY.png,Electrified GV70,ELECTRIFIED GV70 AWD 20인치,"76,558,935원","80,540,000원","3,590,000원","2,450,000원","1,140,000원","640,000원","490,000원","150,000원","72,328,935원"
경기도,오산시,https://www.hyundai.com/contents/repn-car/side-w/ioniq6-n-25lc-well-side.png,아이오닉 6 N,4WD N,"79,904,942원","84,060,000원","3,660,000원","2,500,000원","1,160,000원","650,000원","500,000원","150,000원","75,594,942원"
경기도,오산시,https://www.hyundai.com/contents/repn-car/side-w/g80_ev_27my-well-side.png,Electrified G80,ELECTRIFIED G80,"84,790,000원","89,080,000원","3,960,000원","2,700,000원","1,260,000원","700,000원","540,000원","160,000원","80,130,000원"
경기도,오산시,https://www.hyundai.com/contents/repn-car/side-w/g80_ev_27my-well-side.png,Electrified G80,ELECTRIFIED G80,"87,790,000원","92,080,000원","3,960,000원","2,700,000원","1,260,000원","700,000원","540,000원","160,000원","83,130,000원"
경기도,오산시,https://www.hyundai.com/contents/repn-car/side-w/the-new-staria-limousine-electric-27pe-well-side.png,더 뉴 스타리아 리무진 Electric,2WD 오토 Inspiration 리무진,"84,820,000원","89,110,000원","3,350,000원","2,290,000원","1,060,000원","600,000원","460,000원","140,000원","80,870,000원"
경기도,오산시,https://www.hyundai.com/contents/repn-car/side-w/porter2-electric-26my-well-side.png,포터 II Electric ,오토 스타일스페셜,"43,500,000원","43,500,000원","14,130,000원","9,680,000원","4,450,000원","1,300,000원","1,000,000원","300,000원","28,070,000원"
경기도,오산시,https://www.hyundai.com/contents/repn-car/side-w/porter2-electric-26my-well-side.png,포터 II Electric ,오토 스마트스페셜,"44,850,000원","44,850,000원","14,130,000원","9,680,000원","4,450,000원","1,300,000원","1,000,000원","300,000원","29,420,000원"
경기도,오산시,https://www.hyundai.com/contents/repn-car/side-w/porter2-electric-26my-well-side.png,포터 II Electric ,오토 프리미엄스페셜,"46,450,000원","46,450,000원","14,130,000원","9,680,000원","4,450,000원","1,300,000원","1,000,000원","300,000원","31,020,000원"
경기도,오산시,https://www.hyundai.com/contents/repn-car/side-w/porter2-electric-built-in-truck-26my-45side.png,포터II Electric 내장탑차,오토 스마트스페셜 저상,"49,030,000원","49,030,000원","11,380,000원","7,800,000원","3,580,000원","1,200,000원","920,000원","280,000원","36,450,000원"
경기도,오산시,https://www.hyundai.com/contents/repn-car/side-w/porter2-electric-built-in-truck-26my-45side.png,포터II Electric 내장탑차,오토 스마트스페셜,"50,250,000원","50,250,000원","11,380,000원","7,800,000원","3,580,000원","1,200,000원","920,000원","280,000원","37,670,000원"
경기도,오산시,https://www.hyundai.com/contents/repn-car/side-w/porter2-electric-built-in-truck-26my-45side.png,포터II Electric 내장탑차,오토 스마트스페셜 하이,"51,130,000원","51,130,000원","11,380,000원","7,800,000원","3,580,000원","1,200,000원","920,000원","280,000원","38,550,000원"
경기도,오산시,https://www.hyundai.com/contents/repn-car/side-w/porter2-electric-powergate-truck-26my-45side.png,포터II Electric 파워게이트,오토 스마트스페셜,"50,000,000원","50,000,000원","11,380,000원","7,800,000원","3,580,000원","1,200,000원","920,000원","280,000원","37,420,000원"
경기도,오산시,https://www.hyundai.com/contents/repn-car/side-w/porter2-electric-wingbody-26my-45side.png,포터II Electric 윙바디,오토 스마트스페셜 수동식,"51,030,000원","51,030,000원","11,380,000원","7,800,000원","3,580,000원","1,200,000원","920,000원","280,000원","38,450,000원"
경기도,오산시,https://www.hyundai.com/contents/repn-car/side-w/porter2-electric-wingbody-26my-45side.png,포터II Electric 윙바디,오토 스마트스페셜 전동식,"55,240,000원","55,240,000원","11,380,000원","7,800,000원","3,580,000원","1,200,000원","920,000원","280,000원","42,660,000원"
경기도,오산시,https://www.hyundai.com/contents/repn-car/side-w/the-new-staria-electric-27pe-well-side.png,더 뉴 스타리아 Electric,2WD 오토 Modern 3인승,"57,920,000원","57,920,000원","17,520,000원","12,000,000원","5,520,000원","1,300,000원","1,000,000원","300,000원","39,100,000원"
경기도,오산시,https://www.hyundai.com/contents/repn-car/side-w/the-new-staria-electric-27pe-well-side.png,더 뉴 스타리아 Electric,2WD 오토 Modern 5인승,"58,700,000원","58,700,000원","17,520,000원","12,000,000원","5,520,000원","1,300,000원","1,000,000원","300,000원","39,880,000원"
경기도,오산시,https://www.hyundai.com/contents/repn-car/side-w/st1-hightop-27my-well-side.png,ST1 하이탑차,오토 스마트,"58,830,000원","58,830,000원","16,060,000원","11,000,000원","5,060,000원","1,300,000원","1,000,000원","300,000원","41,470,000원"
경기도,오산시,https://www.hyundai.com/contents/repn-car/side-w/st1-27my-well-side.png,ST1 카고,오토 스타일,"59,460,000원","59,460,000원","17,520,000원","12,000,000원","5,520,000원","1,300,000원","1,000,000원","300,000원","40,640,000원"
경기도,오산시,https://www.hyundai.com/contents/repn-car/side-w/st1-27my-well-side.png,ST1 카고,오토 스마트,"61,230,000원","61,230,000원","17,520,000원","12,000,000원","5,520,000원","1,300,000원","1,000,000원","300,000원","42,410,000원"
경기도,오산시,https://www.hyundai.com/contents/repn-car/side-w/st1-27my-well-side.png,ST1 카고,오토 프리미엄,"65,710,000원","65,710,000원","17,520,000원","12,000,000원","5,520,000원","1,300,000원","1,000,000원","300,000원","46,890,000원"
경기도,오산시,https://www.hyundai.com/contents/repn-car/side-w/st1-freezer-truck-27my-well-side.png,ST1 카고 냉동,오토 스마트,"69,580,000원","69,580,000원","21,170,000원","14,500,000원","6,670,000원","1,300,000원","1,000,000원","300,000원","47,110,000원"
경기도,오산시,https://www.hyundai.com/contents/repn-car/side-w/st1-freezer-truck-27my-well-side.png,ST1 카고 냉동,오토 프리미엄,"74,060,000원","74,060,000원","21,170,000원","14,500,000원","6,670,000원","1,300,000원","1,000,000원","300,000원","51,590,000원"
경기도,오산시,https://www.hyundai.com/contents/repn-car/side-w/the-new-staria-electric-27pe-well-side.png,더 뉴 스타리아 Electric,2WD 오토 Modern 11인승,"60,290,000원","60,290,000원","19,500,000원","15,000,000원","4,500,000원",0원,0원,0원,"40,790,000원"
경기도,오산시,https://www.hyundai.com/contents/repn-car/side-w/the-new-staria-lounge-electric-27pe-well-side.png,더 뉴 스타리아 라운지 Electric,2WD 오토 Prestige 11인승 라운지,"65,490,000원","65,490,000원","19,500,000원","15,000,000원","4,500,000원",0원,0원,0원,"45,990,000원"
경기도,오산시,https://www.hyundai.com/contents/repn-car/side-w/nexo-27my-well-side.png,넥쏘,2WD 모던,"76,470,532원","80,447,000원","32,500,000원","22,500,000원","10,000,000원",0원,0원,0원,"43,970,532원"
경기도,오산시,https://www.hyundai.com/contents/repn-car/side-w/nexo-27my-well-side.png,넥쏘,2WD 익스클루시브,"79,369,771원","83,497,000원","32,500,000원","22,500,000원","10,000,000원",0원,0원,0원,"46,869,771원"
경기도,오산시,https://www.hyundai.com/contents/repn-car/side-w/nexo-27my-well-side.png,넥쏘,2WD 프레스티지,"83,789,923원","88,147,000원","32,500,000원","22,500,000원","10,000,000원",0원,0원,0원,"51,289,923원"
경기도,하남시,https://www.hyundai.com/contents/repn-car/side-w/casper_ev_26my_well_side.png,2027 캐스퍼 일렉트릭,캐스퍼 일렉트릭 기본형 15인치,"28,469,581원","29,950,000원","6,370,000원","4,900,000원","1,470,000원","1,270,000원","980,000원","290,000원","20,829,581원"
경기도,하남시,https://www.hyundai.com/contents/repn-car/side-w/casper_ev_26my_well_side.png,2027 캐스퍼 일렉트릭,캐스퍼 일렉트릭 항속형 15인치,"32,119,772원","33,790,000원","6,370,000원","4,900,000원","1,470,000원","1,270,000원","980,000원","290,000원","24,479,772원"
경기도,하남시,https://www.hyundai.com/contents/repn-car/side-w/casper_ev_26my_well_side.png,2027 캐스퍼 일렉트릭,캐스퍼 일렉트릭 항속형 17인치,"32,119,772원","33,790,000원","6,370,000원","4,900,000원","1,470,000원","1,270,000원","980,000원","290,000원","24,479,772원"
경기도,하남시,https://www.hyundai.com/contents/repn-car/side-w/casper_ev_26my_well_side.png,2027 캐스퍼 일렉트릭,캐스퍼 일렉트릭 크로스 17인치,"34,125,474원","35,900,000원","6,330,000원","4,870,000원","1,460,000원","1,260,000원","970,000원","290,000원","26,535,474원"
경기도,하남시,https://www.hyundai.com/contents/repn-car/side-w/casper_ev_26my_well_side.png,2027 캐스퍼 일렉트릭,캐스퍼 일렉트릭 라운지 17인치,"34,572,243원","36,370,000원","6,370,000원","4,900,000원","1,470,000원","1,270,000원","980,000원","290,000원","26,932,243원"
경기도,하남시,https://www.hyundai.com/contents/repn-car/side-w/kona-electric-25my-well-side.png,코나 Electric,기본형 E-Value +,"41,520,912원","43,680,000원","5,680,000원","4,370,000원","1,310,000원","1,130,000원","870,000원","260,000원","34,710,912원"
경기도,하남시,https://www.hyundai.com/contents/repn-car/side-w/kona-electric-25my-well-side.png,코나 Electric,기본형 Premium,"43,564,638원","45,830,000원","5,680,000원","4,370,000원","1,310,000원","1,130,000원","870,000원","260,000원","36,754,638원"
경기도,하남시,https://www.hyundai.com/contents/repn-car/side-w/kona-electric-25my-well-side.png,코나 Electric,항속형 Modern plus,"45,655,893원","48,030,000원","6,680,000원","5,140,000원","1,540,000원","1,300,000원","1,000,000원","300,000원","37,675,893원"
경기도,하남시,https://www.hyundai.com/contents/repn-car/side-w/kona-electric-25my-well-side.png,코나 Electric,항속형 Modern plus 스타일 Ⅱ,"45,655,893원","48,030,000원","6,680,000원","5,140,000원","1,540,000원","1,300,000원","1,000,000원","300,000원","37,675,893원"
경기도,하남시,https://www.hyundai.com/contents/repn-car/side-w/kona-electric-25my-well-side.png,코나 Electric,항속형 Premium,"46,568,440원","48,990,000원","6,680,000원","5,140,000원","1,540,000원","1,300,000원","1,000,000원","300,000원","38,588,440원"
경기도,하남시,https://www.hyundai.com/contents/repn-car/side-w/kona-electric-25my-well-side.png,코나 Electric,항속형 Premium 빌트인 캠 2,"46,568,440원","48,990,000원","6,680,000원","5,140,000원","1,540,000원","1,300,000원","1,000,000원","300,000원","38,588,440원"
경기도,하남시,https://www.hyundai.com/contents/repn-car/side-w/kona-electric-25my-well-side.png,코나 Electric,항속형 Premium 스타일 Ⅱ,"46,568,440원","48,990,000원","6,680,000원","5,140,000원","1,540,000원","1,300,000원","1,000,000원","300,000원","38,588,440원"
경기도,하남시,https://www.hyundai.com/contents/repn-car/side-w/kona-electric-25my-well-side.png,코나 Electric,항속형 Inspiration,"49,923,954원","52,520,000원","5,960,000원","4,590,000원","1,370,000원","1,200,000원","920,000원","280,000원","42,763,954원"
경기도,하남시,https://www.hyundai.com/contents/repn-car/side-w/kona-electric-25my-well-side.png,코나 Electric,항속형 N Line Inspiration,"50,865,018원","53,510,000원","5,960,000원","4,590,000원","1,370,000원","1,200,000원","920,000원","280,000원","43,705,018원"
경기도,하남시,https://www.hyundai.com/contents/repn-car/side-w/ioniq5-27my-well-side.png,아이오닉 5,2WD E-Value +(스탠다드) 19인치,"47,347,908원","49,810,000원","6,270,000원","4,830,000원","1,440,000원","1,260,000원","970,000원","290,000원","39,817,908원"
경기도,하남시,https://www.hyundai.com/contents/repn-car/side-w/ioniq5-27my-well-side.png,아이오닉 5,2WD E-Lite(롱레인지) 19인치,"50,636,881원","53,270,000원","7,370,000원","5,670,000원","1,700,000원","1,300,000원","1,000,000원","300,000원","41,966,881원"
경기도,하남시,https://www.hyundai.com/contents/repn-car/side-w/ioniq5-27my-well-side.png,아이오닉 5,2WD 모던(롱레인지) 19인치,"52,899,239원","55,650,000원","7,370,000원","5,670,000원","1,700,000원","1,300,000원","1,000,000원","300,000원","44,229,239원"
경기도,하남시,https://www.hyundai.com/contents/repn-car/side-w/ioniq5-27my-well-side.png,아이오닉 5,4WD E-Lite(롱레인지) 19인치,"52,984,791원","55,740,000원","7,250,000원","5,580,000원","1,670,000원","1,300,000원","1,000,000원","300,000원","44,434,791원"
경기도,하남시,https://www.hyundai.com/contents/repn-car/side-w/ioniq5-27my-well-side.png,아이오닉 5,2WD 모던(롱레인지) 19인치 빌트인캠 2 + 증강현실 내비게이션,"52,899,239원","55,650,000원","7,370,000원","5,670,000원","1,700,000원","1,300,000원","1,000,000원","300,000원","44,229,239원"
경기도,하남시,https://www.hyundai.com/contents/repn-car/side-w/ioniq5-27my-well-side.png,아이오닉 5,4WD 모던(롱레인지) 19인치,"55,247,148원","58,120,000원","7,250,000원","5,580,000원","1,670,000원","1,300,000원","1,000,000원","300,000원","46,697,148원"
경기도,하남시,https://www.hyundai.com/contents/repn-car/side-w/ioniq5-27my-well-side.png,아이오닉 5,2WD 프리미엄(롱레인지) 19인치,"58,241,444원","61,270,000원","7,370,000원","5,670,000원","1,700,000원","1,300,000원","1,000,000원","300,000원","49,571,444원"
경기도,하남시,https://www.hyundai.com/contents/repn-car/side-w/ioniq5-27my-well-side.png,아이오닉 5,2WD 프리미엄(롱레인지) 19인치 빌트인캠 2 + 증강현실 내비게이션,"58,241,444원","61,270,000원","7,370,000원","5,670,000원","1,700,000원","1,300,000원","1,000,000원","300,000원","49,571,444원"
경기도,하남시,https://www.hyundai.com/contents/repn-car/side-w/ioniq5-27my-well-side.png,아이오닉 5,2WD 프리미엄(롱레인지) 20인치,"58,707,224원","61,760,000원","7,260,000원","5,590,000원","1,670,000원","1,300,000원","1,000,000원","300,000원","50,147,224원"
경기도,하남시,https://www.hyundai.com/contents/repn-car/side-w/ioniq5-27my-well-side.png,아이오닉 5,2WD N LINE(롱레인지) 20인치,"59,448,669원","62,540,000원","7,030,000원","5,410,000원","1,620,000원","1,300,000원","1,000,000원","300,000원","51,118,669원"
경기도,하남시,https://www.hyundai.com/contents/repn-car/side-w/ioniq5-27my-well-side.png,아이오닉 5,4WD 프리미엄(롱레인지) 19인치,"60,589,354원","63,740,000원","7,250,000원","5,580,000원","1,670,000원","1,300,000원","1,000,000원","300,000원","52,039,354원"
경기도,하남시,https://www.hyundai.com/contents/repn-car/side-w/ioniq5-27my-well-side.png,아이오닉 5,4WD 프리미엄(롱레인지) 20인치,"61,055,132원","64,230,000원","6,910,000원","5,320,000원","1,590,000원","1,300,000원","1,000,000원","300,000원","52,845,132원"
경기도,하남시,https://www.hyundai.com/contents/repn-car/side-w/ioniq5-27my-well-side.png,아이오닉 5,2WD 인스퍼레이션(롱레인지) 19인치,"61,283,270원","64,470,000원","7,370,000원","5,670,000원","1,700,000원","1,300,000원","1,000,000원","300,000원","52,613,270원"
경기도,하남시,https://www.hyundai.com/contents/repn-car/side-w/ioniq5-27my-well-side.png,아이오닉 5,2WD 인스퍼레이션(롱레인지) 19인치 빌트인캠 2 + 증강현실 내비게이션,"61,283,270원","64,470,000원","7,370,000원","5,670,000원","1,700,000원","1,300,000원","1,000,000원","300,000원","52,613,270원"
경기도,하남시,https://www.hyundai.com/contents/repn-car/side-w/ioniq5-27my-well-side.png,아이오닉 5,2WD 인스퍼레이션(롱레인지) 20인치,"61,749,048원","64,960,000원","7,260,000원","5,590,000원","1,670,000원","1,300,000원","1,000,000원","300,000원","53,189,048원"
경기도,하남시,https://www.hyundai.com/contents/repn-car/side-w/ioniq5-27my-well-side.png,아이오닉 5,4WD N LINE(롱레인지) 20인치,"61,796,577원","65,010,000원","6,630,000원","5,100,000원","1,530,000원","1,300,000원","1,000,000원","300,000원","53,866,577원"
경기도,하남시,https://www.hyundai.com/contents/repn-car/side-w/ioniq5-27my-well-side.png,아이오닉 5,4WD 인스퍼레이션(롱레인지) 19인치,"63,631,178원","66,940,000원","7,250,000원","5,580,000원","1,670,000원","1,300,000원","1,000,000원","300,000원","55,081,178원"
경기도,하남시,https://www.hyundai.com/contents/repn-car/side-w/ioniq5-27my-well-side.png,아이오닉 5,4WD 인스퍼레이션(롱레인지) 20인치,"64,096,958원","67,430,000원","6,910,000원","5,320,000원","1,590,000원","1,300,000원","1,000,000원","300,000원","55,886,958원"
경기도,하남시,https://www.hyundai.com/contents/repn-car/side-w/ioniq6-25fl-well-side.png,더 뉴 아이오닉 6,2WD E-Value +(스탠다드) 18인치,"48,564,639원","51,090,000원","7,280,000원","5,600,000원","1,680,000원","1,300,000원","1,000,000원","300,000원","39,984,639원"
경기도,하남시,https://www.hyundai.com/contents/repn-car/side-w/ioniq6-25fl-well-side.png,더 뉴 아이오닉 6,2WD E-LITE(롱레인지) 18인치,"50,636,881원","53,270,000원","7,410,000원","5,700,000원","1,710,000원","1,300,000원","1,000,000원","300,000원","41,926,881원"
경기도,하남시,https://www.hyundai.com/contents/repn-car/side-w/ioniq6-25fl-well-side.png,더 뉴 아이오닉 6,2WD Exclusive(스탠다드) 18인치,"50,950,570원","53,600,000원","7,280,000원","5,600,000원","1,680,000원","1,300,000원","1,000,000원","300,000원","42,370,570원"
경기도,하남시,https://www.hyundai.com/contents/repn-car/side-w/ioniq6-25fl-well-side.png,더 뉴 아이오닉 6,2WD E-LITE(롱레인지) 20인치,"51,197,719원","53,860,000원","7,410,000원","5,700,000원","1,710,000원","1,300,000원","1,000,000원","300,000원","42,487,719원"
경기도,하남시,https://www.hyundai.com/contents/repn-car/side-w/ioniq6-25fl-well-side.png,더 뉴 아이오닉 6,4WD E-LITE(롱레인지) 18인치,"52,984,791원","55,740,000원","7,410,000원","5,700,000원","1,710,000원","1,300,000원","1,000,000원","300,000원","44,274,791원"
경기도,하남시,https://www.hyundai.com/contents/repn-car/side-w/ioniq6-25fl-well-side.png,더 뉴 아이오닉 6,4WD E-LITE(롱레인지) 20인치,"53,545,627원","56,330,000원","7,180,000원","5,530,000원","1,650,000원","1,300,000원","1,000,000원","300,000원","45,065,627원"
경기도,하남시,https://www.hyundai.com/contents/repn-car/side-w/ioniq6-25fl-well-side.png,더 뉴 아이오닉 6,2WD Exclusive(롱레인지) 18인치,"55,152,091원","58,020,000원","7,410,000원","5,700,000원","1,710,000원","1,300,000원","1,000,000원","300,000원","46,442,091원"
경기도,하남시,https://www.hyundai.com/contents/repn-car/side-w/ioniq6-25fl-well-side.png,더 뉴 아이오닉 6,2WD Prestige(스탠다드) 18인치,"55,532,319원","58,420,000원","7,280,000원","5,600,000원","1,680,000원","1,300,000원","1,000,000원","300,000원","46,952,319원"
경기도,하남시,https://www.hyundai.com/contents/repn-car/side-w/ioniq6-25fl-well-side.png,더 뉴 아이오닉 6,2WD Exclusive(롱레인지) 20인치,"55,712,927원","58,610,000원","7,410,000원","5,700,000원","1,710,000원","1,300,000원","1,000,000원","300,000원","47,002,927원"
경기도,하남시,https://www.hyundai.com/contents/repn-car/side-w/ioniq6-25fl-well-side.png,더 뉴 아이오닉 6,2WD N Line Exclusive(롱레인지) 20인치,"57,452,472원","60,440,000원","7,410,000원","5,700,000원","1,710,000원","1,300,000원","1,000,000원","300,000원","48,742,472원"
경기도,하남시,https://www.hyundai.com/contents/repn-car/side-w/ioniq6-25fl-well-side.png,더 뉴 아이오닉 6,4WD Exclusive(롱레인지) 18인치,"57,499,999원","60,490,000원","7,410,000원","5,700,000원","1,710,000원","1,300,000원","1,000,000원","300,000원","48,789,999원"
경기도,하남시,https://www.hyundai.com/contents/repn-car/side-w/ioniq6-25fl-well-side.png,더 뉴 아이오닉 6,4WD Exclusive(롱레인지) 20인치,"58,060,836원","61,080,000원","7,180,000원","5,530,000원","1,650,000원","1,300,000원","1,000,000원","300,000원","49,580,836원"
경기도,하남시,https://www.hyundai.com/contents/repn-car/side-w/ioniq6-25fl-well-side.png,더 뉴 아이오닉 6,2WD Prestige(롱레인지) 18인치,"59,724,335원","62,830,000원","7,410,000원","5,700,000원","1,710,000원","1,300,000원","1,000,000원","300,000원","51,014,335원"
경기도,하남시,https://www.hyundai.com/contents/repn-car/side-w/ioniq6-25fl-well-side.png,더 뉴 아이오닉 6,4WD N Line Exclusive(롱레인지) 20인치,"59,800,380원","62,910,000원","6,980,000원","5,370,000원","1,610,000원","1,300,000원","1,000,000원","300,000원","51,520,380원"
경기도,하남시,https://www.hyundai.com/contents/repn-car/side-w/ioniq6-25fl-well-side.png,더 뉴 아이오닉 6,2WD Prestige(롱레인지) 20인치,"60,285,171원","63,420,000원","7,410,000원","5,700,000원","1,710,000원","1,300,000원","1,000,000원","300,000원","51,575,171원"
경기도,하남시,https://www.hyundai.com/contents/repn-car/side-w/ioniq6-25fl-well-side.png,더 뉴 아이오닉 6,2WD N Line Prestige(롱레인지) 20인치,"61,321,293원","64,510,000원","7,410,000원","5,700,000원","1,710,000원","1,300,000원","1,000,000원","300,000원","52,611,293원"
경기도,하남시,https://www.hyundai.com/contents/repn-car/side-w/ioniq6-25fl-well-side.png,더 뉴 아이오닉 6,4WD Prestige(롱레인지) 18인치,"62,072,243원","65,300,000원","7,410,000원","5,700,000원","1,710,000원","1,300,000원","1,000,000원","300,000원","53,362,243원"
경기도,하남시,https://www.hyundai.com/contents/repn-car/side-w/ioniq6-25fl-well-side.png,더 뉴 아이오닉 6,4WD Prestige(롱레인지) 20인치,"62,633,079원","65,890,000원","7,180,000원","5,530,000원","1,650,000원","1,300,000원","1,000,000원","300,000원","54,153,079원"
경기도,하남시,https://www.hyundai.com/contents/repn-car/side-w/ioniq6-25fl-well-side.png,더 뉴 아이오닉 6,4WD N Line Prestige(롱레인지) 20인치,"63,669,201원","66,980,000원","6,980,000원","5,370,000원","1,610,000원","1,300,000원","1,000,000원","300,000원","55,389,201원"
경기도,하남시,https://www.hyundai.com/contents/repn-car/side-w/the-new-staria-lounge-electric-27pe-well-side.png,더 뉴 스타리아 라운지 Electric,2WD 오토 Prestige 7인승,"63,593,156원","66,900,000원","2,970,000원","2,290,000원","680,000원","600,000원","460,000원","140,000원","60,023,156원"
경기도,하남시,https://www.hyundai.com/contents/repn-car/side-w/the-new-staria-lounge-electric-27pe-well-side.png,더 뉴 스타리아 라운지 Electric,2WD 오토 Inspiration 7인승,"67,309,885원","70,810,000원","2,970,000원","2,290,000원","680,000원","600,000원","460,000원","140,000원","63,739,885원"
경기도,하남시,https://www.hyundai.com/contents/repn-car/side-w/GV60-27MY.png,GV60,GV60 스탠다드 2WD 19인치,"64,904,943원","68,280,000원","3,700,000원","2,850,000원","850,000원","740,000원","570,000원","170,000원","60,464,943원"
경기도,하남시,https://www.hyundai.com/contents/repn-car/side-w/GV60-27MY.png,GV60,GV60 스탠다드 AWD 19인치,"72,080,000원","72,080,000원","3,530,000원","2,720,000원","810,000원","700,000원","540,000원","160,000원","67,850,000원"
경기도,하남시,https://www.hyundai.com/contents/repn-car/side-w/GV60-27MY.png,GV60,GV60 스탠다드 AWD 20인치,"74,380,000원","74,380,000원","3,390,000원","2,610,000원","780,000원","680,000원","520,000원","160,000원","70,310,000원"
경기도,하남시,https://www.hyundai.com/contents/repn-car/side-w/ioniq9-27my-well-side.png,아이오닉 9,2WD 익스클루시브 19인치 7인승,"67,585,551원","71,100,000원","3,560,000원","2,740,000원","820,000원","720,000원","550,000원","170,000원","63,305,551원"
경기도,하남시,https://www.hyundai.com/contents/repn-car/side-w/ioniq9-27my-well-side.png,아이오닉 9,2WD 익스클루시브 19인치 6인승,"68,165,399원","71,710,000원","3,560,000원","2,740,000원","820,000원","720,000원","550,000원","170,000원","63,885,399원"
경기도,하남시,https://www.hyundai.com/contents/repn-car/side-w/ioniq9-27my-well-side.png,아이오닉 9,4WD(항속) 익스클루시브 19인치 7인승,"70,247,148원","73,900,000원","3,520,000원","2,710,000원","810,000원","700,000원","540,000원","160,000원","66,027,148원"
경기도,하남시,https://www.hyundai.com/contents/repn-car/side-w/ioniq9-27my-well-side.png,아이오닉 9,4WD(항속) 익스클루시브 19인치 6인승,"70,826,995원","74,510,000원","3,520,000원","2,710,000원","810,000원","700,000원","540,000원","160,000원","66,606,995원"
경기도,하남시,https://www.hyundai.com/contents/repn-car/side-w/ioniq9-27my-well-side.png,아이오닉 9,4WD(성능) 익스클루시브 19인치 7인승,"71,102,661원","74,800,000원","3,530,000원","2,720,000원","810,000원","700,000원","540,000원","160,000원","66,872,661원"
경기도,하남시,https://www.hyundai.com/contents/repn-car/side-w/ioniq9-27my-well-side.png,아이오닉 9,4WD(성능) 익스클루시브 19인치 6인승,"71,682,509원","75,410,000원","3,530,000원","2,720,000원","810,000원","700,000원","540,000원","160,000원","67,452,509원"
경기도,하남시,https://www.hyundai.com/contents/repn-car/side-w/ioniq9-27my-well-side.png,아이오닉 9,2WD 프레스티지 19인치 7인승,"73,241,445원","77,050,000원","3,560,000원","2,740,000원","820,000원","720,000원","550,000원","170,000원","68,961,445원"
경기도,하남시,https://www.hyundai.com/contents/repn-car/side-w/ioniq9-27my-well-side.png,아이오닉 9,2WD 프레스티지 21인치 7인승,"73,241,445원","77,050,000원","3,560,000원","2,740,000원","820,000원","720,000원","550,000원","170,000원","68,961,445원"
경기도,하남시,https://www.hyundai.com/contents/repn-car/side-w/ioniq9-27my-well-side.png,아이오닉 9,2WD 프레스티지 19인치 6인승,"73,735,741원","77,570,000원","3,560,000원","2,740,000원","820,000원","720,000원","550,000원","170,000원","69,455,741원"
경기도,하남시,https://www.hyundai.com/contents/repn-car/side-w/ioniq9-27my-well-side.png,아이오닉 9,2WD 프레스티지 21인치 6인승,"73,735,741원","77,570,000원","3,560,000원","2,740,000원","820,000원","720,000원","550,000원","170,000원","69,455,741원"
경기도,하남시,https://www.hyundai.com/contents/repn-car/side-w/ioniq9-27my-well-side.png,아이오닉 9,4WD(항속) 프레스티지 19인치 7인승,"75,903,041원","79,850,000원","3,520,000원","2,710,000원","810,000원","700,000원","540,000원","160,000원","71,683,041원"
경기도,하남시,https://www.hyundai.com/contents/repn-car/side-w/ioniq9-27my-well-side.png,아이오닉 9,4WD(항속) 프레스티지 21인치 7인승,"75,903,041원","79,850,000원","3,520,000원","2,710,000원","810,000원","700,000원","540,000원","160,000원","71,683,041원"
경기도,하남시,https://www.hyundai.com/contents/repn-car/side-w/ioniq9-27my-well-side.png,아이오닉 9,4WD(항속) 프레스티지 19인치 6인승,"76,397,338원","80,370,000원","3,520,000원","2,710,000원","810,000원","700,000원","540,000원","160,000원","72,177,338원"
경기도,하남시,https://www.hyundai.com/contents/repn-car/side-w/ioniq9-27my-well-side.png,아이오닉 9,4WD(항속) 프레스티지 21인치 6인승,"76,397,338원","80,370,000원","3,520,000원","2,710,000원","810,000원","700,000원","540,000원","160,000원","72,177,338원"
경기도,하남시,https://www.hyundai.com/contents/repn-car/side-w/ioniq9-27my-well-side.png,아이오닉 9,4WD(성능) 프레스티지 19인치 7인승,"76,758,555원","80,750,000원","3,530,000원","2,720,000원","810,000원","700,000원","540,000원","160,000원","72,528,555원"
경기도,하남시,https://www.hyundai.com/contents/repn-car/side-w/ioniq9-27my-well-side.png,아이오닉 9,4WD(성능) 프레스티지 21인치 7인승,"76,758,555원","80,750,000원","3,530,000원","2,720,000원","810,000원","700,000원","540,000원","160,000원","72,528,555원"
경기도,하남시,https://www.hyundai.com/contents/repn-car/side-w/ioniq9-27my-well-side.png,아이오닉 9,4WD(성능) 프레스티지 19인치 6인승,"77,252,851원","81,270,000원","3,530,000원","2,720,000원","810,000원","700,000원","540,000원","160,000원","73,022,851원"
경기도,하남시,https://www.hyundai.com/contents/repn-car/side-w/ioniq9-27my-well-side.png,아이오닉 9,4WD(성능) 프레스티지 21인치 6인승,"77,252,851원","81,270,000원","3,530,000원","2,720,000원","810,000원","700,000원","540,000원","160,000원","73,022,851원"
경기도,하남시,https://www.hyundai.com/contents/repn-car/side-w/ioniq9-27my-well-side.png,아이오닉 9,2WD 캘리그래피 19인치 7인승,"78,108,365원","82,170,000원","3,560,000원","2,740,000원","820,000원","720,000원","550,000원","170,000원","73,828,365원"
경기도,하남시,https://www.hyundai.com/contents/repn-car/side-w/ioniq9-27my-well-side.png,아이오닉 9,2WD 캘리그래피 21인치 7인승,"78,108,365원","82,170,000원","3,560,000원","2,740,000원","820,000원","720,000원","550,000원","170,000원","73,828,365원"
경기도,하남시,https://www.hyundai.com/contents/repn-car/side-w/ioniq9-27my-well-side.png,아이오닉 9,2WD 캘리그래피 19인치 6인승,"79,600,760원","83,740,000원","3,560,000원","2,740,000원","820,000원","720,000원","550,000원","170,000원","75,320,760원"
경기도,하남시,https://www.hyundai.com/contents/repn-car/side-w/ioniq9-27my-well-side.png,아이오닉 9,2WD 캘리그래피 21인치 6인승,"79,600,760원","83,740,000원","3,560,000원","2,740,000원","820,000원","720,000원","550,000원","170,000원","75,320,760원"
경기도,하남시,https://www.hyundai.com/contents/repn-car/side-w/ioniq9-27my-well-side.png,아이오닉 9,4WD(항속) 캘리그래피 19인치 7인승,"80,769,961원","84,970,000원","3,520,000원","2,710,000원","810,000원","700,000원","540,000원","160,000원","76,549,961원"
경기도,하남시,https://www.hyundai.com/contents/repn-car/side-w/ioniq9-27my-well-side.png,아이오닉 9,4WD(항속) 캘리그래피 21인치 7인승,"80,769,961원","84,970,000원","3,520,000원","2,710,000원","810,000원","700,000원","540,000원","160,000원","76,549,961원"
경기도,하남시,https://www.hyundai.com/contents/repn-car/side-w/ioniq9-27my-well-side.png,아이오닉 9,4WD(성능) 캘리그래피 19인치 7인승,"81,625,475원","85,870,000원","3,530,000원","2,720,000원","810,000원","700,000원","540,000원","160,000원","77,395,475원"
경기도,하남시,https://www.hyundai.com/contents/repn-car/side-w/ioniq9-27my-well-side.png,아이오닉 9,4WD(성능) 캘리그래피 21인치 7인승,"81,625,475원","85,870,000원","3,530,000원","2,720,000원","810,000원","700,000원","540,000원","160,000원","77,395,475원"
경기도,하남시,https://www.hyundai.com/contents/repn-car/side-w/ioniq9-27my-well-side.png,아이오닉 9,4WD(항속) 캘리그래피 19인치 6인승,"82,262,357원","86,540,000원","3,520,000원","2,710,000원","810,000원","700,000원","540,000원","160,000원","78,042,357원"
경기도,하남시,https://www.hyundai.com/contents/repn-car/side-w/ioniq9-27my-well-side.png,아이오닉 9,4WD(항속) 캘리그래피 21인치 6인승,"82,262,357원","86,540,000원","3,520,000원","2,710,000원","810,000원","700,000원","540,000원","160,000원","78,042,357원"
경기도,하남시,https://www.hyundai.com/contents/repn-car/side-w/ioniq9-27my-well-side.png,아이오닉 9,4WD(성능) 캘리그래피 19인치 6인승,"83,149,999원","87,440,000원","3,530,000원","2,720,000원","810,000원","700,000원","540,000원","160,000원","78,919,999원"
경기도,하남시,https://www.hyundai.com/contents/repn-car/side-w/ioniq9-27my-well-side.png,아이오닉 9,4WD(성능) 캘리그래피 21인치 6인승,"83,149,999원","87,440,000원","3,530,000원","2,720,000원","810,000원","700,000원","540,000원","160,000원","78,919,999원"
경기도,하남시,https://www.hyundai.com/contents/repn-car/side-w/Electrified-GV70-27MY.png,Electrified GV70,ELECTRIFIED GV70 AWD 19인치,"75,798,478원","79,740,000원","3,390,000원","2,610,000원","780,000원","680,000원","520,000원","160,000원","71,728,478원"
경기도,하남시,https://www.hyundai.com/contents/repn-car/side-w/Electrified-GV70-27MY.png,Electrified GV70,ELECTRIFIED GV70 AWD 20인치,"76,558,935원","80,540,000원","3,180,000원","2,450,000원","730,000원","640,000원","490,000원","150,000원","72,738,935원"
경기도,하남시,https://www.hyundai.com/contents/repn-car/side-w/ioniq6-n-25lc-well-side.png,아이오닉 6 N,4WD N,"79,904,942원","84,060,000원","3,250,000원","2,500,000원","750,000원","650,000원","500,000원","150,000원","76,004,942원"
경기도,하남시,https://www.hyundai.com/contents/repn-car/side-w/g80_ev_27my-well-side.png,Electrified G80,ELECTRIFIED G80,"84,790,000원","89,080,000원","3,510,000원","2,700,000원","810,000원","700,000원","540,000원","160,000원","80,580,000원"
경기도,하남시,https://www.hyundai.com/contents/repn-car/side-w/g80_ev_27my-well-side.png,Electrified G80,ELECTRIFIED G80,"87,790,000원","92,080,000원","3,510,000원","2,700,000원","810,000원","700,000원","540,000원","160,000원","83,580,000원"
경기도,하남시,https://www.hyundai.com/contents/repn-car/side-w/the-new-staria-limousine-electric-27pe-well-side.png,더 뉴 스타리아 리무진 Electric,2WD 오토 Inspiration 리무진,"84,820,000원","89,110,000원","2,970,000원","2,290,000원","680,000원","600,000원","460,000원","140,000원","81,250,000원"
경기도,하남시,https://www.hyundai.com/contents/repn-car/side-w/porter2-electric-26my-well-side.png,포터 II Electric ,오토 스타일스페셜,"43,500,000원","43,500,000원","12,580,000원","9,680,000원","2,900,000원","1,300,000원","1,000,000원","300,000원","29,620,000원"
경기도,하남시,https://www.hyundai.com/contents/repn-car/side-w/porter2-electric-26my-well-side.png,포터 II Electric ,오토 스마트스페셜,"44,850,000원","44,850,000원","12,580,000원","9,680,000원","2,900,000원","1,300,000원","1,000,000원","300,000원","30,970,000원"
경기도,하남시,https://www.hyundai.com/contents/repn-car/side-w/porter2-electric-26my-well-side.png,포터 II Electric ,오토 프리미엄스페셜,"46,450,000원","46,450,000원","12,580,000원","9,680,000원","2,900,000원","1,300,000원","1,000,000원","300,000원","32,570,000원"
경기도,하남시,https://www.hyundai.com/contents/repn-car/side-w/porter2-electric-built-in-truck-26my-45side.png,포터II Electric 내장탑차,오토 스마트스페셜 저상,"49,030,000원","49,030,000원","10,140,000원","7,800,000원","2,340,000원","1,200,000원","920,000원","280,000원","37,690,000원"
경기도,하남시,https://www.hyundai.com/contents/repn-car/side-w/porter2-electric-built-in-truck-26my-45side.png,포터II Electric 내장탑차,오토 스마트스페셜,"50,250,000원","50,250,000원","10,140,000원","7,800,000원","2,340,000원","1,200,000원","920,000원","280,000원","38,910,000원"
경기도,하남시,https://www.hyundai.com/contents/repn-car/side-w/porter2-electric-built-in-truck-26my-45side.png,포터II Electric 내장탑차,오토 스마트스페셜 하이,"51,130,000원","51,130,000원","10,140,000원","7,800,000원","2,340,000원","1,200,000원","920,000원","280,000원","39,790,000원"
경기도,하남시,https://www.hyundai.com/contents/repn-car/side-w/porter2-electric-powergate-truck-26my-45side.png,포터II Electric 파워게이트,오토 스마트스페셜,"50,000,000원","50,000,000원","10,140,000원","7,800,000원","2,340,000원","1,200,000원","920,000원","280,000원","38,660,000원"
경기도,하남시,https://www.hyundai.com/contents/repn-car/side-w/porter2-electric-wingbody-26my-45side.png,포터II Electric 윙바디,오토 스마트스페셜 수동식,"51,030,000원","51,030,000원","10,140,000원","7,800,000원","2,340,000원","1,200,000원","920,000원","280,000원","39,690,000원"
경기도,하남시,https://www.hyundai.com/contents/repn-car/side-w/porter2-electric-wingbody-26my-45side.png,포터II Electric 윙바디,오토 스마트스페셜 전동식,"55,240,000원","55,240,000원","10,140,000원","7,800,000원","2,340,000원","1,200,000원","920,000원","280,000원","43,900,000원"
경기도,하남시,https://www.hyundai.com/contents/repn-car/side-w/the-new-staria-electric-27pe-well-side.png,더 뉴 스타리아 Electric,2WD 오토 Modern 3인승,"57,920,000원","57,920,000원","15,600,000원","12,000,000원","3,600,000원","1,300,000원","1,000,000원","300,000원","41,020,000원"
경기도,하남시,https://www.hyundai.com/contents/repn-car/side-w/the-new-staria-electric-27pe-well-side.png,더 뉴 스타리아 Electric,2WD 오토 Modern 5인승,"58,700,000원","58,700,000원","15,600,000원","12,000,000원","3,600,000원","1,300,000원","1,000,000원","300,000원","41,800,000원"
경기도,하남시,https://www.hyundai.com/contents/repn-car/side-w/st1-hightop-27my-well-side.png,ST1 하이탑차,오토 스마트,"58,830,000원","58,830,000원","14,300,000원","11,000,000원","3,300,000원","1,300,000원","1,000,000원","300,000원","43,230,000원"
경기도,하남시,https://www.hyundai.com/contents/repn-car/side-w/st1-27my-well-side.png,ST1 카고,오토 스타일,"59,460,000원","59,460,000원","15,600,000원","12,000,000원","3,600,000원","1,300,000원","1,000,000원","300,000원","42,560,000원"
경기도,하남시,https://www.hyundai.com/contents/repn-car/side-w/st1-27my-well-side.png,ST1 카고,오토 스마트,"61,230,000원","61,230,000원","15,600,000원","12,000,000원","3,600,000원","1,300,000원","1,000,000원","300,000원","44,330,000원"
경기도,하남시,https://www.hyundai.com/contents/repn-car/side-w/st1-27my-well-side.png,ST1 카고,오토 프리미엄,"65,710,000원","65,710,000원","15,600,000원","12,000,000원","3,600,000원","1,300,000원","1,000,000원","300,000원","48,810,000원"
경기도,하남시,https://www.hyundai.com/contents/repn-car/side-w/st1-freezer-truck-27my-well-side.png,ST1 카고 냉동,오토 스마트,"69,580,000원","69,580,000원","18,850,000원","14,500,000원","4,350,000원","1,300,000원","1,000,000원","300,000원","49,430,000원"
경기도,하남시,https://www.hyundai.com/contents/repn-car/side-w/st1-freezer-truck-27my-well-side.png,ST1 카고 냉동,오토 프리미엄,"74,060,000원","74,060,000원","18,850,000원","14,500,000원","4,350,000원","1,300,000원","1,000,000원","300,000원","53,910,000원"
경기도,하남시,https://www.hyundai.com/contents/repn-car/side-w/the-new-staria-electric-27pe-well-side.png,더 뉴 스타리아 Electric,2WD 오토 Modern 11인승,"60,290,000원","60,290,000원","19,500,000원","15,000,000원","4,500,000원",0원,0원,0원,"40,790,000원"
경기도,하남시,https://www.hyundai.com/contents/repn-car/side-w/the-new-staria-lounge-electric-27pe-well-side.png,더 뉴 스타리아 라운지 Electric,2WD 오토 Prestige 11인승 라운지,"65,490,000원","65,490,000원","19,500,000원","15,000,000원","4,500,000원",0원,0원,0원,"45,990,000원"
경기도,하남시,https://www.hyundai.com/contents/repn-car/side-w/nexo-27my-well-side.png,넥쏘,2WD 모던,"76,470,532원","80,447,000원","32,500,000원","22,500,000원","10,000,000원",0원,0원,0원,"43,970,532원"
경기도,하남시,https://www.hyundai.com/contents/repn-car/side-w/nexo-27my-well-side.png,넥쏘,2WD 익스클루시브,"79,369,771원","83,497,000원","32,500,000원","22,500,000원","10,000,000원",0원,0원,0원,"46,869,771원"
경기도,하남시,https://www.hyundai.com/contents/repn-car/side-w/nexo-27my-well-side.png,넥쏘,2WD 프레스티지,"83,789,923원","88,147,000원","32,500,000원","22,500,000원","10,000,000원",0원,0원,0원,"51,289,923원"
경기도,의정부시,https://www.hyundai.com/contents/repn-car/side-w/casper_ev_26my_well_side.png,2027 캐스퍼 일렉트릭,캐스퍼 일렉트릭 기본형 15인치,"28,469,581원","29,950,000원","6,690,000원","4,900,000원","1,790,000원","1,270,000원","980,000원","290,000원","20,509,581원"
경기도,의정부시,https://www.hyundai.com/contents/repn-car/side-w/casper_ev_26my_well_side.png,2027 캐스퍼 일렉트릭,캐스퍼 일렉트릭 항속형 15인치,"32,119,772원","33,790,000원","6,690,000원","4,900,000원","1,790,000원","1,270,000원","980,000원","290,000원","24,159,772원"
경기도,의정부시,https://www.hyundai.com/contents/repn-car/side-w/casper_ev_26my_well_side.png,2027 캐스퍼 일렉트릭,캐스퍼 일렉트릭 항속형 17인치,"32,119,772원","33,790,000원","6,690,000원","4,900,000원","1,790,000원","1,270,000원","980,000원","290,000원","24,159,772원"
경기도,의정부시,https://www.hyundai.com/contents/repn-car/side-w/casper_ev_26my_well_side.png,2027 캐스퍼 일렉트릭,캐스퍼 일렉트릭 크로스 17인치,"34,125,474원","35,900,000원","6,650,000원","4,870,000원","1,780,000원","1,260,000원","970,000원","290,000원","26,215,474원"
경기도,의정부시,https://www.hyundai.com/contents/repn-car/side-w/casper_ev_26my_well_side.png,2027 캐스퍼 일렉트릭,캐스퍼 일렉트릭 라운지 17인치,"34,572,243원","36,370,000원","6,690,000원","4,900,000원","1,790,000원","1,270,000원","980,000원","290,000원","26,612,243원"
경기도,의정부시,https://www.hyundai.com/contents/repn-car/side-w/kona-electric-25my-well-side.png,코나 Electric,기본형 E-Value +,"41,520,912원","43,680,000원","5,970,000원","4,370,000원","1,600,000원","1,130,000원","870,000원","260,000원","34,420,912원"
경기도,의정부시,https://www.hyundai.com/contents/repn-car/side-w/kona-electric-25my-well-side.png,코나 Electric,기본형 Premium,"43,564,638원","45,830,000원","5,970,000원","4,370,000원","1,600,000원","1,130,000원","870,000원","260,000원","36,464,638원"
경기도,의정부시,https://www.hyundai.com/contents/repn-car/side-w/kona-electric-25my-well-side.png,코나 Electric,항속형 Modern plus,"45,655,893원","48,030,000원","7,020,000원","5,140,000원","1,880,000원","1,300,000원","1,000,000원","300,000원","37,335,893원"
경기도,의정부시,https://www.hyundai.com/contents/repn-car/side-w/kona-electric-25my-well-side.png,코나 Electric,항속형 Modern plus 스타일 Ⅱ,"45,655,893원","48,030,000원","7,020,000원","5,140,000원","1,880,000원","1,300,000원","1,000,000원","300,000원","37,335,893원"
경기도,의정부시,https://www.hyundai.com/contents/repn-car/side-w/kona-electric-25my-well-side.png,코나 Electric,항속형 Premium,"46,568,440원","48,990,000원","7,020,000원","5,140,000원","1,880,000원","1,300,000원","1,000,000원","300,000원","38,248,440원"
경기도,의정부시,https://www.hyundai.com/contents/repn-car/side-w/kona-electric-25my-well-side.png,코나 Electric,항속형 Premium 빌트인 캠 2,"46,568,440원","48,990,000원","7,020,000원","5,140,000원","1,880,000원","1,300,000원","1,000,000원","300,000원","38,248,440원"
경기도,의정부시,https://www.hyundai.com/contents/repn-car/side-w/kona-electric-25my-well-side.png,코나 Electric,항속형 Premium 스타일 Ⅱ,"46,568,440원","48,990,000원","7,020,000원","5,140,000원","1,880,000원","1,300,000원","1,000,000원","300,000원","38,248,440원"
경기도,의정부시,https://www.hyundai.com/contents/repn-car/side-w/kona-electric-25my-well-side.png,코나 Electric,항속형 Inspiration,"49,923,954원","52,520,000원","6,270,000원","4,590,000원","1,680,000원","1,200,000원","920,000원","280,000원","42,453,954원"
경기도,의정부시,https://www.hyundai.com/contents/repn-car/side-w/kona-electric-25my-well-side.png,코나 Electric,항속형 N Line Inspiration,"50,865,018원","53,510,000원","6,270,000원","4,590,000원","1,680,000원","1,200,000원","920,000원","280,000원","43,395,018원"
경기도,의정부시,https://www.hyundai.com/contents/repn-car/side-w/ioniq5-27my-well-side.png,아이오닉 5,2WD E-Value +(스탠다드) 19인치,"47,347,908원","49,810,000원","6,600,000원","4,830,000원","1,770,000원","1,260,000원","970,000원","290,000원","39,487,908원"
경기도,의정부시,https://www.hyundai.com/contents/repn-car/side-w/ioniq5-27my-well-side.png,아이오닉 5,2WD E-Lite(롱레인지) 19인치,"50,636,881원","53,270,000원","7,740,000원","5,670,000원","2,070,000원","1,300,000원","1,000,000원","300,000원","41,596,881원"
경기도,의정부시,https://www.hyundai.com/contents/repn-car/side-w/ioniq5-27my-well-side.png,아이오닉 5,2WD 모던(롱레인지) 19인치,"52,899,239원","55,650,000원","7,740,000원","5,670,000원","2,070,000원","1,300,000원","1,000,000원","300,000원","43,859,239원"
경기도,의정부시,https://www.hyundai.com/contents/repn-car/side-w/ioniq5-27my-well-side.png,아이오닉 5,4WD E-Lite(롱레인지) 19인치,"52,984,791원","55,740,000원","7,620,000원","5,580,000원","2,040,000원","1,300,000원","1,000,000원","300,000원","44,064,791원"
경기도,의정부시,https://www.hyundai.com/contents/repn-car/side-w/ioniq5-27my-well-side.png,아이오닉 5,2WD 모던(롱레인지) 19인치 빌트인캠 2 + 증강현실 내비게이션,"52,899,239원","55,650,000원","7,740,000원","5,670,000원","2,070,000원","1,300,000원","1,000,000원","300,000원","43,859,239원"
경기도,의정부시,https://www.hyundai.com/contents/repn-car/side-w/ioniq5-27my-well-side.png,아이오닉 5,4WD 모던(롱레인지) 19인치,"55,247,148원","58,120,000원","7,620,000원","5,580,000원","2,040,000원","1,300,000원","1,000,000원","300,000원","46,327,148원"
경기도,의정부시,https://www.hyundai.com/contents/repn-car/side-w/ioniq5-27my-well-side.png,아이오닉 5,2WD 프리미엄(롱레인지) 19인치,"58,241,444원","61,270,000원","7,740,000원","5,670,000원","2,070,000원","1,300,000원","1,000,000원","300,000원","49,201,444원"
경기도,의정부시,https://www.hyundai.com/contents/repn-car/side-w/ioniq5-27my-well-side.png,아이오닉 5,2WD 프리미엄(롱레인지) 19인치 빌트인캠 2 + 증강현실 내비게이션,"58,241,444원","61,270,000원","7,740,000원","5,670,000원","2,070,000원","1,300,000원","1,000,000원","300,000원","49,201,444원"
경기도,의정부시,https://www.hyundai.com/contents/repn-car/side-w/ioniq5-27my-well-side.png,아이오닉 5,2WD 프리미엄(롱레인지) 20인치,"58,707,224원","61,760,000원","7,630,000원","5,590,000원","2,040,000원","1,300,000원","1,000,000원","300,000원","49,777,224원"
경기도,의정부시,https://www.hyundai.com/contents/repn-car/side-w/ioniq5-27my-well-side.png,아이오닉 5,2WD N LINE(롱레인지) 20인치,"59,448,669원","62,540,000원","7,390,000원","5,410,000원","1,980,000원","1,300,000원","1,000,000원","300,000원","50,758,669원"
경기도,의정부시,https://www.hyundai.com/contents/repn-car/side-w/ioniq5-27my-well-side.png,아이오닉 5,4WD 프리미엄(롱레인지) 19인치,"60,589,354원","63,740,000원","7,620,000원","5,580,000원","2,040,000원","1,300,000원","1,000,000원","300,000원","51,669,354원"
경기도,의정부시,https://www.hyundai.com/contents/repn-car/side-w/ioniq5-27my-well-side.png,아이오닉 5,4WD 프리미엄(롱레인지) 20인치,"61,055,132원","64,230,000원","7,270,000원","5,320,000원","1,950,000원","1,300,000원","1,000,000원","300,000원","52,485,132원"
경기도,의정부시,https://www.hyundai.com/contents/repn-car/side-w/ioniq5-27my-well-side.png,아이오닉 5,2WD 인스퍼레이션(롱레인지) 19인치,"61,283,270원","64,470,000원","7,740,000원","5,670,000원","2,070,000원","1,300,000원","1,000,000원","300,000원","52,243,270원"
경기도,의정부시,https://www.hyundai.com/contents/repn-car/side-w/ioniq5-27my-well-side.png,아이오닉 5,2WD 인스퍼레이션(롱레인지) 19인치 빌트인캠 2 + 증강현실 내비게이션,"61,283,270원","64,470,000원","7,740,000원","5,670,000원","2,070,000원","1,300,000원","1,000,000원","300,000원","52,243,270원"
경기도,의정부시,https://www.hyundai.com/contents/repn-car/side-w/ioniq5-27my-well-side.png,아이오닉 5,2WD 인스퍼레이션(롱레인지) 20인치,"61,749,048원","64,960,000원","7,630,000원","5,590,000원","2,040,000원","1,300,000원","1,000,000원","300,000원","52,819,048원"
경기도,의정부시,https://www.hyundai.com/contents/repn-car/side-w/ioniq5-27my-well-side.png,아이오닉 5,4WD N LINE(롱레인지) 20인치,"61,796,577원","65,010,000원","6,970,000원","5,100,000원","1,870,000원","1,300,000원","1,000,000원","300,000원","53,526,577원"
경기도,의정부시,https://www.hyundai.com/contents/repn-car/side-w/ioniq5-27my-well-side.png,아이오닉 5,4WD 인스퍼레이션(롱레인지) 19인치,"63,631,178원","66,940,000원","7,620,000원","5,580,000원","2,040,000원","1,300,000원","1,000,000원","300,000원","54,711,178원"
경기도,의정부시,https://www.hyundai.com/contents/repn-car/side-w/ioniq5-27my-well-side.png,아이오닉 5,4WD 인스퍼레이션(롱레인지) 20인치,"64,096,958원","67,430,000원","7,270,000원","5,320,000원","1,950,000원","1,300,000원","1,000,000원","300,000원","55,526,958원"
경기도,의정부시,https://www.hyundai.com/contents/repn-car/side-w/ioniq6-25fl-well-side.png,더 뉴 아이오닉 6,2WD E-Value +(스탠다드) 18인치,"48,564,639원","51,090,000원","7,650,000원","5,600,000원","2,050,000원","1,300,000원","1,000,000원","300,000원","39,614,639원"
경기도,의정부시,https://www.hyundai.com/contents/repn-car/side-w/ioniq6-25fl-well-side.png,더 뉴 아이오닉 6,2WD E-LITE(롱레인지) 18인치,"50,636,881원","53,270,000원","7,790,000원","5,700,000원","2,090,000원","1,300,000원","1,000,000원","300,000원","41,546,881원"
경기도,의정부시,https://www.hyundai.com/contents/repn-car/side-w/ioniq6-25fl-well-side.png,더 뉴 아이오닉 6,2WD Exclusive(스탠다드) 18인치,"50,950,570원","53,600,000원","7,650,000원","5,600,000원","2,050,000원","1,300,000원","1,000,000원","300,000원","42,000,570원"
경기도,의정부시,https://www.hyundai.com/contents/repn-car/side-w/ioniq6-25fl-well-side.png,더 뉴 아이오닉 6,2WD E-LITE(롱레인지) 20인치,"51,197,719원","53,860,000원","7,790,000원","5,700,000원","2,090,000원","1,300,000원","1,000,000원","300,000원","42,107,719원"
경기도,의정부시,https://www.hyundai.com/contents/repn-car/side-w/ioniq6-25fl-well-side.png,더 뉴 아이오닉 6,4WD E-LITE(롱레인지) 18인치,"52,984,791원","55,740,000원","7,790,000원","5,700,000원","2,090,000원","1,300,000원","1,000,000원","300,000원","43,894,791원"
경기도,의정부시,https://www.hyundai.com/contents/repn-car/side-w/ioniq6-25fl-well-side.png,더 뉴 아이오닉 6,4WD E-LITE(롱레인지) 20인치,"53,545,627원","56,330,000원","7,550,000원","5,530,000원","2,020,000원","1,300,000원","1,000,000원","300,000원","44,695,627원"
경기도,의정부시,https://www.hyundai.com/contents/repn-car/side-w/ioniq6-25fl-well-side.png,더 뉴 아이오닉 6,2WD Exclusive(롱레인지) 18인치,"55,152,091원","58,020,000원","7,790,000원","5,700,000원","2,090,000원","1,300,000원","1,000,000원","300,000원","46,062,091원"
경기도,의정부시,https://www.hyundai.com/contents/repn-car/side-w/ioniq6-25fl-well-side.png,더 뉴 아이오닉 6,2WD Prestige(스탠다드) 18인치,"55,532,319원","58,420,000원","7,650,000원","5,600,000원","2,050,000원","1,300,000원","1,000,000원","300,000원","46,582,319원"
경기도,의정부시,https://www.hyundai.com/contents/repn-car/side-w/ioniq6-25fl-well-side.png,더 뉴 아이오닉 6,2WD Exclusive(롱레인지) 20인치,"55,712,927원","58,610,000원","7,790,000원","5,700,000원","2,090,000원","1,300,000원","1,000,000원","300,000원","46,622,927원"
경기도,의정부시,https://www.hyundai.com/contents/repn-car/side-w/ioniq6-25fl-well-side.png,더 뉴 아이오닉 6,2WD N Line Exclusive(롱레인지) 20인치,"57,452,472원","60,440,000원","7,790,000원","5,700,000원","2,090,000원","1,300,000원","1,000,000원","300,000원","48,362,472원"
경기도,의정부시,https://www.hyundai.com/contents/repn-car/side-w/ioniq6-25fl-well-side.png,더 뉴 아이오닉 6,4WD Exclusive(롱레인지) 18인치,"57,499,999원","60,490,000원","7,790,000원","5,700,000원","2,090,000원","1,300,000원","1,000,000원","300,000원","48,409,999원"
경기도,의정부시,https://www.hyundai.com/contents/repn-car/side-w/ioniq6-25fl-well-side.png,더 뉴 아이오닉 6,4WD Exclusive(롱레인지) 20인치,"58,060,836원","61,080,000원","7,550,000원","5,530,000원","2,020,000원","1,300,000원","1,000,000원","300,000원","49,210,836원"
경기도,의정부시,https://www.hyundai.com/contents/repn-car/side-w/ioniq6-25fl-well-side.png,더 뉴 아이오닉 6,2WD Prestige(롱레인지) 18인치,"59,724,335원","62,830,000원","7,790,000원","5,700,000원","2,090,000원","1,300,000원","1,000,000원","300,000원","50,634,335원"
경기도,의정부시,https://www.hyundai.com/contents/repn-car/side-w/ioniq6-25fl-well-side.png,더 뉴 아이오닉 6,4WD N Line Exclusive(롱레인지) 20인치,"59,800,380원","62,910,000원","7,330,000원","5,370,000원","1,960,000원","1,300,000원","1,000,000원","300,000원","51,170,380원"
경기도,의정부시,https://www.hyundai.com/contents/repn-car/side-w/ioniq6-25fl-well-side.png,더 뉴 아이오닉 6,2WD Prestige(롱레인지) 20인치,"60,285,171원","63,420,000원","7,790,000원","5,700,000원","2,090,000원","1,300,000원","1,000,000원","300,000원","51,195,171원"
경기도,의정부시,https://www.hyundai.com/contents/repn-car/side-w/ioniq6-25fl-well-side.png,더 뉴 아이오닉 6,2WD N Line Prestige(롱레인지) 20인치,"61,321,293원","64,510,000원","7,790,000원","5,700,000원","2,090,000원","1,300,000원","1,000,000원","300,000원","52,231,293원"
경기도,의정부시,https://www.hyundai.com/contents/repn-car/side-w/ioniq6-25fl-well-side.png,더 뉴 아이오닉 6,4WD Prestige(롱레인지) 18인치,"62,072,243원","65,300,000원","7,790,000원","5,700,000원","2,090,000원","1,300,000원","1,000,000원","300,000원","52,982,243원"
경기도,의정부시,https://www.hyundai.com/contents/repn-car/side-w/ioniq6-25fl-well-side.png,더 뉴 아이오닉 6,4WD Prestige(롱레인지) 20인치,"62,633,079원","65,890,000원","7,550,000원","5,530,000원","2,020,000원","1,300,000원","1,000,000원","300,000원","53,783,079원"
경기도,의정부시,https://www.hyundai.com/contents/repn-car/side-w/ioniq6-25fl-well-side.png,더 뉴 아이오닉 6,4WD N Line Prestige(롱레인지) 20인치,"63,669,201원","66,980,000원","7,330,000원","5,370,000원","1,960,000원","1,300,000원","1,000,000원","300,000원","55,039,201원"
경기도,의정부시,https://www.hyundai.com/contents/repn-car/side-w/the-new-staria-lounge-electric-27pe-well-side.png,더 뉴 스타리아 라운지 Electric,2WD 오토 Prestige 7인승,"63,593,156원","66,900,000원","3,120,000원","2,290,000원","830,000원","600,000원","460,000원","140,000원","59,873,156원"
경기도,의정부시,https://www.hyundai.com/contents/repn-car/side-w/the-new-staria-lounge-electric-27pe-well-side.png,더 뉴 스타리아 라운지 Electric,2WD 오토 Inspiration 7인승,"67,309,885원","70,810,000원","3,120,000원","2,290,000원","830,000원","600,000원","460,000원","140,000원","63,589,885원"
경기도,의정부시,https://www.hyundai.com/contents/repn-car/side-w/GV60-27MY.png,GV60,GV60 스탠다드 2WD 19인치,"64,904,943원","68,280,000원","3,890,000원","2,850,000원","1,040,000원","740,000원","570,000원","170,000원","60,274,943원"
경기도,의정부시,https://www.hyundai.com/contents/repn-car/side-w/GV60-27MY.png,GV60,GV60 스탠다드 AWD 19인치,"72,080,000원","72,080,000원","3,710,000원","2,720,000원","990,000원","700,000원","540,000원","160,000원","67,670,000원"
경기도,의정부시,https://www.hyundai.com/contents/repn-car/side-w/GV60-27MY.png,GV60,GV60 스탠다드 AWD 20인치,"74,380,000원","74,380,000원","3,560,000원","2,610,000원","950,000원","680,000원","520,000원","160,000원","70,140,000원"
경기도,의정부시,https://www.hyundai.com/contents/repn-car/side-w/ioniq9-27my-well-side.png,아이오닉 9,2WD 익스클루시브 19인치 7인승,"67,585,551원","71,100,000원","3,740,000원","2,740,000원","1,000,000원","720,000원","550,000원","170,000원","63,125,551원"
경기도,의정부시,https://www.hyundai.com/contents/repn-car/side-w/ioniq9-27my-well-side.png,아이오닉 9,2WD 익스클루시브 19인치 6인승,"68,165,399원","71,710,000원","3,740,000원","2,740,000원","1,000,000원","720,000원","550,000원","170,000원","63,705,399원"
경기도,의정부시,https://www.hyundai.com/contents/repn-car/side-w/ioniq9-27my-well-side.png,아이오닉 9,4WD(항속) 익스클루시브 19인치 7인승,"70,247,148원","73,900,000원","3,700,000원","2,710,000원","990,000원","700,000원","540,000원","160,000원","65,847,148원"
경기도,의정부시,https://www.hyundai.com/contents/repn-car/side-w/ioniq9-27my-well-side.png,아이오닉 9,4WD(항속) 익스클루시브 19인치 6인승,"70,826,995원","74,510,000원","3,700,000원","2,710,000원","990,000원","700,000원","540,000원","160,000원","66,426,995원"
경기도,의정부시,https://www.hyundai.com/contents/repn-car/side-w/ioniq9-27my-well-side.png,아이오닉 9,4WD(성능) 익스클루시브 19인치 7인승,"71,102,661원","74,800,000원","3,710,000원","2,720,000원","990,000원","700,000원","540,000원","160,000원","66,692,661원"
경기도,의정부시,https://www.hyundai.com/contents/repn-car/side-w/ioniq9-27my-well-side.png,아이오닉 9,4WD(성능) 익스클루시브 19인치 6인승,"71,682,509원","75,410,000원","3,710,000원","2,720,000원","990,000원","700,000원","540,000원","160,000원","67,272,509원"
경기도,의정부시,https://www.hyundai.com/contents/repn-car/side-w/ioniq9-27my-well-side.png,아이오닉 9,2WD 프레스티지 19인치 7인승,"73,241,445원","77,050,000원","3,740,000원","2,740,000원","1,000,000원","720,000원","550,000원","170,000원","68,781,445원"
경기도,의정부시,https://www.hyundai.com/contents/repn-car/side-w/ioniq9-27my-well-side.png,아이오닉 9,2WD 프레스티지 21인치 7인승,"73,241,445원","77,050,000원","3,740,000원","2,740,000원","1,000,000원","720,000원","550,000원","170,000원","68,781,445원"
경기도,의정부시,https://www.hyundai.com/contents/repn-car/side-w/ioniq9-27my-well-side.png,아이오닉 9,2WD 프레스티지 19인치 6인승,"73,735,741원","77,570,000원","3,740,000원","2,740,000원","1,000,000원","720,000원","550,000원","170,000원","69,275,741원"
경기도,의정부시,https://www.hyundai.com/contents/repn-car/side-w/ioniq9-27my-well-side.png,아이오닉 9,2WD 프레스티지 21인치 6인승,"73,735,741원","77,570,000원","3,740,000원","2,740,000원","1,000,000원","720,000원","550,000원","170,000원","69,275,741원"
경기도,의정부시,https://www.hyundai.com/contents/repn-car/side-w/ioniq9-27my-well-side.png,아이오닉 9,4WD(항속) 프레스티지 19인치 7인승,"75,903,041원","79,850,000원","3,700,000원","2,710,000원","990,000원","700,000원","540,000원","160,000원","71,503,041원"
경기도,의정부시,https://www.hyundai.com/contents/repn-car/side-w/ioniq9-27my-well-side.png,아이오닉 9,4WD(항속) 프레스티지 21인치 7인승,"75,903,041원","79,850,000원","3,700,000원","2,710,000원","990,000원","700,000원","540,000원","160,000원","71,503,041원"
경기도,의정부시,https://www.hyundai.com/contents/repn-car/side-w/ioniq9-27my-well-side.png,아이오닉 9,4WD(항속) 프레스티지 19인치 6인승,"76,397,338원","80,370,000원","3,700,000원","2,710,000원","990,000원","700,000원","540,000원","160,000원","71,997,338원"
경기도,의정부시,https://www.hyundai.com/contents/repn-car/side-w/ioniq9-27my-well-side.png,아이오닉 9,4WD(항속) 프레스티지 21인치 6인승,"76,397,338원","80,370,000원","3,700,000원","2,710,000원","990,000원","700,000원","540,000원","160,000원","71,997,338원"
경기도,의정부시,https://www.hyundai.com/contents/repn-car/side-w/ioniq9-27my-well-side.png,아이오닉 9,4WD(성능) 프레스티지 19인치 7인승,"76,758,555원","80,750,000원","3,710,000원","2,720,000원","990,000원","700,000원","540,000원","160,000원","72,348,555원"
경기도,의정부시,https://www.hyundai.com/contents/repn-car/side-w/ioniq9-27my-well-side.png,아이오닉 9,4WD(성능) 프레스티지 21인치 7인승,"76,758,555원","80,750,000원","3,710,000원","2,720,000원","990,000원","700,000원","540,000원","160,000원","72,348,555원"
경기도,의정부시,https://www.hyundai.com/contents/repn-car/side-w/ioniq9-27my-well-side.png,아이오닉 9,4WD(성능) 프레스티지 19인치 6인승,"77,252,851원","81,270,000원","3,710,000원","2,720,000원","990,000원","700,000원","540,000원","160,000원","72,842,851원"
경기도,의정부시,https://www.hyundai.com/contents/repn-car/side-w/ioniq9-27my-well-side.png,아이오닉 9,4WD(성능) 프레스티지 21인치 6인승,"77,252,851원","81,270,000원","3,710,000원","2,720,000원","990,000원","700,000원","540,000원","160,000원","72,842,851원"
경기도,의정부시,https://www.hyundai.com/contents/repn-car/side-w/ioniq9-27my-well-side.png,아이오닉 9,2WD 캘리그래피 19인치 7인승,"78,108,365원","82,170,000원","3,740,000원","2,740,000원","1,000,000원","720,000원","550,000원","170,000원","73,648,365원"
경기도,의정부시,https://www.hyundai.com/contents/repn-car/side-w/ioniq9-27my-well-side.png,아이오닉 9,2WD 캘리그래피 21인치 7인승,"78,108,365원","82,170,000원","3,740,000원","2,740,000원","1,000,000원","720,000원","550,000원","170,000원","73,648,365원"
경기도,의정부시,https://www.hyundai.com/contents/repn-car/side-w/ioniq9-27my-well-side.png,아이오닉 9,2WD 캘리그래피 19인치 6인승,"79,600,760원","83,740,000원","3,740,000원","2,740,000원","1,000,000원","720,000원","550,000원","170,000원","75,140,760원"
경기도,의정부시,https://www.hyundai.com/contents/repn-car/side-w/ioniq9-27my-well-side.png,아이오닉 9,2WD 캘리그래피 21인치 6인승,"79,600,760원","83,740,000원","3,740,000원","2,740,000원","1,000,000원","720,000원","550,000원","170,000원","75,140,760원"
경기도,의정부시,https://www.hyundai.com/contents/repn-car/side-w/ioniq9-27my-well-side.png,아이오닉 9,4WD(항속) 캘리그래피 19인치 7인승,"80,769,961원","84,970,000원","3,700,000원","2,710,000원","990,000원","700,000원","540,000원","160,000원","76,369,961원"
경기도,의정부시,https://www.hyundai.com/contents/repn-car/side-w/ioniq9-27my-well-side.png,아이오닉 9,4WD(항속) 캘리그래피 21인치 7인승,"80,769,961원","84,970,000원","3,700,000원","2,710,000원","990,000원","700,000원","540,000원","160,000원","76,369,961원"
경기도,의정부시,https://www.hyundai.com/contents/repn-car/side-w/ioniq9-27my-well-side.png,아이오닉 9,4WD(성능) 캘리그래피 19인치 7인승,"81,625,475원","85,870,000원","3,710,000원","2,720,000원","990,000원","700,000원","540,000원","160,000원","77,215,475원"
경기도,의정부시,https://www.hyundai.com/contents/repn-car/side-w/ioniq9-27my-well-side.png,아이오닉 9,4WD(성능) 캘리그래피 21인치 7인승,"81,625,475원","85,870,000원","3,710,000원","2,720,000원","990,000원","700,000원","540,000원","160,000원","77,215,475원"
경기도,의정부시,https://www.hyundai.com/contents/repn-car/side-w/ioniq9-27my-well-side.png,아이오닉 9,4WD(항속) 캘리그래피 19인치 6인승,"82,262,357원","86,540,000원","3,700,000원","2,710,000원","990,000원","700,000원","540,000원","160,000원","77,862,357원"
경기도,의정부시,https://www.hyundai.com/contents/repn-car/side-w/ioniq9-27my-well-side.png,아이오닉 9,4WD(항속) 캘리그래피 21인치 6인승,"82,262,357원","86,540,000원","3,700,000원","2,710,000원","990,000원","700,000원","540,000원","160,000원","77,862,357원"
경기도,의정부시,https://www.hyundai.com/contents/repn-car/side-w/ioniq9-27my-well-side.png,아이오닉 9,4WD(성능) 캘리그래피 19인치 6인승,"83,149,999원","87,440,000원","3,710,000원","2,720,000원","990,000원","700,000원","540,000원","160,000원","78,739,999원"
경기도,의정부시,https://www.hyundai.com/contents/repn-car/side-w/ioniq9-27my-well-side.png,아이오닉 9,4WD(성능) 캘리그래피 21인치 6인승,"83,149,999원","87,440,000원","3,710,000원","2,720,000원","990,000원","700,000원","540,000원","160,000원","78,739,999원"
경기도,의정부시,https://www.hyundai.com/contents/repn-car/side-w/Electrified-GV70-27MY.png,Electrified GV70,ELECTRIFIED GV70 AWD 19인치,"75,798,478원","79,740,000원","3,560,000원","2,610,000원","950,000원","680,000원","520,000원","160,000원","71,558,478원"
경기도,의정부시,https://www.hyundai.com/contents/repn-car/side-w/Electrified-GV70-27MY.png,Electrified GV70,ELECTRIFIED GV70 AWD 20인치,"76,558,935원","80,540,000원","3,340,000원","2,450,000원","890,000원","640,000원","490,000원","150,000원","72,578,935원"
경기도,의정부시,https://www.hyundai.com/contents/repn-car/side-w/ioniq6-n-25lc-well-side.png,아이오닉 6 N,4WD N,"79,904,942원","84,060,000원","3,410,000원","2,500,000원","910,000원","650,000원","500,000원","150,000원","75,844,942원"
경기도,의정부시,https://www.hyundai.com/contents/repn-car/side-w/g80_ev_27my-well-side.png,Electrified G80,ELECTRIFIED G80,"84,790,000원","89,080,000원","3,690,000원","2,700,000원","990,000원","700,000원","540,000원","160,000원","80,400,000원"
경기도,의정부시,https://www.hyundai.com/contents/repn-car/side-w/g80_ev_27my-well-side.png,Electrified G80,ELECTRIFIED G80,"87,790,000원","92,080,000원","3,690,000원","2,700,000원","990,000원","700,000원","540,000원","160,000원","83,400,000원"
경기도,의정부시,https://www.hyundai.com/contents/repn-car/side-w/the-new-staria-limousine-electric-27pe-well-side.png,더 뉴 스타리아 리무진 Electric,2WD 오토 Inspiration 리무진,"84,820,000원","89,110,000원","3,120,000원","2,290,000원","830,000원","600,000원","460,000원","140,000원","81,100,000원"
경기도,의정부시,https://www.hyundai.com/contents/repn-car/side-w/porter2-electric-26my-well-side.png,포터 II Electric ,오토 스타일스페셜,"43,500,000원","43,500,000원","13,160,000원","9,680,000원","3,480,000원","1,300,000원","1,000,000원","300,000원","29,040,000원"
경기도,의정부시,https://www.hyundai.com/contents/repn-car/side-w/porter2-electric-26my-well-side.png,포터 II Electric ,오토 스마트스페셜,"44,850,000원","44,850,000원","13,160,000원","9,680,000원","3,480,000원","1,300,000원","1,000,000원","300,000원","30,390,000원"
경기도,의정부시,https://www.hyundai.com/contents/repn-car/side-w/porter2-electric-26my-well-side.png,포터 II Electric ,오토 프리미엄스페셜,"46,450,000원","46,450,000원","13,160,000원","9,680,000원","3,480,000원","1,300,000원","1,000,000원","300,000원","31,990,000원"
경기도,의정부시,https://www.hyundai.com/contents/repn-car/side-w/porter2-electric-built-in-truck-26my-45side.png,포터II Electric 내장탑차,오토 스마트스페셜 저상,"49,030,000원","49,030,000원","10,600,000원","7,800,000원","2,800,000원","1,200,000원","920,000원","280,000원","37,230,000원"
경기도,의정부시,https://www.hyundai.com/contents/repn-car/side-w/porter2-electric-built-in-truck-26my-45side.png,포터II Electric 내장탑차,오토 스마트스페셜,"50,250,000원","50,250,000원","10,600,000원","7,800,000원","2,800,000원","1,200,000원","920,000원","280,000원","38,450,000원"
경기도,의정부시,https://www.hyundai.com/contents/repn-car/side-w/porter2-electric-built-in-truck-26my-45side.png,포터II Electric 내장탑차,오토 스마트스페셜 하이,"51,130,000원","51,130,000원","10,600,000원","7,800,000원","2,800,000원","1,200,000원","920,000원","280,000원","39,330,000원"
경기도,의정부시,https://www.hyundai.com/contents/repn-car/side-w/porter2-electric-powergate-truck-26my-45side.png,포터II Electric 파워게이트,오토 스마트스페셜,"50,000,000원","50,000,000원","10,600,000원","7,800,000원","2,800,000원","1,200,000원","920,000원","280,000원","38,200,000원"
경기도,의정부시,https://www.hyundai.com/contents/repn-car/side-w/porter2-electric-wingbody-26my-45side.png,포터II Electric 윙바디,오토 스마트스페셜 수동식,"51,030,000원","51,030,000원","10,600,000원","7,800,000원","2,800,000원","1,200,000원","920,000원","280,000원","39,230,000원"
경기도,의정부시,https://www.hyundai.com/contents/repn-car/side-w/porter2-electric-wingbody-26my-45side.png,포터II Electric 윙바디,오토 스마트스페셜 전동식,"55,240,000원","55,240,000원","10,600,000원","7,800,000원","2,800,000원","1,200,000원","920,000원","280,000원","43,440,000원"
경기도,의정부시,https://www.hyundai.com/contents/repn-car/side-w/the-new-staria-electric-27pe-well-side.png,더 뉴 스타리아 Electric,2WD 오토 Modern 3인승,"57,920,000원","57,920,000원","16,320,000원","12,000,000원","4,320,000원","1,300,000원","1,000,000원","300,000원","40,300,000원"
경기도,의정부시,https://www.hyundai.com/contents/repn-car/side-w/the-new-staria-electric-27pe-well-side.png,더 뉴 스타리아 Electric,2WD 오토 Modern 5인승,"58,700,000원","58,700,000원","16,320,000원","12,000,000원","4,320,000원","1,300,000원","1,000,000원","300,000원","41,080,000원"
경기도,의정부시,https://www.hyundai.com/contents/repn-car/side-w/st1-hightop-27my-well-side.png,ST1 하이탑차,오토 스마트,"58,830,000원","58,830,000원","14,960,000원","11,000,000원","3,960,000원","1,300,000원","1,000,000원","300,000원","42,570,000원"
경기도,의정부시,https://www.hyundai.com/contents/repn-car/side-w/st1-27my-well-side.png,ST1 카고,오토 스타일,"59,460,000원","59,460,000원","16,320,000원","12,000,000원","4,320,000원","1,300,000원","1,000,000원","300,000원","41,840,000원"
경기도,의정부시,https://www.hyundai.com/contents/repn-car/side-w/st1-27my-well-side.png,ST1 카고,오토 스마트,"61,230,000원","61,230,000원","16,320,000원","12,000,000원","4,320,000원","1,300,000원","1,000,000원","300,000원","43,610,000원"
경기도,의정부시,https://www.hyundai.com/contents/repn-car/side-w/st1-27my-well-side.png,ST1 카고,오토 프리미엄,"65,710,000원","65,710,000원","16,320,000원","12,000,000원","4,320,000원","1,300,000원","1,000,000원","300,000원","48,090,000원"
경기도,의정부시,https://www.hyundai.com/contents/repn-car/side-w/st1-freezer-truck-27my-well-side.png,ST1 카고 냉동,오토 스마트,"69,580,000원","69,580,000원","19,720,000원","14,500,000원","5,220,000원","1,300,000원","1,000,000원","300,000원","48,560,000원"
경기도,의정부시,https://www.hyundai.com/contents/repn-car/side-w/st1-freezer-truck-27my-well-side.png,ST1 카고 냉동,오토 프리미엄,"74,060,000원","74,060,000원","19,720,000원","14,500,000원","5,220,000원","1,300,000원","1,000,000원","300,000원","53,040,000원"
경기도,의정부시,https://www.hyundai.com/contents/repn-car/side-w/the-new-staria-electric-27pe-well-side.png,더 뉴 스타리아 Electric,2WD 오토 Modern 11인승,"60,290,000원","60,290,000원","19,500,000원","15,000,000원","4,500,000원",0원,0원,0원,"40,790,000원"
경기도,의정부시,https://www.hyundai.com/contents/repn-car/side-w/the-new-staria-lounge-electric-27pe-well-side.png,더 뉴 스타리아 라운지 Electric,2WD 오토 Prestige 11인승 라운지,"65,490,000원","65,490,000원","19,500,000원","15,000,000원","4,500,000원",0원,0원,0원,"45,990,000원"
경기도,의정부시,https://www.hyundai.com/contents/repn-car/side-w/nexo-27my-well-side.png,넥쏘,2WD 모던,"76,470,532원","80,447,000원","32,500,000원","22,500,000원","10,000,000원",0원,0원,0원,"43,970,532원"
경기도,의정부시,https://www.hyundai.com/contents/repn-car/side-w/nexo-27my-well-side.png,넥쏘,2WD 익스클루시브,"79,369,771원","83,497,000원","32,500,000원","22,500,000원","10,000,000원",0원,0원,0원,"46,869,771원"
경기도,의정부시,https://www.hyundai.com/contents/repn-car/side-w/nexo-27my-well-side.png,넥쏘,2WD 프레스티지,"83,789,923원","88,147,000원","32,500,000원","22,500,000원","10,000,000원",0원,0원,0원,"51,289,923원"
경기도,구리시,https://www.hyundai.com/contents/repn-car/side-w/casper_ev_26my_well_side.png,2027 캐스퍼 일렉트릭,캐스퍼 일렉트릭 기본형 15인치,"28,469,581원","29,950,000원","7,350,000원","4,900,000원","2,450,000원","1,270,000원","980,000원","290,000원","19,849,581원"
경기도,구리시,https://www.hyundai.com/contents/repn-car/side-w/casper_ev_26my_well_side.png,2027 캐스퍼 일렉트릭,캐스퍼 일렉트릭 항속형 15인치,"32,119,772원","33,790,000원","7,350,000원","4,900,000원","2,450,000원","1,270,000원","980,000원","290,000원","23,499,772원"
경기도,구리시,https://www.hyundai.com/contents/repn-car/side-w/casper_ev_26my_well_side.png,2027 캐스퍼 일렉트릭,캐스퍼 일렉트릭 항속형 17인치,"32,119,772원","33,790,000원","7,350,000원","4,900,000원","2,450,000원","1,270,000원","980,000원","290,000원","23,499,772원"
경기도,구리시,https://www.hyundai.com/contents/repn-car/side-w/casper_ev_26my_well_side.png,2027 캐스퍼 일렉트릭,캐스퍼 일렉트릭 크로스 17인치,"34,125,474원","35,900,000원","7,300,000원","4,870,000원","2,430,000원","1,260,000원","970,000원","290,000원","25,565,474원"
경기도,구리시,https://www.hyundai.com/contents/repn-car/side-w/casper_ev_26my_well_side.png,2027 캐스퍼 일렉트릭,캐스퍼 일렉트릭 라운지 17인치,"34,572,243원","36,370,000원","7,350,000원","4,900,000원","2,450,000원","1,270,000원","980,000원","290,000원","25,952,243원"
경기도,구리시,https://www.hyundai.com/contents/repn-car/side-w/kona-electric-25my-well-side.png,코나 Electric,기본형 E-Value +,"41,520,912원","43,680,000원","6,550,000원","4,370,000원","2,180,000원","1,130,000원","870,000원","260,000원","33,840,912원"
경기도,구리시,https://www.hyundai.com/contents/repn-car/side-w/kona-electric-25my-well-side.png,코나 Electric,기본형 Premium,"43,564,638원","45,830,000원","6,550,000원","4,370,000원","2,180,000원","1,130,000원","870,000원","260,000원","35,884,638원"
경기도,구리시,https://www.hyundai.com/contents/repn-car/side-w/kona-electric-25my-well-side.png,코나 Electric,항속형 Modern plus,"45,655,893원","48,030,000원","7,710,000원","5,140,000원","2,570,000원","1,300,000원","1,000,000원","300,000원","36,645,893원"
경기도,구리시,https://www.hyundai.com/contents/repn-car/side-w/kona-electric-25my-well-side.png,코나 Electric,항속형 Modern plus 스타일 Ⅱ,"45,655,893원","48,030,000원","7,710,000원","5,140,000원","2,570,000원","1,300,000원","1,000,000원","300,000원","36,645,893원"
경기도,구리시,https://www.hyundai.com/contents/repn-car/side-w/kona-electric-25my-well-side.png,코나 Electric,항속형 Premium,"46,568,440원","48,990,000원","7,710,000원","5,140,000원","2,570,000원","1,300,000원","1,000,000원","300,000원","37,558,440원"
경기도,구리시,https://www.hyundai.com/contents/repn-car/side-w/kona-electric-25my-well-side.png,코나 Electric,항속형 Premium 빌트인 캠 2,"46,568,440원","48,990,000원","7,710,000원","5,140,000원","2,570,000원","1,300,000원","1,000,000원","300,000원","37,558,440원"
경기도,구리시,https://www.hyundai.com/contents/repn-car/side-w/kona-electric-25my-well-side.png,코나 Electric,항속형 Premium 스타일 Ⅱ,"46,568,440원","48,990,000원","7,710,000원","5,140,000원","2,570,000원","1,300,000원","1,000,000원","300,000원","37,558,440원"
경기도,구리시,https://www.hyundai.com/contents/repn-car/side-w/kona-electric-25my-well-side.png,코나 Electric,항속형 Inspiration,"49,923,954원","52,520,000원","6,880,000원","4,590,000원","2,290,000원","1,200,000원","920,000원","280,000원","41,843,954원"
경기도,구리시,https://www.hyundai.com/contents/repn-car/side-w/kona-electric-25my-well-side.png,코나 Electric,항속형 N Line Inspiration,"50,865,018원","53,510,000원","6,880,000원","4,590,000원","2,290,000원","1,200,000원","920,000원","280,000원","42,785,018원"
경기도,구리시,https://www.hyundai.com/contents/repn-car/side-w/ioniq5-27my-well-side.png,아이오닉 5,2WD E-Value +(스탠다드) 19인치,"47,347,908원","49,810,000원","7,240,000원","4,830,000원","2,410,000원","1,260,000원","970,000원","290,000원","38,847,908원"
경기도,구리시,https://www.hyundai.com/contents/repn-car/side-w/ioniq5-27my-well-side.png,아이오닉 5,2WD E-Lite(롱레인지) 19인치,"50,636,881원","53,270,000원","8,500,000원","5,670,000원","2,830,000원","1,300,000원","1,000,000원","300,000원","40,836,881원"
경기도,구리시,https://www.hyundai.com/contents/repn-car/side-w/ioniq5-27my-well-side.png,아이오닉 5,2WD 모던(롱레인지) 19인치,"52,899,239원","55,650,000원","8,500,000원","5,670,000원","2,830,000원","1,300,000원","1,000,000원","300,000원","43,099,239원"
경기도,구리시,https://www.hyundai.com/contents/repn-car/side-w/ioniq5-27my-well-side.png,아이오닉 5,4WD E-Lite(롱레인지) 19인치,"52,984,791원","55,740,000원","8,370,000원","5,580,000원","2,790,000원","1,300,000원","1,000,000원","300,000원","43,314,791원"
경기도,구리시,https://www.hyundai.com/contents/repn-car/side-w/ioniq5-27my-well-side.png,아이오닉 5,2WD 모던(롱레인지) 19인치 빌트인캠 2 + 증강현실 내비게이션,"52,899,239원","55,650,000원","8,500,000원","5,670,000원","2,830,000원","1,300,000원","1,000,000원","300,000원","43,099,239원"
경기도,구리시,https://www.hyundai.com/contents/repn-car/side-w/ioniq5-27my-well-side.png,아이오닉 5,4WD 모던(롱레인지) 19인치,"55,247,148원","58,120,000원","8,370,000원","5,580,000원","2,790,000원","1,300,000원","1,000,000원","300,000원","45,577,148원"
경기도,구리시,https://www.hyundai.com/contents/repn-car/side-w/ioniq5-27my-well-side.png,아이오닉 5,2WD 프리미엄(롱레인지) 19인치,"58,241,444원","61,270,000원","8,500,000원","5,670,000원","2,830,000원","1,300,000원","1,000,000원","300,000원","48,441,444원"
경기도,구리시,https://www.hyundai.com/contents/repn-car/side-w/ioniq5-27my-well-side.png,아이오닉 5,2WD 프리미엄(롱레인지) 19인치 빌트인캠 2 + 증강현실 내비게이션,"58,241,444원","61,270,000원","8,500,000원","5,670,000원","2,830,000원","1,300,000원","1,000,000원","300,000원","48,441,444원"
경기도,구리시,https://www.hyundai.com/contents/repn-car/side-w/ioniq5-27my-well-side.png,아이오닉 5,2WD 프리미엄(롱레인지) 20인치,"58,707,224원","61,760,000원","8,380,000원","5,590,000원","2,790,000원","1,300,000원","1,000,000원","300,000원","49,027,224원"
경기도,구리시,https://www.hyundai.com/contents/repn-car/side-w/ioniq5-27my-well-side.png,아이오닉 5,2WD N LINE(롱레인지) 20인치,"59,448,669원","62,540,000원","8,110,000원","5,410,000원","2,700,000원","1,300,000원","1,000,000원","300,000원","50,038,669원"
경기도,구리시,https://www.hyundai.com/contents/repn-car/side-w/ioniq5-27my-well-side.png,아이오닉 5,4WD 프리미엄(롱레인지) 19인치,"60,589,354원","63,740,000원","8,370,000원","5,580,000원","2,790,000원","1,300,000원","1,000,000원","300,000원","50,919,354원"
경기도,구리시,https://www.hyundai.com/contents/repn-car/side-w/ioniq5-27my-well-side.png,아이오닉 5,4WD 프리미엄(롱레인지) 20인치,"61,055,132원","64,230,000원","7,980,000원","5,320,000원","2,660,000원","1,300,000원","1,000,000원","300,000원","51,775,132원"
경기도,구리시,https://www.hyundai.com/contents/repn-car/side-w/ioniq5-27my-well-side.png,아이오닉 5,2WD 인스퍼레이션(롱레인지) 19인치,"61,283,270원","64,470,000원","8,500,000원","5,670,000원","2,830,000원","1,300,000원","1,000,000원","300,000원","51,483,270원"
경기도,구리시,https://www.hyundai.com/contents/repn-car/side-w/ioniq5-27my-well-side.png,아이오닉 5,2WD 인스퍼레이션(롱레인지) 19인치 빌트인캠 2 + 증강현실 내비게이션,"61,283,270원","64,470,000원","8,500,000원","5,670,000원","2,830,000원","1,300,000원","1,000,000원","300,000원","51,483,270원"
경기도,구리시,https://www.hyundai.com/contents/repn-car/side-w/ioniq5-27my-well-side.png,아이오닉 5,2WD 인스퍼레이션(롱레인지) 20인치,"61,749,048원","64,960,000원","8,380,000원","5,590,000원","2,790,000원","1,300,000원","1,000,000원","300,000원","52,069,048원"
경기도,구리시,https://www.hyundai.com/contents/repn-car/side-w/ioniq5-27my-well-side.png,아이오닉 5,4WD N LINE(롱레인지) 20인치,"61,796,577원","65,010,000원","7,650,000원","5,100,000원","2,550,000원","1,300,000원","1,000,000원","300,000원","52,846,577원"
경기도,구리시,https://www.hyundai.com/contents/repn-car/side-w/ioniq5-27my-well-side.png,아이오닉 5,4WD 인스퍼레이션(롱레인지) 19인치,"63,631,178원","66,940,000원","8,370,000원","5,580,000원","2,790,000원","1,300,000원","1,000,000원","300,000원","53,961,178원"
경기도,구리시,https://www.hyundai.com/contents/repn-car/side-w/ioniq5-27my-well-side.png,아이오닉 5,4WD 인스퍼레이션(롱레인지) 20인치,"64,096,958원","67,430,000원","7,980,000원","5,320,000원","2,660,000원","1,300,000원","1,000,000원","300,000원","54,816,958원"
경기도,구리시,https://www.hyundai.com/contents/repn-car/side-w/ioniq6-25fl-well-side.png,더 뉴 아이오닉 6,2WD E-Value +(스탠다드) 18인치,"48,564,639원","51,090,000원","8,400,000원","5,600,000원","2,800,000원","1,300,000원","1,000,000원","300,000원","38,864,639원"
경기도,구리시,https://www.hyundai.com/contents/repn-car/side-w/ioniq6-25fl-well-side.png,더 뉴 아이오닉 6,2WD E-LITE(롱레인지) 18인치,"50,636,881원","53,270,000원","8,550,000원","5,700,000원","2,850,000원","1,300,000원","1,000,000원","300,000원","40,786,881원"
경기도,구리시,https://www.hyundai.com/contents/repn-car/side-w/ioniq6-25fl-well-side.png,더 뉴 아이오닉 6,2WD Exclusive(스탠다드) 18인치,"50,950,570원","53,600,000원","8,400,000원","5,600,000원","2,800,000원","1,300,000원","1,000,000원","300,000원","41,250,570원"
경기도,구리시,https://www.hyundai.com/contents/repn-car/side-w/ioniq6-25fl-well-side.png,더 뉴 아이오닉 6,2WD E-LITE(롱레인지) 20인치,"51,197,719원","53,860,000원","8,550,000원","5,700,000원","2,850,000원","1,300,000원","1,000,000원","300,000원","41,347,719원"
경기도,구리시,https://www.hyundai.com/contents/repn-car/side-w/ioniq6-25fl-well-side.png,더 뉴 아이오닉 6,4WD E-LITE(롱레인지) 18인치,"52,984,791원","55,740,000원","8,550,000원","5,700,000원","2,850,000원","1,300,000원","1,000,000원","300,000원","43,134,791원"
경기도,구리시,https://www.hyundai.com/contents/repn-car/side-w/ioniq6-25fl-well-side.png,더 뉴 아이오닉 6,4WD E-LITE(롱레인지) 20인치,"53,545,627원","56,330,000원","8,290,000원","5,530,000원","2,760,000원","1,300,000원","1,000,000원","300,000원","43,955,627원"
경기도,구리시,https://www.hyundai.com/contents/repn-car/side-w/ioniq6-25fl-well-side.png,더 뉴 아이오닉 6,2WD Exclusive(롱레인지) 18인치,"55,152,091원","58,020,000원","8,550,000원","5,700,000원","2,850,000원","1,300,000원","1,000,000원","300,000원","45,302,091원"
경기도,구리시,https://www.hyundai.com/contents/repn-car/side-w/ioniq6-25fl-well-side.png,더 뉴 아이오닉 6,2WD Prestige(스탠다드) 18인치,"55,532,319원","58,420,000원","8,400,000원","5,600,000원","2,800,000원","1,300,000원","1,000,000원","300,000원","45,832,319원"
경기도,구리시,https://www.hyundai.com/contents/repn-car/side-w/ioniq6-25fl-well-side.png,더 뉴 아이오닉 6,2WD Exclusive(롱레인지) 20인치,"55,712,927원","58,610,000원","8,550,000원","5,700,000원","2,850,000원","1,300,000원","1,000,000원","300,000원","45,862,927원"
경기도,구리시,https://www.hyundai.com/contents/repn-car/side-w/ioniq6-25fl-well-side.png,더 뉴 아이오닉 6,2WD N Line Exclusive(롱레인지) 20인치,"57,452,472원","60,440,000원","8,550,000원","5,700,000원","2,850,000원","1,300,000원","1,000,000원","300,000원","47,602,472원"
경기도,구리시,https://www.hyundai.com/contents/repn-car/side-w/ioniq6-25fl-well-side.png,더 뉴 아이오닉 6,4WD Exclusive(롱레인지) 18인치,"57,499,999원","60,490,000원","8,550,000원","5,700,000원","2,850,000원","1,300,000원","1,000,000원","300,000원","47,649,999원"
경기도,구리시,https://www.hyundai.com/contents/repn-car/side-w/ioniq6-25fl-well-side.png,더 뉴 아이오닉 6,4WD Exclusive(롱레인지) 20인치,"58,060,836원","61,080,000원","8,290,000원","5,530,000원","2,760,000원","1,300,000원","1,000,000원","300,000원","48,470,836원"
경기도,구리시,https://www.hyundai.com/contents/repn-car/side-w/ioniq6-25fl-well-side.png,더 뉴 아이오닉 6,2WD Prestige(롱레인지) 18인치,"59,724,335원","62,830,000원","8,550,000원","5,700,000원","2,850,000원","1,300,000원","1,000,000원","300,000원","49,874,335원"
경기도,구리시,https://www.hyundai.com/contents/repn-car/side-w/ioniq6-25fl-well-side.png,더 뉴 아이오닉 6,4WD N Line Exclusive(롱레인지) 20인치,"59,800,380원","62,910,000원","8,050,000원","5,370,000원","2,680,000원","1,300,000원","1,000,000원","300,000원","50,450,380원"
경기도,구리시,https://www.hyundai.com/contents/repn-car/side-w/ioniq6-25fl-well-side.png,더 뉴 아이오닉 6,2WD Prestige(롱레인지) 20인치,"60,285,171원","63,420,000원","8,550,000원","5,700,000원","2,850,000원","1,300,000원","1,000,000원","300,000원","50,435,171원"
경기도,구리시,https://www.hyundai.com/contents/repn-car/side-w/ioniq6-25fl-well-side.png,더 뉴 아이오닉 6,2WD N Line Prestige(롱레인지) 20인치,"61,321,293원","64,510,000원","8,550,000원","5,700,000원","2,850,000원","1,300,000원","1,000,000원","300,000원","51,471,293원"
경기도,구리시,https://www.hyundai.com/contents/repn-car/side-w/ioniq6-25fl-well-side.png,더 뉴 아이오닉 6,4WD Prestige(롱레인지) 18인치,"62,072,243원","65,300,000원","8,550,000원","5,700,000원","2,850,000원","1,300,000원","1,000,000원","300,000원","52,222,243원"
경기도,구리시,https://www.hyundai.com/contents/repn-car/side-w/ioniq6-25fl-well-side.png,더 뉴 아이오닉 6,4WD Prestige(롱레인지) 20인치,"62,633,079원","65,890,000원","8,290,000원","5,530,000원","2,760,000원","1,300,000원","1,000,000원","300,000원","53,043,079원"
경기도,구리시,https://www.hyundai.com/contents/repn-car/side-w/ioniq6-25fl-well-side.png,더 뉴 아이오닉 6,4WD N Line Prestige(롱레인지) 20인치,"63,669,201원","66,980,000원","8,050,000원","5,370,000원","2,680,000원","1,300,000원","1,000,000원","300,000원","54,319,201원"
경기도,구리시,https://www.hyundai.com/contents/repn-car/side-w/the-new-staria-lounge-electric-27pe-well-side.png,더 뉴 스타리아 라운지 Electric,2WD 오토 Prestige 7인승,"63,593,156원","66,900,000원","3,430,000원","2,290,000원","1,140,000원","600,000원","460,000원","140,000원","59,563,156원"
경기도,구리시,https://www.hyundai.com/contents/repn-car/side-w/the-new-staria-lounge-electric-27pe-well-side.png,더 뉴 스타리아 라운지 Electric,2WD 오토 Inspiration 7인승,"67,309,885원","70,810,000원","3,430,000원","2,290,000원","1,140,000원","600,000원","460,000원","140,000원","63,279,885원"
경기도,구리시,https://www.hyundai.com/contents/repn-car/side-w/GV60-27MY.png,GV60,GV60 스탠다드 2WD 19인치,"64,904,943원","68,280,000원","4,270,000원","2,850,000원","1,420,000원","740,000원","570,000원","170,000원","59,894,943원"
경기도,구리시,https://www.hyundai.com/contents/repn-car/side-w/GV60-27MY.png,GV60,GV60 스탠다드 AWD 19인치,"72,080,000원","72,080,000원","4,080,000원","2,720,000원","1,360,000원","700,000원","540,000원","160,000원","67,300,000원"
경기도,구리시,https://www.hyundai.com/contents/repn-car/side-w/GV60-27MY.png,GV60,GV60 스탠다드 AWD 20인치,"74,380,000원","74,380,000원","3,910,000원","2,610,000원","1,300,000원","680,000원","520,000원","160,000원","69,790,000원"
경기도,구리시,https://www.hyundai.com/contents/repn-car/side-w/ioniq9-27my-well-side.png,아이오닉 9,2WD 익스클루시브 19인치 7인승,"67,585,551원","71,100,000원","4,110,000원","2,740,000원","1,370,000원","720,000원","550,000원","170,000원","62,755,551원"
경기도,구리시,https://www.hyundai.com/contents/repn-car/side-w/ioniq9-27my-well-side.png,아이오닉 9,2WD 익스클루시브 19인치 6인승,"68,165,399원","71,710,000원","4,110,000원","2,740,000원","1,370,000원","720,000원","550,000원","170,000원","63,335,399원"
경기도,구리시,https://www.hyundai.com/contents/repn-car/side-w/ioniq9-27my-well-side.png,아이오닉 9,4WD(항속) 익스클루시브 19인치 7인승,"70,247,148원","73,900,000원","4,060,000원","2,710,000원","1,350,000원","700,000원","540,000원","160,000원","65,487,148원"
경기도,구리시,https://www.hyundai.com/contents/repn-car/side-w/ioniq9-27my-well-side.png,아이오닉 9,4WD(항속) 익스클루시브 19인치 6인승,"70,826,995원","74,510,000원","4,060,000원","2,710,000원","1,350,000원","700,000원","540,000원","160,000원","66,066,995원"
경기도,구리시,https://www.hyundai.com/contents/repn-car/side-w/ioniq9-27my-well-side.png,아이오닉 9,4WD(성능) 익스클루시브 19인치 7인승,"71,102,661원","74,800,000원","4,080,000원","2,720,000원","1,360,000원","700,000원","540,000원","160,000원","66,322,661원"
경기도,구리시,https://www.hyundai.com/contents/repn-car/side-w/ioniq9-27my-well-side.png,아이오닉 9,4WD(성능) 익스클루시브 19인치 6인승,"71,682,509원","75,410,000원","4,080,000원","2,720,000원","1,360,000원","700,000원","540,000원","160,000원","66,902,509원"
경기도,구리시,https://www.hyundai.com/contents/repn-car/side-w/ioniq9-27my-well-side.png,아이오닉 9,2WD 프레스티지 19인치 7인승,"73,241,445원","77,050,000원","4,110,000원","2,740,000원","1,370,000원","720,000원","550,000원","170,000원","68,411,445원"
경기도,구리시,https://www.hyundai.com/contents/repn-car/side-w/ioniq9-27my-well-side.png,아이오닉 9,2WD 프레스티지 21인치 7인승,"73,241,445원","77,050,000원","4,110,000원","2,740,000원","1,370,000원","720,000원","550,000원","170,000원","68,411,445원"
경기도,구리시,https://www.hyundai.com/contents/repn-car/side-w/ioniq9-27my-well-side.png,아이오닉 9,2WD 프레스티지 19인치 6인승,"73,735,741원","77,570,000원","4,110,000원","2,740,000원","1,370,000원","720,000원","550,000원","170,000원","68,905,741원"
경기도,구리시,https://www.hyundai.com/contents/repn-car/side-w/ioniq9-27my-well-side.png,아이오닉 9,2WD 프레스티지 21인치 6인승,"73,735,741원","77,570,000원","4,110,000원","2,740,000원","1,370,000원","720,000원","550,000원","170,000원","68,905,741원"
경기도,구리시,https://www.hyundai.com/contents/repn-car/side-w/ioniq9-27my-well-side.png,아이오닉 9,4WD(항속) 프레스티지 19인치 7인승,"75,903,041원","79,850,000원","4,060,000원","2,710,000원","1,350,000원","700,000원","540,000원","160,000원","71,143,041원"
경기도,구리시,https://www.hyundai.com/contents/repn-car/side-w/ioniq9-27my-well-side.png,아이오닉 9,4WD(항속) 프레스티지 21인치 7인승,"75,903,041원","79,850,000원","4,060,000원","2,710,000원","1,350,000원","700,000원","540,000원","160,000원","71,143,041원"
경기도,구리시,https://www.hyundai.com/contents/repn-car/side-w/ioniq9-27my-well-side.png,아이오닉 9,4WD(항속) 프레스티지 19인치 6인승,"76,397,338원","80,370,000원","4,060,000원","2,710,000원","1,350,000원","700,000원","540,000원","160,000원","71,637,338원"
경기도,구리시,https://www.hyundai.com/contents/repn-car/side-w/ioniq9-27my-well-side.png,아이오닉 9,4WD(항속) 프레스티지 21인치 6인승,"76,397,338원","80,370,000원","4,060,000원","2,710,000원","1,350,000원","700,000원","540,000원","160,000원","71,637,338원"
경기도,구리시,https://www.hyundai.com/contents/repn-car/side-w/ioniq9-27my-well-side.png,아이오닉 9,4WD(성능) 프레스티지 19인치 7인승,"76,758,555원","80,750,000원","4,080,000원","2,720,000원","1,360,000원","700,000원","540,000원","160,000원","71,978,555원"
경기도,구리시,https://www.hyundai.com/contents/repn-car/side-w/ioniq9-27my-well-side.png,아이오닉 9,4WD(성능) 프레스티지 21인치 7인승,"76,758,555원","80,750,000원","4,080,000원","2,720,000원","1,360,000원","700,000원","540,000원","160,000원","71,978,555원"
경기도,구리시,https://www.hyundai.com/contents/repn-car/side-w/ioniq9-27my-well-side.png,아이오닉 9,4WD(성능) 프레스티지 19인치 6인승,"77,252,851원","81,270,000원","4,080,000원","2,720,000원","1,360,000원","700,000원","540,000원","160,000원","72,472,851원"
경기도,구리시,https://www.hyundai.com/contents/repn-car/side-w/ioniq9-27my-well-side.png,아이오닉 9,4WD(성능) 프레스티지 21인치 6인승,"77,252,851원","81,270,000원","4,080,000원","2,720,000원","1,360,000원","700,000원","540,000원","160,000원","72,472,851원"
경기도,구리시,https://www.hyundai.com/contents/repn-car/side-w/ioniq9-27my-well-side.png,아이오닉 9,2WD 캘리그래피 19인치 7인승,"78,108,365원","82,170,000원","4,110,000원","2,740,000원","1,370,000원","720,000원","550,000원","170,000원","73,278,365원"
경기도,구리시,https://www.hyundai.com/contents/repn-car/side-w/ioniq9-27my-well-side.png,아이오닉 9,2WD 캘리그래피 21인치 7인승,"78,108,365원","82,170,000원","4,110,000원","2,740,000원","1,370,000원","720,000원","550,000원","170,000원","73,278,365원"
경기도,구리시,https://www.hyundai.com/contents/repn-car/side-w/ioniq9-27my-well-side.png,아이오닉 9,2WD 캘리그래피 19인치 6인승,"79,600,760원","83,740,000원","4,110,000원","2,740,000원","1,370,000원","720,000원","550,000원","170,000원","74,770,760원"
경기도,구리시,https://www.hyundai.com/contents/repn-car/side-w/ioniq9-27my-well-side.png,아이오닉 9,2WD 캘리그래피 21인치 6인승,"79,600,760원","83,740,000원","4,110,000원","2,740,000원","1,370,000원","720,000원","550,000원","170,000원","74,770,760원"
경기도,구리시,https://www.hyundai.com/contents/repn-car/side-w/ioniq9-27my-well-side.png,아이오닉 9,4WD(항속) 캘리그래피 19인치 7인승,"80,769,961원","84,970,000원","4,060,000원","2,710,000원","1,350,000원","700,000원","540,000원","160,000원","76,009,961원"
경기도,구리시,https://www.hyundai.com/contents/repn-car/side-w/ioniq9-27my-well-side.png,아이오닉 9,4WD(항속) 캘리그래피 21인치 7인승,"80,769,961원","84,970,000원","4,060,000원","2,710,000원","1,350,000원","700,000원","540,000원","160,000원","76,009,961원"
경기도,구리시,https://www.hyundai.com/contents/repn-car/side-w/ioniq9-27my-well-side.png,아이오닉 9,4WD(성능) 캘리그래피 19인치 7인승,"81,625,475원","85,870,000원","4,080,000원","2,720,000원","1,360,000원","700,000원","540,000원","160,000원","76,845,475원"
경기도,구리시,https://www.hyundai.com/contents/repn-car/side-w/ioniq9-27my-well-side.png,아이오닉 9,4WD(성능) 캘리그래피 21인치 7인승,"81,625,475원","85,870,000원","4,080,000원","2,720,000원","1,360,000원","700,000원","540,000원","160,000원","76,845,475원"
경기도,구리시,https://www.hyundai.com/contents/repn-car/side-w/ioniq9-27my-well-side.png,아이오닉 9,4WD(항속) 캘리그래피 19인치 6인승,"82,262,357원","86,540,000원","4,060,000원","2,710,000원","1,350,000원","700,000원","540,000원","160,000원","77,502,357원"
경기도,구리시,https://www.hyundai.com/contents/repn-car/side-w/ioniq9-27my-well-side.png,아이오닉 9,4WD(항속) 캘리그래피 21인치 6인승,"82,262,357원","86,540,000원","4,060,000원","2,710,000원","1,350,000원","700,000원","540,000원","160,000원","77,502,357원"
경기도,구리시,https://www.hyundai.com/contents/repn-car/side-w/ioniq9-27my-well-side.png,아이오닉 9,4WD(성능) 캘리그래피 19인치 6인승,"83,149,999원","87,440,000원","4,080,000원","2,720,000원","1,360,000원","700,000원","540,000원","160,000원","78,369,999원"
경기도,구리시,https://www.hyundai.com/contents/repn-car/side-w/ioniq9-27my-well-side.png,아이오닉 9,4WD(성능) 캘리그래피 21인치 6인승,"83,149,999원","87,440,000원","4,080,000원","2,720,000원","1,360,000원","700,000원","540,000원","160,000원","78,369,999원"
경기도,구리시,https://www.hyundai.com/contents/repn-car/side-w/Electrified-GV70-27MY.png,Electrified GV70,ELECTRIFIED GV70 AWD 19인치,"75,798,478원","79,740,000원","3,910,000원","2,610,000원","1,300,000원","680,000원","520,000원","160,000원","71,208,478원"
경기도,구리시,https://www.hyundai.com/contents/repn-car/side-w/Electrified-GV70-27MY.png,Electrified GV70,ELECTRIFIED GV70 AWD 20인치,"76,558,935원","80,540,000원","3,670,000원","2,450,000원","1,220,000원","640,000원","490,000원","150,000원","72,248,935원"
경기도,구리시,https://www.hyundai.com/contents/repn-car/side-w/ioniq6-n-25lc-well-side.png,아이오닉 6 N,4WD N,"79,904,942원","84,060,000원","3,750,000원","2,500,000원","1,250,000원","650,000원","500,000원","150,000원","75,504,942원"
경기도,구리시,https://www.hyundai.com/contents/repn-car/side-w/g80_ev_27my-well-side.png,Electrified G80,ELECTRIFIED G80,"84,790,000원","89,080,000원","4,050,000원","2,700,000원","1,350,000원","700,000원","540,000원","160,000원","80,040,000원"
경기도,구리시,https://www.hyundai.com/contents/repn-car/side-w/g80_ev_27my-well-side.png,Electrified G80,ELECTRIFIED G80,"87,790,000원","92,080,000원","4,050,000원","2,700,000원","1,350,000원","700,000원","540,000원","160,000원","83,040,000원"
경기도,구리시,https://www.hyundai.com/contents/repn-car/side-w/the-new-staria-limousine-electric-27pe-well-side.png,더 뉴 스타리아 리무진 Electric,2WD 오토 Inspiration 리무진,"84,820,000원","89,110,000원","3,430,000원","2,290,000원","1,140,000원","600,000원","460,000원","140,000원","80,790,000원"
경기도,구리시,https://www.hyundai.com/contents/repn-car/side-w/porter2-electric-26my-well-side.png,포터 II Electric ,오토 스타일스페셜,"43,500,000원","43,500,000원","14,520,000원","9,680,000원","4,840,000원","1,300,000원","1,000,000원","300,000원","27,680,000원"
경기도,구리시,https://www.hyundai.com/contents/repn-car/side-w/porter2-electric-26my-well-side.png,포터 II Electric ,오토 스마트스페셜,"44,850,000원","44,850,000원","14,520,000원","9,680,000원","4,840,000원","1,300,000원","1,000,000원","300,000원","29,030,000원"
경기도,구리시,https://www.hyundai.com/contents/repn-car/side-w/porter2-electric-26my-well-side.png,포터 II Electric ,오토 프리미엄스페셜,"46,450,000원","46,450,000원","14,520,000원","9,680,000원","4,840,000원","1,300,000원","1,000,000원","300,000원","30,630,000원"
경기도,구리시,https://www.hyundai.com/contents/repn-car/side-w/porter2-electric-built-in-truck-26my-45side.png,포터II Electric 내장탑차,오토 스마트스페셜 저상,"49,030,000원","49,030,000원","11,700,000원","7,800,000원","3,900,000원","1,200,000원","920,000원","280,000원","36,130,000원"
경기도,구리시,https://www.hyundai.com/contents/repn-car/side-w/porter2-electric-built-in-truck-26my-45side.png,포터II Electric 내장탑차,오토 스마트스페셜,"50,250,000원","50,250,000원","11,700,000원","7,800,000원","3,900,000원","1,200,000원","920,000원","280,000원","37,350,000원"
경기도,구리시,https://www.hyundai.com/contents/repn-car/side-w/porter2-electric-built-in-truck-26my-45side.png,포터II Electric 내장탑차,오토 스마트스페셜 하이,"51,130,000원","51,130,000원","11,700,000원","7,800,000원","3,900,000원","1,200,000원","920,000원","280,000원","38,230,000원"
경기도,구리시,https://www.hyundai.com/contents/repn-car/side-w/porter2-electric-powergate-truck-26my-45side.png,포터II Electric 파워게이트,오토 스마트스페셜,"50,000,000원","50,000,000원","11,700,000원","7,800,000원","3,900,000원","1,200,000원","920,000원","280,000원","37,100,000원"
경기도,구리시,https://www.hyundai.com/contents/repn-car/side-w/porter2-electric-wingbody-26my-45side.png,포터II Electric 윙바디,오토 스마트스페셜 수동식,"51,030,000원","51,030,000원","11,700,000원","7,800,000원","3,900,000원","1,200,000원","920,000원","280,000원","38,130,000원"
경기도,구리시,https://www.hyundai.com/contents/repn-car/side-w/porter2-electric-wingbody-26my-45side.png,포터II Electric 윙바디,오토 스마트스페셜 전동식,"55,240,000원","55,240,000원","11,700,000원","7,800,000원","3,900,000원","1,200,000원","920,000원","280,000원","42,340,000원"
경기도,구리시,https://www.hyundai.com/contents/repn-car/side-w/the-new-staria-electric-27pe-well-side.png,더 뉴 스타리아 Electric,2WD 오토 Modern 3인승,"57,920,000원","57,920,000원","18,000,000원","12,000,000원","6,000,000원","1,300,000원","1,000,000원","300,000원","38,620,000원"
경기도,구리시,https://www.hyundai.com/contents/repn-car/side-w/the-new-staria-electric-27pe-well-side.png,더 뉴 스타리아 Electric,2WD 오토 Modern 5인승,"58,700,000원","58,700,000원","18,000,000원","12,000,000원","6,000,000원","1,300,000원","1,000,000원","300,000원","39,400,000원"
경기도,구리시,https://www.hyundai.com/contents/repn-car/side-w/st1-hightop-27my-well-side.png,ST1 하이탑차,오토 스마트,"58,830,000원","58,830,000원","16,500,000원","11,000,000원","5,500,000원","1,300,000원","1,000,000원","300,000원","41,030,000원"
경기도,구리시,https://www.hyundai.com/contents/repn-car/side-w/st1-27my-well-side.png,ST1 카고,오토 스타일,"59,460,000원","59,460,000원","18,000,000원","12,000,000원","6,000,000원","1,300,000원","1,000,000원","300,000원","40,160,000원"
경기도,구리시,https://www.hyundai.com/contents/repn-car/side-w/st1-27my-well-side.png,ST1 카고,오토 스마트,"61,230,000원","61,230,000원","18,000,000원","12,000,000원","6,000,000원","1,300,000원","1,000,000원","300,000원","41,930,000원"
경기도,구리시,https://www.hyundai.com/contents/repn-car/side-w/st1-27my-well-side.png,ST1 카고,오토 프리미엄,"65,710,000원","65,710,000원","18,000,000원","12,000,000원","6,000,000원","1,300,000원","1,000,000원","300,000원","46,410,000원"
경기도,구리시,https://www.hyundai.com/contents/repn-car/side-w/st1-freezer-truck-27my-well-side.png,ST1 카고 냉동,오토 스마트,"69,580,000원","69,580,000원","21,750,000원","14,500,000원","7,250,000원","1,300,000원","1,000,000원","300,000원","46,530,000원"
경기도,구리시,https://www.hyundai.com/contents/repn-car/side-w/st1-freezer-truck-27my-well-side.png,ST1 카고 냉동,오토 프리미엄,"74,060,000원","74,060,000원","21,750,000원","14,500,000원","7,250,000원","1,300,000원","1,000,000원","300,000원","51,010,000원"
경기도,구리시,https://www.hyundai.com/contents/repn-car/side-w/the-new-staria-electric-27pe-well-side.png,더 뉴 스타리아 Electric,2WD 오토 Modern 11인승,"60,290,000원","60,290,000원","19,500,000원","15,000,000원","4,500,000원",0원,0원,0원,"40,790,000원"
경기도,구리시,https://www.hyundai.com/contents/repn-car/side-w/the-new-staria-lounge-electric-27pe-well-side.png,더 뉴 스타리아 라운지 Electric,2WD 오토 Prestige 11인승 라운지,"65,490,000원","65,490,000원","19,500,000원","15,000,000원","4,500,000원",0원,0원,0원,"45,990,000원"
경기도,구리시,https://www.hyundai.com/contents/repn-car/side-w/nexo-27my-well-side.png,넥쏘,2WD 모던,"76,470,532원","80,447,000원","32,500,000원","22,500,000원","10,000,000원",0원,0원,0원,"43,970,532원"
경기도,구리시,https://www.hyundai.com/contents/repn-car/side-w/nexo-27my-well-side.png,넥쏘,2WD 익스클루시브,"79,369,771원","83,497,000원","32,500,000원","22,500,000원","10,000,000원",0원,0원,0원,"46,869,771원"
경기도,구리시,https://www.hyundai.com/contents/repn-car/side-w/nexo-27my-well-side.png,넥쏘,2WD 프레스티지,"83,789,923원","88,147,000원","32,500,000원","22,500,000원","10,000,000원",0원,0원,0원,"51,289,923원"
경기도,안성시,https://www.hyundai.com/contents/repn-car/side-w/casper_ev_26my_well_side.png,2027 캐스퍼 일렉트릭,캐스퍼 일렉트릭 기본형 15인치,"28,469,581원","29,950,000원","7,840,000원","4,900,000원","2,940,000원","1,270,000원","980,000원","290,000원","19,359,581원"
경기도,안성시,https://www.hyundai.com/contents/repn-car/side-w/casper_ev_26my_well_side.png,2027 캐스퍼 일렉트릭,캐스퍼 일렉트릭 항속형 15인치,"32,119,772원","33,790,000원","7,840,000원","4,900,000원","2,940,000원","1,270,000원","980,000원","290,000원","23,009,772원"
경기도,안성시,https://www.hyundai.com/contents/repn-car/side-w/casper_ev_26my_well_side.png,2027 캐스퍼 일렉트릭,캐스퍼 일렉트릭 항속형 17인치,"32,119,772원","33,790,000원","7,840,000원","4,900,000원","2,940,000원","1,270,000원","980,000원","290,000원","23,009,772원"
경기도,안성시,https://www.hyundai.com/contents/repn-car/side-w/casper_ev_26my_well_side.png,2027 캐스퍼 일렉트릭,캐스퍼 일렉트릭 크로스 17인치,"34,125,474원","35,900,000원","7,790,000원","4,870,000원","2,920,000원","1,260,000원","970,000원","290,000원","25,075,474원"
경기도,안성시,https://www.hyundai.com/contents/repn-car/side-w/casper_ev_26my_well_side.png,2027 캐스퍼 일렉트릭,캐스퍼 일렉트릭 라운지 17인치,"34,572,243원","36,370,000원","7,840,000원","4,900,000원","2,940,000원","1,270,000원","980,000원","290,000원","25,462,243원"
경기도,안성시,https://www.hyundai.com/contents/repn-car/side-w/kona-electric-25my-well-side.png,코나 Electric,기본형 E-Value +,"41,520,912원","43,680,000원","6,990,000원","4,370,000원","2,620,000원","1,130,000원","870,000원","260,000원","33,400,912원"
경기도,안성시,https://www.hyundai.com/contents/repn-car/side-w/kona-electric-25my-well-side.png,코나 Electric,기본형 Premium,"43,564,638원","45,830,000원","6,990,000원","4,370,000원","2,620,000원","1,130,000원","870,000원","260,000원","35,444,638원"
경기도,안성시,https://www.hyundai.com/contents/repn-car/side-w/kona-electric-25my-well-side.png,코나 Electric,항속형 Modern plus,"45,655,893원","48,030,000원","8,220,000원","5,140,000원","3,080,000원","1,300,000원","1,000,000원","300,000원","36,135,893원"
경기도,안성시,https://www.hyundai.com/contents/repn-car/side-w/kona-electric-25my-well-side.png,코나 Electric,항속형 Modern plus 스타일 Ⅱ,"45,655,893원","48,030,000원","8,220,000원","5,140,000원","3,080,000원","1,300,000원","1,000,000원","300,000원","36,135,893원"
경기도,안성시,https://www.hyundai.com/contents/repn-car/side-w/kona-electric-25my-well-side.png,코나 Electric,항속형 Premium,"46,568,440원","48,990,000원","8,220,000원","5,140,000원","3,080,000원","1,300,000원","1,000,000원","300,000원","37,048,440원"
경기도,안성시,https://www.hyundai.com/contents/repn-car/side-w/kona-electric-25my-well-side.png,코나 Electric,항속형 Premium 빌트인 캠 2,"46,568,440원","48,990,000원","8,220,000원","5,140,000원","3,080,000원","1,300,000원","1,000,000원","300,000원","37,048,440원"
경기도,안성시,https://www.hyundai.com/contents/repn-car/side-w/kona-electric-25my-well-side.png,코나 Electric,항속형 Premium 스타일 Ⅱ,"46,568,440원","48,990,000원","8,220,000원","5,140,000원","3,080,000원","1,300,000원","1,000,000원","300,000원","37,048,440원"
경기도,안성시,https://www.hyundai.com/contents/repn-car/side-w/kona-electric-25my-well-side.png,코나 Electric,항속형 Inspiration,"49,923,954원","52,520,000원","7,340,000원","4,590,000원","2,750,000원","1,200,000원","920,000원","280,000원","41,383,954원"
경기도,안성시,https://www.hyundai.com/contents/repn-car/side-w/kona-electric-25my-well-side.png,코나 Electric,항속형 N Line Inspiration,"50,865,018원","53,510,000원","7,340,000원","4,590,000원","2,750,000원","1,200,000원","920,000원","280,000원","42,325,018원"
경기도,안성시,https://www.hyundai.com/contents/repn-car/side-w/ioniq5-27my-well-side.png,아이오닉 5,2WD E-Value +(스탠다드) 19인치,"47,347,908원","49,810,000원","7,720,000원","4,830,000원","2,890,000원","1,260,000원","970,000원","290,000원","38,367,908원"
경기도,안성시,https://www.hyundai.com/contents/repn-car/side-w/ioniq5-27my-well-side.png,아이오닉 5,2WD E-Lite(롱레인지) 19인치,"50,636,881원","53,270,000원","9,070,000원","5,670,000원","3,400,000원","1,300,000원","1,000,000원","300,000원","40,266,881원"
경기도,안성시,https://www.hyundai.com/contents/repn-car/side-w/ioniq5-27my-well-side.png,아이오닉 5,2WD 모던(롱레인지) 19인치,"52,899,239원","55,650,000원","9,070,000원","5,670,000원","3,400,000원","1,300,000원","1,000,000원","300,000원","42,529,239원"
경기도,안성시,https://www.hyundai.com/contents/repn-car/side-w/ioniq5-27my-well-side.png,아이오닉 5,4WD E-Lite(롱레인지) 19인치,"52,984,791원","55,740,000원","8,920,000원","5,580,000원","3,340,000원","1,300,000원","1,000,000원","300,000원","42,764,791원"
경기도,안성시,https://www.hyundai.com/contents/repn-car/side-w/ioniq5-27my-well-side.png,아이오닉 5,2WD 모던(롱레인지) 19인치 빌트인캠 2 + 증강현실 내비게이션,"52,899,239원","55,650,000원","9,070,000원","5,670,000원","3,400,000원","1,300,000원","1,000,000원","300,000원","42,529,239원"
경기도,안성시,https://www.hyundai.com/contents/repn-car/side-w/ioniq5-27my-well-side.png,아이오닉 5,4WD 모던(롱레인지) 19인치,"55,247,148원","58,120,000원","8,920,000원","5,580,000원","3,340,000원","1,300,000원","1,000,000원","300,000원","45,027,148원"
경기도,안성시,https://www.hyundai.com/contents/repn-car/side-w/ioniq5-27my-well-side.png,아이오닉 5,2WD 프리미엄(롱레인지) 19인치,"58,241,444원","61,270,000원","9,070,000원","5,670,000원","3,400,000원","1,300,000원","1,000,000원","300,000원","47,871,444원"
경기도,안성시,https://www.hyundai.com/contents/repn-car/side-w/ioniq5-27my-well-side.png,아이오닉 5,2WD 프리미엄(롱레인지) 19인치 빌트인캠 2 + 증강현실 내비게이션,"58,241,444원","61,270,000원","9,070,000원","5,670,000원","3,400,000원","1,300,000원","1,000,000원","300,000원","47,871,444원"
경기도,안성시,https://www.hyundai.com/contents/repn-car/side-w/ioniq5-27my-well-side.png,아이오닉 5,2WD 프리미엄(롱레인지) 20인치,"58,707,224원","61,760,000원","8,940,000원","5,590,000원","3,350,000원","1,300,000원","1,000,000원","300,000원","48,467,224원"
경기도,안성시,https://www.hyundai.com/contents/repn-car/side-w/ioniq5-27my-well-side.png,아이오닉 5,2WD N LINE(롱레인지) 20인치,"59,448,669원","62,540,000원","8,650,000원","5,410,000원","3,240,000원","1,300,000원","1,000,000원","300,000원","49,498,669원"
경기도,안성시,https://www.hyundai.com/contents/repn-car/side-w/ioniq5-27my-well-side.png,아이오닉 5,4WD 프리미엄(롱레인지) 19인치,"60,589,354원","63,740,000원","8,920,000원","5,580,000원","3,340,000원","1,300,000원","1,000,000원","300,000원","50,369,354원"
경기도,안성시,https://www.hyundai.com/contents/repn-car/side-w/ioniq5-27my-well-side.png,아이오닉 5,4WD 프리미엄(롱레인지) 20인치,"61,055,132원","64,230,000원","8,510,000원","5,320,000원","3,190,000원","1,300,000원","1,000,000원","300,000원","51,245,132원"
경기도,안성시,https://www.hyundai.com/contents/repn-car/side-w/ioniq5-27my-well-side.png,아이오닉 5,2WD 인스퍼레이션(롱레인지) 19인치,"61,283,270원","64,470,000원","9,070,000원","5,670,000원","3,400,000원","1,300,000원","1,000,000원","300,000원","50,913,270원"
경기도,안성시,https://www.hyundai.com/contents/repn-car/side-w/ioniq5-27my-well-side.png,아이오닉 5,2WD 인스퍼레이션(롱레인지) 19인치 빌트인캠 2 + 증강현실 내비게이션,"61,283,270원","64,470,000원","9,070,000원","5,670,000원","3,400,000원","1,300,000원","1,000,000원","300,000원","50,913,270원"
경기도,안성시,https://www.hyundai.com/contents/repn-car/side-w/ioniq5-27my-well-side.png,아이오닉 5,2WD 인스퍼레이션(롱레인지) 20인치,"61,749,048원","64,960,000원","8,940,000원","5,590,000원","3,350,000원","1,300,000원","1,000,000원","300,000원","51,509,048원"
경기도,안성시,https://www.hyundai.com/contents/repn-car/side-w/ioniq5-27my-well-side.png,아이오닉 5,4WD N LINE(롱레인지) 20인치,"61,796,577원","65,010,000원","8,160,000원","5,100,000원","3,060,000원","1,300,000원","1,000,000원","300,000원","52,336,577원"
경기도,안성시,https://www.hyundai.com/contents/repn-car/side-w/ioniq5-27my-well-side.png,아이오닉 5,4WD 인스퍼레이션(롱레인지) 19인치,"63,631,178원","66,940,000원","8,920,000원","5,580,000원","3,340,000원","1,300,000원","1,000,000원","300,000원","53,411,178원"
경기도,안성시,https://www.hyundai.com/contents/repn-car/side-w/ioniq5-27my-well-side.png,아이오닉 5,4WD 인스퍼레이션(롱레인지) 20인치,"64,096,958원","67,430,000원","8,510,000원","5,320,000원","3,190,000원","1,300,000원","1,000,000원","300,000원","54,286,958원"
경기도,안성시,https://www.hyundai.com/contents/repn-car/side-w/ioniq6-25fl-well-side.png,더 뉴 아이오닉 6,2WD E-Value +(스탠다드) 18인치,"48,564,639원","51,090,000원","8,960,000원","5,600,000원","3,360,000원","1,300,000원","1,000,000원","300,000원","38,304,639원"
경기도,안성시,https://www.hyundai.com/contents/repn-car/side-w/ioniq6-25fl-well-side.png,더 뉴 아이오닉 6,2WD E-LITE(롱레인지) 18인치,"50,636,881원","53,270,000원","9,120,000원","5,700,000원","3,420,000원","1,300,000원","1,000,000원","300,000원","40,216,881원"
경기도,안성시,https://www.hyundai.com/contents/repn-car/side-w/ioniq6-25fl-well-side.png,더 뉴 아이오닉 6,2WD Exclusive(스탠다드) 18인치,"50,950,570원","53,600,000원","8,960,000원","5,600,000원","3,360,000원","1,300,000원","1,000,000원","300,000원","40,690,570원"
경기도,안성시,https://www.hyundai.com/contents/repn-car/side-w/ioniq6-25fl-well-side.png,더 뉴 아이오닉 6,2WD E-LITE(롱레인지) 20인치,"51,197,719원","53,860,000원","9,120,000원","5,700,000원","3,420,000원","1,300,000원","1,000,000원","300,000원","40,777,719원"
경기도,안성시,https://www.hyundai.com/contents/repn-car/side-w/ioniq6-25fl-well-side.png,더 뉴 아이오닉 6,4WD E-LITE(롱레인지) 18인치,"52,984,791원","55,740,000원","9,120,000원","5,700,000원","3,420,000원","1,300,000원","1,000,000원","300,000원","42,564,791원"
경기도,안성시,https://www.hyundai.com/contents/repn-car/side-w/ioniq6-25fl-well-side.png,더 뉴 아이오닉 6,4WD E-LITE(롱레인지) 20인치,"53,545,627원","56,330,000원","8,840,000원","5,530,000원","3,310,000원","1,300,000원","1,000,000원","300,000원","43,405,627원"
경기도,안성시,https://www.hyundai.com/contents/repn-car/side-w/ioniq6-25fl-well-side.png,더 뉴 아이오닉 6,2WD Exclusive(롱레인지) 18인치,"55,152,091원","58,020,000원","9,120,000원","5,700,000원","3,420,000원","1,300,000원","1,000,000원","300,000원","44,732,091원"
경기도,안성시,https://www.hyundai.com/contents/repn-car/side-w/ioniq6-25fl-well-side.png,더 뉴 아이오닉 6,2WD Prestige(스탠다드) 18인치,"55,532,319원","58,420,000원","8,960,000원","5,600,000원","3,360,000원","1,300,000원","1,000,000원","300,000원","45,272,319원"
경기도,안성시,https://www.hyundai.com/contents/repn-car/side-w/ioniq6-25fl-well-side.png,더 뉴 아이오닉 6,2WD Exclusive(롱레인지) 20인치,"55,712,927원","58,610,000원","9,120,000원","5,700,000원","3,420,000원","1,300,000원","1,000,000원","300,000원","45,292,927원"
경기도,안성시,https://www.hyundai.com/contents/repn-car/side-w/ioniq6-25fl-well-side.png,더 뉴 아이오닉 6,2WD N Line Exclusive(롱레인지) 20인치,"57,452,472원","60,440,000원","9,120,000원","5,700,000원","3,420,000원","1,300,000원","1,000,000원","300,000원","47,032,472원"
경기도,안성시,https://www.hyundai.com/contents/repn-car/side-w/ioniq6-25fl-well-side.png,더 뉴 아이오닉 6,4WD Exclusive(롱레인지) 18인치,"57,499,999원","60,490,000원","9,120,000원","5,700,000원","3,420,000원","1,300,000원","1,000,000원","300,000원","47,079,999원"
경기도,안성시,https://www.hyundai.com/contents/repn-car/side-w/ioniq6-25fl-well-side.png,더 뉴 아이오닉 6,4WD Exclusive(롱레인지) 20인치,"58,060,836원","61,080,000원","8,840,000원","5,530,000원","3,310,000원","1,300,000원","1,000,000원","300,000원","47,920,836원"
경기도,안성시,https://www.hyundai.com/contents/repn-car/side-w/ioniq6-25fl-well-side.png,더 뉴 아이오닉 6,2WD Prestige(롱레인지) 18인치,"59,724,335원","62,830,000원","9,120,000원","5,700,000원","3,420,000원","1,300,000원","1,000,000원","300,000원","49,304,335원"
경기도,안성시,https://www.hyundai.com/contents/repn-car/side-w/ioniq6-25fl-well-side.png,더 뉴 아이오닉 6,4WD N Line Exclusive(롱레인지) 20인치,"59,800,380원","62,910,000원","8,590,000원","5,370,000원","3,220,000원","1,300,000원","1,000,000원","300,000원","49,910,380원"
경기도,안성시,https://www.hyundai.com/contents/repn-car/side-w/ioniq6-25fl-well-side.png,더 뉴 아이오닉 6,2WD Prestige(롱레인지) 20인치,"60,285,171원","63,420,000원","9,120,000원","5,700,000원","3,420,000원","1,300,000원","1,000,000원","300,000원","49,865,171원"
경기도,안성시,https://www.hyundai.com/contents/repn-car/side-w/ioniq6-25fl-well-side.png,더 뉴 아이오닉 6,2WD N Line Prestige(롱레인지) 20인치,"61,321,293원","64,510,000원","9,120,000원","5,700,000원","3,420,000원","1,300,000원","1,000,000원","300,000원","50,901,293원"
경기도,안성시,https://www.hyundai.com/contents/repn-car/side-w/ioniq6-25fl-well-side.png,더 뉴 아이오닉 6,4WD Prestige(롱레인지) 18인치,"62,072,243원","65,300,000원","9,120,000원","5,700,000원","3,420,000원","1,300,000원","1,000,000원","300,000원","51,652,243원"
경기도,안성시,https://www.hyundai.com/contents/repn-car/side-w/ioniq6-25fl-well-side.png,더 뉴 아이오닉 6,4WD Prestige(롱레인지) 20인치,"62,633,079원","65,890,000원","8,840,000원","5,530,000원","3,310,000원","1,300,000원","1,000,000원","300,000원","52,493,079원"
경기도,안성시,https://www.hyundai.com/contents/repn-car/side-w/ioniq6-25fl-well-side.png,더 뉴 아이오닉 6,4WD N Line Prestige(롱레인지) 20인치,"63,669,201원","66,980,000원","8,590,000원","5,370,000원","3,220,000원","1,300,000원","1,000,000원","300,000원","53,779,201원"
경기도,안성시,https://www.hyundai.com/contents/repn-car/side-w/the-new-staria-lounge-electric-27pe-well-side.png,더 뉴 스타리아 라운지 Electric,2WD 오토 Prestige 7인승,"63,593,156원","66,900,000원","3,660,000원","2,290,000원","1,370,000원","600,000원","460,000원","140,000원","59,333,156원"
경기도,안성시,https://www.hyundai.com/contents/repn-car/side-w/the-new-staria-lounge-electric-27pe-well-side.png,더 뉴 스타리아 라운지 Electric,2WD 오토 Inspiration 7인승,"67,309,885원","70,810,000원","3,660,000원","2,290,000원","1,370,000원","600,000원","460,000원","140,000원","63,049,885원"
경기도,안성시,https://www.hyundai.com/contents/repn-car/side-w/GV60-27MY.png,GV60,GV60 스탠다드 2WD 19인치,"64,904,943원","68,280,000원","4,560,000원","2,850,000원","1,710,000원","740,000원","570,000원","170,000원","59,604,943원"
경기도,안성시,https://www.hyundai.com/contents/repn-car/side-w/GV60-27MY.png,GV60,GV60 스탠다드 AWD 19인치,"72,080,000원","72,080,000원","4,350,000원","2,720,000원","1,630,000원","700,000원","540,000원","160,000원","67,030,000원"
경기도,안성시,https://www.hyundai.com/contents/repn-car/side-w/GV60-27MY.png,GV60,GV60 스탠다드 AWD 20인치,"74,380,000원","74,380,000원","4,170,000원","2,610,000원","1,560,000원","680,000원","520,000원","160,000원","69,530,000원"
경기도,안성시,https://www.hyundai.com/contents/repn-car/side-w/ioniq9-27my-well-side.png,아이오닉 9,2WD 익스클루시브 19인치 7인승,"67,585,551원","71,100,000원","4,380,000원","2,740,000원","1,640,000원","720,000원","550,000원","170,000원","62,485,551원"
경기도,안성시,https://www.hyundai.com/contents/repn-car/side-w/ioniq9-27my-well-side.png,아이오닉 9,2WD 익스클루시브 19인치 6인승,"68,165,399원","71,710,000원","4,380,000원","2,740,000원","1,640,000원","720,000원","550,000원","170,000원","63,065,399원"
경기도,안성시,https://www.hyundai.com/contents/repn-car/side-w/ioniq9-27my-well-side.png,아이오닉 9,4WD(항속) 익스클루시브 19인치 7인승,"70,247,148원","73,900,000원","4,330,000원","2,710,000원","1,620,000원","700,000원","540,000원","160,000원","65,217,148원"
경기도,안성시,https://www.hyundai.com/contents/repn-car/side-w/ioniq9-27my-well-side.png,아이오닉 9,4WD(항속) 익스클루시브 19인치 6인승,"70,826,995원","74,510,000원","4,330,000원","2,710,000원","1,620,000원","700,000원","540,000원","160,000원","65,796,995원"
경기도,안성시,https://www.hyundai.com/contents/repn-car/side-w/ioniq9-27my-well-side.png,아이오닉 9,4WD(성능) 익스클루시브 19인치 7인승,"71,102,661원","74,800,000원","4,350,000원","2,720,000원","1,630,000원","700,000원","540,000원","160,000원","66,052,661원"
경기도,안성시,https://www.hyundai.com/contents/repn-car/side-w/ioniq9-27my-well-side.png,아이오닉 9,4WD(성능) 익스클루시브 19인치 6인승,"71,682,509원","75,410,000원","4,350,000원","2,720,000원","1,630,000원","700,000원","540,000원","160,000원","66,632,509원"
경기도,안성시,https://www.hyundai.com/contents/repn-car/side-w/ioniq9-27my-well-side.png,아이오닉 9,2WD 프레스티지 19인치 7인승,"73,241,445원","77,050,000원","4,380,000원","2,740,000원","1,640,000원","720,000원","550,000원","170,000원","68,141,445원"
경기도,안성시,https://www.hyundai.com/contents/repn-car/side-w/ioniq9-27my-well-side.png,아이오닉 9,2WD 프레스티지 21인치 7인승,"73,241,445원","77,050,000원","4,380,000원","2,740,000원","1,640,000원","720,000원","550,000원","170,000원","68,141,445원"
경기도,안성시,https://www.hyundai.com/contents/repn-car/side-w/ioniq9-27my-well-side.png,아이오닉 9,2WD 프레스티지 19인치 6인승,"73,735,741원","77,570,000원","4,380,000원","2,740,000원","1,640,000원","720,000원","550,000원","170,000원","68,635,741원"
경기도,안성시,https://www.hyundai.com/contents/repn-car/side-w/ioniq9-27my-well-side.png,아이오닉 9,2WD 프레스티지 21인치 6인승,"73,735,741원","77,570,000원","4,380,000원","2,740,000원","1,640,000원","720,000원","550,000원","170,000원","68,635,741원"
경기도,안성시,https://www.hyundai.com/contents/repn-car/side-w/ioniq9-27my-well-side.png,아이오닉 9,4WD(항속) 프레스티지 19인치 7인승,"75,903,041원","79,850,000원","4,330,000원","2,710,000원","1,620,000원","700,000원","540,000원","160,000원","70,873,041원"
경기도,안성시,https://www.hyundai.com/contents/repn-car/side-w/ioniq9-27my-well-side.png,아이오닉 9,4WD(항속) 프레스티지 21인치 7인승,"75,903,041원","79,850,000원","4,330,000원","2,710,000원","1,620,000원","700,000원","540,000원","160,000원","70,873,041원"
경기도,안성시,https://www.hyundai.com/contents/repn-car/side-w/ioniq9-27my-well-side.png,아이오닉 9,4WD(항속) 프레스티지 19인치 6인승,"76,397,338원","80,370,000원","4,330,000원","2,710,000원","1,620,000원","700,000원","540,000원","160,000원","71,367,338원"
경기도,안성시,https://www.hyundai.com/contents/repn-car/side-w/ioniq9-27my-well-side.png,아이오닉 9,4WD(항속) 프레스티지 21인치 6인승,"76,397,338원","80,370,000원","4,330,000원","2,710,000원","1,620,000원","700,000원","540,000원","160,000원","71,367,338원"
경기도,안성시,https://www.hyundai.com/contents/repn-car/side-w/ioniq9-27my-well-side.png,아이오닉 9,4WD(성능) 프레스티지 19인치 7인승,"76,758,555원","80,750,000원","4,350,000원","2,720,000원","1,630,000원","700,000원","540,000원","160,000원","71,708,555원"
경기도,안성시,https://www.hyundai.com/contents/repn-car/side-w/ioniq9-27my-well-side.png,아이오닉 9,4WD(성능) 프레스티지 21인치 7인승,"76,758,555원","80,750,000원","4,350,000원","2,720,000원","1,630,000원","700,000원","540,000원","160,000원","71,708,555원"
경기도,안성시,https://www.hyundai.com/contents/repn-car/side-w/ioniq9-27my-well-side.png,아이오닉 9,4WD(성능) 프레스티지 19인치 6인승,"77,252,851원","81,270,000원","4,350,000원","2,720,000원","1,630,000원","700,000원","540,000원","160,000원","72,202,851원"
경기도,안성시,https://www.hyundai.com/contents/repn-car/side-w/ioniq9-27my-well-side.png,아이오닉 9,4WD(성능) 프레스티지 21인치 6인승,"77,252,851원","81,270,000원","4,350,000원","2,720,000원","1,630,000원","700,000원","540,000원","160,000원","72,202,851원"
경기도,안성시,https://www.hyundai.com/contents/repn-car/side-w/ioniq9-27my-well-side.png,아이오닉 9,2WD 캘리그래피 19인치 7인승,"78,108,365원","82,170,000원","4,380,000원","2,740,000원","1,640,000원","720,000원","550,000원","170,000원","73,008,365원"
경기도,안성시,https://www.hyundai.com/contents/repn-car/side-w/ioniq9-27my-well-side.png,아이오닉 9,2WD 캘리그래피 21인치 7인승,"78,108,365원","82,170,000원","4,380,000원","2,740,000원","1,640,000원","720,000원","550,000원","170,000원","73,008,365원"
경기도,안성시,https://www.hyundai.com/contents/repn-car/side-w/ioniq9-27my-well-side.png,아이오닉 9,2WD 캘리그래피 19인치 6인승,"79,600,760원","83,740,000원","4,380,000원","2,740,000원","1,640,000원","720,000원","550,000원","170,000원","74,500,760원"
경기도,안성시,https://www.hyundai.com/contents/repn-car/side-w/ioniq9-27my-well-side.png,아이오닉 9,2WD 캘리그래피 21인치 6인승,"79,600,760원","83,740,000원","4,380,000원","2,740,000원","1,640,000원","720,000원","550,000원","170,000원","74,500,760원"
경기도,안성시,https://www.hyundai.com/contents/repn-car/side-w/ioniq9-27my-well-side.png,아이오닉 9,4WD(항속) 캘리그래피 19인치 7인승,"80,769,961원","84,970,000원","4,330,000원","2,710,000원","1,620,000원","700,000원","540,000원","160,000원","75,739,961원"
경기도,안성시,https://www.hyundai.com/contents/repn-car/side-w/ioniq9-27my-well-side.png,아이오닉 9,4WD(항속) 캘리그래피 21인치 7인승,"80,769,961원","84,970,000원","4,330,000원","2,710,000원","1,620,000원","700,000원","540,000원","160,000원","75,739,961원"
경기도,안성시,https://www.hyundai.com/contents/repn-car/side-w/ioniq9-27my-well-side.png,아이오닉 9,4WD(성능) 캘리그래피 19인치 7인승,"81,625,475원","85,870,000원","4,350,000원","2,720,000원","1,630,000원","700,000원","540,000원","160,000원","76,575,475원"
경기도,안성시,https://www.hyundai.com/contents/repn-car/side-w/ioniq9-27my-well-side.png,아이오닉 9,4WD(성능) 캘리그래피 21인치 7인승,"81,625,475원","85,870,000원","4,350,000원","2,720,000원","1,630,000원","700,000원","540,000원","160,000원","76,575,475원"
경기도,안성시,https://www.hyundai.com/contents/repn-car/side-w/ioniq9-27my-well-side.png,아이오닉 9,4WD(항속) 캘리그래피 19인치 6인승,"82,262,357원","86,540,000원","4,330,000원","2,710,000원","1,620,000원","700,000원","540,000원","160,000원","77,232,357원"
경기도,안성시,https://www.hyundai.com/contents/repn-car/side-w/ioniq9-27my-well-side.png,아이오닉 9,4WD(항속) 캘리그래피 21인치 6인승,"82,262,357원","86,540,000원","4,330,000원","2,710,000원","1,620,000원","700,000원","540,000원","160,000원","77,232,357원"
경기도,안성시,https://www.hyundai.com/contents/repn-car/side-w/ioniq9-27my-well-side.png,아이오닉 9,4WD(성능) 캘리그래피 19인치 6인승,"83,149,999원","87,440,000원","4,350,000원","2,720,000원","1,630,000원","700,000원","540,000원","160,000원","78,099,999원"
경기도,안성시,https://www.hyundai.com/contents/repn-car/side-w/ioniq9-27my-well-side.png,아이오닉 9,4WD(성능) 캘리그래피 21인치 6인승,"83,149,999원","87,440,000원","4,350,000원","2,720,000원","1,630,000원","700,000원","540,000원","160,000원","78,099,999원"
경기도,안성시,https://www.hyundai.com/contents/repn-car/side-w/Electrified-GV70-27MY.png,Electrified GV70,ELECTRIFIED GV70 AWD 19인치,"75,798,478원","79,740,000원","4,170,000원","2,610,000원","1,560,000원","680,000원","520,000원","160,000원","70,948,478원"
경기도,안성시,https://www.hyundai.com/contents/repn-car/side-w/Electrified-GV70-27MY.png,Electrified GV70,ELECTRIFIED GV70 AWD 20인치,"76,558,935원","80,540,000원","3,920,000원","2,450,000원","1,470,000원","640,000원","490,000원","150,000원","71,998,935원"
경기도,안성시,https://www.hyundai.com/contents/repn-car/side-w/ioniq6-n-25lc-well-side.png,아이오닉 6 N,4WD N,"79,904,942원","84,060,000원","4,000,000원","2,500,000원","1,500,000원","650,000원","500,000원","150,000원","75,254,942원"
경기도,안성시,https://www.hyundai.com/contents/repn-car/side-w/g80_ev_27my-well-side.png,Electrified G80,ELECTRIFIED G80,"84,790,000원","89,080,000원","4,320,000원","2,700,000원","1,620,000원","700,000원","540,000원","160,000원","79,770,000원"
경기도,안성시,https://www.hyundai.com/contents/repn-car/side-w/g80_ev_27my-well-side.png,Electrified G80,ELECTRIFIED G80,"87,790,000원","92,080,000원","4,320,000원","2,700,000원","1,620,000원","700,000원","540,000원","160,000원","82,770,000원"
경기도,안성시,https://www.hyundai.com/contents/repn-car/side-w/the-new-staria-limousine-electric-27pe-well-side.png,더 뉴 스타리아 리무진 Electric,2WD 오토 Inspiration 리무진,"84,820,000원","89,110,000원","3,660,000원","2,290,000원","1,370,000원","600,000원","460,000원","140,000원","80,560,000원"
경기도,안성시,https://www.hyundai.com/contents/repn-car/side-w/porter2-electric-26my-well-side.png,포터 II Electric ,오토 스타일스페셜,"43,500,000원","43,500,000원","14,520,000원","9,680,000원","4,840,000원","1,300,000원","1,000,000원","300,000원","27,680,000원"
경기도,안성시,https://www.hyundai.com/contents/repn-car/side-w/porter2-electric-26my-well-side.png,포터 II Electric ,오토 스마트스페셜,"44,850,000원","44,850,000원","14,520,000원","9,680,000원","4,840,000원","1,300,000원","1,000,000원","300,000원","29,030,000원"
경기도,안성시,https://www.hyundai.com/contents/repn-car/side-w/porter2-electric-26my-well-side.png,포터 II Electric ,오토 프리미엄스페셜,"46,450,000원","46,450,000원","14,520,000원","9,680,000원","4,840,000원","1,300,000원","1,000,000원","300,000원","30,630,000원"
경기도,안성시,https://www.hyundai.com/contents/repn-car/side-w/porter2-electric-built-in-truck-26my-45side.png,포터II Electric 내장탑차,오토 스마트스페셜 저상,"49,030,000원","49,030,000원","11,700,000원","7,800,000원","3,900,000원","1,200,000원","920,000원","280,000원","36,130,000원"
경기도,안성시,https://www.hyundai.com/contents/repn-car/side-w/porter2-electric-built-in-truck-26my-45side.png,포터II Electric 내장탑차,오토 스마트스페셜,"50,250,000원","50,250,000원","11,700,000원","7,800,000원","3,900,000원","1,200,000원","920,000원","280,000원","37,350,000원"
경기도,안성시,https://www.hyundai.com/contents/repn-car/side-w/porter2-electric-built-in-truck-26my-45side.png,포터II Electric 내장탑차,오토 스마트스페셜 하이,"51,130,000원","51,130,000원","11,700,000원","7,800,000원","3,900,000원","1,200,000원","920,000원","280,000원","38,230,000원"
경기도,안성시,https://www.hyundai.com/contents/repn-car/side-w/porter2-electric-powergate-truck-26my-45side.png,포터II Electric 파워게이트,오토 스마트스페셜,"50,000,000원","50,000,000원","11,700,000원","7,800,000원","3,900,000원","1,200,000원","920,000원","280,000원","37,100,000원"
경기도,안성시,https://www.hyundai.com/contents/repn-car/side-w/porter2-electric-wingbody-26my-45side.png,포터II Electric 윙바디,오토 스마트스페셜 수동식,"51,030,000원","51,030,000원","11,700,000원","7,800,000원","3,900,000원","1,200,000원","920,000원","280,000원","38,130,000원"
경기도,안성시,https://www.hyundai.com/contents/repn-car/side-w/porter2-electric-wingbody-26my-45side.png,포터II Electric 윙바디,오토 스마트스페셜 전동식,"55,240,000원","55,240,000원","11,700,000원","7,800,000원","3,900,000원","1,200,000원","920,000원","280,000원","42,340,000원"
경기도,안성시,https://www.hyundai.com/contents/repn-car/side-w/the-new-staria-electric-27pe-well-side.png,더 뉴 스타리아 Electric,2WD 오토 Modern 3인승,"57,920,000원","57,920,000원","18,000,000원","12,000,000원","6,000,000원","1,300,000원","1,000,000원","300,000원","38,620,000원"
경기도,안성시,https://www.hyundai.com/contents/repn-car/side-w/the-new-staria-electric-27pe-well-side.png,더 뉴 스타리아 Electric,2WD 오토 Modern 5인승,"58,700,000원","58,700,000원","18,000,000원","12,000,000원","6,000,000원","1,300,000원","1,000,000원","300,000원","39,400,000원"
경기도,안성시,https://www.hyundai.com/contents/repn-car/side-w/st1-hightop-27my-well-side.png,ST1 하이탑차,오토 스마트,"58,830,000원","58,830,000원","16,500,000원","11,000,000원","5,500,000원","1,300,000원","1,000,000원","300,000원","41,030,000원"
경기도,안성시,https://www.hyundai.com/contents/repn-car/side-w/st1-27my-well-side.png,ST1 카고,오토 스타일,"59,460,000원","59,460,000원","18,000,000원","12,000,000원","6,000,000원","1,300,000원","1,000,000원","300,000원","40,160,000원"
경기도,안성시,https://www.hyundai.com/contents/repn-car/side-w/st1-27my-well-side.png,ST1 카고,오토 스마트,"61,230,000원","61,230,000원","18,000,000원","12,000,000원","6,000,000원","1,300,000원","1,000,000원","300,000원","41,930,000원"
경기도,안성시,https://www.hyundai.com/contents/repn-car/side-w/st1-27my-well-side.png,ST1 카고,오토 프리미엄,"65,710,000원","65,710,000원","18,000,000원","12,000,000원","6,000,000원","1,300,000원","1,000,000원","300,000원","46,410,000원"
경기도,안성시,https://www.hyundai.com/contents/repn-car/side-w/st1-freezer-truck-27my-well-side.png,ST1 카고 냉동,오토 스마트,"69,580,000원","69,580,000원","21,750,000원","14,500,000원","7,250,000원","1,300,000원","1,000,000원","300,000원","46,530,000원"
경기도,안성시,https://www.hyundai.com/contents/repn-car/side-w/st1-freezer-truck-27my-well-side.png,ST1 카고 냉동,오토 프리미엄,"74,060,000원","74,060,000원","21,750,000원","14,500,000원","7,250,000원","1,300,000원","1,000,000원","300,000원","51,010,000원"
경기도,안성시,https://www.hyundai.com/contents/repn-car/side-w/the-new-staria-electric-27pe-well-side.png,더 뉴 스타리아 Electric,2WD 오토 Modern 11인승,"60,290,000원","60,290,000원","19,500,000원","15,000,000원","4,500,000원",0원,0원,0원,"40,790,000원"
경기도,안성시,https://www.hyundai.com/contents/repn-car/side-w/the-new-staria-lounge-electric-27pe-well-side.png,더 뉴 스타리아 라운지 Electric,2WD 오토 Prestige 11인승 라운지,"65,490,000원","65,490,000원","19,500,000원","15,000,000원","4,500,000원",0원,0원,0원,"45,990,000원"
경기도,안성시,https://www.hyundai.com/contents/repn-car/side-w/nexo-27my-well-side.png,넥쏘,2WD 모던,"76,470,532원","80,447,000원","33,500,000원","22,500,000원","11,000,000원",0원,0원,0원,"42,970,532원"
경기도,안성시,https://www.hyundai.com/contents/repn-car/side-w/nexo-27my-well-side.png,넥쏘,2WD 익스클루시브,"79,369,771원","83,497,000원","33,500,000원","22,500,000원","11,000,000원",0원,0원,0원,"45,869,771원"
경기도,안성시,https://www.hyundai.com/contents/repn-car/side-w/nexo-27my-well-side.png,넥쏘,2WD 프레스티지,"83,789,923원","88,147,000원","33,500,000원","22,500,000원","11,000,000원",0원,0원,0원,"50,289,923원"
경기도,포천시,https://www.hyundai.com/contents/repn-car/side-w/casper_ev_26my_well_side.png,2027 캐스퍼 일렉트릭,캐스퍼 일렉트릭 기본형 15인치,"28,469,581원","29,950,000원","6,860,000원","4,900,000원","1,960,000원","1,270,000원","980,000원","290,000원","20,339,581원"
경기도,포천시,https://www.hyundai.com/contents/repn-car/side-w/casper_ev_26my_well_side.png,2027 캐스퍼 일렉트릭,캐스퍼 일렉트릭 항속형 15인치,"32,119,772원","33,790,000원","6,860,000원","4,900,000원","1,960,000원","1,270,000원","980,000원","290,000원","23,989,772원"
경기도,포천시,https://www.hyundai.com/contents/repn-car/side-w/casper_ev_26my_well_side.png,2027 캐스퍼 일렉트릭,캐스퍼 일렉트릭 항속형 17인치,"32,119,772원","33,790,000원","6,860,000원","4,900,000원","1,960,000원","1,270,000원","980,000원","290,000원","23,989,772원"
경기도,포천시,https://www.hyundai.com/contents/repn-car/side-w/casper_ev_26my_well_side.png,2027 캐스퍼 일렉트릭,캐스퍼 일렉트릭 크로스 17인치,"34,125,474원","35,900,000원","6,810,000원","4,870,000원","1,940,000원","1,260,000원","970,000원","290,000원","26,055,474원"
경기도,포천시,https://www.hyundai.com/contents/repn-car/side-w/casper_ev_26my_well_side.png,2027 캐스퍼 일렉트릭,캐스퍼 일렉트릭 라운지 17인치,"34,572,243원","36,370,000원","6,860,000원","4,900,000원","1,960,000원","1,270,000원","980,000원","290,000원","26,442,243원"
경기도,포천시,https://www.hyundai.com/contents/repn-car/side-w/kona-electric-25my-well-side.png,코나 Electric,기본형 E-Value +,"41,520,912원","43,680,000원","6,110,000원","4,370,000원","1,740,000원","1,130,000원","870,000원","260,000원","34,280,912원"
경기도,포천시,https://www.hyundai.com/contents/repn-car/side-w/kona-electric-25my-well-side.png,코나 Electric,기본형 Premium,"43,564,638원","45,830,000원","6,110,000원","4,370,000원","1,740,000원","1,130,000원","870,000원","260,000원","36,324,638원"
경기도,포천시,https://www.hyundai.com/contents/repn-car/side-w/kona-electric-25my-well-side.png,코나 Electric,항속형 Modern plus,"45,655,893원","48,030,000원","7,190,000원","5,140,000원","2,050,000원","1,300,000원","1,000,000원","300,000원","37,165,893원"
경기도,포천시,https://www.hyundai.com/contents/repn-car/side-w/kona-electric-25my-well-side.png,코나 Electric,항속형 Modern plus 스타일 Ⅱ,"45,655,893원","48,030,000원","7,190,000원","5,140,000원","2,050,000원","1,300,000원","1,000,000원","300,000원","37,165,893원"
경기도,포천시,https://www.hyundai.com/contents/repn-car/side-w/kona-electric-25my-well-side.png,코나 Electric,항속형 Premium,"46,568,440원","48,990,000원","7,190,000원","5,140,000원","2,050,000원","1,300,000원","1,000,000원","300,000원","38,078,440원"
경기도,포천시,https://www.hyundai.com/contents/repn-car/side-w/kona-electric-25my-well-side.png,코나 Electric,항속형 Premium 빌트인 캠 2,"46,568,440원","48,990,000원","7,190,000원","5,140,000원","2,050,000원","1,300,000원","1,000,000원","300,000원","38,078,440원"
경기도,포천시,https://www.hyundai.com/contents/repn-car/side-w/kona-electric-25my-well-side.png,코나 Electric,항속형 Premium 스타일 Ⅱ,"46,568,440원","48,990,000원","7,190,000원","5,140,000원","2,050,000원","1,300,000원","1,000,000원","300,000원","38,078,440원"
경기도,포천시,https://www.hyundai.com/contents/repn-car/side-w/kona-electric-25my-well-side.png,코나 Electric,항속형 Inspiration,"49,923,954원","52,520,000원","6,420,000원","4,590,000원","1,830,000원","1,200,000원","920,000원","280,000원","42,303,954원"
경기도,포천시,https://www.hyundai.com/contents/repn-car/side-w/kona-electric-25my-well-side.png,코나 Electric,항속형 N Line Inspiration,"50,865,018원","53,510,000원","6,420,000원","4,590,000원","1,830,000원","1,200,000원","920,000원","280,000원","43,245,018원"
경기도,포천시,https://www.hyundai.com/contents/repn-car/side-w/ioniq5-27my-well-side.png,아이오닉 5,2WD E-Value +(스탠다드) 19인치,"47,347,908원","49,810,000원","6,760,000원","4,830,000원","1,930,000원","1,260,000원","970,000원","290,000원","39,327,908원"
경기도,포천시,https://www.hyundai.com/contents/repn-car/side-w/ioniq5-27my-well-side.png,아이오닉 5,2WD E-Lite(롱레인지) 19인치,"50,636,881원","53,270,000원","7,930,000원","5,670,000원","2,260,000원","1,300,000원","1,000,000원","300,000원","41,406,881원"
경기도,포천시,https://www.hyundai.com/contents/repn-car/side-w/ioniq5-27my-well-side.png,아이오닉 5,2WD 모던(롱레인지) 19인치,"52,899,239원","55,650,000원","7,930,000원","5,670,000원","2,260,000원","1,300,000원","1,000,000원","300,000원","43,669,239원"
경기도,포천시,https://www.hyundai.com/contents/repn-car/side-w/ioniq5-27my-well-side.png,아이오닉 5,4WD E-Lite(롱레인지) 19인치,"52,984,791원","55,740,000원","7,810,000원","5,580,000원","2,230,000원","1,300,000원","1,000,000원","300,000원","43,874,791원"
경기도,포천시,https://www.hyundai.com/contents/repn-car/side-w/ioniq5-27my-well-side.png,아이오닉 5,2WD 모던(롱레인지) 19인치 빌트인캠 2 + 증강현실 내비게이션,"52,899,239원","55,650,000원","7,930,000원","5,670,000원","2,260,000원","1,300,000원","1,000,000원","300,000원","43,669,239원"
경기도,포천시,https://www.hyundai.com/contents/repn-car/side-w/ioniq5-27my-well-side.png,아이오닉 5,4WD 모던(롱레인지) 19인치,"55,247,148원","58,120,000원","7,810,000원","5,580,000원","2,230,000원","1,300,000원","1,000,000원","300,000원","46,137,148원"
경기도,포천시,https://www.hyundai.com/contents/repn-car/side-w/ioniq5-27my-well-side.png,아이오닉 5,2WD 프리미엄(롱레인지) 19인치,"58,241,444원","61,270,000원","7,930,000원","5,670,000원","2,260,000원","1,300,000원","1,000,000원","300,000원","49,011,444원"
경기도,포천시,https://www.hyundai.com/contents/repn-car/side-w/ioniq5-27my-well-side.png,아이오닉 5,2WD 프리미엄(롱레인지) 19인치 빌트인캠 2 + 증강현실 내비게이션,"58,241,444원","61,270,000원","7,930,000원","5,670,000원","2,260,000원","1,300,000원","1,000,000원","300,000원","49,011,444원"
경기도,포천시,https://www.hyundai.com/contents/repn-car/side-w/ioniq5-27my-well-side.png,아이오닉 5,2WD 프리미엄(롱레인지) 20인치,"58,707,224원","61,760,000원","7,820,000원","5,590,000원","2,230,000원","1,300,000원","1,000,000원","300,000원","49,587,224원"
경기도,포천시,https://www.hyundai.com/contents/repn-car/side-w/ioniq5-27my-well-side.png,아이오닉 5,2WD N LINE(롱레인지) 20인치,"59,448,669원","62,540,000원","7,570,000원","5,410,000원","2,160,000원","1,300,000원","1,000,000원","300,000원","50,578,669원"
경기도,포천시,https://www.hyundai.com/contents/repn-car/side-w/ioniq5-27my-well-side.png,아이오닉 5,4WD 프리미엄(롱레인지) 19인치,"60,589,354원","63,740,000원","7,810,000원","5,580,000원","2,230,000원","1,300,000원","1,000,000원","300,000원","51,479,354원"
경기도,포천시,https://www.hyundai.com/contents/repn-car/side-w/ioniq5-27my-well-side.png,아이오닉 5,4WD 프리미엄(롱레인지) 20인치,"61,055,132원","64,230,000원","7,440,000원","5,320,000원","2,120,000원","1,300,000원","1,000,000원","300,000원","52,315,132원"
경기도,포천시,https://www.hyundai.com/contents/repn-car/side-w/ioniq5-27my-well-side.png,아이오닉 5,2WD 인스퍼레이션(롱레인지) 19인치,"61,283,270원","64,470,000원","7,930,000원","5,670,000원","2,260,000원","1,300,000원","1,000,000원","300,000원","52,053,270원"
경기도,포천시,https://www.hyundai.com/contents/repn-car/side-w/ioniq5-27my-well-side.png,아이오닉 5,2WD 인스퍼레이션(롱레인지) 19인치 빌트인캠 2 + 증강현실 내비게이션,"61,283,270원","64,470,000원","7,930,000원","5,670,000원","2,260,000원","1,300,000원","1,000,000원","300,000원","52,053,270원"
경기도,포천시,https://www.hyundai.com/contents/repn-car/side-w/ioniq5-27my-well-side.png,아이오닉 5,2WD 인스퍼레이션(롱레인지) 20인치,"61,749,048원","64,960,000원","7,820,000원","5,590,000원","2,230,000원","1,300,000원","1,000,000원","300,000원","52,629,048원"
경기도,포천시,https://www.hyundai.com/contents/repn-car/side-w/ioniq5-27my-well-side.png,아이오닉 5,4WD N LINE(롱레인지) 20인치,"61,796,577원","65,010,000원","7,140,000원","5,100,000원","2,040,000원","1,300,000원","1,000,000원","300,000원","53,356,577원"
경기도,포천시,https://www.hyundai.com/contents/repn-car/side-w/ioniq5-27my-well-side.png,아이오닉 5,4WD 인스퍼레이션(롱레인지) 19인치,"63,631,178원","66,940,000원","7,810,000원","5,580,000원","2,230,000원","1,300,000원","1,000,000원","300,000원","54,521,178원"
경기도,포천시,https://www.hyundai.com/contents/repn-car/side-w/ioniq5-27my-well-side.png,아이오닉 5,4WD 인스퍼레이션(롱레인지) 20인치,"64,096,958원","67,430,000원","7,440,000원","5,320,000원","2,120,000원","1,300,000원","1,000,000원","300,000원","55,356,958원"
경기도,포천시,https://www.hyundai.com/contents/repn-car/side-w/ioniq6-25fl-well-side.png,더 뉴 아이오닉 6,2WD E-Value +(스탠다드) 18인치,"48,564,639원","51,090,000원","7,840,000원","5,600,000원","2,240,000원","1,300,000원","1,000,000원","300,000원","39,424,639원"
경기도,포천시,https://www.hyundai.com/contents/repn-car/side-w/ioniq6-25fl-well-side.png,더 뉴 아이오닉 6,2WD E-LITE(롱레인지) 18인치,"50,636,881원","53,270,000원","7,980,000원","5,700,000원","2,280,000원","1,300,000원","1,000,000원","300,000원","41,356,881원"
경기도,포천시,https://www.hyundai.com/contents/repn-car/side-w/ioniq6-25fl-well-side.png,더 뉴 아이오닉 6,2WD Exclusive(스탠다드) 18인치,"50,950,570원","53,600,000원","7,840,000원","5,600,000원","2,240,000원","1,300,000원","1,000,000원","300,000원","41,810,570원"
경기도,포천시,https://www.hyundai.com/contents/repn-car/side-w/ioniq6-25fl-well-side.png,더 뉴 아이오닉 6,2WD E-LITE(롱레인지) 20인치,"51,197,719원","53,860,000원","7,980,000원","5,700,000원","2,280,000원","1,300,000원","1,000,000원","300,000원","41,917,719원"
경기도,포천시,https://www.hyundai.com/contents/repn-car/side-w/ioniq6-25fl-well-side.png,더 뉴 아이오닉 6,4WD E-LITE(롱레인지) 18인치,"52,984,791원","55,740,000원","7,980,000원","5,700,000원","2,280,000원","1,300,000원","1,000,000원","300,000원","43,704,791원"
경기도,포천시,https://www.hyundai.com/contents/repn-car/side-w/ioniq6-25fl-well-side.png,더 뉴 아이오닉 6,4WD E-LITE(롱레인지) 20인치,"53,545,627원","56,330,000원","7,740,000원","5,530,000원","2,210,000원","1,300,000원","1,000,000원","300,000원","44,505,627원"
경기도,포천시,https://www.hyundai.com/contents/repn-car/side-w/ioniq6-25fl-well-side.png,더 뉴 아이오닉 6,2WD Exclusive(롱레인지) 18인치,"55,152,091원","58,020,000원","7,980,000원","5,700,000원","2,280,000원","1,300,000원","1,000,000원","300,000원","45,872,091원"
경기도,포천시,https://www.hyundai.com/contents/repn-car/side-w/ioniq6-25fl-well-side.png,더 뉴 아이오닉 6,2WD Prestige(스탠다드) 18인치,"55,532,319원","58,420,000원","7,840,000원","5,600,000원","2,240,000원","1,300,000원","1,000,000원","300,000원","46,392,319원"
경기도,포천시,https://www.hyundai.com/contents/repn-car/side-w/ioniq6-25fl-well-side.png,더 뉴 아이오닉 6,2WD Exclusive(롱레인지) 20인치,"55,712,927원","58,610,000원","7,980,000원","5,700,000원","2,280,000원","1,300,000원","1,000,000원","300,000원","46,432,927원"
경기도,포천시,https://www.hyundai.com/contents/repn-car/side-w/ioniq6-25fl-well-side.png,더 뉴 아이오닉 6,2WD N Line Exclusive(롱레인지) 20인치,"57,452,472원","60,440,000원","7,980,000원","5,700,000원","2,280,000원","1,300,000원","1,000,000원","300,000원","48,172,472원"
경기도,포천시,https://www.hyundai.com/contents/repn-car/side-w/ioniq6-25fl-well-side.png,더 뉴 아이오닉 6,4WD Exclusive(롱레인지) 18인치,"57,499,999원","60,490,000원","7,980,000원","5,700,000원","2,280,000원","1,300,000원","1,000,000원","300,000원","48,219,999원"
경기도,포천시,https://www.hyundai.com/contents/repn-car/side-w/ioniq6-25fl-well-side.png,더 뉴 아이오닉 6,4WD Exclusive(롱레인지) 20인치,"58,060,836원","61,080,000원","7,740,000원","5,530,000원","2,210,000원","1,300,000원","1,000,000원","300,000원","49,020,836원"
경기도,포천시,https://www.hyundai.com/contents/repn-car/side-w/ioniq6-25fl-well-side.png,더 뉴 아이오닉 6,2WD Prestige(롱레인지) 18인치,"59,724,335원","62,830,000원","7,980,000원","5,700,000원","2,280,000원","1,300,000원","1,000,000원","300,000원","50,444,335원"
경기도,포천시,https://www.hyundai.com/contents/repn-car/side-w/ioniq6-25fl-well-side.png,더 뉴 아이오닉 6,4WD N Line Exclusive(롱레인지) 20인치,"59,800,380원","62,910,000원","7,510,000원","5,370,000원","2,140,000원","1,300,000원","1,000,000원","300,000원","50,990,380원"
경기도,포천시,https://www.hyundai.com/contents/repn-car/side-w/ioniq6-25fl-well-side.png,더 뉴 아이오닉 6,2WD Prestige(롱레인지) 20인치,"60,285,171원","63,420,000원","7,980,000원","5,700,000원","2,280,000원","1,300,000원","1,000,000원","300,000원","51,005,171원"
경기도,포천시,https://www.hyundai.com/contents/repn-car/side-w/ioniq6-25fl-well-side.png,더 뉴 아이오닉 6,2WD N Line Prestige(롱레인지) 20인치,"61,321,293원","64,510,000원","7,980,000원","5,700,000원","2,280,000원","1,300,000원","1,000,000원","300,000원","52,041,293원"
경기도,포천시,https://www.hyundai.com/contents/repn-car/side-w/ioniq6-25fl-well-side.png,더 뉴 아이오닉 6,4WD Prestige(롱레인지) 18인치,"62,072,243원","65,300,000원","7,980,000원","5,700,000원","2,280,000원","1,300,000원","1,000,000원","300,000원","52,792,243원"
경기도,포천시,https://www.hyundai.com/contents/repn-car/side-w/ioniq6-25fl-well-side.png,더 뉴 아이오닉 6,4WD Prestige(롱레인지) 20인치,"62,633,079원","65,890,000원","7,740,000원","5,530,000원","2,210,000원","1,300,000원","1,000,000원","300,000원","53,593,079원"
경기도,포천시,https://www.hyundai.com/contents/repn-car/side-w/ioniq6-25fl-well-side.png,더 뉴 아이오닉 6,4WD N Line Prestige(롱레인지) 20인치,"63,669,201원","66,980,000원","7,510,000원","5,370,000원","2,140,000원","1,300,000원","1,000,000원","300,000원","54,859,201원"
경기도,포천시,https://www.hyundai.com/contents/repn-car/side-w/the-new-staria-lounge-electric-27pe-well-side.png,더 뉴 스타리아 라운지 Electric,2WD 오토 Prestige 7인승,"63,593,156원","66,900,000원","3,200,000원","2,290,000원","910,000원","600,000원","460,000원","140,000원","59,793,156원"
경기도,포천시,https://www.hyundai.com/contents/repn-car/side-w/the-new-staria-lounge-electric-27pe-well-side.png,더 뉴 스타리아 라운지 Electric,2WD 오토 Inspiration 7인승,"67,309,885원","70,810,000원","3,200,000원","2,290,000원","910,000원","600,000원","460,000원","140,000원","63,509,885원"
경기도,포천시,https://www.hyundai.com/contents/repn-car/side-w/GV60-27MY.png,GV60,GV60 스탠다드 2WD 19인치,"64,904,943원","68,280,000원","3,990,000원","2,850,000원","1,140,000원","740,000원","570,000원","170,000원","60,174,943원"
경기도,포천시,https://www.hyundai.com/contents/repn-car/side-w/GV60-27MY.png,GV60,GV60 스탠다드 AWD 19인치,"72,080,000원","72,080,000원","3,800,000원","2,720,000원","1,080,000원","700,000원","540,000원","160,000원","67,580,000원"
경기도,포천시,https://www.hyundai.com/contents/repn-car/side-w/GV60-27MY.png,GV60,GV60 스탠다드 AWD 20인치,"74,380,000원","74,380,000원","3,650,000원","2,610,000원","1,040,000원","680,000원","520,000원","160,000원","70,050,000원"
경기도,포천시,https://www.hyundai.com/contents/repn-car/side-w/ioniq9-27my-well-side.png,아이오닉 9,2WD 익스클루시브 19인치 7인승,"67,585,551원","71,100,000원","3,830,000원","2,740,000원","1,090,000원","720,000원","550,000원","170,000원","63,035,551원"
경기도,포천시,https://www.hyundai.com/contents/repn-car/side-w/ioniq9-27my-well-side.png,아이오닉 9,2WD 익스클루시브 19인치 6인승,"68,165,399원","71,710,000원","3,830,000원","2,740,000원","1,090,000원","720,000원","550,000원","170,000원","63,615,399원"
경기도,포천시,https://www.hyundai.com/contents/repn-car/side-w/ioniq9-27my-well-side.png,아이오닉 9,4WD(항속) 익스클루시브 19인치 7인승,"70,247,148원","73,900,000원","3,790,000원","2,710,000원","1,080,000원","700,000원","540,000원","160,000원","65,757,148원"
경기도,포천시,https://www.hyundai.com/contents/repn-car/side-w/ioniq9-27my-well-side.png,아이오닉 9,4WD(항속) 익스클루시브 19인치 6인승,"70,826,995원","74,510,000원","3,790,000원","2,710,000원","1,080,000원","700,000원","540,000원","160,000원","66,336,995원"
경기도,포천시,https://www.hyundai.com/contents/repn-car/side-w/ioniq9-27my-well-side.png,아이오닉 9,4WD(성능) 익스클루시브 19인치 7인승,"71,102,661원","74,800,000원","3,800,000원","2,720,000원","1,080,000원","700,000원","540,000원","160,000원","66,602,661원"
경기도,포천시,https://www.hyundai.com/contents/repn-car/side-w/ioniq9-27my-well-side.png,아이오닉 9,4WD(성능) 익스클루시브 19인치 6인승,"71,682,509원","75,410,000원","3,800,000원","2,720,000원","1,080,000원","700,000원","540,000원","160,000원","67,182,509원"
경기도,포천시,https://www.hyundai.com/contents/repn-car/side-w/ioniq9-27my-well-side.png,아이오닉 9,2WD 프레스티지 19인치 7인승,"73,241,445원","77,050,000원","3,830,000원","2,740,000원","1,090,000원","720,000원","550,000원","170,000원","68,691,445원"
경기도,포천시,https://www.hyundai.com/contents/repn-car/side-w/ioniq9-27my-well-side.png,아이오닉 9,2WD 프레스티지 21인치 7인승,"73,241,445원","77,050,000원","3,830,000원","2,740,000원","1,090,000원","720,000원","550,000원","170,000원","68,691,445원"
경기도,포천시,https://www.hyundai.com/contents/repn-car/side-w/ioniq9-27my-well-side.png,아이오닉 9,2WD 프레스티지 19인치 6인승,"73,735,741원","77,570,000원","3,830,000원","2,740,000원","1,090,000원","720,000원","550,000원","170,000원","69,185,741원"
경기도,포천시,https://www.hyundai.com/contents/repn-car/side-w/ioniq9-27my-well-side.png,아이오닉 9,2WD 프레스티지 21인치 6인승,"73,735,741원","77,570,000원","3,830,000원","2,740,000원","1,090,000원","720,000원","550,000원","170,000원","69,185,741원"
경기도,포천시,https://www.hyundai.com/contents/repn-car/side-w/ioniq9-27my-well-side.png,아이오닉 9,4WD(항속) 프레스티지 19인치 7인승,"75,903,041원","79,850,000원","3,790,000원","2,710,000원","1,080,000원","700,000원","540,000원","160,000원","71,413,041원"
경기도,포천시,https://www.hyundai.com/contents/repn-car/side-w/ioniq9-27my-well-side.png,아이오닉 9,4WD(항속) 프레스티지 21인치 7인승,"75,903,041원","79,850,000원","3,790,000원","2,710,000원","1,080,000원","700,000원","540,000원","160,000원","71,413,041원"
경기도,포천시,https://www.hyundai.com/contents/repn-car/side-w/ioniq9-27my-well-side.png,아이오닉 9,4WD(항속) 프레스티지 19인치 6인승,"76,397,338원","80,370,000원","3,790,000원","2,710,000원","1,080,000원","700,000원","540,000원","160,000원","71,907,338원"
경기도,포천시,https://www.hyundai.com/contents/repn-car/side-w/ioniq9-27my-well-side.png,아이오닉 9,4WD(항속) 프레스티지 21인치 6인승,"76,397,338원","80,370,000원","3,790,000원","2,710,000원","1,080,000원","700,000원","540,000원","160,000원","71,907,338원"
경기도,포천시,https://www.hyundai.com/contents/repn-car/side-w/ioniq9-27my-well-side.png,아이오닉 9,4WD(성능) 프레스티지 19인치 7인승,"76,758,555원","80,750,000원","3,800,000원","2,720,000원","1,080,000원","700,000원","540,000원","160,000원","72,258,555원"
경기도,포천시,https://www.hyundai.com/contents/repn-car/side-w/ioniq9-27my-well-side.png,아이오닉 9,4WD(성능) 프레스티지 21인치 7인승,"76,758,555원","80,750,000원","3,800,000원","2,720,000원","1,080,000원","700,000원","540,000원","160,000원","72,258,555원"
경기도,포천시,https://www.hyundai.com/contents/repn-car/side-w/ioniq9-27my-well-side.png,아이오닉 9,4WD(성능) 프레스티지 19인치 6인승,"77,252,851원","81,270,000원","3,800,000원","2,720,000원","1,080,000원","700,000원","540,000원","160,000원","72,752,851원"
경기도,포천시,https://www.hyundai.com/contents/repn-car/side-w/ioniq9-27my-well-side.png,아이오닉 9,4WD(성능) 프레스티지 21인치 6인승,"77,252,851원","81,270,000원","3,800,000원","2,720,000원","1,080,000원","700,000원","540,000원","160,000원","72,752,851원"
경기도,포천시,https://www.hyundai.com/contents/repn-car/side-w/ioniq9-27my-well-side.png,아이오닉 9,2WD 캘리그래피 19인치 7인승,"78,108,365원","82,170,000원","3,830,000원","2,740,000원","1,090,000원","720,000원","550,000원","170,000원","73,558,365원"
경기도,포천시,https://www.hyundai.com/contents/repn-car/side-w/ioniq9-27my-well-side.png,아이오닉 9,2WD 캘리그래피 21인치 7인승,"78,108,365원","82,170,000원","3,830,000원","2,740,000원","1,090,000원","720,000원","550,000원","170,000원","73,558,365원"
경기도,포천시,https://www.hyundai.com/contents/repn-car/side-w/ioniq9-27my-well-side.png,아이오닉 9,2WD 캘리그래피 19인치 6인승,"79,600,760원","83,740,000원","3,830,000원","2,740,000원","1,090,000원","720,000원","550,000원","170,000원","75,050,760원"
경기도,포천시,https://www.hyundai.com/contents/repn-car/side-w/ioniq9-27my-well-side.png,아이오닉 9,2WD 캘리그래피 21인치 6인승,"79,600,760원","83,740,000원","3,830,000원","2,740,000원","1,090,000원","720,000원","550,000원","170,000원","75,050,760원"
경기도,포천시,https://www.hyundai.com/contents/repn-car/side-w/ioniq9-27my-well-side.png,아이오닉 9,4WD(항속) 캘리그래피 19인치 7인승,"80,769,961원","84,970,000원","3,790,000원","2,710,000원","1,080,000원","700,000원","540,000원","160,000원","76,279,961원"
경기도,포천시,https://www.hyundai.com/contents/repn-car/side-w/ioniq9-27my-well-side.png,아이오닉 9,4WD(항속) 캘리그래피 21인치 7인승,"80,769,961원","84,970,000원","3,790,000원","2,710,000원","1,080,000원","700,000원","540,000원","160,000원","76,279,961원"
경기도,포천시,https://www.hyundai.com/contents/repn-car/side-w/ioniq9-27my-well-side.png,아이오닉 9,4WD(성능) 캘리그래피 19인치 7인승,"81,625,475원","85,870,000원","3,800,000원","2,720,000원","1,080,000원","700,000원","540,000원","160,000원","77,125,475원"
경기도,포천시,https://www.hyundai.com/contents/repn-car/side-w/ioniq9-27my-well-side.png,아이오닉 9,4WD(성능) 캘리그래피 21인치 7인승,"81,625,475원","85,870,000원","3,800,000원","2,720,000원","1,080,000원","700,000원","540,000원","160,000원","77,125,475원"
경기도,포천시,https://www.hyundai.com/contents/repn-car/side-w/ioniq9-27my-well-side.png,아이오닉 9,4WD(항속) 캘리그래피 19인치 6인승,"82,262,357원","86,540,000원","3,790,000원","2,710,000원","1,080,000원","700,000원","540,000원","160,000원","77,772,357원"
경기도,포천시,https://www.hyundai.com/contents/repn-car/side-w/ioniq9-27my-well-side.png,아이오닉 9,4WD(항속) 캘리그래피 21인치 6인승,"82,262,357원","86,540,000원","3,790,000원","2,710,000원","1,080,000원","700,000원","540,000원","160,000원","77,772,357원"
경기도,포천시,https://www.hyundai.com/contents/repn-car/side-w/ioniq9-27my-well-side.png,아이오닉 9,4WD(성능) 캘리그래피 19인치 6인승,"83,149,999원","87,440,000원","3,800,000원","2,720,000원","1,080,000원","700,000원","540,000원","160,000원","78,649,999원"
경기도,포천시,https://www.hyundai.com/contents/repn-car/side-w/ioniq9-27my-well-side.png,아이오닉 9,4WD(성능) 캘리그래피 21인치 6인승,"83,149,999원","87,440,000원","3,800,000원","2,720,000원","1,080,000원","700,000원","540,000원","160,000원","78,649,999원"
경기도,포천시,https://www.hyundai.com/contents/repn-car/side-w/Electrified-GV70-27MY.png,Electrified GV70,ELECTRIFIED GV70 AWD 19인치,"75,798,478원","79,740,000원","3,650,000원","2,610,000원","1,040,000원","680,000원","520,000원","160,000원","71,468,478원"
경기도,포천시,https://www.hyundai.com/contents/repn-car/side-w/Electrified-GV70-27MY.png,Electrified GV70,ELECTRIFIED GV70 AWD 20인치,"76,558,935원","80,540,000원","3,430,000원","2,450,000원","980,000원","640,000원","490,000원","150,000원","72,488,935원"
경기도,포천시,https://www.hyundai.com/contents/repn-car/side-w/ioniq6-n-25lc-well-side.png,아이오닉 6 N,4WD N,"79,904,942원","84,060,000원","3,500,000원","2,500,000원","1,000,000원","650,000원","500,000원","150,000원","75,754,942원"
경기도,포천시,https://www.hyundai.com/contents/repn-car/side-w/g80_ev_27my-well-side.png,Electrified G80,ELECTRIFIED G80,"84,790,000원","89,080,000원","3,780,000원","2,700,000원","1,080,000원","700,000원","540,000원","160,000원","80,310,000원"
경기도,포천시,https://www.hyundai.com/contents/repn-car/side-w/g80_ev_27my-well-side.png,Electrified G80,ELECTRIFIED G80,"87,790,000원","92,080,000원","3,780,000원","2,700,000원","1,080,000원","700,000원","540,000원","160,000원","83,310,000원"
경기도,포천시,https://www.hyundai.com/contents/repn-car/side-w/the-new-staria-limousine-electric-27pe-well-side.png,더 뉴 스타리아 리무진 Electric,2WD 오토 Inspiration 리무진,"84,820,000원","89,110,000원","3,200,000원","2,290,000원","910,000원","600,000원","460,000원","140,000원","81,020,000원"
경기도,포천시,https://www.hyundai.com/contents/repn-car/side-w/porter2-electric-26my-well-side.png,포터 II Electric ,오토 스타일스페셜,"43,500,000원","43,500,000원","14,520,000원","9,680,000원","4,840,000원","1,300,000원","1,000,000원","300,000원","27,680,000원"
경기도,포천시,https://www.hyundai.com/contents/repn-car/side-w/porter2-electric-26my-well-side.png,포터 II Electric ,오토 스마트스페셜,"44,850,000원","44,850,000원","14,520,000원","9,680,000원","4,840,000원","1,300,000원","1,000,000원","300,000원","29,030,000원"
경기도,포천시,https://www.hyundai.com/contents/repn-car/side-w/porter2-electric-26my-well-side.png,포터 II Electric ,오토 프리미엄스페셜,"46,450,000원","46,450,000원","14,520,000원","9,680,000원","4,840,000원","1,300,000원","1,000,000원","300,000원","30,630,000원"
경기도,포천시,https://www.hyundai.com/contents/repn-car/side-w/porter2-electric-built-in-truck-26my-45side.png,포터II Electric 내장탑차,오토 스마트스페셜 저상,"49,030,000원","49,030,000원","11,700,000원","7,800,000원","3,900,000원","1,200,000원","920,000원","280,000원","36,130,000원"
경기도,포천시,https://www.hyundai.com/contents/repn-car/side-w/porter2-electric-built-in-truck-26my-45side.png,포터II Electric 내장탑차,오토 스마트스페셜,"50,250,000원","50,250,000원","11,700,000원","7,800,000원","3,900,000원","1,200,000원","920,000원","280,000원","37,350,000원"
경기도,포천시,https://www.hyundai.com/contents/repn-car/side-w/porter2-electric-built-in-truck-26my-45side.png,포터II Electric 내장탑차,오토 스마트스페셜 하이,"51,130,000원","51,130,000원","11,700,000원","7,800,000원","3,900,000원","1,200,000원","920,000원","280,000원","38,230,000원"
경기도,포천시,https://www.hyundai.com/contents/repn-car/side-w/porter2-electric-powergate-truck-26my-45side.png,포터II Electric 파워게이트,오토 스마트스페셜,"50,000,000원","50,000,000원","11,700,000원","7,800,000원","3,900,000원","1,200,000원","920,000원","280,000원","37,100,000원"
경기도,포천시,https://www.hyundai.com/contents/repn-car/side-w/porter2-electric-wingbody-26my-45side.png,포터II Electric 윙바디,오토 스마트스페셜 수동식,"51,030,000원","51,030,000원","11,700,000원","7,800,000원","3,900,000원","1,200,000원","920,000원","280,000원","38,130,000원"
경기도,포천시,https://www.hyundai.com/contents/repn-car/side-w/porter2-electric-wingbody-26my-45side.png,포터II Electric 윙바디,오토 스마트스페셜 전동식,"55,240,000원","55,240,000원","11,700,000원","7,800,000원","3,900,000원","1,200,000원","920,000원","280,000원","42,340,000원"
경기도,포천시,https://www.hyundai.com/contents/repn-car/side-w/the-new-staria-electric-27pe-well-side.png,더 뉴 스타리아 Electric,2WD 오토 Modern 3인승,"57,920,000원","57,920,000원","18,000,000원","12,000,000원","6,000,000원","1,300,000원","1,000,000원","300,000원","38,620,000원"
경기도,포천시,https://www.hyundai.com/contents/repn-car/side-w/the-new-staria-electric-27pe-well-side.png,더 뉴 스타리아 Electric,2WD 오토 Modern 5인승,"58,700,000원","58,700,000원","18,000,000원","12,000,000원","6,000,000원","1,300,000원","1,000,000원","300,000원","39,400,000원"
경기도,포천시,https://www.hyundai.com/contents/repn-car/side-w/st1-hightop-27my-well-side.png,ST1 하이탑차,오토 스마트,"58,830,000원","58,830,000원","16,500,000원","11,000,000원","5,500,000원","1,300,000원","1,000,000원","300,000원","41,030,000원"
경기도,포천시,https://www.hyundai.com/contents/repn-car/side-w/st1-27my-well-side.png,ST1 카고,오토 스타일,"59,460,000원","59,460,000원","18,000,000원","12,000,000원","6,000,000원","1,300,000원","1,000,000원","300,000원","40,160,000원"
경기도,포천시,https://www.hyundai.com/contents/repn-car/side-w/st1-27my-well-side.png,ST1 카고,오토 스마트,"61,230,000원","61,230,000원","18,000,000원","12,000,000원","6,000,000원","1,300,000원","1,000,000원","300,000원","41,930,000원"
경기도,포천시,https://www.hyundai.com/contents/repn-car/side-w/st1-27my-well-side.png,ST1 카고,오토 프리미엄,"65,710,000원","65,710,000원","18,000,000원","12,000,000원","6,000,000원","1,300,000원","1,000,000원","300,000원","46,410,000원"
경기도,포천시,https://www.hyundai.com/contents/repn-car/side-w/st1-freezer-truck-27my-well-side.png,ST1 카고 냉동,오토 스마트,"69,580,000원","69,580,000원","21,750,000원","14,500,000원","7,250,000원","1,300,000원","1,000,000원","300,000원","46,530,000원"
경기도,포천시,https://www.hyundai.com/contents/repn-car/side-w/st1-freezer-truck-27my-well-side.png,ST1 카고 냉동,오토 프리미엄,"74,060,000원","74,060,000원","21,750,000원","14,500,000원","7,250,000원","1,300,000원","1,000,000원","300,000원","51,010,000원"
경기도,포천시,https://www.hyundai.com/contents/repn-car/side-w/the-new-staria-electric-27pe-well-side.png,더 뉴 스타리아 Electric,2WD 오토 Modern 11인승,"60,290,000원","60,290,000원","19,500,000원","15,000,000원","4,500,000원",0원,0원,0원,"40,790,000원"
경기도,포천시,https://www.hyundai.com/contents/repn-car/side-w/the-new-staria-lounge-electric-27pe-well-side.png,더 뉴 스타리아 라운지 Electric,2WD 오토 Prestige 11인승 라운지,"65,490,000원","65,490,000원","19,500,000원","15,000,000원","4,500,000원",0원,0원,0원,"45,990,000원"
경기도,포천시,https://www.hyundai.com/contents/repn-car/side-w/nexo-27my-well-side.png,넥쏘,2WD 모던,"76,470,532원","80,447,000원","32,500,000원","22,500,000원","10,000,000원",0원,0원,0원,"43,970,532원"
경기도,포천시,https://www.hyundai.com/contents/repn-car/side-w/nexo-27my-well-side.png,넥쏘,2WD 익스클루시브,"79,369,771원","83,497,000원","32,500,000원","22,500,000원","10,000,000원",0원,0원,0원,"46,869,771원"
경기도,포천시,https://www.hyundai.com/contents/repn-car/side-w/nexo-27my-well-side.png,넥쏘,2WD 프레스티지,"83,789,923원","88,147,000원","32,500,000원","22,500,000원","10,000,000원",0원,0원,0원,"51,289,923원"
경기도,양주시,https://www.hyundai.com/contents/repn-car/side-w/casper_ev_26my_well_side.png,2027 캐스퍼 일렉트릭,캐스퍼 일렉트릭 기본형 15인치,"28,469,581원","29,950,000원","6,940,000원","4,900,000원","2,040,000원","1,270,000원","980,000원","290,000원","20,259,581원"
경기도,양주시,https://www.hyundai.com/contents/repn-car/side-w/casper_ev_26my_well_side.png,2027 캐스퍼 일렉트릭,캐스퍼 일렉트릭 항속형 15인치,"32,119,772원","33,790,000원","6,940,000원","4,900,000원","2,040,000원","1,270,000원","980,000원","290,000원","23,909,772원"
경기도,양주시,https://www.hyundai.com/contents/repn-car/side-w/casper_ev_26my_well_side.png,2027 캐스퍼 일렉트릭,캐스퍼 일렉트릭 항속형 17인치,"32,119,772원","33,790,000원","6,940,000원","4,900,000원","2,040,000원","1,270,000원","980,000원","290,000원","23,909,772원"
경기도,양주시,https://www.hyundai.com/contents/repn-car/side-w/casper_ev_26my_well_side.png,2027 캐스퍼 일렉트릭,캐스퍼 일렉트릭 크로스 17인치,"34,125,474원","35,900,000원","6,890,000원","4,870,000원","2,020,000원","1,260,000원","970,000원","290,000원","25,975,474원"
경기도,양주시,https://www.hyundai.com/contents/repn-car/side-w/casper_ev_26my_well_side.png,2027 캐스퍼 일렉트릭,캐스퍼 일렉트릭 라운지 17인치,"34,572,243원","36,370,000원","6,940,000원","4,900,000원","2,040,000원","1,270,000원","980,000원","290,000원","26,362,243원"
경기도,양주시,https://www.hyundai.com/contents/repn-car/side-w/kona-electric-25my-well-side.png,코나 Electric,기본형 E-Value +,"41,520,912원","43,680,000원","6,190,000원","4,370,000원","1,820,000원","1,130,000원","870,000원","260,000원","34,200,912원"
경기도,양주시,https://www.hyundai.com/contents/repn-car/side-w/kona-electric-25my-well-side.png,코나 Electric,기본형 Premium,"43,564,638원","45,830,000원","6,190,000원","4,370,000원","1,820,000원","1,130,000원","870,000원","260,000원","36,244,638원"
경기도,양주시,https://www.hyundai.com/contents/repn-car/side-w/kona-electric-25my-well-side.png,코나 Electric,항속형 Modern plus,"45,655,893원","48,030,000원","7,280,000원","5,140,000원","2,140,000원","1,300,000원","1,000,000원","300,000원","37,075,893원"
경기도,양주시,https://www.hyundai.com/contents/repn-car/side-w/kona-electric-25my-well-side.png,코나 Electric,항속형 Modern plus 스타일 Ⅱ,"45,655,893원","48,030,000원","7,280,000원","5,140,000원","2,140,000원","1,300,000원","1,000,000원","300,000원","37,075,893원"
경기도,양주시,https://www.hyundai.com/contents/repn-car/side-w/kona-electric-25my-well-side.png,코나 Electric,항속형 Premium,"46,568,440원","48,990,000원","7,280,000원","5,140,000원","2,140,000원","1,300,000원","1,000,000원","300,000원","37,988,440원"
경기도,양주시,https://www.hyundai.com/contents/repn-car/side-w/kona-electric-25my-well-side.png,코나 Electric,항속형 Premium 빌트인 캠 2,"46,568,440원","48,990,000원","7,280,000원","5,140,000원","2,140,000원","1,300,000원","1,000,000원","300,000원","37,988,440원"
경기도,양주시,https://www.hyundai.com/contents/repn-car/side-w/kona-electric-25my-well-side.png,코나 Electric,항속형 Premium 스타일 Ⅱ,"46,568,440원","48,990,000원","7,280,000원","5,140,000원","2,140,000원","1,300,000원","1,000,000원","300,000원","37,988,440원"
경기도,양주시,https://www.hyundai.com/contents/repn-car/side-w/kona-electric-25my-well-side.png,코나 Electric,항속형 Inspiration,"49,923,954원","52,520,000원","6,500,000원","4,590,000원","1,910,000원","1,200,000원","920,000원","280,000원","42,223,954원"
경기도,양주시,https://www.hyundai.com/contents/repn-car/side-w/kona-electric-25my-well-side.png,코나 Electric,항속형 N Line Inspiration,"50,865,018원","53,510,000원","6,500,000원","4,590,000원","1,910,000원","1,200,000원","920,000원","280,000원","43,165,018원"
경기도,양주시,https://www.hyundai.com/contents/repn-car/side-w/ioniq5-27my-well-side.png,아이오닉 5,2WD E-Value +(스탠다드) 19인치,"47,347,908원","49,810,000원","6,840,000원","4,830,000원","2,010,000원","1,260,000원","970,000원","290,000원","39,247,908원"
경기도,양주시,https://www.hyundai.com/contents/repn-car/side-w/ioniq5-27my-well-side.png,아이오닉 5,2WD E-Lite(롱레인지) 19인치,"50,636,881원","53,270,000원","8,030,000원","5,670,000원","2,360,000원","1,300,000원","1,000,000원","300,000원","41,306,881원"
경기도,양주시,https://www.hyundai.com/contents/repn-car/side-w/ioniq5-27my-well-side.png,아이오닉 5,2WD 모던(롱레인지) 19인치,"52,899,239원","55,650,000원","8,030,000원","5,670,000원","2,360,000원","1,300,000원","1,000,000원","300,000원","43,569,239원"
경기도,양주시,https://www.hyundai.com/contents/repn-car/side-w/ioniq5-27my-well-side.png,아이오닉 5,4WD E-Lite(롱레인지) 19인치,"52,984,791원","55,740,000원","7,900,000원","5,580,000원","2,320,000원","1,300,000원","1,000,000원","300,000원","43,784,791원"
경기도,양주시,https://www.hyundai.com/contents/repn-car/side-w/ioniq5-27my-well-side.png,아이오닉 5,2WD 모던(롱레인지) 19인치 빌트인캠 2 + 증강현실 내비게이션,"52,899,239원","55,650,000원","8,030,000원","5,670,000원","2,360,000원","1,300,000원","1,000,000원","300,000원","43,569,239원"
경기도,양주시,https://www.hyundai.com/contents/repn-car/side-w/ioniq5-27my-well-side.png,아이오닉 5,4WD 모던(롱레인지) 19인치,"55,247,148원","58,120,000원","7,900,000원","5,580,000원","2,320,000원","1,300,000원","1,000,000원","300,000원","46,047,148원"
경기도,양주시,https://www.hyundai.com/contents/repn-car/side-w/ioniq5-27my-well-side.png,아이오닉 5,2WD 프리미엄(롱레인지) 19인치,"58,241,444원","61,270,000원","8,030,000원","5,670,000원","2,360,000원","1,300,000원","1,000,000원","300,000원","48,911,444원"
경기도,양주시,https://www.hyundai.com/contents/repn-car/side-w/ioniq5-27my-well-side.png,아이오닉 5,2WD 프리미엄(롱레인지) 19인치 빌트인캠 2 + 증강현실 내비게이션,"58,241,444원","61,270,000원","8,030,000원","5,670,000원","2,360,000원","1,300,000원","1,000,000원","300,000원","48,911,444원"
경기도,양주시,https://www.hyundai.com/contents/repn-car/side-w/ioniq5-27my-well-side.png,아이오닉 5,2WD 프리미엄(롱레인지) 20인치,"58,707,224원","61,760,000원","7,910,000원","5,590,000원","2,320,000원","1,300,000원","1,000,000원","300,000원","49,497,224원"
경기도,양주시,https://www.hyundai.com/contents/repn-car/side-w/ioniq5-27my-well-side.png,아이오닉 5,2WD N LINE(롱레인지) 20인치,"59,448,669원","62,540,000원","7,660,000원","5,410,000원","2,250,000원","1,300,000원","1,000,000원","300,000원","50,488,669원"
경기도,양주시,https://www.hyundai.com/contents/repn-car/side-w/ioniq5-27my-well-side.png,아이오닉 5,4WD 프리미엄(롱레인지) 19인치,"60,589,354원","63,740,000원","7,900,000원","5,580,000원","2,320,000원","1,300,000원","1,000,000원","300,000원","51,389,354원"
경기도,양주시,https://www.hyundai.com/contents/repn-car/side-w/ioniq5-27my-well-side.png,아이오닉 5,4WD 프리미엄(롱레인지) 20인치,"61,055,132원","64,230,000원","7,530,000원","5,320,000원","2,210,000원","1,300,000원","1,000,000원","300,000원","52,225,132원"
경기도,양주시,https://www.hyundai.com/contents/repn-car/side-w/ioniq5-27my-well-side.png,아이오닉 5,2WD 인스퍼레이션(롱레인지) 19인치,"61,283,270원","64,470,000원","8,030,000원","5,670,000원","2,360,000원","1,300,000원","1,000,000원","300,000원","51,953,270원"
경기도,양주시,https://www.hyundai.com/contents/repn-car/side-w/ioniq5-27my-well-side.png,아이오닉 5,2WD 인스퍼레이션(롱레인지) 19인치 빌트인캠 2 + 증강현실 내비게이션,"61,283,270원","64,470,000원","8,030,000원","5,670,000원","2,360,000원","1,300,000원","1,000,000원","300,000원","51,953,270원"
경기도,양주시,https://www.hyundai.com/contents/repn-car/side-w/ioniq5-27my-well-side.png,아이오닉 5,2WD 인스퍼레이션(롱레인지) 20인치,"61,749,048원","64,960,000원","7,910,000원","5,590,000원","2,320,000원","1,300,000원","1,000,000원","300,000원","52,539,048원"
경기도,양주시,https://www.hyundai.com/contents/repn-car/side-w/ioniq5-27my-well-side.png,아이오닉 5,4WD N LINE(롱레인지) 20인치,"61,796,577원","65,010,000원","7,220,000원","5,100,000원","2,120,000원","1,300,000원","1,000,000원","300,000원","53,276,577원"
경기도,양주시,https://www.hyundai.com/contents/repn-car/side-w/ioniq5-27my-well-side.png,아이오닉 5,4WD 인스퍼레이션(롱레인지) 19인치,"63,631,178원","66,940,000원","7,900,000원","5,580,000원","2,320,000원","1,300,000원","1,000,000원","300,000원","54,431,178원"
경기도,양주시,https://www.hyundai.com/contents/repn-car/side-w/ioniq5-27my-well-side.png,아이오닉 5,4WD 인스퍼레이션(롱레인지) 20인치,"64,096,958원","67,430,000원","7,530,000원","5,320,000원","2,210,000원","1,300,000원","1,000,000원","300,000원","55,266,958원"
경기도,양주시,https://www.hyundai.com/contents/repn-car/side-w/ioniq6-25fl-well-side.png,더 뉴 아이오닉 6,2WD E-Value +(스탠다드) 18인치,"48,564,639원","51,090,000원","7,930,000원","5,600,000원","2,330,000원","1,300,000원","1,000,000원","300,000원","39,334,639원"
경기도,양주시,https://www.hyundai.com/contents/repn-car/side-w/ioniq6-25fl-well-side.png,더 뉴 아이오닉 6,2WD E-LITE(롱레인지) 18인치,"50,636,881원","53,270,000원","8,070,000원","5,700,000원","2,370,000원","1,300,000원","1,000,000원","300,000원","41,266,881원"
경기도,양주시,https://www.hyundai.com/contents/repn-car/side-w/ioniq6-25fl-well-side.png,더 뉴 아이오닉 6,2WD Exclusive(스탠다드) 18인치,"50,950,570원","53,600,000원","7,930,000원","5,600,000원","2,330,000원","1,300,000원","1,000,000원","300,000원","41,720,570원"
경기도,양주시,https://www.hyundai.com/contents/repn-car/side-w/ioniq6-25fl-well-side.png,더 뉴 아이오닉 6,2WD E-LITE(롱레인지) 20인치,"51,197,719원","53,860,000원","8,070,000원","5,700,000원","2,370,000원","1,300,000원","1,000,000원","300,000원","41,827,719원"
경기도,양주시,https://www.hyundai.com/contents/repn-car/side-w/ioniq6-25fl-well-side.png,더 뉴 아이오닉 6,4WD E-LITE(롱레인지) 18인치,"52,984,791원","55,740,000원","8,070,000원","5,700,000원","2,370,000원","1,300,000원","1,000,000원","300,000원","43,614,791원"
경기도,양주시,https://www.hyundai.com/contents/repn-car/side-w/ioniq6-25fl-well-side.png,더 뉴 아이오닉 6,4WD E-LITE(롱레인지) 20인치,"53,545,627원","56,330,000원","7,830,000원","5,530,000원","2,300,000원","1,300,000원","1,000,000원","300,000원","44,415,627원"
경기도,양주시,https://www.hyundai.com/contents/repn-car/side-w/ioniq6-25fl-well-side.png,더 뉴 아이오닉 6,2WD Exclusive(롱레인지) 18인치,"55,152,091원","58,020,000원","8,070,000원","5,700,000원","2,370,000원","1,300,000원","1,000,000원","300,000원","45,782,091원"
경기도,양주시,https://www.hyundai.com/contents/repn-car/side-w/ioniq6-25fl-well-side.png,더 뉴 아이오닉 6,2WD Prestige(스탠다드) 18인치,"55,532,319원","58,420,000원","7,930,000원","5,600,000원","2,330,000원","1,300,000원","1,000,000원","300,000원","46,302,319원"
경기도,양주시,https://www.hyundai.com/contents/repn-car/side-w/ioniq6-25fl-well-side.png,더 뉴 아이오닉 6,2WD Exclusive(롱레인지) 20인치,"55,712,927원","58,610,000원","8,070,000원","5,700,000원","2,370,000원","1,300,000원","1,000,000원","300,000원","46,342,927원"
경기도,양주시,https://www.hyundai.com/contents/repn-car/side-w/ioniq6-25fl-well-side.png,더 뉴 아이오닉 6,2WD N Line Exclusive(롱레인지) 20인치,"57,452,472원","60,440,000원","8,070,000원","5,700,000원","2,370,000원","1,300,000원","1,000,000원","300,000원","48,082,472원"
경기도,양주시,https://www.hyundai.com/contents/repn-car/side-w/ioniq6-25fl-well-side.png,더 뉴 아이오닉 6,4WD Exclusive(롱레인지) 18인치,"57,499,999원","60,490,000원","8,070,000원","5,700,000원","2,370,000원","1,300,000원","1,000,000원","300,000원","48,129,999원"
경기도,양주시,https://www.hyundai.com/contents/repn-car/side-w/ioniq6-25fl-well-side.png,더 뉴 아이오닉 6,4WD Exclusive(롱레인지) 20인치,"58,060,836원","61,080,000원","7,830,000원","5,530,000원","2,300,000원","1,300,000원","1,000,000원","300,000원","48,930,836원"
경기도,양주시,https://www.hyundai.com/contents/repn-car/side-w/ioniq6-25fl-well-side.png,더 뉴 아이오닉 6,2WD Prestige(롱레인지) 18인치,"59,724,335원","62,830,000원","8,070,000원","5,700,000원","2,370,000원","1,300,000원","1,000,000원","300,000원","50,354,335원"
경기도,양주시,https://www.hyundai.com/contents/repn-car/side-w/ioniq6-25fl-well-side.png,더 뉴 아이오닉 6,4WD N Line Exclusive(롱레인지) 20인치,"59,800,380원","62,910,000원","7,600,000원","5,370,000원","2,230,000원","1,300,000원","1,000,000원","300,000원","50,900,380원"
경기도,양주시,https://www.hyundai.com/contents/repn-car/side-w/ioniq6-25fl-well-side.png,더 뉴 아이오닉 6,2WD Prestige(롱레인지) 20인치,"60,285,171원","63,420,000원","8,070,000원","5,700,000원","2,370,000원","1,300,000원","1,000,000원","300,000원","50,915,171원"
경기도,양주시,https://www.hyundai.com/contents/repn-car/side-w/ioniq6-25fl-well-side.png,더 뉴 아이오닉 6,2WD N Line Prestige(롱레인지) 20인치,"61,321,293원","64,510,000원","8,070,000원","5,700,000원","2,370,000원","1,300,000원","1,000,000원","300,000원","51,951,293원"
경기도,양주시,https://www.hyundai.com/contents/repn-car/side-w/ioniq6-25fl-well-side.png,더 뉴 아이오닉 6,4WD Prestige(롱레인지) 18인치,"62,072,243원","65,300,000원","8,070,000원","5,700,000원","2,370,000원","1,300,000원","1,000,000원","300,000원","52,702,243원"
경기도,양주시,https://www.hyundai.com/contents/repn-car/side-w/ioniq6-25fl-well-side.png,더 뉴 아이오닉 6,4WD Prestige(롱레인지) 20인치,"62,633,079원","65,890,000원","7,830,000원","5,530,000원","2,300,000원","1,300,000원","1,000,000원","300,000원","53,503,079원"
경기도,양주시,https://www.hyundai.com/contents/repn-car/side-w/ioniq6-25fl-well-side.png,더 뉴 아이오닉 6,4WD N Line Prestige(롱레인지) 20인치,"63,669,201원","66,980,000원","7,600,000원","5,370,000원","2,230,000원","1,300,000원","1,000,000원","300,000원","54,769,201원"
경기도,양주시,https://www.hyundai.com/contents/repn-car/side-w/the-new-staria-lounge-electric-27pe-well-side.png,더 뉴 스타리아 라운지 Electric,2WD 오토 Prestige 7인승,"63,593,156원","66,900,000원","3,240,000원","2,290,000원","950,000원","600,000원","460,000원","140,000원","59,753,156원"
경기도,양주시,https://www.hyundai.com/contents/repn-car/side-w/the-new-staria-lounge-electric-27pe-well-side.png,더 뉴 스타리아 라운지 Electric,2WD 오토 Inspiration 7인승,"67,309,885원","70,810,000원","3,240,000원","2,290,000원","950,000원","600,000원","460,000원","140,000원","63,469,885원"
경기도,양주시,https://www.hyundai.com/contents/repn-car/side-w/GV60-27MY.png,GV60,GV60 스탠다드 2WD 19인치,"64,904,943원","68,280,000원","4,030,000원","2,850,000원","1,180,000원","740,000원","570,000원","170,000원","60,134,943원"
경기도,양주시,https://www.hyundai.com/contents/repn-car/side-w/GV60-27MY.png,GV60,GV60 스탠다드 AWD 19인치,"72,080,000원","72,080,000원","3,850,000원","2,720,000원","1,130,000원","700,000원","540,000원","160,000원","67,530,000원"
경기도,양주시,https://www.hyundai.com/contents/repn-car/side-w/GV60-27MY.png,GV60,GV60 스탠다드 AWD 20인치,"74,380,000원","74,380,000원","3,690,000원","2,610,000원","1,080,000원","680,000원","520,000원","160,000원","70,010,000원"
경기도,양주시,https://www.hyundai.com/contents/repn-car/side-w/ioniq9-27my-well-side.png,아이오닉 9,2WD 익스클루시브 19인치 7인승,"67,585,551원","71,100,000원","3,880,000원","2,740,000원","1,140,000원","720,000원","550,000원","170,000원","62,985,551원"
경기도,양주시,https://www.hyundai.com/contents/repn-car/side-w/ioniq9-27my-well-side.png,아이오닉 9,2WD 익스클루시브 19인치 6인승,"68,165,399원","71,710,000원","3,880,000원","2,740,000원","1,140,000원","720,000원","550,000원","170,000원","63,565,399원"
경기도,양주시,https://www.hyundai.com/contents/repn-car/side-w/ioniq9-27my-well-side.png,아이오닉 9,4WD(항속) 익스클루시브 19인치 7인승,"70,247,148원","73,900,000원","3,830,000원","2,710,000원","1,120,000원","700,000원","540,000원","160,000원","65,717,148원"
경기도,양주시,https://www.hyundai.com/contents/repn-car/side-w/ioniq9-27my-well-side.png,아이오닉 9,4WD(항속) 익스클루시브 19인치 6인승,"70,826,995원","74,510,000원","3,830,000원","2,710,000원","1,120,000원","700,000원","540,000원","160,000원","66,296,995원"
경기도,양주시,https://www.hyundai.com/contents/repn-car/side-w/ioniq9-27my-well-side.png,아이오닉 9,4WD(성능) 익스클루시브 19인치 7인승,"71,102,661원","74,800,000원","3,850,000원","2,720,000원","1,130,000원","700,000원","540,000원","160,000원","66,552,661원"
경기도,양주시,https://www.hyundai.com/contents/repn-car/side-w/ioniq9-27my-well-side.png,아이오닉 9,4WD(성능) 익스클루시브 19인치 6인승,"71,682,509원","75,410,000원","3,850,000원","2,720,000원","1,130,000원","700,000원","540,000원","160,000원","67,132,509원"
경기도,양주시,https://www.hyundai.com/contents/repn-car/side-w/ioniq9-27my-well-side.png,아이오닉 9,2WD 프레스티지 19인치 7인승,"73,241,445원","77,050,000원","3,880,000원","2,740,000원","1,140,000원","720,000원","550,000원","170,000원","68,641,445원"
경기도,양주시,https://www.hyundai.com/contents/repn-car/side-w/ioniq9-27my-well-side.png,아이오닉 9,2WD 프레스티지 21인치 7인승,"73,241,445원","77,050,000원","3,880,000원","2,740,000원","1,140,000원","720,000원","550,000원","170,000원","68,641,445원"
경기도,양주시,https://www.hyundai.com/contents/repn-car/side-w/ioniq9-27my-well-side.png,아이오닉 9,2WD 프레스티지 19인치 6인승,"73,735,741원","77,570,000원","3,880,000원","2,740,000원","1,140,000원","720,000원","550,000원","170,000원","69,135,741원"
경기도,양주시,https://www.hyundai.com/contents/repn-car/side-w/ioniq9-27my-well-side.png,아이오닉 9,2WD 프레스티지 21인치 6인승,"73,735,741원","77,570,000원","3,880,000원","2,740,000원","1,140,000원","720,000원","550,000원","170,000원","69,135,741원"
경기도,양주시,https://www.hyundai.com/contents/repn-car/side-w/ioniq9-27my-well-side.png,아이오닉 9,4WD(항속) 프레스티지 19인치 7인승,"75,903,041원","79,850,000원","3,830,000원","2,710,000원","1,120,000원","700,000원","540,000원","160,000원","71,373,041원"
경기도,양주시,https://www.hyundai.com/contents/repn-car/side-w/ioniq9-27my-well-side.png,아이오닉 9,4WD(항속) 프레스티지 21인치 7인승,"75,903,041원","79,850,000원","3,830,000원","2,710,000원","1,120,000원","700,000원","540,000원","160,000원","71,373,041원"
경기도,양주시,https://www.hyundai.com/contents/repn-car/side-w/ioniq9-27my-well-side.png,아이오닉 9,4WD(항속) 프레스티지 19인치 6인승,"76,397,338원","80,370,000원","3,830,000원","2,710,000원","1,120,000원","700,000원","540,000원","160,000원","71,867,338원"
경기도,양주시,https://www.hyundai.com/contents/repn-car/side-w/ioniq9-27my-well-side.png,아이오닉 9,4WD(항속) 프레스티지 21인치 6인승,"76,397,338원","80,370,000원","3,830,000원","2,710,000원","1,120,000원","700,000원","540,000원","160,000원","71,867,338원"
경기도,양주시,https://www.hyundai.com/contents/repn-car/side-w/ioniq9-27my-well-side.png,아이오닉 9,4WD(성능) 프레스티지 19인치 7인승,"76,758,555원","80,750,000원","3,850,000원","2,720,000원","1,130,000원","700,000원","540,000원","160,000원","72,208,555원"
경기도,양주시,https://www.hyundai.com/contents/repn-car/side-w/ioniq9-27my-well-side.png,아이오닉 9,4WD(성능) 프레스티지 21인치 7인승,"76,758,555원","80,750,000원","3,850,000원","2,720,000원","1,130,000원","700,000원","540,000원","160,000원","72,208,555원"
경기도,양주시,https://www.hyundai.com/contents/repn-car/side-w/ioniq9-27my-well-side.png,아이오닉 9,4WD(성능) 프레스티지 19인치 6인승,"77,252,851원","81,270,000원","3,850,000원","2,720,000원","1,130,000원","700,000원","540,000원","160,000원","72,702,851원"
경기도,양주시,https://www.hyundai.com/contents/repn-car/side-w/ioniq9-27my-well-side.png,아이오닉 9,4WD(성능) 프레스티지 21인치 6인승,"77,252,851원","81,270,000원","3,850,000원","2,720,000원","1,130,000원","700,000원","540,000원","160,000원","72,702,851원"
경기도,양주시,https://www.hyundai.com/contents/repn-car/side-w/ioniq9-27my-well-side.png,아이오닉 9,2WD 캘리그래피 19인치 7인승,"78,108,365원","82,170,000원","3,880,000원","2,740,000원","1,140,000원","720,000원","550,000원","170,000원","73,508,365원"
경기도,양주시,https://www.hyundai.com/contents/repn-car/side-w/ioniq9-27my-well-side.png,아이오닉 9,2WD 캘리그래피 21인치 7인승,"78,108,365원","82,170,000원","3,880,000원","2,740,000원","1,140,000원","720,000원","550,000원","170,000원","73,508,365원"
경기도,양주시,https://www.hyundai.com/contents/repn-car/side-w/ioniq9-27my-well-side.png,아이오닉 9,2WD 캘리그래피 19인치 6인승,"79,600,760원","83,740,000원","3,880,000원","2,740,000원","1,140,000원","720,000원","550,000원","170,000원","75,000,760원"
경기도,양주시,https://www.hyundai.com/contents/repn-car/side-w/ioniq9-27my-well-side.png,아이오닉 9,2WD 캘리그래피 21인치 6인승,"79,600,760원","83,740,000원","3,880,000원","2,740,000원","1,140,000원","720,000원","550,000원","170,000원","75,000,760원"
경기도,양주시,https://www.hyundai.com/contents/repn-car/side-w/ioniq9-27my-well-side.png,아이오닉 9,4WD(항속) 캘리그래피 19인치 7인승,"80,769,961원","84,970,000원","3,830,000원","2,710,000원","1,120,000원","700,000원","540,000원","160,000원","76,239,961원"
경기도,양주시,https://www.hyundai.com/contents/repn-car/side-w/ioniq9-27my-well-side.png,아이오닉 9,4WD(항속) 캘리그래피 21인치 7인승,"80,769,961원","84,970,000원","3,830,000원","2,710,000원","1,120,000원","700,000원","540,000원","160,000원","76,239,961원"
경기도,양주시,https://www.hyundai.com/contents/repn-car/side-w/ioniq9-27my-well-side.png,아이오닉 9,4WD(성능) 캘리그래피 19인치 7인승,"81,625,475원","85,870,000원","3,850,000원","2,720,000원","1,130,000원","700,000원","540,000원","160,000원","77,075,475원"
경기도,양주시,https://www.hyundai.com/contents/repn-car/side-w/ioniq9-27my-well-side.png,아이오닉 9,4WD(성능) 캘리그래피 21인치 7인승,"81,625,475원","85,870,000원","3,850,000원","2,720,000원","1,130,000원","700,000원","540,000원","160,000원","77,075,475원"
경기도,양주시,https://www.hyundai.com/contents/repn-car/side-w/ioniq9-27my-well-side.png,아이오닉 9,4WD(항속) 캘리그래피 19인치 6인승,"82,262,357원","86,540,000원","3,830,000원","2,710,000원","1,120,000원","700,000원","540,000원","160,000원","77,732,357원"
경기도,양주시,https://www.hyundai.com/contents/repn-car/side-w/ioniq9-27my-well-side.png,아이오닉 9,4WD(항속) 캘리그래피 21인치 6인승,"82,262,357원","86,540,000원","3,830,000원","2,710,000원","1,120,000원","700,000원","540,000원","160,000원","77,732,357원"
경기도,양주시,https://www.hyundai.com/contents/repn-car/side-w/ioniq9-27my-well-side.png,아이오닉 9,4WD(성능) 캘리그래피 19인치 6인승,"83,149,999원","87,440,000원","3,850,000원","2,720,000원","1,130,000원","700,000원","540,000원","160,000원","78,599,999원"
경기도,양주시,https://www.hyundai.com/contents/repn-car/side-w/ioniq9-27my-well-side.png,아이오닉 9,4WD(성능) 캘리그래피 21인치 6인승,"83,149,999원","87,440,000원","3,850,000원","2,720,000원","1,130,000원","700,000원","540,000원","160,000원","78,599,999원"
경기도,양주시,https://www.hyundai.com/contents/repn-car/side-w/Electrified-GV70-27MY.png,Electrified GV70,ELECTRIFIED GV70 AWD 19인치,"75,798,478원","79,740,000원","3,690,000원","2,610,000원","1,080,000원","680,000원","520,000원","160,000원","71,428,478원"
경기도,양주시,https://www.hyundai.com/contents/repn-car/side-w/Electrified-GV70-27MY.png,Electrified GV70,ELECTRIFIED GV70 AWD 20인치,"76,558,935원","80,540,000원","3,470,000원","2,450,000원","1,020,000원","640,000원","490,000원","150,000원","72,448,935원"
경기도,양주시,https://www.hyundai.com/contents/repn-car/side-w/ioniq6-n-25lc-well-side.png,아이오닉 6 N,4WD N,"79,904,942원","84,060,000원","3,540,000원","2,500,000원","1,040,000원","650,000원","500,000원","150,000원","75,714,942원"
경기도,양주시,https://www.hyundai.com/contents/repn-car/side-w/g80_ev_27my-well-side.png,Electrified G80,ELECTRIFIED G80,"84,790,000원","89,080,000원","3,820,000원","2,700,000원","1,120,000원","700,000원","540,000원","160,000원","80,270,000원"
경기도,양주시,https://www.hyundai.com/contents/repn-car/side-w/g80_ev_27my-well-side.png,Electrified G80,ELECTRIFIED G80,"87,790,000원","92,080,000원","3,820,000원","2,700,000원","1,120,000원","700,000원","540,000원","160,000원","83,270,000원"
경기도,양주시,https://www.hyundai.com/contents/repn-car/side-w/the-new-staria-limousine-electric-27pe-well-side.png,더 뉴 스타리아 리무진 Electric,2WD 오토 Inspiration 리무진,"84,820,000원","89,110,000원","3,240,000원","2,290,000원","950,000원","600,000원","460,000원","140,000원","80,980,000원"
경기도,양주시,https://www.hyundai.com/contents/repn-car/side-w/porter2-electric-26my-well-side.png,포터 II Electric ,오토 스타일스페셜,"43,500,000원","43,500,000원","14,520,000원","9,680,000원","4,840,000원","1,300,000원","1,000,000원","300,000원","27,680,000원"
경기도,양주시,https://www.hyundai.com/contents/repn-car/side-w/porter2-electric-26my-well-side.png,포터 II Electric ,오토 스마트스페셜,"44,850,000원","44,850,000원","14,520,000원","9,680,000원","4,840,000원","1,300,000원","1,000,000원","300,000원","29,030,000원"
경기도,양주시,https://www.hyundai.com/contents/repn-car/side-w/porter2-electric-26my-well-side.png,포터 II Electric ,오토 프리미엄스페셜,"46,450,000원","46,450,000원","14,520,000원","9,680,000원","4,840,000원","1,300,000원","1,000,000원","300,000원","30,630,000원"
경기도,양주시,https://www.hyundai.com/contents/repn-car/side-w/porter2-electric-built-in-truck-26my-45side.png,포터II Electric 내장탑차,오토 스마트스페셜 저상,"49,030,000원","49,030,000원","11,700,000원","7,800,000원","3,900,000원","1,200,000원","920,000원","280,000원","36,130,000원"
경기도,양주시,https://www.hyundai.com/contents/repn-car/side-w/porter2-electric-built-in-truck-26my-45side.png,포터II Electric 내장탑차,오토 스마트스페셜,"50,250,000원","50,250,000원","11,700,000원","7,800,000원","3,900,000원","1,200,000원","920,000원","280,000원","37,350,000원"
경기도,양주시,https://www.hyundai.com/contents/repn-car/side-w/porter2-electric-built-in-truck-26my-45side.png,포터II Electric 내장탑차,오토 스마트스페셜 하이,"51,130,000원","51,130,000원","11,700,000원","7,800,000원","3,900,000원","1,200,000원","920,000원","280,000원","38,230,000원"
경기도,양주시,https://www.hyundai.com/contents/repn-car/side-w/porter2-electric-powergate-truck-26my-45side.png,포터II Electric 파워게이트,오토 스마트스페셜,"50,000,000원","50,000,000원","11,700,000원","7,800,000원","3,900,000원","1,200,000원","920,000원","280,000원","37,100,000원"
경기도,양주시,https://www.hyundai.com/contents/repn-car/side-w/porter2-electric-wingbody-26my-45side.png,포터II Electric 윙바디,오토 스마트스페셜 수동식,"51,030,000원","51,030,000원","11,700,000원","7,800,000원","3,900,000원","1,200,000원","920,000원","280,000원","38,130,000원"
경기도,양주시,https://www.hyundai.com/contents/repn-car/side-w/porter2-electric-wingbody-26my-45side.png,포터II Electric 윙바디,오토 스마트스페셜 전동식,"55,240,000원","55,240,000원","11,700,000원","7,800,000원","3,900,000원","1,200,000원","920,000원","280,000원","42,340,000원"
경기도,양주시,https://www.hyundai.com/contents/repn-car/side-w/the-new-staria-electric-27pe-well-side.png,더 뉴 스타리아 Electric,2WD 오토 Modern 3인승,"57,920,000원","57,920,000원","18,000,000원","12,000,000원","6,000,000원","1,300,000원","1,000,000원","300,000원","38,620,000원"
경기도,양주시,https://www.hyundai.com/contents/repn-car/side-w/the-new-staria-electric-27pe-well-side.png,더 뉴 스타리아 Electric,2WD 오토 Modern 5인승,"58,700,000원","58,700,000원","18,000,000원","12,000,000원","6,000,000원","1,300,000원","1,000,000원","300,000원","39,400,000원"
경기도,양주시,https://www.hyundai.com/contents/repn-car/side-w/st1-hightop-27my-well-side.png,ST1 하이탑차,오토 스마트,"58,830,000원","58,830,000원","16,500,000원","11,000,000원","5,500,000원","1,300,000원","1,000,000원","300,000원","41,030,000원"
경기도,양주시,https://www.hyundai.com/contents/repn-car/side-w/st1-27my-well-side.png,ST1 카고,오토 스타일,"59,460,000원","59,460,000원","18,000,000원","12,000,000원","6,000,000원","1,300,000원","1,000,000원","300,000원","40,160,000원"
경기도,양주시,https://www.hyundai.com/contents/repn-car/side-w/st1-27my-well-side.png,ST1 카고,오토 스마트,"61,230,000원","61,230,000원","18,000,000원","12,000,000원","6,000,000원","1,300,000원","1,000,000원","300,000원","41,930,000원"
경기도,양주시,https://www.hyundai.com/contents/repn-car/side-w/st1-27my-well-side.png,ST1 카고,오토 프리미엄,"65,710,000원","65,710,000원","18,000,000원","12,000,000원","6,000,000원","1,300,000원","1,000,000원","300,000원","46,410,000원"
경기도,양주시,https://www.hyundai.com/contents/repn-car/side-w/st1-freezer-truck-27my-well-side.png,ST1 카고 냉동,오토 스마트,"69,580,000원","69,580,000원","21,750,000원","14,500,000원","7,250,000원","1,300,000원","1,000,000원","300,000원","46,530,000원"
경기도,양주시,https://www.hyundai.com/contents/repn-car/side-w/st1-freezer-truck-27my-well-side.png,ST1 카고 냉동,오토 프리미엄,"74,060,000원","74,060,000원","21,750,000원","14,500,000원","7,250,000원","1,300,000원","1,000,000원","300,000원","51,010,000원"
경기도,양주시,https://www.hyundai.com/contents/repn-car/side-w/the-new-staria-electric-27pe-well-side.png,더 뉴 스타리아 Electric,2WD 오토 Modern 11인승,"60,290,000원","60,290,000원","19,500,000원","15,000,000원","4,500,000원",0원,0원,0원,"40,790,000원"
경기도,양주시,https://www.hyundai.com/contents/repn-car/side-w/the-new-staria-lounge-electric-27pe-well-side.png,더 뉴 스타리아 라운지 Electric,2WD 오토 Prestige 11인승 라운지,"65,490,000원","65,490,000원","19,500,000원","15,000,000원","4,500,000원",0원,0원,0원,"45,990,000원"
경기도,양주시,https://www.hyundai.com/contents/repn-car/side-w/nexo-27my-well-side.png,넥쏘,2WD 모던,"76,470,532원","80,447,000원","32,500,000원","22,500,000원","10,000,000원",0원,0원,0원,"43,970,532원"
경기도,양주시,https://www.hyundai.com/contents/repn-car/side-w/nexo-27my-well-side.png,넥쏘,2WD 익스클루시브,"79,369,771원","83,497,000원","32,500,000원","22,500,000원","10,000,000원",0원,0원,0원,"46,869,771원"
경기도,양주시,https://www.hyundai.com/contents/repn-car/side-w/nexo-27my-well-side.png,넥쏘,2WD 프레스티지,"83,789,923원","88,147,000원","32,500,000원","22,500,000원","10,000,000원",0원,0원,0원,"51,289,923원"
경기도,여주시,https://www.hyundai.com/contents/repn-car/side-w/casper_ev_26my_well_side.png,2027 캐스퍼 일렉트릭,캐스퍼 일렉트릭 기본형 15인치,"28,469,581원","29,950,000원","8,590,000원","4,900,000원","3,690,000원","1,270,000원","980,000원","290,000원","18,609,581원"
경기도,여주시,https://www.hyundai.com/contents/repn-car/side-w/casper_ev_26my_well_side.png,2027 캐스퍼 일렉트릭,캐스퍼 일렉트릭 항속형 15인치,"32,119,772원","33,790,000원","8,590,000원","4,900,000원","3,690,000원","1,270,000원","980,000원","290,000원","22,259,772원"
경기도,여주시,https://www.hyundai.com/contents/repn-car/side-w/casper_ev_26my_well_side.png,2027 캐스퍼 일렉트릭,캐스퍼 일렉트릭 항속형 17인치,"32,119,772원","33,790,000원","8,590,000원","4,900,000원","3,690,000원","1,270,000원","980,000원","290,000원","22,259,772원"
경기도,여주시,https://www.hyundai.com/contents/repn-car/side-w/casper_ev_26my_well_side.png,2027 캐스퍼 일렉트릭,캐스퍼 일렉트릭 크로스 17인치,"34,125,474원","35,900,000원","8,540,000원","4,870,000원","3,670,000원","1,260,000원","970,000원","290,000원","24,325,474원"
경기도,여주시,https://www.hyundai.com/contents/repn-car/side-w/casper_ev_26my_well_side.png,2027 캐스퍼 일렉트릭,캐스퍼 일렉트릭 라운지 17인치,"34,572,243원","36,370,000원","8,590,000원","4,900,000원","3,690,000원","1,270,000원","980,000원","290,000원","24,712,243원"
경기도,여주시,https://www.hyundai.com/contents/repn-car/side-w/kona-electric-25my-well-side.png,코나 Electric,기본형 E-Value +,"41,520,912원","43,680,000원","7,380,000원","4,370,000원","3,010,000원","1,130,000원","870,000원","260,000원","33,010,912원"
경기도,여주시,https://www.hyundai.com/contents/repn-car/side-w/kona-electric-25my-well-side.png,코나 Electric,기본형 Premium,"43,564,638원","45,830,000원","7,380,000원","4,370,000원","3,010,000원","1,130,000원","870,000원","260,000원","35,054,638원"
경기도,여주시,https://www.hyundai.com/contents/repn-car/side-w/kona-electric-25my-well-side.png,코나 Electric,항속형 Modern plus,"45,655,893원","48,030,000원","8,680,000원","5,140,000원","3,540,000원","1,300,000원","1,000,000원","300,000원","35,675,893원"
경기도,여주시,https://www.hyundai.com/contents/repn-car/side-w/kona-electric-25my-well-side.png,코나 Electric,항속형 Modern plus 스타일 Ⅱ,"45,655,893원","48,030,000원","8,680,000원","5,140,000원","3,540,000원","1,300,000원","1,000,000원","300,000원","35,675,893원"
경기도,여주시,https://www.hyundai.com/contents/repn-car/side-w/kona-electric-25my-well-side.png,코나 Electric,항속형 Premium,"46,568,440원","48,990,000원","8,680,000원","5,140,000원","3,540,000원","1,300,000원","1,000,000원","300,000원","36,588,440원"
경기도,여주시,https://www.hyundai.com/contents/repn-car/side-w/kona-electric-25my-well-side.png,코나 Electric,항속형 Premium 빌트인 캠 2,"46,568,440원","48,990,000원","8,680,000원","5,140,000원","3,540,000원","1,300,000원","1,000,000원","300,000원","36,588,440원"
경기도,여주시,https://www.hyundai.com/contents/repn-car/side-w/kona-electric-25my-well-side.png,코나 Electric,항속형 Premium 스타일 Ⅱ,"46,568,440원","48,990,000원","8,680,000원","5,140,000원","3,540,000원","1,300,000원","1,000,000원","300,000원","36,588,440원"
경기도,여주시,https://www.hyundai.com/contents/repn-car/side-w/kona-electric-25my-well-side.png,코나 Electric,항속형 Inspiration,"49,923,954원","52,520,000원","7,750,000원","4,590,000원","3,160,000원","1,200,000원","920,000원","280,000원","40,973,954원"
경기도,여주시,https://www.hyundai.com/contents/repn-car/side-w/kona-electric-25my-well-side.png,코나 Electric,항속형 N Line Inspiration,"50,865,018원","53,510,000원","7,750,000원","4,590,000원","3,160,000원","1,200,000원","920,000원","280,000원","41,915,018원"
경기도,여주시,https://www.hyundai.com/contents/repn-car/side-w/ioniq5-27my-well-side.png,아이오닉 5,2WD E-Value +(스탠다드) 19인치,"47,347,908원","49,810,000원","8,160,000원","4,830,000원","3,330,000원","1,260,000원","970,000원","290,000원","37,927,908원"
경기도,여주시,https://www.hyundai.com/contents/repn-car/side-w/ioniq5-27my-well-side.png,아이오닉 5,2WD E-Lite(롱레인지) 19인치,"50,636,881원","53,270,000원","9,580,000원","5,670,000원","3,910,000원","1,300,000원","1,000,000원","300,000원","39,756,881원"
경기도,여주시,https://www.hyundai.com/contents/repn-car/side-w/ioniq5-27my-well-side.png,아이오닉 5,2WD 모던(롱레인지) 19인치,"52,899,239원","55,650,000원","9,580,000원","5,670,000원","3,910,000원","1,300,000원","1,000,000원","300,000원","42,019,239원"
경기도,여주시,https://www.hyundai.com/contents/repn-car/side-w/ioniq5-27my-well-side.png,아이오닉 5,4WD E-Lite(롱레인지) 19인치,"52,984,791원","55,740,000원","9,420,000원","5,580,000원","3,840,000원","1,300,000원","1,000,000원","300,000원","42,264,791원"
경기도,여주시,https://www.hyundai.com/contents/repn-car/side-w/ioniq5-27my-well-side.png,아이오닉 5,2WD 모던(롱레인지) 19인치 빌트인캠 2 + 증강현실 내비게이션,"52,899,239원","55,650,000원","9,580,000원","5,670,000원","3,910,000원","1,300,000원","1,000,000원","300,000원","42,019,239원"
경기도,여주시,https://www.hyundai.com/contents/repn-car/side-w/ioniq5-27my-well-side.png,아이오닉 5,4WD 모던(롱레인지) 19인치,"55,247,148원","58,120,000원","9,420,000원","5,580,000원","3,840,000원","1,300,000원","1,000,000원","300,000원","44,527,148원"
경기도,여주시,https://www.hyundai.com/contents/repn-car/side-w/ioniq5-27my-well-side.png,아이오닉 5,2WD 프리미엄(롱레인지) 19인치,"58,241,444원","61,270,000원","9,580,000원","5,670,000원","3,910,000원","1,300,000원","1,000,000원","300,000원","47,361,444원"
경기도,여주시,https://www.hyundai.com/contents/repn-car/side-w/ioniq5-27my-well-side.png,아이오닉 5,2WD 프리미엄(롱레인지) 19인치 빌트인캠 2 + 증강현실 내비게이션,"58,241,444원","61,270,000원","9,580,000원","5,670,000원","3,910,000원","1,300,000원","1,000,000원","300,000원","47,361,444원"
경기도,여주시,https://www.hyundai.com/contents/repn-car/side-w/ioniq5-27my-well-side.png,아이오닉 5,2WD 프리미엄(롱레인지) 20인치,"58,707,224원","61,760,000원","9,440,000원","5,590,000원","3,850,000원","1,300,000원","1,000,000원","300,000원","47,967,224원"
경기도,여주시,https://www.hyundai.com/contents/repn-car/side-w/ioniq5-27my-well-side.png,아이오닉 5,2WD N LINE(롱레인지) 20인치,"59,448,669원","62,540,000원","9,140,000원","5,410,000원","3,730,000원","1,300,000원","1,000,000원","300,000원","49,008,669원"
경기도,여주시,https://www.hyundai.com/contents/repn-car/side-w/ioniq5-27my-well-side.png,아이오닉 5,4WD 프리미엄(롱레인지) 19인치,"60,589,354원","63,740,000원","9,420,000원","5,580,000원","3,840,000원","1,300,000원","1,000,000원","300,000원","49,869,354원"
경기도,여주시,https://www.hyundai.com/contents/repn-car/side-w/ioniq5-27my-well-side.png,아이오닉 5,4WD 프리미엄(롱레인지) 20인치,"61,055,132원","64,230,000원","8,980,000원","5,320,000원","3,660,000원","1,300,000원","1,000,000원","300,000원","50,775,132원"
경기도,여주시,https://www.hyundai.com/contents/repn-car/side-w/ioniq5-27my-well-side.png,아이오닉 5,2WD 인스퍼레이션(롱레인지) 19인치,"61,283,270원","64,470,000원","9,580,000원","5,670,000원","3,910,000원","1,300,000원","1,000,000원","300,000원","50,403,270원"
경기도,여주시,https://www.hyundai.com/contents/repn-car/side-w/ioniq5-27my-well-side.png,아이오닉 5,2WD 인스퍼레이션(롱레인지) 19인치 빌트인캠 2 + 증강현실 내비게이션,"61,283,270원","64,470,000원","9,580,000원","5,670,000원","3,910,000원","1,300,000원","1,000,000원","300,000원","50,403,270원"
경기도,여주시,https://www.hyundai.com/contents/repn-car/side-w/ioniq5-27my-well-side.png,아이오닉 5,2WD 인스퍼레이션(롱레인지) 20인치,"61,749,048원","64,960,000원","9,440,000원","5,590,000원","3,850,000원","1,300,000원","1,000,000원","300,000원","51,009,048원"
경기도,여주시,https://www.hyundai.com/contents/repn-car/side-w/ioniq5-27my-well-side.png,아이오닉 5,4WD N LINE(롱레인지) 20인치,"61,796,577원","65,010,000원","8,610,000원","5,100,000원","3,510,000원","1,300,000원","1,000,000원","300,000원","51,886,577원"
경기도,여주시,https://www.hyundai.com/contents/repn-car/side-w/ioniq5-27my-well-side.png,아이오닉 5,4WD 인스퍼레이션(롱레인지) 19인치,"63,631,178원","66,940,000원","9,420,000원","5,580,000원","3,840,000원","1,300,000원","1,000,000원","300,000원","52,911,178원"
경기도,여주시,https://www.hyundai.com/contents/repn-car/side-w/ioniq5-27my-well-side.png,아이오닉 5,4WD 인스퍼레이션(롱레인지) 20인치,"64,096,958원","67,430,000원","8,980,000원","5,320,000원","3,660,000원","1,300,000원","1,000,000원","300,000원","53,816,958원"
경기도,여주시,https://www.hyundai.com/contents/repn-car/side-w/ioniq6-25fl-well-side.png,더 뉴 아이오닉 6,2WD E-Value +(스탠다드) 18인치,"48,564,639원","51,090,000원","9,460,000원","5,600,000원","3,860,000원","1,300,000원","1,000,000원","300,000원","37,804,639원"
경기도,여주시,https://www.hyundai.com/contents/repn-car/side-w/ioniq6-25fl-well-side.png,더 뉴 아이오닉 6,2WD E-LITE(롱레인지) 18인치,"50,636,881원","53,270,000원","9,630,000원","5,700,000원","3,930,000원","1,300,000원","1,000,000원","300,000원","39,706,881원"
경기도,여주시,https://www.hyundai.com/contents/repn-car/side-w/ioniq6-25fl-well-side.png,더 뉴 아이오닉 6,2WD Exclusive(스탠다드) 18인치,"50,950,570원","53,600,000원","9,460,000원","5,600,000원","3,860,000원","1,300,000원","1,000,000원","300,000원","40,190,570원"
경기도,여주시,https://www.hyundai.com/contents/repn-car/side-w/ioniq6-25fl-well-side.png,더 뉴 아이오닉 6,2WD E-LITE(롱레인지) 20인치,"51,197,719원","53,860,000원","9,630,000원","5,700,000원","3,930,000원","1,300,000원","1,000,000원","300,000원","40,267,719원"
경기도,여주시,https://www.hyundai.com/contents/repn-car/side-w/ioniq6-25fl-well-side.png,더 뉴 아이오닉 6,4WD E-LITE(롱레인지) 18인치,"52,984,791원","55,740,000원","9,630,000원","5,700,000원","3,930,000원","1,300,000원","1,000,000원","300,000원","42,054,791원"
경기도,여주시,https://www.hyundai.com/contents/repn-car/side-w/ioniq6-25fl-well-side.png,더 뉴 아이오닉 6,4WD E-LITE(롱레인지) 20인치,"53,545,627원","56,330,000원","9,340,000원","5,530,000원","3,810,000원","1,300,000원","1,000,000원","300,000원","42,905,627원"
경기도,여주시,https://www.hyundai.com/contents/repn-car/side-w/ioniq6-25fl-well-side.png,더 뉴 아이오닉 6,2WD Exclusive(롱레인지) 18인치,"55,152,091원","58,020,000원","9,630,000원","5,700,000원","3,930,000원","1,300,000원","1,000,000원","300,000원","44,222,091원"
경기도,여주시,https://www.hyundai.com/contents/repn-car/side-w/ioniq6-25fl-well-side.png,더 뉴 아이오닉 6,2WD Prestige(스탠다드) 18인치,"55,532,319원","58,420,000원","9,460,000원","5,600,000원","3,860,000원","1,300,000원","1,000,000원","300,000원","44,772,319원"
경기도,여주시,https://www.hyundai.com/contents/repn-car/side-w/ioniq6-25fl-well-side.png,더 뉴 아이오닉 6,2WD Exclusive(롱레인지) 20인치,"55,712,927원","58,610,000원","9,630,000원","5,700,000원","3,930,000원","1,300,000원","1,000,000원","300,000원","44,782,927원"
경기도,여주시,https://www.hyundai.com/contents/repn-car/side-w/ioniq6-25fl-well-side.png,더 뉴 아이오닉 6,2WD N Line Exclusive(롱레인지) 20인치,"57,452,472원","60,440,000원","9,630,000원","5,700,000원","3,930,000원","1,300,000원","1,000,000원","300,000원","46,522,472원"
경기도,여주시,https://www.hyundai.com/contents/repn-car/side-w/ioniq6-25fl-well-side.png,더 뉴 아이오닉 6,4WD Exclusive(롱레인지) 18인치,"57,499,999원","60,490,000원","9,630,000원","5,700,000원","3,930,000원","1,300,000원","1,000,000원","300,000원","46,569,999원"
경기도,여주시,https://www.hyundai.com/contents/repn-car/side-w/ioniq6-25fl-well-side.png,더 뉴 아이오닉 6,4WD Exclusive(롱레인지) 20인치,"58,060,836원","61,080,000원","9,340,000원","5,530,000원","3,810,000원","1,300,000원","1,000,000원","300,000원","47,420,836원"
경기도,여주시,https://www.hyundai.com/contents/repn-car/side-w/ioniq6-25fl-well-side.png,더 뉴 아이오닉 6,2WD Prestige(롱레인지) 18인치,"59,724,335원","62,830,000원","9,630,000원","5,700,000원","3,930,000원","1,300,000원","1,000,000원","300,000원","48,794,335원"
경기도,여주시,https://www.hyundai.com/contents/repn-car/side-w/ioniq6-25fl-well-side.png,더 뉴 아이오닉 6,4WD N Line Exclusive(롱레인지) 20인치,"59,800,380원","62,910,000원","9,070,000원","5,370,000원","3,700,000원","1,300,000원","1,000,000원","300,000원","49,430,380원"
경기도,여주시,https://www.hyundai.com/contents/repn-car/side-w/ioniq6-25fl-well-side.png,더 뉴 아이오닉 6,2WD Prestige(롱레인지) 20인치,"60,285,171원","63,420,000원","9,630,000원","5,700,000원","3,930,000원","1,300,000원","1,000,000원","300,000원","49,355,171원"
경기도,여주시,https://www.hyundai.com/contents/repn-car/side-w/ioniq6-25fl-well-side.png,더 뉴 아이오닉 6,2WD N Line Prestige(롱레인지) 20인치,"61,321,293원","64,510,000원","9,630,000원","5,700,000원","3,930,000원","1,300,000원","1,000,000원","300,000원","50,391,293원"
경기도,여주시,https://www.hyundai.com/contents/repn-car/side-w/ioniq6-25fl-well-side.png,더 뉴 아이오닉 6,4WD Prestige(롱레인지) 18인치,"62,072,243원","65,300,000원","9,630,000원","5,700,000원","3,930,000원","1,300,000원","1,000,000원","300,000원","51,142,243원"
경기도,여주시,https://www.hyundai.com/contents/repn-car/side-w/ioniq6-25fl-well-side.png,더 뉴 아이오닉 6,4WD Prestige(롱레인지) 20인치,"62,633,079원","65,890,000원","9,340,000원","5,530,000원","3,810,000원","1,300,000원","1,000,000원","300,000원","51,993,079원"
경기도,여주시,https://www.hyundai.com/contents/repn-car/side-w/ioniq6-25fl-well-side.png,더 뉴 아이오닉 6,4WD N Line Prestige(롱레인지) 20인치,"63,669,201원","66,980,000원","9,070,000원","5,370,000원","3,700,000원","1,300,000원","1,000,000원","300,000원","53,299,201원"
경기도,여주시,https://www.hyundai.com/contents/repn-car/side-w/the-new-staria-lounge-electric-27pe-well-side.png,더 뉴 스타리아 라운지 Electric,2WD 오토 Prestige 7인승,"63,593,156원","66,900,000원","3,860,000원","2,290,000원","1,570,000원","600,000원","460,000원","140,000원","59,133,156원"
경기도,여주시,https://www.hyundai.com/contents/repn-car/side-w/the-new-staria-lounge-electric-27pe-well-side.png,더 뉴 스타리아 라운지 Electric,2WD 오토 Inspiration 7인승,"67,309,885원","70,810,000원","3,860,000원","2,290,000원","1,570,000원","600,000원","460,000원","140,000원","62,849,885원"
경기도,여주시,https://www.hyundai.com/contents/repn-car/side-w/GV60-27MY.png,GV60,GV60 스탠다드 2WD 19인치,"64,904,943원","68,280,000원","4,810,000원","2,850,000원","1,960,000원","740,000원","570,000원","170,000원","59,354,943원"
경기도,여주시,https://www.hyundai.com/contents/repn-car/side-w/GV60-27MY.png,GV60,GV60 스탠다드 AWD 19인치,"72,080,000원","72,080,000원","4,590,000원","2,720,000원","1,870,000원","700,000원","540,000원","160,000원","66,790,000원"
경기도,여주시,https://www.hyundai.com/contents/repn-car/side-w/GV60-27MY.png,GV60,GV60 스탠다드 AWD 20인치,"74,380,000원","74,380,000원","4,410,000원","2,610,000원","1,800,000원","680,000원","520,000원","160,000원","69,290,000원"
경기도,여주시,https://www.hyundai.com/contents/repn-car/side-w/ioniq9-27my-well-side.png,아이오닉 9,2WD 익스클루시브 19인치 7인승,"67,585,551원","71,100,000원","4,620,000원","2,740,000원","1,880,000원","720,000원","550,000원","170,000원","62,245,551원"
경기도,여주시,https://www.hyundai.com/contents/repn-car/side-w/ioniq9-27my-well-side.png,아이오닉 9,2WD 익스클루시브 19인치 6인승,"68,165,399원","71,710,000원","4,620,000원","2,740,000원","1,880,000원","720,000원","550,000원","170,000원","62,825,399원"
경기도,여주시,https://www.hyundai.com/contents/repn-car/side-w/ioniq9-27my-well-side.png,아이오닉 9,4WD(항속) 익스클루시브 19인치 7인승,"70,247,148원","73,900,000원","4,570,000원","2,710,000원","1,860,000원","700,000원","540,000원","160,000원","64,977,148원"
경기도,여주시,https://www.hyundai.com/contents/repn-car/side-w/ioniq9-27my-well-side.png,아이오닉 9,4WD(항속) 익스클루시브 19인치 6인승,"70,826,995원","74,510,000원","4,570,000원","2,710,000원","1,860,000원","700,000원","540,000원","160,000원","65,556,995원"
경기도,여주시,https://www.hyundai.com/contents/repn-car/side-w/ioniq9-27my-well-side.png,아이오닉 9,4WD(성능) 익스클루시브 19인치 7인승,"71,102,661원","74,800,000원","4,590,000원","2,720,000원","1,870,000원","700,000원","540,000원","160,000원","65,812,661원"
경기도,여주시,https://www.hyundai.com/contents/repn-car/side-w/ioniq9-27my-well-side.png,아이오닉 9,4WD(성능) 익스클루시브 19인치 6인승,"71,682,509원","75,410,000원","4,590,000원","2,720,000원","1,870,000원","700,000원","540,000원","160,000원","66,392,509원"
경기도,여주시,https://www.hyundai.com/contents/repn-car/side-w/ioniq9-27my-well-side.png,아이오닉 9,2WD 프레스티지 19인치 7인승,"73,241,445원","77,050,000원","4,620,000원","2,740,000원","1,880,000원","720,000원","550,000원","170,000원","67,901,445원"
경기도,여주시,https://www.hyundai.com/contents/repn-car/side-w/ioniq9-27my-well-side.png,아이오닉 9,2WD 프레스티지 21인치 7인승,"73,241,445원","77,050,000원","4,620,000원","2,740,000원","1,880,000원","720,000원","550,000원","170,000원","67,901,445원"
경기도,여주시,https://www.hyundai.com/contents/repn-car/side-w/ioniq9-27my-well-side.png,아이오닉 9,2WD 프레스티지 19인치 6인승,"73,735,741원","77,570,000원","4,620,000원","2,740,000원","1,880,000원","720,000원","550,000원","170,000원","68,395,741원"
경기도,여주시,https://www.hyundai.com/contents/repn-car/side-w/ioniq9-27my-well-side.png,아이오닉 9,2WD 프레스티지 21인치 6인승,"73,735,741원","77,570,000원","4,620,000원","2,740,000원","1,880,000원","720,000원","550,000원","170,000원","68,395,741원"
경기도,여주시,https://www.hyundai.com/contents/repn-car/side-w/ioniq9-27my-well-side.png,아이오닉 9,4WD(항속) 프레스티지 19인치 7인승,"75,903,041원","79,850,000원","4,570,000원","2,710,000원","1,860,000원","700,000원","540,000원","160,000원","70,633,041원"
경기도,여주시,https://www.hyundai.com/contents/repn-car/side-w/ioniq9-27my-well-side.png,아이오닉 9,4WD(항속) 프레스티지 21인치 7인승,"75,903,041원","79,850,000원","4,570,000원","2,710,000원","1,860,000원","700,000원","540,000원","160,000원","70,633,041원"
경기도,여주시,https://www.hyundai.com/contents/repn-car/side-w/ioniq9-27my-well-side.png,아이오닉 9,4WD(항속) 프레스티지 19인치 6인승,"76,397,338원","80,370,000원","4,570,000원","2,710,000원","1,860,000원","700,000원","540,000원","160,000원","71,127,338원"
경기도,여주시,https://www.hyundai.com/contents/repn-car/side-w/ioniq9-27my-well-side.png,아이오닉 9,4WD(항속) 프레스티지 21인치 6인승,"76,397,338원","80,370,000원","4,570,000원","2,710,000원","1,860,000원","700,000원","540,000원","160,000원","71,127,338원"
경기도,여주시,https://www.hyundai.com/contents/repn-car/side-w/ioniq9-27my-well-side.png,아이오닉 9,4WD(성능) 프레스티지 19인치 7인승,"76,758,555원","80,750,000원","4,590,000원","2,720,000원","1,870,000원","700,000원","540,000원","160,000원","71,468,555원"
경기도,여주시,https://www.hyundai.com/contents/repn-car/side-w/ioniq9-27my-well-side.png,아이오닉 9,4WD(성능) 프레스티지 21인치 7인승,"76,758,555원","80,750,000원","4,590,000원","2,720,000원","1,870,000원","700,000원","540,000원","160,000원","71,468,555원"
경기도,여주시,https://www.hyundai.com/contents/repn-car/side-w/ioniq9-27my-well-side.png,아이오닉 9,4WD(성능) 프레스티지 19인치 6인승,"77,252,851원","81,270,000원","4,590,000원","2,720,000원","1,870,000원","700,000원","540,000원","160,000원","71,962,851원"
경기도,여주시,https://www.hyundai.com/contents/repn-car/side-w/ioniq9-27my-well-side.png,아이오닉 9,4WD(성능) 프레스티지 21인치 6인승,"77,252,851원","81,270,000원","4,590,000원","2,720,000원","1,870,000원","700,000원","540,000원","160,000원","71,962,851원"
경기도,여주시,https://www.hyundai.com/contents/repn-car/side-w/ioniq9-27my-well-side.png,아이오닉 9,2WD 캘리그래피 19인치 7인승,"78,108,365원","82,170,000원","4,620,000원","2,740,000원","1,880,000원","720,000원","550,000원","170,000원","72,768,365원"
경기도,여주시,https://www.hyundai.com/contents/repn-car/side-w/ioniq9-27my-well-side.png,아이오닉 9,2WD 캘리그래피 21인치 7인승,"78,108,365원","82,170,000원","4,620,000원","2,740,000원","1,880,000원","720,000원","550,000원","170,000원","72,768,365원"
경기도,여주시,https://www.hyundai.com/contents/repn-car/side-w/ioniq9-27my-well-side.png,아이오닉 9,2WD 캘리그래피 19인치 6인승,"79,600,760원","83,740,000원","4,620,000원","2,740,000원","1,880,000원","720,000원","550,000원","170,000원","74,260,760원"
경기도,여주시,https://www.hyundai.com/contents/repn-car/side-w/ioniq9-27my-well-side.png,아이오닉 9,2WD 캘리그래피 21인치 6인승,"79,600,760원","83,740,000원","4,620,000원","2,740,000원","1,880,000원","720,000원","550,000원","170,000원","74,260,760원"
경기도,여주시,https://www.hyundai.com/contents/repn-car/side-w/ioniq9-27my-well-side.png,아이오닉 9,4WD(항속) 캘리그래피 19인치 7인승,"80,769,961원","84,970,000원","4,570,000원","2,710,000원","1,860,000원","700,000원","540,000원","160,000원","75,499,961원"
경기도,여주시,https://www.hyundai.com/contents/repn-car/side-w/ioniq9-27my-well-side.png,아이오닉 9,4WD(항속) 캘리그래피 21인치 7인승,"80,769,961원","84,970,000원","4,570,000원","2,710,000원","1,860,000원","700,000원","540,000원","160,000원","75,499,961원"
경기도,여주시,https://www.hyundai.com/contents/repn-car/side-w/ioniq9-27my-well-side.png,아이오닉 9,4WD(성능) 캘리그래피 19인치 7인승,"81,625,475원","85,870,000원","4,590,000원","2,720,000원","1,870,000원","700,000원","540,000원","160,000원","76,335,475원"
경기도,여주시,https://www.hyundai.com/contents/repn-car/side-w/ioniq9-27my-well-side.png,아이오닉 9,4WD(성능) 캘리그래피 21인치 7인승,"81,625,475원","85,870,000원","4,590,000원","2,720,000원","1,870,000원","700,000원","540,000원","160,000원","76,335,475원"
경기도,여주시,https://www.hyundai.com/contents/repn-car/side-w/ioniq9-27my-well-side.png,아이오닉 9,4WD(항속) 캘리그래피 19인치 6인승,"82,262,357원","86,540,000원","4,570,000원","2,710,000원","1,860,000원","700,000원","540,000원","160,000원","76,992,357원"
경기도,여주시,https://www.hyundai.com/contents/repn-car/side-w/ioniq9-27my-well-side.png,아이오닉 9,4WD(항속) 캘리그래피 21인치 6인승,"82,262,357원","86,540,000원","4,570,000원","2,710,000원","1,860,000원","700,000원","540,000원","160,000원","76,992,357원"
경기도,여주시,https://www.hyundai.com/contents/repn-car/side-w/ioniq9-27my-well-side.png,아이오닉 9,4WD(성능) 캘리그래피 19인치 6인승,"83,149,999원","87,440,000원","4,590,000원","2,720,000원","1,870,000원","700,000원","540,000원","160,000원","77,859,999원"
경기도,여주시,https://www.hyundai.com/contents/repn-car/side-w/ioniq9-27my-well-side.png,아이오닉 9,4WD(성능) 캘리그래피 21인치 6인승,"83,149,999원","87,440,000원","4,590,000원","2,720,000원","1,870,000원","700,000원","540,000원","160,000원","77,859,999원"
경기도,여주시,https://www.hyundai.com/contents/repn-car/side-w/Electrified-GV70-27MY.png,Electrified GV70,ELECTRIFIED GV70 AWD 19인치,"75,798,478원","79,740,000원","4,410,000원","2,610,000원","1,800,000원","680,000원","520,000원","160,000원","70,708,478원"
경기도,여주시,https://www.hyundai.com/contents/repn-car/side-w/Electrified-GV70-27MY.png,Electrified GV70,ELECTRIFIED GV70 AWD 20인치,"76,558,935원","80,540,000원","4,130,000원","2,450,000원","1,680,000원","640,000원","490,000원","150,000원","71,788,935원"
경기도,여주시,https://www.hyundai.com/contents/repn-car/side-w/ioniq6-n-25lc-well-side.png,아이오닉 6 N,4WD N,"79,904,942원","84,060,000원","4,220,000원","2,500,000원","1,720,000원","650,000원","500,000원","150,000원","75,034,942원"
경기도,여주시,https://www.hyundai.com/contents/repn-car/side-w/g80_ev_27my-well-side.png,Electrified G80,ELECTRIFIED G80,"84,790,000원","89,080,000원","4,560,000원","2,700,000원","1,860,000원","700,000원","540,000원","160,000원","79,530,000원"
경기도,여주시,https://www.hyundai.com/contents/repn-car/side-w/g80_ev_27my-well-side.png,Electrified G80,ELECTRIFIED G80,"87,790,000원","92,080,000원","4,560,000원","2,700,000원","1,860,000원","700,000원","540,000원","160,000원","82,530,000원"
경기도,여주시,https://www.hyundai.com/contents/repn-car/side-w/the-new-staria-limousine-electric-27pe-well-side.png,더 뉴 스타리아 리무진 Electric,2WD 오토 Inspiration 리무진,"84,820,000원","89,110,000원","3,860,000원","2,290,000원","1,570,000원","600,000원","460,000원","140,000원","80,360,000원"
경기도,여주시,https://www.hyundai.com/contents/repn-car/side-w/porter2-electric-26my-well-side.png,포터 II Electric ,오토 스타일스페셜,"43,500,000원","43,500,000원","16,450,000원","9,680,000원","6,770,000원","1,300,000원","1,000,000원","300,000원","25,750,000원"
경기도,여주시,https://www.hyundai.com/contents/repn-car/side-w/porter2-electric-26my-well-side.png,포터 II Electric ,오토 스마트스페셜,"44,850,000원","44,850,000원","16,450,000원","9,680,000원","6,770,000원","1,300,000원","1,000,000원","300,000원","27,100,000원"
경기도,여주시,https://www.hyundai.com/contents/repn-car/side-w/porter2-electric-26my-well-side.png,포터 II Electric ,오토 프리미엄스페셜,"46,450,000원","46,450,000원","16,450,000원","9,680,000원","6,770,000원","1,300,000원","1,000,000원","300,000원","28,700,000원"
경기도,여주시,https://www.hyundai.com/contents/repn-car/side-w/porter2-electric-built-in-truck-26my-45side.png,포터II Electric 내장탑차,오토 스마트스페셜 저상,"49,030,000원","49,030,000원","13,260,000원","7,800,000원","5,460,000원","1,200,000원","920,000원","280,000원","34,570,000원"
경기도,여주시,https://www.hyundai.com/contents/repn-car/side-w/porter2-electric-built-in-truck-26my-45side.png,포터II Electric 내장탑차,오토 스마트스페셜,"50,250,000원","50,250,000원","13,260,000원","7,800,000원","5,460,000원","1,200,000원","920,000원","280,000원","35,790,000원"
경기도,여주시,https://www.hyundai.com/contents/repn-car/side-w/porter2-electric-built-in-truck-26my-45side.png,포터II Electric 내장탑차,오토 스마트스페셜 하이,"51,130,000원","51,130,000원","13,260,000원","7,800,000원","5,460,000원","1,200,000원","920,000원","280,000원","36,670,000원"
경기도,여주시,https://www.hyundai.com/contents/repn-car/side-w/porter2-electric-powergate-truck-26my-45side.png,포터II Electric 파워게이트,오토 스마트스페셜,"50,000,000원","50,000,000원","13,260,000원","7,800,000원","5,460,000원","1,200,000원","920,000원","280,000원","35,540,000원"
경기도,여주시,https://www.hyundai.com/contents/repn-car/side-w/porter2-electric-wingbody-26my-45side.png,포터II Electric 윙바디,오토 스마트스페셜 수동식,"51,030,000원","51,030,000원","13,260,000원","7,800,000원","5,460,000원","1,200,000원","920,000원","280,000원","36,570,000원"
경기도,여주시,https://www.hyundai.com/contents/repn-car/side-w/porter2-electric-wingbody-26my-45side.png,포터II Electric 윙바디,오토 스마트스페셜 전동식,"55,240,000원","55,240,000원","13,260,000원","7,800,000원","5,460,000원","1,200,000원","920,000원","280,000원","40,780,000원"
경기도,여주시,https://www.hyundai.com/contents/repn-car/side-w/the-new-staria-electric-27pe-well-side.png,더 뉴 스타리아 Electric,2WD 오토 Modern 3인승,"57,920,000원","57,920,000원","20,400,000원","12,000,000원","8,400,000원","1,300,000원","1,000,000원","300,000원","36,220,000원"
경기도,여주시,https://www.hyundai.com/contents/repn-car/side-w/the-new-staria-electric-27pe-well-side.png,더 뉴 스타리아 Electric,2WD 오토 Modern 5인승,"58,700,000원","58,700,000원","20,400,000원","12,000,000원","8,400,000원","1,300,000원","1,000,000원","300,000원","37,000,000원"
경기도,여주시,https://www.hyundai.com/contents/repn-car/side-w/st1-hightop-27my-well-side.png,ST1 하이탑차,오토 스마트,"58,830,000원","58,830,000원","18,700,000원","11,000,000원","7,700,000원","1,300,000원","1,000,000원","300,000원","38,830,000원"
경기도,여주시,https://www.hyundai.com/contents/repn-car/side-w/st1-27my-well-side.png,ST1 카고,오토 스타일,"59,460,000원","59,460,000원","20,400,000원","12,000,000원","8,400,000원","1,300,000원","1,000,000원","300,000원","37,760,000원"
경기도,여주시,https://www.hyundai.com/contents/repn-car/side-w/st1-27my-well-side.png,ST1 카고,오토 스마트,"61,230,000원","61,230,000원","20,400,000원","12,000,000원","8,400,000원","1,300,000원","1,000,000원","300,000원","39,530,000원"
경기도,여주시,https://www.hyundai.com/contents/repn-car/side-w/st1-27my-well-side.png,ST1 카고,오토 프리미엄,"65,710,000원","65,710,000원","20,400,000원","12,000,000원","8,400,000원","1,300,000원","1,000,000원","300,000원","44,010,000원"
경기도,여주시,https://www.hyundai.com/contents/repn-car/side-w/st1-freezer-truck-27my-well-side.png,ST1 카고 냉동,오토 스마트,"69,580,000원","69,580,000원","24,650,000원","14,500,000원","10,150,000원","1,300,000원","1,000,000원","300,000원","43,630,000원"
경기도,여주시,https://www.hyundai.com/contents/repn-car/side-w/st1-freezer-truck-27my-well-side.png,ST1 카고 냉동,오토 프리미엄,"74,060,000원","74,060,000원","24,650,000원","14,500,000원","10,150,000원","1,300,000원","1,000,000원","300,000원","48,110,000원"
경기도,여주시,https://www.hyundai.com/contents/repn-car/side-w/the-new-staria-electric-27pe-well-side.png,더 뉴 스타리아 Electric,2WD 오토 Modern 11인승,"60,290,000원","60,290,000원","19,500,000원","15,000,000원","4,500,000원",0원,0원,0원,"40,790,000원"
경기도,여주시,https://www.hyundai.com/contents/repn-car/side-w/the-new-staria-lounge-electric-27pe-well-side.png,더 뉴 스타리아 라운지 Electric,2WD 오토 Prestige 11인승 라운지,"65,490,000원","65,490,000원","19,500,000원","15,000,000원","4,500,000원",0원,0원,0원,"45,990,000원"
경기도,여주시,https://www.hyundai.com/contents/repn-car/side-w/nexo-27my-well-side.png,넥쏘,2WD 모던,"76,470,532원","80,447,000원","32,500,000원","22,500,000원","10,000,000원",0원,0원,0원,"43,970,532원"
경기도,여주시,https://www.hyundai.com/contents/repn-car/side-w/nexo-27my-well-side.png,넥쏘,2WD 익스클루시브,"79,369,771원","83,497,000원","32,500,000원","22,500,000원","10,000,000원",0원,0원,0원,"46,869,771원"
경기도,여주시,https://www.hyundai.com/contents/repn-car/side-w/nexo-27my-well-side.png,넥쏘,2WD 프레스티지,"83,789,923원","88,147,000원","32,500,000원","22,500,000원","10,000,000원",0원,0원,0원,"51,289,923원"
경기도,의왕시,https://www.hyundai.com/contents/repn-car/side-w/casper_ev_26my_well_side.png,2027 캐스퍼 일렉트릭,캐스퍼 일렉트릭 기본형 15인치,"28,469,581원","29,950,000원","7,350,000원","4,900,000원","2,450,000원","1,270,000원","980,000원","290,000원","19,849,581원"
경기도,의왕시,https://www.hyundai.com/contents/repn-car/side-w/casper_ev_26my_well_side.png,2027 캐스퍼 일렉트릭,캐스퍼 일렉트릭 항속형 15인치,"32,119,772원","33,790,000원","7,350,000원","4,900,000원","2,450,000원","1,270,000원","980,000원","290,000원","23,499,772원"
경기도,의왕시,https://www.hyundai.com/contents/repn-car/side-w/casper_ev_26my_well_side.png,2027 캐스퍼 일렉트릭,캐스퍼 일렉트릭 항속형 17인치,"32,119,772원","33,790,000원","7,350,000원","4,900,000원","2,450,000원","1,270,000원","980,000원","290,000원","23,499,772원"
경기도,의왕시,https://www.hyundai.com/contents/repn-car/side-w/casper_ev_26my_well_side.png,2027 캐스퍼 일렉트릭,캐스퍼 일렉트릭 크로스 17인치,"34,125,474원","35,900,000원","7,300,000원","4,870,000원","2,430,000원","1,260,000원","970,000원","290,000원","25,565,474원"
경기도,의왕시,https://www.hyundai.com/contents/repn-car/side-w/casper_ev_26my_well_side.png,2027 캐스퍼 일렉트릭,캐스퍼 일렉트릭 라운지 17인치,"34,572,243원","36,370,000원","7,350,000원","4,900,000원","2,450,000원","1,270,000원","980,000원","290,000원","25,952,243원"
경기도,의왕시,https://www.hyundai.com/contents/repn-car/side-w/kona-electric-25my-well-side.png,코나 Electric,기본형 E-Value +,"41,520,912원","43,680,000원","6,550,000원","4,370,000원","2,180,000원","1,130,000원","870,000원","260,000원","33,840,912원"
경기도,의왕시,https://www.hyundai.com/contents/repn-car/side-w/kona-electric-25my-well-side.png,코나 Electric,기본형 Premium,"43,564,638원","45,830,000원","6,550,000원","4,370,000원","2,180,000원","1,130,000원","870,000원","260,000원","35,884,638원"
경기도,의왕시,https://www.hyundai.com/contents/repn-car/side-w/kona-electric-25my-well-side.png,코나 Electric,항속형 Modern plus,"45,655,893원","48,030,000원","7,710,000원","5,140,000원","2,570,000원","1,300,000원","1,000,000원","300,000원","36,645,893원"
경기도,의왕시,https://www.hyundai.com/contents/repn-car/side-w/kona-electric-25my-well-side.png,코나 Electric,항속형 Modern plus 스타일 Ⅱ,"45,655,893원","48,030,000원","7,710,000원","5,140,000원","2,570,000원","1,300,000원","1,000,000원","300,000원","36,645,893원"
경기도,의왕시,https://www.hyundai.com/contents/repn-car/side-w/kona-electric-25my-well-side.png,코나 Electric,항속형 Premium,"46,568,440원","48,990,000원","7,710,000원","5,140,000원","2,570,000원","1,300,000원","1,000,000원","300,000원","37,558,440원"
경기도,의왕시,https://www.hyundai.com/contents/repn-car/side-w/kona-electric-25my-well-side.png,코나 Electric,항속형 Premium 빌트인 캠 2,"46,568,440원","48,990,000원","7,710,000원","5,140,000원","2,570,000원","1,300,000원","1,000,000원","300,000원","37,558,440원"
경기도,의왕시,https://www.hyundai.com/contents/repn-car/side-w/kona-electric-25my-well-side.png,코나 Electric,항속형 Premium 스타일 Ⅱ,"46,568,440원","48,990,000원","7,710,000원","5,140,000원","2,570,000원","1,300,000원","1,000,000원","300,000원","37,558,440원"
경기도,의왕시,https://www.hyundai.com/contents/repn-car/side-w/kona-electric-25my-well-side.png,코나 Electric,항속형 Inspiration,"49,923,954원","52,520,000원","6,880,000원","4,590,000원","2,290,000원","1,200,000원","920,000원","280,000원","41,843,954원"
경기도,의왕시,https://www.hyundai.com/contents/repn-car/side-w/kona-electric-25my-well-side.png,코나 Electric,항속형 N Line Inspiration,"50,865,018원","53,510,000원","6,880,000원","4,590,000원","2,290,000원","1,200,000원","920,000원","280,000원","42,785,018원"
경기도,의왕시,https://www.hyundai.com/contents/repn-car/side-w/ioniq5-27my-well-side.png,아이오닉 5,2WD E-Value +(스탠다드) 19인치,"47,347,908원","49,810,000원","7,240,000원","4,830,000원","2,410,000원","1,260,000원","970,000원","290,000원","38,847,908원"
경기도,의왕시,https://www.hyundai.com/contents/repn-car/side-w/ioniq5-27my-well-side.png,아이오닉 5,2WD E-Lite(롱레인지) 19인치,"50,636,881원","53,270,000원","8,500,000원","5,670,000원","2,830,000원","1,300,000원","1,000,000원","300,000원","40,836,881원"
경기도,의왕시,https://www.hyundai.com/contents/repn-car/side-w/ioniq5-27my-well-side.png,아이오닉 5,2WD 모던(롱레인지) 19인치,"52,899,239원","55,650,000원","8,500,000원","5,670,000원","2,830,000원","1,300,000원","1,000,000원","300,000원","43,099,239원"
경기도,의왕시,https://www.hyundai.com/contents/repn-car/side-w/ioniq5-27my-well-side.png,아이오닉 5,4WD E-Lite(롱레인지) 19인치,"52,984,791원","55,740,000원","8,370,000원","5,580,000원","2,790,000원","1,300,000원","1,000,000원","300,000원","43,314,791원"
경기도,의왕시,https://www.hyundai.com/contents/repn-car/side-w/ioniq5-27my-well-side.png,아이오닉 5,2WD 모던(롱레인지) 19인치 빌트인캠 2 + 증강현실 내비게이션,"52,899,239원","55,650,000원","8,500,000원","5,670,000원","2,830,000원","1,300,000원","1,000,000원","300,000원","43,099,239원"
경기도,의왕시,https://www.hyundai.com/contents/repn-car/side-w/ioniq5-27my-well-side.png,아이오닉 5,4WD 모던(롱레인지) 19인치,"55,247,148원","58,120,000원","8,370,000원","5,580,000원","2,790,000원","1,300,000원","1,000,000원","300,000원","45,577,148원"
경기도,의왕시,https://www.hyundai.com/contents/repn-car/side-w/ioniq5-27my-well-side.png,아이오닉 5,2WD 프리미엄(롱레인지) 19인치,"58,241,444원","61,270,000원","8,500,000원","5,670,000원","2,830,000원","1,300,000원","1,000,000원","300,000원","48,441,444원"
경기도,의왕시,https://www.hyundai.com/contents/repn-car/side-w/ioniq5-27my-well-side.png,아이오닉 5,2WD 프리미엄(롱레인지) 19인치 빌트인캠 2 + 증강현실 내비게이션,"58,241,444원","61,270,000원","8,500,000원","5,670,000원","2,830,000원","1,300,000원","1,000,000원","300,000원","48,441,444원"
경기도,의왕시,https://www.hyundai.com/contents/repn-car/side-w/ioniq5-27my-well-side.png,아이오닉 5,2WD 프리미엄(롱레인지) 20인치,"58,707,224원","61,760,000원","8,380,000원","5,590,000원","2,790,000원","1,300,000원","1,000,000원","300,000원","49,027,224원"
경기도,의왕시,https://www.hyundai.com/contents/repn-car/side-w/ioniq5-27my-well-side.png,아이오닉 5,2WD N LINE(롱레인지) 20인치,"59,448,669원","62,540,000원","8,110,000원","5,410,000원","2,700,000원","1,300,000원","1,000,000원","300,000원","50,038,669원"
경기도,의왕시,https://www.hyundai.com/contents/repn-car/side-w/ioniq5-27my-well-side.png,아이오닉 5,4WD 프리미엄(롱레인지) 19인치,"60,589,354원","63,740,000원","8,370,000원","5,580,000원","2,790,000원","1,300,000원","1,000,000원","300,000원","50,919,354원"
경기도,의왕시,https://www.hyundai.com/contents/repn-car/side-w/ioniq5-27my-well-side.png,아이오닉 5,4WD 프리미엄(롱레인지) 20인치,"61,055,132원","64,230,000원","7,980,000원","5,320,000원","2,660,000원","1,300,000원","1,000,000원","300,000원","51,775,132원"
경기도,의왕시,https://www.hyundai.com/contents/repn-car/side-w/ioniq5-27my-well-side.png,아이오닉 5,2WD 인스퍼레이션(롱레인지) 19인치,"61,283,270원","64,470,000원","8,500,000원","5,670,000원","2,830,000원","1,300,000원","1,000,000원","300,000원","51,483,270원"
경기도,의왕시,https://www.hyundai.com/contents/repn-car/side-w/ioniq5-27my-well-side.png,아이오닉 5,2WD 인스퍼레이션(롱레인지) 19인치 빌트인캠 2 + 증강현실 내비게이션,"61,283,270원","64,470,000원","8,500,000원","5,670,000원","2,830,000원","1,300,000원","1,000,000원","300,000원","51,483,270원"
경기도,의왕시,https://www.hyundai.com/contents/repn-car/side-w/ioniq5-27my-well-side.png,아이오닉 5,2WD 인스퍼레이션(롱레인지) 20인치,"61,749,048원","64,960,000원","8,380,000원","5,590,000원","2,790,000원","1,300,000원","1,000,000원","300,000원","52,069,048원"
경기도,의왕시,https://www.hyundai.com/contents/repn-car/side-w/ioniq5-27my-well-side.png,아이오닉 5,4WD N LINE(롱레인지) 20인치,"61,796,577원","65,010,000원","7,650,000원","5,100,000원","2,550,000원","1,300,000원","1,000,000원","300,000원","52,846,577원"
경기도,의왕시,https://www.hyundai.com/contents/repn-car/side-w/ioniq5-27my-well-side.png,아이오닉 5,4WD 인스퍼레이션(롱레인지) 19인치,"63,631,178원","66,940,000원","8,370,000원","5,580,000원","2,790,000원","1,300,000원","1,000,000원","300,000원","53,961,178원"
경기도,의왕시,https://www.hyundai.com/contents/repn-car/side-w/ioniq5-27my-well-side.png,아이오닉 5,4WD 인스퍼레이션(롱레인지) 20인치,"64,096,958원","67,430,000원","7,980,000원","5,320,000원","2,660,000원","1,300,000원","1,000,000원","300,000원","54,816,958원"
경기도,의왕시,https://www.hyundai.com/contents/repn-car/side-w/ioniq6-25fl-well-side.png,더 뉴 아이오닉 6,2WD E-Value +(스탠다드) 18인치,"48,564,639원","51,090,000원","8,400,000원","5,600,000원","2,800,000원","1,300,000원","1,000,000원","300,000원","38,864,639원"
경기도,의왕시,https://www.hyundai.com/contents/repn-car/side-w/ioniq6-25fl-well-side.png,더 뉴 아이오닉 6,2WD E-LITE(롱레인지) 18인치,"50,636,881원","53,270,000원","8,550,000원","5,700,000원","2,850,000원","1,300,000원","1,000,000원","300,000원","40,786,881원"
경기도,의왕시,https://www.hyundai.com/contents/repn-car/side-w/ioniq6-25fl-well-side.png,더 뉴 아이오닉 6,2WD Exclusive(스탠다드) 18인치,"50,950,570원","53,600,000원","8,400,000원","5,600,000원","2,800,000원","1,300,000원","1,000,000원","300,000원","41,250,570원"
경기도,의왕시,https://www.hyundai.com/contents/repn-car/side-w/ioniq6-25fl-well-side.png,더 뉴 아이오닉 6,2WD E-LITE(롱레인지) 20인치,"51,197,719원","53,860,000원","8,550,000원","5,700,000원","2,850,000원","1,300,000원","1,000,000원","300,000원","41,347,719원"
경기도,의왕시,https://www.hyundai.com/contents/repn-car/side-w/ioniq6-25fl-well-side.png,더 뉴 아이오닉 6,4WD E-LITE(롱레인지) 18인치,"52,984,791원","55,740,000원","8,550,000원","5,700,000원","2,850,000원","1,300,000원","1,000,000원","300,000원","43,134,791원"
경기도,의왕시,https://www.hyundai.com/contents/repn-car/side-w/ioniq6-25fl-well-side.png,더 뉴 아이오닉 6,4WD E-LITE(롱레인지) 20인치,"53,545,627원","56,330,000원","8,290,000원","5,530,000원","2,760,000원","1,300,000원","1,000,000원","300,000원","43,955,627원"
경기도,의왕시,https://www.hyundai.com/contents/repn-car/side-w/ioniq6-25fl-well-side.png,더 뉴 아이오닉 6,2WD Exclusive(롱레인지) 18인치,"55,152,091원","58,020,000원","8,550,000원","5,700,000원","2,850,000원","1,300,000원","1,000,000원","300,000원","45,302,091원"
경기도,의왕시,https://www.hyundai.com/contents/repn-car/side-w/ioniq6-25fl-well-side.png,더 뉴 아이오닉 6,2WD Prestige(스탠다드) 18인치,"55,532,319원","58,420,000원","8,400,000원","5,600,000원","2,800,000원","1,300,000원","1,000,000원","300,000원","45,832,319원"
경기도,의왕시,https://www.hyundai.com/contents/repn-car/side-w/ioniq6-25fl-well-side.png,더 뉴 아이오닉 6,2WD Exclusive(롱레인지) 20인치,"55,712,927원","58,610,000원","8,550,000원","5,700,000원","2,850,000원","1,300,000원","1,000,000원","300,000원","45,862,927원"
경기도,의왕시,https://www.hyundai.com/contents/repn-car/side-w/ioniq6-25fl-well-side.png,더 뉴 아이오닉 6,2WD N Line Exclusive(롱레인지) 20인치,"57,452,472원","60,440,000원","8,550,000원","5,700,000원","2,850,000원","1,300,000원","1,000,000원","300,000원","47,602,472원"
경기도,의왕시,https://www.hyundai.com/contents/repn-car/side-w/ioniq6-25fl-well-side.png,더 뉴 아이오닉 6,4WD Exclusive(롱레인지) 18인치,"57,499,999원","60,490,000원","8,550,000원","5,700,000원","2,850,000원","1,300,000원","1,000,000원","300,000원","47,649,999원"
경기도,의왕시,https://www.hyundai.com/contents/repn-car/side-w/ioniq6-25fl-well-side.png,더 뉴 아이오닉 6,4WD Exclusive(롱레인지) 20인치,"58,060,836원","61,080,000원","8,290,000원","5,530,000원","2,760,000원","1,300,000원","1,000,000원","300,000원","48,470,836원"
경기도,의왕시,https://www.hyundai.com/contents/repn-car/side-w/ioniq6-25fl-well-side.png,더 뉴 아이오닉 6,2WD Prestige(롱레인지) 18인치,"59,724,335원","62,830,000원","8,550,000원","5,700,000원","2,850,000원","1,300,000원","1,000,000원","300,000원","49,874,335원"
경기도,의왕시,https://www.hyundai.com/contents/repn-car/side-w/ioniq6-25fl-well-side.png,더 뉴 아이오닉 6,4WD N Line Exclusive(롱레인지) 20인치,"59,800,380원","62,910,000원","8,050,000원","5,370,000원","2,680,000원","1,300,000원","1,000,000원","300,000원","50,450,380원"
경기도,의왕시,https://www.hyundai.com/contents/repn-car/side-w/ioniq6-25fl-well-side.png,더 뉴 아이오닉 6,2WD Prestige(롱레인지) 20인치,"60,285,171원","63,420,000원","8,550,000원","5,700,000원","2,850,000원","1,300,000원","1,000,000원","300,000원","50,435,171원"
경기도,의왕시,https://www.hyundai.com/contents/repn-car/side-w/ioniq6-25fl-well-side.png,더 뉴 아이오닉 6,2WD N Line Prestige(롱레인지) 20인치,"61,321,293원","64,510,000원","8,550,000원","5,700,000원","2,850,000원","1,300,000원","1,000,000원","300,000원","51,471,293원"
경기도,의왕시,https://www.hyundai.com/contents/repn-car/side-w/ioniq6-25fl-well-side.png,더 뉴 아이오닉 6,4WD Prestige(롱레인지) 18인치,"62,072,243원","65,300,000원","8,550,000원","5,700,000원","2,850,000원","1,300,000원","1,000,000원","300,000원","52,222,243원"
경기도,의왕시,https://www.hyundai.com/contents/repn-car/side-w/ioniq6-25fl-well-side.png,더 뉴 아이오닉 6,4WD Prestige(롱레인지) 20인치,"62,633,079원","65,890,000원","8,290,000원","5,530,000원","2,760,000원","1,300,000원","1,000,000원","300,000원","53,043,079원"
경기도,의왕시,https://www.hyundai.com/contents/repn-car/side-w/ioniq6-25fl-well-side.png,더 뉴 아이오닉 6,4WD N Line Prestige(롱레인지) 20인치,"63,669,201원","66,980,000원","8,050,000원","5,370,000원","2,680,000원","1,300,000원","1,000,000원","300,000원","54,319,201원"
경기도,의왕시,https://www.hyundai.com/contents/repn-car/side-w/the-new-staria-lounge-electric-27pe-well-side.png,더 뉴 스타리아 라운지 Electric,2WD 오토 Prestige 7인승,"63,593,156원","66,900,000원","3,430,000원","2,290,000원","1,140,000원","600,000원","460,000원","140,000원","59,563,156원"
경기도,의왕시,https://www.hyundai.com/contents/repn-car/side-w/the-new-staria-lounge-electric-27pe-well-side.png,더 뉴 스타리아 라운지 Electric,2WD 오토 Inspiration 7인승,"67,309,885원","70,810,000원","3,430,000원","2,290,000원","1,140,000원","600,000원","460,000원","140,000원","63,279,885원"
경기도,의왕시,https://www.hyundai.com/contents/repn-car/side-w/GV60-27MY.png,GV60,GV60 스탠다드 2WD 19인치,"64,904,943원","68,280,000원","4,270,000원","2,850,000원","1,420,000원","740,000원","570,000원","170,000원","59,894,943원"
경기도,의왕시,https://www.hyundai.com/contents/repn-car/side-w/GV60-27MY.png,GV60,GV60 스탠다드 AWD 19인치,"72,080,000원","72,080,000원","4,080,000원","2,720,000원","1,360,000원","700,000원","540,000원","160,000원","67,300,000원"
경기도,의왕시,https://www.hyundai.com/contents/repn-car/side-w/GV60-27MY.png,GV60,GV60 스탠다드 AWD 20인치,"74,380,000원","74,380,000원","3,910,000원","2,610,000원","1,300,000원","680,000원","520,000원","160,000원","69,790,000원"
경기도,의왕시,https://www.hyundai.com/contents/repn-car/side-w/ioniq9-27my-well-side.png,아이오닉 9,2WD 익스클루시브 19인치 7인승,"67,585,551원","71,100,000원","4,110,000원","2,740,000원","1,370,000원","720,000원","550,000원","170,000원","62,755,551원"
경기도,의왕시,https://www.hyundai.com/contents/repn-car/side-w/ioniq9-27my-well-side.png,아이오닉 9,2WD 익스클루시브 19인치 6인승,"68,165,399원","71,710,000원","4,110,000원","2,740,000원","1,370,000원","720,000원","550,000원","170,000원","63,335,399원"
경기도,의왕시,https://www.hyundai.com/contents/repn-car/side-w/ioniq9-27my-well-side.png,아이오닉 9,4WD(항속) 익스클루시브 19인치 7인승,"70,247,148원","73,900,000원","4,060,000원","2,710,000원","1,350,000원","700,000원","540,000원","160,000원","65,487,148원"
경기도,의왕시,https://www.hyundai.com/contents/repn-car/side-w/ioniq9-27my-well-side.png,아이오닉 9,4WD(항속) 익스클루시브 19인치 6인승,"70,826,995원","74,510,000원","4,060,000원","2,710,000원","1,350,000원","700,000원","540,000원","160,000원","66,066,995원"
경기도,의왕시,https://www.hyundai.com/contents/repn-car/side-w/ioniq9-27my-well-side.png,아이오닉 9,4WD(성능) 익스클루시브 19인치 7인승,"71,102,661원","74,800,000원","4,080,000원","2,720,000원","1,360,000원","700,000원","540,000원","160,000원","66,322,661원"
경기도,의왕시,https://www.hyundai.com/contents/repn-car/side-w/ioniq9-27my-well-side.png,아이오닉 9,4WD(성능) 익스클루시브 19인치 6인승,"71,682,509원","75,410,000원","4,080,000원","2,720,000원","1,360,000원","700,000원","540,000원","160,000원","66,902,509원"
경기도,의왕시,https://www.hyundai.com/contents/repn-car/side-w/ioniq9-27my-well-side.png,아이오닉 9,2WD 프레스티지 19인치 7인승,"73,241,445원","77,050,000원","4,110,000원","2,740,000원","1,370,000원","720,000원","550,000원","170,000원","68,411,445원"
경기도,의왕시,https://www.hyundai.com/contents/repn-car/side-w/ioniq9-27my-well-side.png,아이오닉 9,2WD 프레스티지 21인치 7인승,"73,241,445원","77,050,000원","4,110,000원","2,740,000원","1,370,000원","720,000원","550,000원","170,000원","68,411,445원"
경기도,의왕시,https://www.hyundai.com/contents/repn-car/side-w/ioniq9-27my-well-side.png,아이오닉 9,2WD 프레스티지 19인치 6인승,"73,735,741원","77,570,000원","4,110,000원","2,740,000원","1,370,000원","720,000원","550,000원","170,000원","68,905,741원"
경기도,의왕시,https://www.hyundai.com/contents/repn-car/side-w/ioniq9-27my-well-side.png,아이오닉 9,2WD 프레스티지 21인치 6인승,"73,735,741원","77,570,000원","4,110,000원","2,740,000원","1,370,000원","720,000원","550,000원","170,000원","68,905,741원"
경기도,의왕시,https://www.hyundai.com/contents/repn-car/side-w/ioniq9-27my-well-side.png,아이오닉 9,4WD(항속) 프레스티지 19인치 7인승,"75,903,041원","79,850,000원","4,060,000원","2,710,000원","1,350,000원","700,000원","540,000원","160,000원","71,143,041원"
경기도,의왕시,https://www.hyundai.com/contents/repn-car/side-w/ioniq9-27my-well-side.png,아이오닉 9,4WD(항속) 프레스티지 21인치 7인승,"75,903,041원","79,850,000원","4,060,000원","2,710,000원","1,350,000원","700,000원","540,000원","160,000원","71,143,041원"
경기도,의왕시,https://www.hyundai.com/contents/repn-car/side-w/ioniq9-27my-well-side.png,아이오닉 9,4WD(항속) 프레스티지 19인치 6인승,"76,397,338원","80,370,000원","4,060,000원","2,710,000원","1,350,000원","700,000원","540,000원","160,000원","71,637,338원"
경기도,의왕시,https://www.hyundai.com/contents/repn-car/side-w/ioniq9-27my-well-side.png,아이오닉 9,4WD(항속) 프레스티지 21인치 6인승,"76,397,338원","80,370,000원","4,060,000원","2,710,000원","1,350,000원","700,000원","540,000원","160,000원","71,637,338원"
경기도,의왕시,https://www.hyundai.com/contents/repn-car/side-w/ioniq9-27my-well-side.png,아이오닉 9,4WD(성능) 프레스티지 19인치 7인승,"76,758,555원","80,750,000원","4,080,000원","2,720,000원","1,360,000원","700,000원","540,000원","160,000원","71,978,555원"
경기도,의왕시,https://www.hyundai.com/contents/repn-car/side-w/ioniq9-27my-well-side.png,아이오닉 9,4WD(성능) 프레스티지 21인치 7인승,"76,758,555원","80,750,000원","4,080,000원","2,720,000원","1,360,000원","700,000원","540,000원","160,000원","71,978,555원"
경기도,의왕시,https://www.hyundai.com/contents/repn-car/side-w/ioniq9-27my-well-side.png,아이오닉 9,4WD(성능) 프레스티지 19인치 6인승,"77,252,851원","81,270,000원","4,080,000원","2,720,000원","1,360,000원","700,000원","540,000원","160,000원","72,472,851원"
경기도,의왕시,https://www.hyundai.com/contents/repn-car/side-w/ioniq9-27my-well-side.png,아이오닉 9,4WD(성능) 프레스티지 21인치 6인승,"77,252,851원","81,270,000원","4,080,000원","2,720,000원","1,360,000원","700,000원","540,000원","160,000원","72,472,851원"
경기도,의왕시,https://www.hyundai.com/contents/repn-car/side-w/ioniq9-27my-well-side.png,아이오닉 9,2WD 캘리그래피 19인치 7인승,"78,108,365원","82,170,000원","4,110,000원","2,740,000원","1,370,000원","720,000원","550,000원","170,000원","73,278,365원"
경기도,의왕시,https://www.hyundai.com/contents/repn-car/side-w/ioniq9-27my-well-side.png,아이오닉 9,2WD 캘리그래피 21인치 7인승,"78,108,365원","82,170,000원","4,110,000원","2,740,000원","1,370,000원","720,000원","550,000원","170,000원","73,278,365원"
경기도,의왕시,https://www.hyundai.com/contents/repn-car/side-w/ioniq9-27my-well-side.png,아이오닉 9,2WD 캘리그래피 19인치 6인승,"79,600,760원","83,740,000원","4,110,000원","2,740,000원","1,370,000원","720,000원","550,000원","170,000원","74,770,760원"
경기도,의왕시,https://www.hyundai.com/contents/repn-car/side-w/ioniq9-27my-well-side.png,아이오닉 9,2WD 캘리그래피 21인치 6인승,"79,600,760원","83,740,000원","4,110,000원","2,740,000원","1,370,000원","720,000원","550,000원","170,000원","74,770,760원"
경기도,의왕시,https://www.hyundai.com/contents/repn-car/side-w/ioniq9-27my-well-side.png,아이오닉 9,4WD(항속) 캘리그래피 19인치 7인승,"80,769,961원","84,970,000원","4,060,000원","2,710,000원","1,350,000원","700,000원","540,000원","160,000원","76,009,961원"
경기도,의왕시,https://www.hyundai.com/contents/repn-car/side-w/ioniq9-27my-well-side.png,아이오닉 9,4WD(항속) 캘리그래피 21인치 7인승,"80,769,961원","84,970,000원","4,060,000원","2,710,000원","1,350,000원","700,000원","540,000원","160,000원","76,009,961원"
경기도,의왕시,https://www.hyundai.com/contents/repn-car/side-w/ioniq9-27my-well-side.png,아이오닉 9,4WD(성능) 캘리그래피 19인치 7인승,"81,625,475원","85,870,000원","4,080,000원","2,720,000원","1,360,000원","700,000원","540,000원","160,000원","76,845,475원"
경기도,의왕시,https://www.hyundai.com/contents/repn-car/side-w/ioniq9-27my-well-side.png,아이오닉 9,4WD(성능) 캘리그래피 21인치 7인승,"81,625,475원","85,870,000원","4,080,000원","2,720,000원","1,360,000원","700,000원","540,000원","160,000원","76,845,475원"
경기도,의왕시,https://www.hyundai.com/contents/repn-car/side-w/ioniq9-27my-well-side.png,아이오닉 9,4WD(항속) 캘리그래피 19인치 6인승,"82,262,357원","86,540,000원","4,060,000원","2,710,000원","1,350,000원","700,000원","540,000원","160,000원","77,502,357원"
경기도,의왕시,https://www.hyundai.com/contents/repn-car/side-w/ioniq9-27my-well-side.png,아이오닉 9,4WD(항속) 캘리그래피 21인치 6인승,"82,262,357원","86,540,000원","4,060,000원","2,710,000원","1,350,000원","700,000원","540,000원","160,000원","77,502,357원"
경기도,의왕시,https://www.hyundai.com/contents/repn-car/side-w/ioniq9-27my-well-side.png,아이오닉 9,4WD(성능) 캘리그래피 19인치 6인승,"83,149,999원","87,440,000원","4,080,000원","2,720,000원","1,360,000원","700,000원","540,000원","160,000원","78,369,999원"
경기도,의왕시,https://www.hyundai.com/contents/repn-car/side-w/ioniq9-27my-well-side.png,아이오닉 9,4WD(성능) 캘리그래피 21인치 6인승,"83,149,999원","87,440,000원","4,080,000원","2,720,000원","1,360,000원","700,000원","540,000원","160,000원","78,369,999원"
경기도,의왕시,https://www.hyundai.com/contents/repn-car/side-w/Electrified-GV70-27MY.png,Electrified GV70,ELECTRIFIED GV70 AWD 19인치,"75,798,478원","79,740,000원","3,910,000원","2,610,000원","1,300,000원","680,000원","520,000원","160,000원","71,208,478원"
경기도,의왕시,https://www.hyundai.com/contents/repn-car/side-w/Electrified-GV70-27MY.png,Electrified GV70,ELECTRIFIED GV70 AWD 20인치,"76,558,935원","80,540,000원","3,670,000원","2,450,000원","1,220,000원","640,000원","490,000원","150,000원","72,248,935원"
경기도,의왕시,https://www.hyundai.com/contents/repn-car/side-w/ioniq6-n-25lc-well-side.png,아이오닉 6 N,4WD N,"79,904,942원","84,060,000원","3,750,000원","2,500,000원","1,250,000원","650,000원","500,000원","150,000원","75,504,942원"
경기도,의왕시,https://www.hyundai.com/contents/repn-car/side-w/g80_ev_27my-well-side.png,Electrified G80,ELECTRIFIED G80,"84,790,000원","89,080,000원","4,050,000원","2,700,000원","1,350,000원","700,000원","540,000원","160,000원","80,040,000원"
경기도,의왕시,https://www.hyundai.com/contents/repn-car/side-w/g80_ev_27my-well-side.png,Electrified G80,ELECTRIFIED G80,"87,790,000원","92,080,000원","4,050,000원","2,700,000원","1,350,000원","700,000원","540,000원","160,000원","83,040,000원"
경기도,의왕시,https://www.hyundai.com/contents/repn-car/side-w/the-new-staria-limousine-electric-27pe-well-side.png,더 뉴 스타리아 리무진 Electric,2WD 오토 Inspiration 리무진,"84,820,000원","89,110,000원","3,430,000원","2,290,000원","1,140,000원","600,000원","460,000원","140,000원","80,790,000원"
경기도,의왕시,https://www.hyundai.com/contents/repn-car/side-w/porter2-electric-26my-well-side.png,포터 II Electric ,오토 스타일스페셜,"43,500,000원","43,500,000원","14,030,000원","9,680,000원","4,350,000원","1,300,000원","1,000,000원","300,000원","28,170,000원"
경기도,의왕시,https://www.hyundai.com/contents/repn-car/side-w/porter2-electric-26my-well-side.png,포터 II Electric ,오토 스마트스페셜,"44,850,000원","44,850,000원","14,030,000원","9,680,000원","4,350,000원","1,300,000원","1,000,000원","300,000원","29,520,000원"
경기도,의왕시,https://www.hyundai.com/contents/repn-car/side-w/porter2-electric-26my-well-side.png,포터 II Electric ,오토 프리미엄스페셜,"46,450,000원","46,450,000원","14,030,000원","9,680,000원","4,350,000원","1,300,000원","1,000,000원","300,000원","31,120,000원"
경기도,의왕시,https://www.hyundai.com/contents/repn-car/side-w/porter2-electric-built-in-truck-26my-45side.png,포터II Electric 내장탑차,오토 스마트스페셜 저상,"49,030,000원","49,030,000원","11,310,000원","7,800,000원","3,510,000원","1,200,000원","920,000원","280,000원","36,520,000원"
경기도,의왕시,https://www.hyundai.com/contents/repn-car/side-w/porter2-electric-built-in-truck-26my-45side.png,포터II Electric 내장탑차,오토 스마트스페셜,"50,250,000원","50,250,000원","11,310,000원","7,800,000원","3,510,000원","1,200,000원","920,000원","280,000원","37,740,000원"
경기도,의왕시,https://www.hyundai.com/contents/repn-car/side-w/porter2-electric-built-in-truck-26my-45side.png,포터II Electric 내장탑차,오토 스마트스페셜 하이,"51,130,000원","51,130,000원","11,310,000원","7,800,000원","3,510,000원","1,200,000원","920,000원","280,000원","38,620,000원"
경기도,의왕시,https://www.hyundai.com/contents/repn-car/side-w/porter2-electric-powergate-truck-26my-45side.png,포터II Electric 파워게이트,오토 스마트스페셜,"50,000,000원","50,000,000원","11,310,000원","7,800,000원","3,510,000원","1,200,000원","920,000원","280,000원","37,490,000원"
경기도,의왕시,https://www.hyundai.com/contents/repn-car/side-w/porter2-electric-wingbody-26my-45side.png,포터II Electric 윙바디,오토 스마트스페셜 수동식,"51,030,000원","51,030,000원","11,310,000원","7,800,000원","3,510,000원","1,200,000원","920,000원","280,000원","38,520,000원"
경기도,의왕시,https://www.hyundai.com/contents/repn-car/side-w/porter2-electric-wingbody-26my-45side.png,포터II Electric 윙바디,오토 스마트스페셜 전동식,"55,240,000원","55,240,000원","11,310,000원","7,800,000원","3,510,000원","1,200,000원","920,000원","280,000원","42,730,000원"
경기도,의왕시,https://www.hyundai.com/contents/repn-car/side-w/the-new-staria-electric-27pe-well-side.png,더 뉴 스타리아 Electric,2WD 오토 Modern 3인승,"57,920,000원","57,920,000원","17,400,000원","12,000,000원","5,400,000원","1,300,000원","1,000,000원","300,000원","39,220,000원"
경기도,의왕시,https://www.hyundai.com/contents/repn-car/side-w/the-new-staria-electric-27pe-well-side.png,더 뉴 스타리아 Electric,2WD 오토 Modern 5인승,"58,700,000원","58,700,000원","17,400,000원","12,000,000원","5,400,000원","1,300,000원","1,000,000원","300,000원","40,000,000원"
경기도,의왕시,https://www.hyundai.com/contents/repn-car/side-w/st1-hightop-27my-well-side.png,ST1 하이탑차,오토 스마트,"58,830,000원","58,830,000원","15,950,000원","11,000,000원","4,950,000원","1,300,000원","1,000,000원","300,000원","41,580,000원"
경기도,의왕시,https://www.hyundai.com/contents/repn-car/side-w/st1-27my-well-side.png,ST1 카고,오토 스타일,"59,460,000원","59,460,000원","17,400,000원","12,000,000원","5,400,000원","1,300,000원","1,000,000원","300,000원","40,760,000원"
경기도,의왕시,https://www.hyundai.com/contents/repn-car/side-w/st1-27my-well-side.png,ST1 카고,오토 스마트,"61,230,000원","61,230,000원","17,400,000원","12,000,000원","5,400,000원","1,300,000원","1,000,000원","300,000원","42,530,000원"
경기도,의왕시,https://www.hyundai.com/contents/repn-car/side-w/st1-27my-well-side.png,ST1 카고,오토 프리미엄,"65,710,000원","65,710,000원","17,400,000원","12,000,000원","5,400,000원","1,300,000원","1,000,000원","300,000원","47,010,000원"
경기도,의왕시,https://www.hyundai.com/contents/repn-car/side-w/st1-freezer-truck-27my-well-side.png,ST1 카고 냉동,오토 스마트,"69,580,000원","69,580,000원","21,020,000원","14,500,000원","6,520,000원","1,300,000원","1,000,000원","300,000원","47,260,000원"
경기도,의왕시,https://www.hyundai.com/contents/repn-car/side-w/st1-freezer-truck-27my-well-side.png,ST1 카고 냉동,오토 프리미엄,"74,060,000원","74,060,000원","21,020,000원","14,500,000원","6,520,000원","1,300,000원","1,000,000원","300,000원","51,740,000원"
경기도,의왕시,https://www.hyundai.com/contents/repn-car/side-w/the-new-staria-electric-27pe-well-side.png,더 뉴 스타리아 Electric,2WD 오토 Modern 11인승,"60,290,000원","60,290,000원","19,500,000원","15,000,000원","4,500,000원",0원,0원,0원,"40,790,000원"
경기도,의왕시,https://www.hyundai.com/contents/repn-car/side-w/the-new-staria-lounge-electric-27pe-well-side.png,더 뉴 스타리아 라운지 Electric,2WD 오토 Prestige 11인승 라운지,"65,490,000원","65,490,000원","19,500,000원","15,000,000원","4,500,000원",0원,0원,0원,"45,990,000원"
경기도,의왕시,https://www.hyundai.com/contents/repn-car/side-w/nexo-27my-well-side.png,넥쏘,2WD 모던,"76,470,532원","80,447,000원","32,500,000원","22,500,000원","10,000,000원",0원,0원,0원,"43,970,532원"
경기도,의왕시,https://www.hyundai.com/contents/repn-car/side-w/nexo-27my-well-side.png,넥쏘,2WD 익스클루시브,"79,369,771원","83,497,000원","32,500,000원","22,500,000원","10,000,000원",0원,0원,0원,"46,869,771원"
경기도,의왕시,https://www.hyundai.com/contents/repn-car/side-w/nexo-27my-well-side.png,넥쏘,2WD 프레스티지,"83,789,923원","88,147,000원","32,500,000원","22,500,000원","10,000,000원",0원,0원,0원,"51,289,923원"
경기도,동두천시,https://www.hyundai.com/contents/repn-car/side-w/casper_ev_26my_well_side.png,2027 캐스퍼 일렉트릭,캐스퍼 일렉트릭 기본형 15인치,"28,469,581원","29,950,000원","7,640,000원","4,900,000원","2,740,000원","1,270,000원","980,000원","290,000원","19,559,581원"
경기도,동두천시,https://www.hyundai.com/contents/repn-car/side-w/casper_ev_26my_well_side.png,2027 캐스퍼 일렉트릭,캐스퍼 일렉트릭 항속형 15인치,"32,119,772원","33,790,000원","7,640,000원","4,900,000원","2,740,000원","1,270,000원","980,000원","290,000원","23,209,772원"
경기도,동두천시,https://www.hyundai.com/contents/repn-car/side-w/casper_ev_26my_well_side.png,2027 캐스퍼 일렉트릭,캐스퍼 일렉트릭 항속형 17인치,"32,119,772원","33,790,000원","7,640,000원","4,900,000원","2,740,000원","1,270,000원","980,000원","290,000원","23,209,772원"
경기도,동두천시,https://www.hyundai.com/contents/repn-car/side-w/casper_ev_26my_well_side.png,2027 캐스퍼 일렉트릭,캐스퍼 일렉트릭 크로스 17인치,"34,125,474원","35,900,000원","7,590,000원","4,870,000원","2,720,000원","1,260,000원","970,000원","290,000원","25,275,474원"
경기도,동두천시,https://www.hyundai.com/contents/repn-car/side-w/casper_ev_26my_well_side.png,2027 캐스퍼 일렉트릭,캐스퍼 일렉트릭 라운지 17인치,"34,572,243원","36,370,000원","7,640,000원","4,900,000원","2,740,000원","1,270,000원","980,000원","290,000원","25,662,243원"
경기도,동두천시,https://www.hyundai.com/contents/repn-car/side-w/kona-electric-25my-well-side.png,코나 Electric,기본형 E-Value +,"41,520,912원","43,680,000원","6,810,000원","4,370,000원","2,440,000원","1,130,000원","870,000원","260,000원","33,580,912원"
경기도,동두천시,https://www.hyundai.com/contents/repn-car/side-w/kona-electric-25my-well-side.png,코나 Electric,기본형 Premium,"43,564,638원","45,830,000원","6,810,000원","4,370,000원","2,440,000원","1,130,000원","870,000원","260,000원","35,624,638원"
경기도,동두천시,https://www.hyundai.com/contents/repn-car/side-w/kona-electric-25my-well-side.png,코나 Electric,항속형 Modern plus,"45,655,893원","48,030,000원","8,010,000원","5,140,000원","2,870,000원","1,300,000원","1,000,000원","300,000원","36,345,893원"
경기도,동두천시,https://www.hyundai.com/contents/repn-car/side-w/kona-electric-25my-well-side.png,코나 Electric,항속형 Modern plus 스타일 Ⅱ,"45,655,893원","48,030,000원","8,010,000원","5,140,000원","2,870,000원","1,300,000원","1,000,000원","300,000원","36,345,893원"
경기도,동두천시,https://www.hyundai.com/contents/repn-car/side-w/kona-electric-25my-well-side.png,코나 Electric,항속형 Premium,"46,568,440원","48,990,000원","8,010,000원","5,140,000원","2,870,000원","1,300,000원","1,000,000원","300,000원","37,258,440원"
경기도,동두천시,https://www.hyundai.com/contents/repn-car/side-w/kona-electric-25my-well-side.png,코나 Electric,항속형 Premium 빌트인 캠 2,"46,568,440원","48,990,000원","8,010,000원","5,140,000원","2,870,000원","1,300,000원","1,000,000원","300,000원","37,258,440원"
경기도,동두천시,https://www.hyundai.com/contents/repn-car/side-w/kona-electric-25my-well-side.png,코나 Electric,항속형 Premium 스타일 Ⅱ,"46,568,440원","48,990,000원","8,010,000원","5,140,000원","2,870,000원","1,300,000원","1,000,000원","300,000원","37,258,440원"
경기도,동두천시,https://www.hyundai.com/contents/repn-car/side-w/kona-electric-25my-well-side.png,코나 Electric,항속형 Inspiration,"49,923,954원","52,520,000원","7,160,000원","4,590,000원","2,570,000원","1,200,000원","920,000원","280,000원","41,563,954원"
경기도,동두천시,https://www.hyundai.com/contents/repn-car/side-w/kona-electric-25my-well-side.png,코나 Electric,항속형 N Line Inspiration,"50,865,018원","53,510,000원","7,160,000원","4,590,000원","2,570,000원","1,200,000원","920,000원","280,000원","42,505,018원"
경기도,동두천시,https://www.hyundai.com/contents/repn-car/side-w/ioniq5-27my-well-side.png,아이오닉 5,2WD E-Value +(스탠다드) 19인치,"47,347,908원","49,810,000원","7,530,000원","4,830,000원","2,700,000원","1,260,000원","970,000원","290,000원","38,557,908원"
경기도,동두천시,https://www.hyundai.com/contents/repn-car/side-w/ioniq5-27my-well-side.png,아이오닉 5,2WD E-Lite(롱레인지) 19인치,"50,636,881원","53,270,000원","8,840,000원","5,670,000원","3,170,000원","1,300,000원","1,000,000원","300,000원","40,496,881원"
경기도,동두천시,https://www.hyundai.com/contents/repn-car/side-w/ioniq5-27my-well-side.png,아이오닉 5,2WD 모던(롱레인지) 19인치,"52,899,239원","55,650,000원","8,840,000원","5,670,000원","3,170,000원","1,300,000원","1,000,000원","300,000원","42,759,239원"
경기도,동두천시,https://www.hyundai.com/contents/repn-car/side-w/ioniq5-27my-well-side.png,아이오닉 5,4WD E-Lite(롱레인지) 19인치,"52,984,791원","55,740,000원","8,700,000원","5,580,000원","3,120,000원","1,300,000원","1,000,000원","300,000원","42,984,791원"
경기도,동두천시,https://www.hyundai.com/contents/repn-car/side-w/ioniq5-27my-well-side.png,아이오닉 5,2WD 모던(롱레인지) 19인치 빌트인캠 2 + 증강현실 내비게이션,"52,899,239원","55,650,000원","8,840,000원","5,670,000원","3,170,000원","1,300,000원","1,000,000원","300,000원","42,759,239원"
경기도,동두천시,https://www.hyundai.com/contents/repn-car/side-w/ioniq5-27my-well-side.png,아이오닉 5,4WD 모던(롱레인지) 19인치,"55,247,148원","58,120,000원","8,700,000원","5,580,000원","3,120,000원","1,300,000원","1,000,000원","300,000원","45,247,148원"
경기도,동두천시,https://www.hyundai.com/contents/repn-car/side-w/ioniq5-27my-well-side.png,아이오닉 5,2WD 프리미엄(롱레인지) 19인치,"58,241,444원","61,270,000원","8,840,000원","5,670,000원","3,170,000원","1,300,000원","1,000,000원","300,000원","48,101,444원"
경기도,동두천시,https://www.hyundai.com/contents/repn-car/side-w/ioniq5-27my-well-side.png,아이오닉 5,2WD 프리미엄(롱레인지) 19인치 빌트인캠 2 + 증강현실 내비게이션,"58,241,444원","61,270,000원","8,840,000원","5,670,000원","3,170,000원","1,300,000원","1,000,000원","300,000원","48,101,444원"
경기도,동두천시,https://www.hyundai.com/contents/repn-car/side-w/ioniq5-27my-well-side.png,아이오닉 5,2WD 프리미엄(롱레인지) 20인치,"58,707,224원","61,760,000원","8,720,000원","5,590,000원","3,130,000원","1,300,000원","1,000,000원","300,000원","48,687,224원"
경기도,동두천시,https://www.hyundai.com/contents/repn-car/side-w/ioniq5-27my-well-side.png,아이오닉 5,2WD N LINE(롱레인지) 20인치,"59,448,669원","62,540,000원","8,430,000원","5,410,000원","3,020,000원","1,300,000원","1,000,000원","300,000원","49,718,669원"
경기도,동두천시,https://www.hyundai.com/contents/repn-car/side-w/ioniq5-27my-well-side.png,아이오닉 5,4WD 프리미엄(롱레인지) 19인치,"60,589,354원","63,740,000원","8,700,000원","5,580,000원","3,120,000원","1,300,000원","1,000,000원","300,000원","50,589,354원"
경기도,동두천시,https://www.hyundai.com/contents/repn-car/side-w/ioniq5-27my-well-side.png,아이오닉 5,4WD 프리미엄(롱레인지) 20인치,"61,055,132원","64,230,000원","8,290,000원","5,320,000원","2,970,000원","1,300,000원","1,000,000원","300,000원","51,465,132원"
경기도,동두천시,https://www.hyundai.com/contents/repn-car/side-w/ioniq5-27my-well-side.png,아이오닉 5,2WD 인스퍼레이션(롱레인지) 19인치,"61,283,270원","64,470,000원","8,840,000원","5,670,000원","3,170,000원","1,300,000원","1,000,000원","300,000원","51,143,270원"
경기도,동두천시,https://www.hyundai.com/contents/repn-car/side-w/ioniq5-27my-well-side.png,아이오닉 5,2WD 인스퍼레이션(롱레인지) 19인치 빌트인캠 2 + 증강현실 내비게이션,"61,283,270원","64,470,000원","8,840,000원","5,670,000원","3,170,000원","1,300,000원","1,000,000원","300,000원","51,143,270원"
경기도,동두천시,https://www.hyundai.com/contents/repn-car/side-w/ioniq5-27my-well-side.png,아이오닉 5,2WD 인스퍼레이션(롱레인지) 20인치,"61,749,048원","64,960,000원","8,720,000원","5,590,000원","3,130,000원","1,300,000원","1,000,000원","300,000원","51,729,048원"
경기도,동두천시,https://www.hyundai.com/contents/repn-car/side-w/ioniq5-27my-well-side.png,아이오닉 5,4WD N LINE(롱레인지) 20인치,"61,796,577원","65,010,000원","7,950,000원","5,100,000원","2,850,000원","1,300,000원","1,000,000원","300,000원","52,546,577원"
경기도,동두천시,https://www.hyundai.com/contents/repn-car/side-w/ioniq5-27my-well-side.png,아이오닉 5,4WD 인스퍼레이션(롱레인지) 19인치,"63,631,178원","66,940,000원","8,700,000원","5,580,000원","3,120,000원","1,300,000원","1,000,000원","300,000원","53,631,178원"
경기도,동두천시,https://www.hyundai.com/contents/repn-car/side-w/ioniq5-27my-well-side.png,아이오닉 5,4WD 인스퍼레이션(롱레인지) 20인치,"64,096,958원","67,430,000원","8,290,000원","5,320,000원","2,970,000원","1,300,000원","1,000,000원","300,000원","54,506,958원"
경기도,동두천시,https://www.hyundai.com/contents/repn-car/side-w/ioniq6-25fl-well-side.png,더 뉴 아이오닉 6,2WD E-Value +(스탠다드) 18인치,"48,564,639원","51,090,000원","8,730,000원","5,600,000원","3,130,000원","1,300,000원","1,000,000원","300,000원","38,534,639원"
경기도,동두천시,https://www.hyundai.com/contents/repn-car/side-w/ioniq6-25fl-well-side.png,더 뉴 아이오닉 6,2WD E-LITE(롱레인지) 18인치,"50,636,881원","53,270,000원","8,890,000원","5,700,000원","3,190,000원","1,300,000원","1,000,000원","300,000원","40,446,881원"
경기도,동두천시,https://www.hyundai.com/contents/repn-car/side-w/ioniq6-25fl-well-side.png,더 뉴 아이오닉 6,2WD Exclusive(스탠다드) 18인치,"50,950,570원","53,600,000원","8,730,000원","5,600,000원","3,130,000원","1,300,000원","1,000,000원","300,000원","40,920,570원"
경기도,동두천시,https://www.hyundai.com/contents/repn-car/side-w/ioniq6-25fl-well-side.png,더 뉴 아이오닉 6,2WD E-LITE(롱레인지) 20인치,"51,197,719원","53,860,000원","8,890,000원","5,700,000원","3,190,000원","1,300,000원","1,000,000원","300,000원","41,007,719원"
경기도,동두천시,https://www.hyundai.com/contents/repn-car/side-w/ioniq6-25fl-well-side.png,더 뉴 아이오닉 6,4WD E-LITE(롱레인지) 18인치,"52,984,791원","55,740,000원","8,890,000원","5,700,000원","3,190,000원","1,300,000원","1,000,000원","300,000원","42,794,791원"
경기도,동두천시,https://www.hyundai.com/contents/repn-car/side-w/ioniq6-25fl-well-side.png,더 뉴 아이오닉 6,4WD E-LITE(롱레인지) 20인치,"53,545,627원","56,330,000원","8,620,000원","5,530,000원","3,090,000원","1,300,000원","1,000,000원","300,000원","43,625,627원"
경기도,동두천시,https://www.hyundai.com/contents/repn-car/side-w/ioniq6-25fl-well-side.png,더 뉴 아이오닉 6,2WD Exclusive(롱레인지) 18인치,"55,152,091원","58,020,000원","8,890,000원","5,700,000원","3,190,000원","1,300,000원","1,000,000원","300,000원","44,962,091원"
경기도,동두천시,https://www.hyundai.com/contents/repn-car/side-w/ioniq6-25fl-well-side.png,더 뉴 아이오닉 6,2WD Prestige(스탠다드) 18인치,"55,532,319원","58,420,000원","8,730,000원","5,600,000원","3,130,000원","1,300,000원","1,000,000원","300,000원","45,502,319원"
경기도,동두천시,https://www.hyundai.com/contents/repn-car/side-w/ioniq6-25fl-well-side.png,더 뉴 아이오닉 6,2WD Exclusive(롱레인지) 20인치,"55,712,927원","58,610,000원","8,890,000원","5,700,000원","3,190,000원","1,300,000원","1,000,000원","300,000원","45,522,927원"
경기도,동두천시,https://www.hyundai.com/contents/repn-car/side-w/ioniq6-25fl-well-side.png,더 뉴 아이오닉 6,2WD N Line Exclusive(롱레인지) 20인치,"57,452,472원","60,440,000원","8,890,000원","5,700,000원","3,190,000원","1,300,000원","1,000,000원","300,000원","47,262,472원"
경기도,동두천시,https://www.hyundai.com/contents/repn-car/side-w/ioniq6-25fl-well-side.png,더 뉴 아이오닉 6,4WD Exclusive(롱레인지) 18인치,"57,499,999원","60,490,000원","8,890,000원","5,700,000원","3,190,000원","1,300,000원","1,000,000원","300,000원","47,309,999원"
경기도,동두천시,https://www.hyundai.com/contents/repn-car/side-w/ioniq6-25fl-well-side.png,더 뉴 아이오닉 6,4WD Exclusive(롱레인지) 20인치,"58,060,836원","61,080,000원","8,620,000원","5,530,000원","3,090,000원","1,300,000원","1,000,000원","300,000원","48,140,836원"
경기도,동두천시,https://www.hyundai.com/contents/repn-car/side-w/ioniq6-25fl-well-side.png,더 뉴 아이오닉 6,2WD Prestige(롱레인지) 18인치,"59,724,335원","62,830,000원","8,890,000원","5,700,000원","3,190,000원","1,300,000원","1,000,000원","300,000원","49,534,335원"
경기도,동두천시,https://www.hyundai.com/contents/repn-car/side-w/ioniq6-25fl-well-side.png,더 뉴 아이오닉 6,4WD N Line Exclusive(롱레인지) 20인치,"59,800,380원","62,910,000원","8,370,000원","5,370,000원","3,000,000원","1,300,000원","1,000,000원","300,000원","50,130,380원"
경기도,동두천시,https://www.hyundai.com/contents/repn-car/side-w/ioniq6-25fl-well-side.png,더 뉴 아이오닉 6,2WD Prestige(롱레인지) 20인치,"60,285,171원","63,420,000원","8,890,000원","5,700,000원","3,190,000원","1,300,000원","1,000,000원","300,000원","50,095,171원"
경기도,동두천시,https://www.hyundai.com/contents/repn-car/side-w/ioniq6-25fl-well-side.png,더 뉴 아이오닉 6,2WD N Line Prestige(롱레인지) 20인치,"61,321,293원","64,510,000원","8,890,000원","5,700,000원","3,190,000원","1,300,000원","1,000,000원","300,000원","51,131,293원"
경기도,동두천시,https://www.hyundai.com/contents/repn-car/side-w/ioniq6-25fl-well-side.png,더 뉴 아이오닉 6,4WD Prestige(롱레인지) 18인치,"62,072,243원","65,300,000원","8,890,000원","5,700,000원","3,190,000원","1,300,000원","1,000,000원","300,000원","51,882,243원"
경기도,동두천시,https://www.hyundai.com/contents/repn-car/side-w/ioniq6-25fl-well-side.png,더 뉴 아이오닉 6,4WD Prestige(롱레인지) 20인치,"62,633,079원","65,890,000원","8,620,000원","5,530,000원","3,090,000원","1,300,000원","1,000,000원","300,000원","52,713,079원"
경기도,동두천시,https://www.hyundai.com/contents/repn-car/side-w/ioniq6-25fl-well-side.png,더 뉴 아이오닉 6,4WD N Line Prestige(롱레인지) 20인치,"63,669,201원","66,980,000원","8,370,000원","5,370,000원","3,000,000원","1,300,000원","1,000,000원","300,000원","53,999,201원"
경기도,동두천시,https://www.hyundai.com/contents/repn-car/side-w/the-new-staria-lounge-electric-27pe-well-side.png,더 뉴 스타리아 라운지 Electric,2WD 오토 Prestige 7인승,"63,593,156원","66,900,000원","3,570,000원","2,290,000원","1,280,000원","600,000원","460,000원","140,000원","59,423,156원"
경기도,동두천시,https://www.hyundai.com/contents/repn-car/side-w/the-new-staria-lounge-electric-27pe-well-side.png,더 뉴 스타리아 라운지 Electric,2WD 오토 Inspiration 7인승,"67,309,885원","70,810,000원","3,570,000원","2,290,000원","1,280,000원","600,000원","460,000원","140,000원","63,139,885원"
경기도,동두천시,https://www.hyundai.com/contents/repn-car/side-w/GV60-27MY.png,GV60,GV60 스탠다드 2WD 19인치,"64,904,943원","68,280,000원","4,440,000원","2,850,000원","1,590,000원","740,000원","570,000원","170,000원","59,724,943원"
경기도,동두천시,https://www.hyundai.com/contents/repn-car/side-w/GV60-27MY.png,GV60,GV60 스탠다드 AWD 19인치,"72,080,000원","72,080,000원","4,240,000원","2,720,000원","1,520,000원","700,000원","540,000원","160,000원","67,140,000원"
경기도,동두천시,https://www.hyundai.com/contents/repn-car/side-w/GV60-27MY.png,GV60,GV60 스탠다드 AWD 20인치,"74,380,000원","74,380,000원","4,070,000원","2,610,000원","1,460,000원","680,000원","520,000원","160,000원","69,630,000원"
경기도,동두천시,https://www.hyundai.com/contents/repn-car/side-w/ioniq9-27my-well-side.png,아이오닉 9,2WD 익스클루시브 19인치 7인승,"67,585,551원","71,100,000원","4,270,000원","2,740,000원","1,530,000원","720,000원","550,000원","170,000원","62,595,551원"
경기도,동두천시,https://www.hyundai.com/contents/repn-car/side-w/ioniq9-27my-well-side.png,아이오닉 9,2WD 익스클루시브 19인치 6인승,"68,165,399원","71,710,000원","4,270,000원","2,740,000원","1,530,000원","720,000원","550,000원","170,000원","63,175,399원"
경기도,동두천시,https://www.hyundai.com/contents/repn-car/side-w/ioniq9-27my-well-side.png,아이오닉 9,4WD(항속) 익스클루시브 19인치 7인승,"70,247,148원","73,900,000원","4,220,000원","2,710,000원","1,510,000원","700,000원","540,000원","160,000원","65,327,148원"
경기도,동두천시,https://www.hyundai.com/contents/repn-car/side-w/ioniq9-27my-well-side.png,아이오닉 9,4WD(항속) 익스클루시브 19인치 6인승,"70,826,995원","74,510,000원","4,220,000원","2,710,000원","1,510,000원","700,000원","540,000원","160,000원","65,906,995원"
경기도,동두천시,https://www.hyundai.com/contents/repn-car/side-w/ioniq9-27my-well-side.png,아이오닉 9,4WD(성능) 익스클루시브 19인치 7인승,"71,102,661원","74,800,000원","4,240,000원","2,720,000원","1,520,000원","700,000원","540,000원","160,000원","66,162,661원"
경기도,동두천시,https://www.hyundai.com/contents/repn-car/side-w/ioniq9-27my-well-side.png,아이오닉 9,4WD(성능) 익스클루시브 19인치 6인승,"71,682,509원","75,410,000원","4,240,000원","2,720,000원","1,520,000원","700,000원","540,000원","160,000원","66,742,509원"
경기도,동두천시,https://www.hyundai.com/contents/repn-car/side-w/ioniq9-27my-well-side.png,아이오닉 9,2WD 프레스티지 19인치 7인승,"73,241,445원","77,050,000원","4,270,000원","2,740,000원","1,530,000원","720,000원","550,000원","170,000원","68,251,445원"
경기도,동두천시,https://www.hyundai.com/contents/repn-car/side-w/ioniq9-27my-well-side.png,아이오닉 9,2WD 프레스티지 21인치 7인승,"73,241,445원","77,050,000원","4,270,000원","2,740,000원","1,530,000원","720,000원","550,000원","170,000원","68,251,445원"
경기도,동두천시,https://www.hyundai.com/contents/repn-car/side-w/ioniq9-27my-well-side.png,아이오닉 9,2WD 프레스티지 19인치 6인승,"73,735,741원","77,570,000원","4,270,000원","2,740,000원","1,530,000원","720,000원","550,000원","170,000원","68,745,741원"
경기도,동두천시,https://www.hyundai.com/contents/repn-car/side-w/ioniq9-27my-well-side.png,아이오닉 9,2WD 프레스티지 21인치 6인승,"73,735,741원","77,570,000원","4,270,000원","2,740,000원","1,530,000원","720,000원","550,000원","170,000원","68,745,741원"
경기도,동두천시,https://www.hyundai.com/contents/repn-car/side-w/ioniq9-27my-well-side.png,아이오닉 9,4WD(항속) 프레스티지 19인치 7인승,"75,903,041원","79,850,000원","4,220,000원","2,710,000원","1,510,000원","700,000원","540,000원","160,000원","70,983,041원"
경기도,동두천시,https://www.hyundai.com/contents/repn-car/side-w/ioniq9-27my-well-side.png,아이오닉 9,4WD(항속) 프레스티지 21인치 7인승,"75,903,041원","79,850,000원","4,220,000원","2,710,000원","1,510,000원","700,000원","540,000원","160,000원","70,983,041원"
경기도,동두천시,https://www.hyundai.com/contents/repn-car/side-w/ioniq9-27my-well-side.png,아이오닉 9,4WD(항속) 프레스티지 19인치 6인승,"76,397,338원","80,370,000원","4,220,000원","2,710,000원","1,510,000원","700,000원","540,000원","160,000원","71,477,338원"
경기도,동두천시,https://www.hyundai.com/contents/repn-car/side-w/ioniq9-27my-well-side.png,아이오닉 9,4WD(항속) 프레스티지 21인치 6인승,"76,397,338원","80,370,000원","4,220,000원","2,710,000원","1,510,000원","700,000원","540,000원","160,000원","71,477,338원"
경기도,동두천시,https://www.hyundai.com/contents/repn-car/side-w/ioniq9-27my-well-side.png,아이오닉 9,4WD(성능) 프레스티지 19인치 7인승,"76,758,555원","80,750,000원","4,240,000원","2,720,000원","1,520,000원","700,000원","540,000원","160,000원","71,818,555원"
경기도,동두천시,https://www.hyundai.com/contents/repn-car/side-w/ioniq9-27my-well-side.png,아이오닉 9,4WD(성능) 프레스티지 21인치 7인승,"76,758,555원","80,750,000원","4,240,000원","2,720,000원","1,520,000원","700,000원","540,000원","160,000원","71,818,555원"
경기도,동두천시,https://www.hyundai.com/contents/repn-car/side-w/ioniq9-27my-well-side.png,아이오닉 9,4WD(성능) 프레스티지 19인치 6인승,"77,252,851원","81,270,000원","4,240,000원","2,720,000원","1,520,000원","700,000원","540,000원","160,000원","72,312,851원"
경기도,동두천시,https://www.hyundai.com/contents/repn-car/side-w/ioniq9-27my-well-side.png,아이오닉 9,4WD(성능) 프레스티지 21인치 6인승,"77,252,851원","81,270,000원","4,240,000원","2,720,000원","1,520,000원","700,000원","540,000원","160,000원","72,312,851원"
경기도,동두천시,https://www.hyundai.com/contents/repn-car/side-w/ioniq9-27my-well-side.png,아이오닉 9,2WD 캘리그래피 19인치 7인승,"78,108,365원","82,170,000원","4,270,000원","2,740,000원","1,530,000원","720,000원","550,000원","170,000원","73,118,365원"
경기도,동두천시,https://www.hyundai.com/contents/repn-car/side-w/ioniq9-27my-well-side.png,아이오닉 9,2WD 캘리그래피 21인치 7인승,"78,108,365원","82,170,000원","4,270,000원","2,740,000원","1,530,000원","720,000원","550,000원","170,000원","73,118,365원"
경기도,동두천시,https://www.hyundai.com/contents/repn-car/side-w/ioniq9-27my-well-side.png,아이오닉 9,2WD 캘리그래피 19인치 6인승,"79,600,760원","83,740,000원","4,270,000원","2,740,000원","1,530,000원","720,000원","550,000원","170,000원","74,610,760원"
경기도,동두천시,https://www.hyundai.com/contents/repn-car/side-w/ioniq9-27my-well-side.png,아이오닉 9,2WD 캘리그래피 21인치 6인승,"79,600,760원","83,740,000원","4,270,000원","2,740,000원","1,530,000원","720,000원","550,000원","170,000원","74,610,760원"
경기도,동두천시,https://www.hyundai.com/contents/repn-car/side-w/ioniq9-27my-well-side.png,아이오닉 9,4WD(항속) 캘리그래피 19인치 7인승,"80,769,961원","84,970,000원","4,220,000원","2,710,000원","1,510,000원","700,000원","540,000원","160,000원","75,849,961원"
경기도,동두천시,https://www.hyundai.com/contents/repn-car/side-w/ioniq9-27my-well-side.png,아이오닉 9,4WD(항속) 캘리그래피 21인치 7인승,"80,769,961원","84,970,000원","4,220,000원","2,710,000원","1,510,000원","700,000원","540,000원","160,000원","75,849,961원"
경기도,동두천시,https://www.hyundai.com/contents/repn-car/side-w/ioniq9-27my-well-side.png,아이오닉 9,4WD(성능) 캘리그래피 19인치 7인승,"81,625,475원","85,870,000원","4,240,000원","2,720,000원","1,520,000원","700,000원","540,000원","160,000원","76,685,475원"
경기도,동두천시,https://www.hyundai.com/contents/repn-car/side-w/ioniq9-27my-well-side.png,아이오닉 9,4WD(성능) 캘리그래피 21인치 7인승,"81,625,475원","85,870,000원","4,240,000원","2,720,000원","1,520,000원","700,000원","540,000원","160,000원","76,685,475원"
경기도,동두천시,https://www.hyundai.com/contents/repn-car/side-w/ioniq9-27my-well-side.png,아이오닉 9,4WD(항속) 캘리그래피 19인치 6인승,"82,262,357원","86,540,000원","4,220,000원","2,710,000원","1,510,000원","700,000원","540,000원","160,000원","77,342,357원"
경기도,동두천시,https://www.hyundai.com/contents/repn-car/side-w/ioniq9-27my-well-side.png,아이오닉 9,4WD(항속) 캘리그래피 21인치 6인승,"82,262,357원","86,540,000원","4,220,000원","2,710,000원","1,510,000원","700,000원","540,000원","160,000원","77,342,357원"
경기도,동두천시,https://www.hyundai.com/contents/repn-car/side-w/ioniq9-27my-well-side.png,아이오닉 9,4WD(성능) 캘리그래피 19인치 6인승,"83,149,999원","87,440,000원","4,240,000원","2,720,000원","1,520,000원","700,000원","540,000원","160,000원","78,209,999원"
경기도,동두천시,https://www.hyundai.com/contents/repn-car/side-w/ioniq9-27my-well-side.png,아이오닉 9,4WD(성능) 캘리그래피 21인치 6인승,"83,149,999원","87,440,000원","4,240,000원","2,720,000원","1,520,000원","700,000원","540,000원","160,000원","78,209,999원"
경기도,동두천시,https://www.hyundai.com/contents/repn-car/side-w/Electrified-GV70-27MY.png,Electrified GV70,ELECTRIFIED GV70 AWD 19인치,"75,798,478원","79,740,000원","4,070,000원","2,610,000원","1,460,000원","680,000원","520,000원","160,000원","71,048,478원"
경기도,동두천시,https://www.hyundai.com/contents/repn-car/side-w/Electrified-GV70-27MY.png,Electrified GV70,ELECTRIFIED GV70 AWD 20인치,"76,558,935원","80,540,000원","3,820,000원","2,450,000원","1,370,000원","640,000원","490,000원","150,000원","72,098,935원"
경기도,동두천시,https://www.hyundai.com/contents/repn-car/side-w/ioniq6-n-25lc-well-side.png,아이오닉 6 N,4WD N,"79,904,942원","84,060,000원","3,900,000원","2,500,000원","1,400,000원","650,000원","500,000원","150,000원","75,354,942원"
경기도,동두천시,https://www.hyundai.com/contents/repn-car/side-w/g80_ev_27my-well-side.png,Electrified G80,ELECTRIFIED G80,"84,790,000원","89,080,000원","4,210,000원","2,700,000원","1,510,000원","700,000원","540,000원","160,000원","79,880,000원"
경기도,동두천시,https://www.hyundai.com/contents/repn-car/side-w/g80_ev_27my-well-side.png,Electrified G80,ELECTRIFIED G80,"87,790,000원","92,080,000원","4,210,000원","2,700,000원","1,510,000원","700,000원","540,000원","160,000원","82,880,000원"
경기도,동두천시,https://www.hyundai.com/contents/repn-car/side-w/the-new-staria-limousine-electric-27pe-well-side.png,더 뉴 스타리아 리무진 Electric,2WD 오토 Inspiration 리무진,"84,820,000원","89,110,000원","3,570,000원","2,290,000원","1,280,000원","600,000원","460,000원","140,000원","80,650,000원"
경기도,동두천시,https://www.hyundai.com/contents/repn-car/side-w/porter2-electric-26my-well-side.png,포터 II Electric ,오토 스타일스페셜,"43,500,000원","43,500,000원","14,520,000원","9,680,000원","4,840,000원","1,300,000원","1,000,000원","300,000원","27,680,000원"
경기도,동두천시,https://www.hyundai.com/contents/repn-car/side-w/porter2-electric-26my-well-side.png,포터 II Electric ,오토 스마트스페셜,"44,850,000원","44,850,000원","14,520,000원","9,680,000원","4,840,000원","1,300,000원","1,000,000원","300,000원","29,030,000원"
경기도,동두천시,https://www.hyundai.com/contents/repn-car/side-w/porter2-electric-26my-well-side.png,포터 II Electric ,오토 프리미엄스페셜,"46,450,000원","46,450,000원","14,520,000원","9,680,000원","4,840,000원","1,300,000원","1,000,000원","300,000원","30,630,000원"
경기도,동두천시,https://www.hyundai.com/contents/repn-car/side-w/porter2-electric-built-in-truck-26my-45side.png,포터II Electric 내장탑차,오토 스마트스페셜 저상,"49,030,000원","49,030,000원","11,700,000원","7,800,000원","3,900,000원","1,200,000원","920,000원","280,000원","36,130,000원"
경기도,동두천시,https://www.hyundai.com/contents/repn-car/side-w/porter2-electric-built-in-truck-26my-45side.png,포터II Electric 내장탑차,오토 스마트스페셜,"50,250,000원","50,250,000원","11,700,000원","7,800,000원","3,900,000원","1,200,000원","920,000원","280,000원","37,350,000원"
경기도,동두천시,https://www.hyundai.com/contents/repn-car/side-w/porter2-electric-built-in-truck-26my-45side.png,포터II Electric 내장탑차,오토 스마트스페셜 하이,"51,130,000원","51,130,000원","11,700,000원","7,800,000원","3,900,000원","1,200,000원","920,000원","280,000원","38,230,000원"
경기도,동두천시,https://www.hyundai.com/contents/repn-car/side-w/porter2-electric-powergate-truck-26my-45side.png,포터II Electric 파워게이트,오토 스마트스페셜,"50,000,000원","50,000,000원","11,700,000원","7,800,000원","3,900,000원","1,200,000원","920,000원","280,000원","37,100,000원"
경기도,동두천시,https://www.hyundai.com/contents/repn-car/side-w/porter2-electric-wingbody-26my-45side.png,포터II Electric 윙바디,오토 스마트스페셜 수동식,"51,030,000원","51,030,000원","11,700,000원","7,800,000원","3,900,000원","1,200,000원","920,000원","280,000원","38,130,000원"
경기도,동두천시,https://www.hyundai.com/contents/repn-car/side-w/porter2-electric-wingbody-26my-45side.png,포터II Electric 윙바디,오토 스마트스페셜 전동식,"55,240,000원","55,240,000원","11,700,000원","7,800,000원","3,900,000원","1,200,000원","920,000원","280,000원","42,340,000원"
경기도,동두천시,https://www.hyundai.com/contents/repn-car/side-w/the-new-staria-electric-27pe-well-side.png,더 뉴 스타리아 Electric,2WD 오토 Modern 3인승,"57,920,000원","57,920,000원","18,000,000원","12,000,000원","6,000,000원","1,300,000원","1,000,000원","300,000원","38,620,000원"
경기도,동두천시,https://www.hyundai.com/contents/repn-car/side-w/the-new-staria-electric-27pe-well-side.png,더 뉴 스타리아 Electric,2WD 오토 Modern 5인승,"58,700,000원","58,700,000원","18,000,000원","12,000,000원","6,000,000원","1,300,000원","1,000,000원","300,000원","39,400,000원"
경기도,동두천시,https://www.hyundai.com/contents/repn-car/side-w/st1-hightop-27my-well-side.png,ST1 하이탑차,오토 스마트,"58,830,000원","58,830,000원","16,500,000원","11,000,000원","5,500,000원","1,300,000원","1,000,000원","300,000원","41,030,000원"
경기도,동두천시,https://www.hyundai.com/contents/repn-car/side-w/st1-27my-well-side.png,ST1 카고,오토 스타일,"59,460,000원","59,460,000원","18,000,000원","12,000,000원","6,000,000원","1,300,000원","1,000,000원","300,000원","40,160,000원"
경기도,동두천시,https://www.hyundai.com/contents/repn-car/side-w/st1-27my-well-side.png,ST1 카고,오토 스마트,"61,230,000원","61,230,000원","18,000,000원","12,000,000원","6,000,000원","1,300,000원","1,000,000원","300,000원","41,930,000원"
경기도,동두천시,https://www.hyundai.com/contents/repn-car/side-w/st1-27my-well-side.png,ST1 카고,오토 프리미엄,"65,710,000원","65,710,000원","18,000,000원","12,000,000원","6,000,000원","1,300,000원","1,000,000원","300,000원","46,410,000원"
경기도,동두천시,https://www.hyundai.com/contents/repn-car/side-w/st1-freezer-truck-27my-well-side.png,ST1 카고 냉동,오토 스마트,"69,580,000원","69,580,000원","21,750,000원","14,500,000원","7,250,000원","1,300,000원","1,000,000원","300,000원","46,530,000원"
경기도,동두천시,https://www.hyundai.com/contents/repn-car/side-w/st1-freezer-truck-27my-well-side.png,ST1 카고 냉동,오토 프리미엄,"74,060,000원","74,060,000원","21,750,000원","14,500,000원","7,250,000원","1,300,000원","1,000,000원","300,000원","51,010,000원"
경기도,동두천시,https://www.hyundai.com/contents/repn-car/side-w/the-new-staria-electric-27pe-well-side.png,더 뉴 스타리아 Electric,2WD 오토 Modern 11인승,"60,290,000원","60,290,000원","19,500,000원","15,000,000원","4,500,000원",0원,0원,0원,"40,790,000원"
경기도,동두천시,https://www.hyundai.com/contents/repn-car/side-w/the-new-staria-lounge-electric-27pe-well-side.png,더 뉴 스타리아 라운지 Electric,2WD 오토 Prestige 11인승 라운지,"65,490,000원","65,490,000원","19,500,000원","15,000,000원","4,500,000원",0원,0원,0원,"45,990,000원"
경기도,동두천시,https://www.hyundai.com/contents/repn-car/side-w/nexo-27my-well-side.png,넥쏘,2WD 모던,"76,470,532원","80,447,000원","32,500,000원","22,500,000원","10,000,000원",0원,0원,0원,"43,970,532원"
경기도,동두천시,https://www.hyundai.com/contents/repn-car/side-w/nexo-27my-well-side.png,넥쏘,2WD 익스클루시브,"79,369,771원","83,497,000원","32,500,000원","22,500,000원","10,000,000원",0원,0원,0원,"46,869,771원"
경기도,동두천시,https://www.hyundai.com/contents/repn-car/side-w/nexo-27my-well-side.png,넥쏘,2WD 프레스티지,"83,789,923원","88,147,000원","32,500,000원","22,500,000원","10,000,000원",0원,0원,0원,"51,289,923원"
경기도,과천시,https://www.hyundai.com/contents/repn-car/side-w/casper_ev_26my_well_side.png,2027 캐스퍼 일렉트릭,캐스퍼 일렉트릭 기본형 15인치,"28,469,581원","29,950,000원","7,350,000원","4,900,000원","2,450,000원","1,270,000원","980,000원","290,000원","19,849,581원"
경기도,과천시,https://www.hyundai.com/contents/repn-car/side-w/casper_ev_26my_well_side.png,2027 캐스퍼 일렉트릭,캐스퍼 일렉트릭 항속형 15인치,"32,119,772원","33,790,000원","7,350,000원","4,900,000원","2,450,000원","1,270,000원","980,000원","290,000원","23,499,772원"
경기도,과천시,https://www.hyundai.com/contents/repn-car/side-w/casper_ev_26my_well_side.png,2027 캐스퍼 일렉트릭,캐스퍼 일렉트릭 항속형 17인치,"32,119,772원","33,790,000원","7,350,000원","4,900,000원","2,450,000원","1,270,000원","980,000원","290,000원","23,499,772원"
경기도,과천시,https://www.hyundai.com/contents/repn-car/side-w/casper_ev_26my_well_side.png,2027 캐스퍼 일렉트릭,캐스퍼 일렉트릭 크로스 17인치,"34,125,474원","35,900,000원","7,300,000원","4,870,000원","2,430,000원","1,260,000원","970,000원","290,000원","25,565,474원"
경기도,과천시,https://www.hyundai.com/contents/repn-car/side-w/casper_ev_26my_well_side.png,2027 캐스퍼 일렉트릭,캐스퍼 일렉트릭 라운지 17인치,"34,572,243원","36,370,000원","7,350,000원","4,900,000원","2,450,000원","1,270,000원","980,000원","290,000원","25,952,243원"
경기도,과천시,https://www.hyundai.com/contents/repn-car/side-w/kona-electric-25my-well-side.png,코나 Electric,기본형 E-Value +,"41,520,912원","43,680,000원","6,550,000원","4,370,000원","2,180,000원","1,130,000원","870,000원","260,000원","33,840,912원"
경기도,과천시,https://www.hyundai.com/contents/repn-car/side-w/kona-electric-25my-well-side.png,코나 Electric,기본형 Premium,"43,564,638원","45,830,000원","6,550,000원","4,370,000원","2,180,000원","1,130,000원","870,000원","260,000원","35,884,638원"
경기도,과천시,https://www.hyundai.com/contents/repn-car/side-w/kona-electric-25my-well-side.png,코나 Electric,항속형 Modern plus,"45,655,893원","48,030,000원","7,710,000원","5,140,000원","2,570,000원","1,300,000원","1,000,000원","300,000원","36,645,893원"
경기도,과천시,https://www.hyundai.com/contents/repn-car/side-w/kona-electric-25my-well-side.png,코나 Electric,항속형 Modern plus 스타일 Ⅱ,"45,655,893원","48,030,000원","7,710,000원","5,140,000원","2,570,000원","1,300,000원","1,000,000원","300,000원","36,645,893원"
경기도,과천시,https://www.hyundai.com/contents/repn-car/side-w/kona-electric-25my-well-side.png,코나 Electric,항속형 Premium,"46,568,440원","48,990,000원","7,710,000원","5,140,000원","2,570,000원","1,300,000원","1,000,000원","300,000원","37,558,440원"
경기도,과천시,https://www.hyundai.com/contents/repn-car/side-w/kona-electric-25my-well-side.png,코나 Electric,항속형 Premium 빌트인 캠 2,"46,568,440원","48,990,000원","7,710,000원","5,140,000원","2,570,000원","1,300,000원","1,000,000원","300,000원","37,558,440원"
경기도,과천시,https://www.hyundai.com/contents/repn-car/side-w/kona-electric-25my-well-side.png,코나 Electric,항속형 Premium 스타일 Ⅱ,"46,568,440원","48,990,000원","7,710,000원","5,140,000원","2,570,000원","1,300,000원","1,000,000원","300,000원","37,558,440원"
경기도,과천시,https://www.hyundai.com/contents/repn-car/side-w/kona-electric-25my-well-side.png,코나 Electric,항속형 Inspiration,"49,923,954원","52,520,000원","6,880,000원","4,590,000원","2,290,000원","1,200,000원","920,000원","280,000원","41,843,954원"
경기도,과천시,https://www.hyundai.com/contents/repn-car/side-w/kona-electric-25my-well-side.png,코나 Electric,항속형 N Line Inspiration,"50,865,018원","53,510,000원","6,880,000원","4,590,000원","2,290,000원","1,200,000원","920,000원","280,000원","42,785,018원"
경기도,과천시,https://www.hyundai.com/contents/repn-car/side-w/ioniq5-27my-well-side.png,아이오닉 5,2WD E-Value +(스탠다드) 19인치,"47,347,908원","49,810,000원","7,240,000원","4,830,000원","2,410,000원","1,260,000원","970,000원","290,000원","38,847,908원"
경기도,과천시,https://www.hyundai.com/contents/repn-car/side-w/ioniq5-27my-well-side.png,아이오닉 5,2WD E-Lite(롱레인지) 19인치,"50,636,881원","53,270,000원","8,500,000원","5,670,000원","2,830,000원","1,300,000원","1,000,000원","300,000원","40,836,881원"
경기도,과천시,https://www.hyundai.com/contents/repn-car/side-w/ioniq5-27my-well-side.png,아이오닉 5,2WD 모던(롱레인지) 19인치,"52,899,239원","55,650,000원","8,500,000원","5,670,000원","2,830,000원","1,300,000원","1,000,000원","300,000원","43,099,239원"
경기도,과천시,https://www.hyundai.com/contents/repn-car/side-w/ioniq5-27my-well-side.png,아이오닉 5,4WD E-Lite(롱레인지) 19인치,"52,984,791원","55,740,000원","8,370,000원","5,580,000원","2,790,000원","1,300,000원","1,000,000원","300,000원","43,314,791원"
경기도,과천시,https://www.hyundai.com/contents/repn-car/side-w/ioniq5-27my-well-side.png,아이오닉 5,2WD 모던(롱레인지) 19인치 빌트인캠 2 + 증강현실 내비게이션,"52,899,239원","55,650,000원","8,500,000원","5,670,000원","2,830,000원","1,300,000원","1,000,000원","300,000원","43,099,239원"
경기도,과천시,https://www.hyundai.com/contents/repn-car/side-w/ioniq5-27my-well-side.png,아이오닉 5,4WD 모던(롱레인지) 19인치,"55,247,148원","58,120,000원","8,370,000원","5,580,000원","2,790,000원","1,300,000원","1,000,000원","300,000원","45,577,148원"
경기도,과천시,https://www.hyundai.com/contents/repn-car/side-w/ioniq5-27my-well-side.png,아이오닉 5,2WD 프리미엄(롱레인지) 19인치,"58,241,444원","61,270,000원","8,500,000원","5,670,000원","2,830,000원","1,300,000원","1,000,000원","300,000원","48,441,444원"
경기도,과천시,https://www.hyundai.com/contents/repn-car/side-w/ioniq5-27my-well-side.png,아이오닉 5,2WD 프리미엄(롱레인지) 19인치 빌트인캠 2 + 증강현실 내비게이션,"58,241,444원","61,270,000원","8,500,000원","5,670,000원","2,830,000원","1,300,000원","1,000,000원","300,000원","48,441,444원"
경기도,과천시,https://www.hyundai.com/contents/repn-car/side-w/ioniq5-27my-well-side.png,아이오닉 5,2WD 프리미엄(롱레인지) 20인치,"58,707,224원","61,760,000원","8,380,000원","5,590,000원","2,790,000원","1,300,000원","1,000,000원","300,000원","49,027,224원"
경기도,과천시,https://www.hyundai.com/contents/repn-car/side-w/ioniq5-27my-well-side.png,아이오닉 5,2WD N LINE(롱레인지) 20인치,"59,448,669원","62,540,000원","8,110,000원","5,410,000원","2,700,000원","1,300,000원","1,000,000원","300,000원","50,038,669원"
경기도,과천시,https://www.hyundai.com/contents/repn-car/side-w/ioniq5-27my-well-side.png,아이오닉 5,4WD 프리미엄(롱레인지) 19인치,"60,589,354원","63,740,000원","8,370,000원","5,580,000원","2,790,000원","1,300,000원","1,000,000원","300,000원","50,919,354원"
경기도,과천시,https://www.hyundai.com/contents/repn-car/side-w/ioniq5-27my-well-side.png,아이오닉 5,4WD 프리미엄(롱레인지) 20인치,"61,055,132원","64,230,000원","7,980,000원","5,320,000원","2,660,000원","1,300,000원","1,000,000원","300,000원","51,775,132원"
경기도,과천시,https://www.hyundai.com/contents/repn-car/side-w/ioniq5-27my-well-side.png,아이오닉 5,2WD 인스퍼레이션(롱레인지) 19인치,"61,283,270원","64,470,000원","8,500,000원","5,670,000원","2,830,000원","1,300,000원","1,000,000원","300,000원","51,483,270원"
경기도,과천시,https://www.hyundai.com/contents/repn-car/side-w/ioniq5-27my-well-side.png,아이오닉 5,2WD 인스퍼레이션(롱레인지) 19인치 빌트인캠 2 + 증강현실 내비게이션,"61,283,270원","64,470,000원","8,500,000원","5,670,000원","2,830,000원","1,300,000원","1,000,000원","300,000원","51,483,270원"
경기도,과천시,https://www.hyundai.com/contents/repn-car/side-w/ioniq5-27my-well-side.png,아이오닉 5,2WD 인스퍼레이션(롱레인지) 20인치,"61,749,048원","64,960,000원","8,380,000원","5,590,000원","2,790,000원","1,300,000원","1,000,000원","300,000원","52,069,048원"
경기도,과천시,https://www.hyundai.com/contents/repn-car/side-w/ioniq5-27my-well-side.png,아이오닉 5,4WD N LINE(롱레인지) 20인치,"61,796,577원","65,010,000원","7,650,000원","5,100,000원","2,550,000원","1,300,000원","1,000,000원","300,000원","52,846,577원"
경기도,과천시,https://www.hyundai.com/contents/repn-car/side-w/ioniq5-27my-well-side.png,아이오닉 5,4WD 인스퍼레이션(롱레인지) 19인치,"63,631,178원","66,940,000원","8,370,000원","5,580,000원","2,790,000원","1,300,000원","1,000,000원","300,000원","53,961,178원"
경기도,과천시,https://www.hyundai.com/contents/repn-car/side-w/ioniq5-27my-well-side.png,아이오닉 5,4WD 인스퍼레이션(롱레인지) 20인치,"64,096,958원","67,430,000원","7,980,000원","5,320,000원","2,660,000원","1,300,000원","1,000,000원","300,000원","54,816,958원"
경기도,과천시,https://www.hyundai.com/contents/repn-car/side-w/ioniq6-25fl-well-side.png,더 뉴 아이오닉 6,2WD E-Value +(스탠다드) 18인치,"48,564,639원","51,090,000원","8,400,000원","5,600,000원","2,800,000원","1,300,000원","1,000,000원","300,000원","38,864,639원"
경기도,과천시,https://www.hyundai.com/contents/repn-car/side-w/ioniq6-25fl-well-side.png,더 뉴 아이오닉 6,2WD E-LITE(롱레인지) 18인치,"50,636,881원","53,270,000원","8,550,000원","5,700,000원","2,850,000원","1,300,000원","1,000,000원","300,000원","40,786,881원"
경기도,과천시,https://www.hyundai.com/contents/repn-car/side-w/ioniq6-25fl-well-side.png,더 뉴 아이오닉 6,2WD Exclusive(스탠다드) 18인치,"50,950,570원","53,600,000원","8,400,000원","5,600,000원","2,800,000원","1,300,000원","1,000,000원","300,000원","41,250,570원"
경기도,과천시,https://www.hyundai.com/contents/repn-car/side-w/ioniq6-25fl-well-side.png,더 뉴 아이오닉 6,2WD E-LITE(롱레인지) 20인치,"51,197,719원","53,860,000원","8,550,000원","5,700,000원","2,850,000원","1,300,000원","1,000,000원","300,000원","41,347,719원"
경기도,과천시,https://www.hyundai.com/contents/repn-car/side-w/ioniq6-25fl-well-side.png,더 뉴 아이오닉 6,4WD E-LITE(롱레인지) 18인치,"52,984,791원","55,740,000원","8,550,000원","5,700,000원","2,850,000원","1,300,000원","1,000,000원","300,000원","43,134,791원"
경기도,과천시,https://www.hyundai.com/contents/repn-car/side-w/ioniq6-25fl-well-side.png,더 뉴 아이오닉 6,4WD E-LITE(롱레인지) 20인치,"53,545,627원","56,330,000원","8,290,000원","5,530,000원","2,760,000원","1,300,000원","1,000,000원","300,000원","43,955,627원"
경기도,과천시,https://www.hyundai.com/contents/repn-car/side-w/ioniq6-25fl-well-side.png,더 뉴 아이오닉 6,2WD Exclusive(롱레인지) 18인치,"55,152,091원","58,020,000원","8,550,000원","5,700,000원","2,850,000원","1,300,000원","1,000,000원","300,000원","45,302,091원"
경기도,과천시,https://www.hyundai.com/contents/repn-car/side-w/ioniq6-25fl-well-side.png,더 뉴 아이오닉 6,2WD Prestige(스탠다드) 18인치,"55,532,319원","58,420,000원","8,400,000원","5,600,000원","2,800,000원","1,300,000원","1,000,000원","300,000원","45,832,319원"
경기도,과천시,https://www.hyundai.com/contents/repn-car/side-w/ioniq6-25fl-well-side.png,더 뉴 아이오닉 6,2WD Exclusive(롱레인지) 20인치,"55,712,927원","58,610,000원","8,550,000원","5,700,000원","2,850,000원","1,300,000원","1,000,000원","300,000원","45,862,927원"
경기도,과천시,https://www.hyundai.com/contents/repn-car/side-w/ioniq6-25fl-well-side.png,더 뉴 아이오닉 6,2WD N Line Exclusive(롱레인지) 20인치,"57,452,472원","60,440,000원","8,550,000원","5,700,000원","2,850,000원","1,300,000원","1,000,000원","300,000원","47,602,472원"
경기도,과천시,https://www.hyundai.com/contents/repn-car/side-w/ioniq6-25fl-well-side.png,더 뉴 아이오닉 6,4WD Exclusive(롱레인지) 18인치,"57,499,999원","60,490,000원","8,550,000원","5,700,000원","2,850,000원","1,300,000원","1,000,000원","300,000원","47,649,999원"
경기도,과천시,https://www.hyundai.com/contents/repn-car/side-w/ioniq6-25fl-well-side.png,더 뉴 아이오닉 6,4WD Exclusive(롱레인지) 20인치,"58,060,836원","61,080,000원","8,290,000원","5,530,000원","2,760,000원","1,300,000원","1,000,000원","300,000원","48,470,836원"
경기도,과천시,https://www.hyundai.com/contents/repn-car/side-w/ioniq6-25fl-well-side.png,더 뉴 아이오닉 6,2WD Prestige(롱레인지) 18인치,"59,724,335원","62,830,000원","8,550,000원","5,700,000원","2,850,000원","1,300,000원","1,000,000원","300,000원","49,874,335원"
경기도,과천시,https://www.hyundai.com/contents/repn-car/side-w/ioniq6-25fl-well-side.png,더 뉴 아이오닉 6,4WD N Line Exclusive(롱레인지) 20인치,"59,800,380원","62,910,000원","8,050,000원","5,370,000원","2,680,000원","1,300,000원","1,000,000원","300,000원","50,450,380원"
경기도,과천시,https://www.hyundai.com/contents/repn-car/side-w/ioniq6-25fl-well-side.png,더 뉴 아이오닉 6,2WD Prestige(롱레인지) 20인치,"60,285,171원","63,420,000원","8,550,000원","5,700,000원","2,850,000원","1,300,000원","1,000,000원","300,000원","50,435,171원"
경기도,과천시,https://www.hyundai.com/contents/repn-car/side-w/ioniq6-25fl-well-side.png,더 뉴 아이오닉 6,2WD N Line Prestige(롱레인지) 20인치,"61,321,293원","64,510,000원","8,550,000원","5,700,000원","2,850,000원","1,300,000원","1,000,000원","300,000원","51,471,293원"
경기도,과천시,https://www.hyundai.com/contents/repn-car/side-w/ioniq6-25fl-well-side.png,더 뉴 아이오닉 6,4WD Prestige(롱레인지) 18인치,"62,072,243원","65,300,000원","8,550,000원","5,700,000원","2,850,000원","1,300,000원","1,000,000원","300,000원","52,222,243원"
경기도,과천시,https://www.hyundai.com/contents/repn-car/side-w/ioniq6-25fl-well-side.png,더 뉴 아이오닉 6,4WD Prestige(롱레인지) 20인치,"62,633,079원","65,890,000원","8,290,000원","5,530,000원","2,760,000원","1,300,000원","1,000,000원","300,000원","53,043,079원"
경기도,과천시,https://www.hyundai.com/contents/repn-car/side-w/ioniq6-25fl-well-side.png,더 뉴 아이오닉 6,4WD N Line Prestige(롱레인지) 20인치,"63,669,201원","66,980,000원","8,050,000원","5,370,000원","2,680,000원","1,300,000원","1,000,000원","300,000원","54,319,201원"
경기도,과천시,https://www.hyundai.com/contents/repn-car/side-w/the-new-staria-lounge-electric-27pe-well-side.png,더 뉴 스타리아 라운지 Electric,2WD 오토 Prestige 7인승,"63,593,156원","66,900,000원","3,430,000원","2,290,000원","1,140,000원","600,000원","460,000원","140,000원","59,563,156원"
경기도,과천시,https://www.hyundai.com/contents/repn-car/side-w/the-new-staria-lounge-electric-27pe-well-side.png,더 뉴 스타리아 라운지 Electric,2WD 오토 Inspiration 7인승,"67,309,885원","70,810,000원","3,430,000원","2,290,000원","1,140,000원","600,000원","460,000원","140,000원","63,279,885원"
경기도,과천시,https://www.hyundai.com/contents/repn-car/side-w/GV60-27MY.png,GV60,GV60 스탠다드 2WD 19인치,"64,904,943원","68,280,000원","4,270,000원","2,850,000원","1,420,000원","740,000원","570,000원","170,000원","59,894,943원"
경기도,과천시,https://www.hyundai.com/contents/repn-car/side-w/GV60-27MY.png,GV60,GV60 스탠다드 AWD 19인치,"72,080,000원","72,080,000원","4,080,000원","2,720,000원","1,360,000원","700,000원","540,000원","160,000원","67,300,000원"
경기도,과천시,https://www.hyundai.com/contents/repn-car/side-w/GV60-27MY.png,GV60,GV60 스탠다드 AWD 20인치,"74,380,000원","74,380,000원","3,910,000원","2,610,000원","1,300,000원","680,000원","520,000원","160,000원","69,790,000원"
경기도,과천시,https://www.hyundai.com/contents/repn-car/side-w/ioniq9-27my-well-side.png,아이오닉 9,2WD 익스클루시브 19인치 7인승,"67,585,551원","71,100,000원","4,110,000원","2,740,000원","1,370,000원","720,000원","550,000원","170,000원","62,755,551원"
경기도,과천시,https://www.hyundai.com/contents/repn-car/side-w/ioniq9-27my-well-side.png,아이오닉 9,2WD 익스클루시브 19인치 6인승,"68,165,399원","71,710,000원","4,110,000원","2,740,000원","1,370,000원","720,000원","550,000원","170,000원","63,335,399원"
경기도,과천시,https://www.hyundai.com/contents/repn-car/side-w/ioniq9-27my-well-side.png,아이오닉 9,4WD(항속) 익스클루시브 19인치 7인승,"70,247,148원","73,900,000원","4,060,000원","2,710,000원","1,350,000원","700,000원","540,000원","160,000원","65,487,148원"
경기도,과천시,https://www.hyundai.com/contents/repn-car/side-w/ioniq9-27my-well-side.png,아이오닉 9,4WD(항속) 익스클루시브 19인치 6인승,"70,826,995원","74,510,000원","4,060,000원","2,710,000원","1,350,000원","700,000원","540,000원","160,000원","66,066,995원"
경기도,과천시,https://www.hyundai.com/contents/repn-car/side-w/ioniq9-27my-well-side.png,아이오닉 9,4WD(성능) 익스클루시브 19인치 7인승,"71,102,661원","74,800,000원","4,080,000원","2,720,000원","1,360,000원","700,000원","540,000원","160,000원","66,322,661원"
경기도,과천시,https://www.hyundai.com/contents/repn-car/side-w/ioniq9-27my-well-side.png,아이오닉 9,4WD(성능) 익스클루시브 19인치 6인승,"71,682,509원","75,410,000원","4,080,000원","2,720,000원","1,360,000원","700,000원","540,000원","160,000원","66,902,509원"
경기도,과천시,https://www.hyundai.com/contents/repn-car/side-w/ioniq9-27my-well-side.png,아이오닉 9,2WD 프레스티지 19인치 7인승,"73,241,445원","77,050,000원","4,110,000원","2,740,000원","1,370,000원","720,000원","550,000원","170,000원","68,411,445원"
경기도,과천시,https://www.hyundai.com/contents/repn-car/side-w/ioniq9-27my-well-side.png,아이오닉 9,2WD 프레스티지 21인치 7인승,"73,241,445원","77,050,000원","4,110,000원","2,740,000원","1,370,000원","720,000원","550,000원","170,000원","68,411,445원"
경기도,과천시,https://www.hyundai.com/contents/repn-car/side-w/ioniq9-27my-well-side.png,아이오닉 9,2WD 프레스티지 19인치 6인승,"73,735,741원","77,570,000원","4,110,000원","2,740,000원","1,370,000원","720,000원","550,000원","170,000원","68,905,741원"
경기도,과천시,https://www.hyundai.com/contents/repn-car/side-w/ioniq9-27my-well-side.png,아이오닉 9,2WD 프레스티지 21인치 6인승,"73,735,741원","77,570,000원","4,110,000원","2,740,000원","1,370,000원","720,000원","550,000원","170,000원","68,905,741원"
경기도,과천시,https://www.hyundai.com/contents/repn-car/side-w/ioniq9-27my-well-side.png,아이오닉 9,4WD(항속) 프레스티지 19인치 7인승,"75,903,041원","79,850,000원","4,060,000원","2,710,000원","1,350,000원","700,000원","540,000원","160,000원","71,143,041원"
경기도,과천시,https://www.hyundai.com/contents/repn-car/side-w/ioniq9-27my-well-side.png,아이오닉 9,4WD(항속) 프레스티지 21인치 7인승,"75,903,041원","79,850,000원","4,060,000원","2,710,000원","1,350,000원","700,000원","540,000원","160,000원","71,143,041원"
경기도,과천시,https://www.hyundai.com/contents/repn-car/side-w/ioniq9-27my-well-side.png,아이오닉 9,4WD(항속) 프레스티지 19인치 6인승,"76,397,338원","80,370,000원","4,060,000원","2,710,000원","1,350,000원","700,000원","540,000원","160,000원","71,637,338원"
경기도,과천시,https://www.hyundai.com/contents/repn-car/side-w/ioniq9-27my-well-side.png,아이오닉 9,4WD(항속) 프레스티지 21인치 6인승,"76,397,338원","80,370,000원","4,060,000원","2,710,000원","1,350,000원","700,000원","540,000원","160,000원","71,637,338원"
경기도,과천시,https://www.hyundai.com/contents/repn-car/side-w/ioniq9-27my-well-side.png,아이오닉 9,4WD(성능) 프레스티지 19인치 7인승,"76,758,555원","80,750,000원","4,080,000원","2,720,000원","1,360,000원","700,000원","540,000원","160,000원","71,978,555원"
경기도,과천시,https://www.hyundai.com/contents/repn-car/side-w/ioniq9-27my-well-side.png,아이오닉 9,4WD(성능) 프레스티지 21인치 7인승,"76,758,555원","80,750,000원","4,080,000원","2,720,000원","1,360,000원","700,000원","540,000원","160,000원","71,978,555원"
경기도,과천시,https://www.hyundai.com/contents/repn-car/side-w/ioniq9-27my-well-side.png,아이오닉 9,4WD(성능) 프레스티지 19인치 6인승,"77,252,851원","81,270,000원","4,080,000원","2,720,000원","1,360,000원","700,000원","540,000원","160,000원","72,472,851원"
경기도,과천시,https://www.hyundai.com/contents/repn-car/side-w/ioniq9-27my-well-side.png,아이오닉 9,4WD(성능) 프레스티지 21인치 6인승,"77,252,851원","81,270,000원","4,080,000원","2,720,000원","1,360,000원","700,000원","540,000원","160,000원","72,472,851원"
경기도,과천시,https://www.hyundai.com/contents/repn-car/side-w/ioniq9-27my-well-side.png,아이오닉 9,2WD 캘리그래피 19인치 7인승,"78,108,365원","82,170,000원","4,110,000원","2,740,000원","1,370,000원","720,000원","550,000원","170,000원","73,278,365원"
경기도,과천시,https://www.hyundai.com/contents/repn-car/side-w/ioniq9-27my-well-side.png,아이오닉 9,2WD 캘리그래피 21인치 7인승,"78,108,365원","82,170,000원","4,110,000원","2,740,000원","1,370,000원","720,000원","550,000원","170,000원","73,278,365원"
경기도,과천시,https://www.hyundai.com/contents/repn-car/side-w/ioniq9-27my-well-side.png,아이오닉 9,2WD 캘리그래피 19인치 6인승,"79,600,760원","83,740,000원","4,110,000원","2,740,000원","1,370,000원","720,000원","550,000원","170,000원","74,770,760원"
경기도,과천시,https://www.hyundai.com/contents/repn-car/side-w/ioniq9-27my-well-side.png,아이오닉 9,2WD 캘리그래피 21인치 6인승,"79,600,760원","83,740,000원","4,110,000원","2,740,000원","1,370,000원","720,000원","550,000원","170,000원","74,770,760원"
경기도,과천시,https://www.hyundai.com/contents/repn-car/side-w/ioniq9-27my-well-side.png,아이오닉 9,4WD(항속) 캘리그래피 19인치 7인승,"80,769,961원","84,970,000원","4,060,000원","2,710,000원","1,350,000원","700,000원","540,000원","160,000원","76,009,961원"
경기도,과천시,https://www.hyundai.com/contents/repn-car/side-w/ioniq9-27my-well-side.png,아이오닉 9,4WD(항속) 캘리그래피 21인치 7인승,"80,769,961원","84,970,000원","4,060,000원","2,710,000원","1,350,000원","700,000원","540,000원","160,000원","76,009,961원"
경기도,과천시,https://www.hyundai.com/contents/repn-car/side-w/ioniq9-27my-well-side.png,아이오닉 9,4WD(성능) 캘리그래피 19인치 7인승,"81,625,475원","85,870,000원","4,080,000원","2,720,000원","1,360,000원","700,000원","540,000원","160,000원","76,845,475원"
경기도,과천시,https://www.hyundai.com/contents/repn-car/side-w/ioniq9-27my-well-side.png,아이오닉 9,4WD(성능) 캘리그래피 21인치 7인승,"81,625,475원","85,870,000원","4,080,000원","2,720,000원","1,360,000원","700,000원","540,000원","160,000원","76,845,475원"
경기도,과천시,https://www.hyundai.com/contents/repn-car/side-w/ioniq9-27my-well-side.png,아이오닉 9,4WD(항속) 캘리그래피 19인치 6인승,"82,262,357원","86,540,000원","4,060,000원","2,710,000원","1,350,000원","700,000원","540,000원","160,000원","77,502,357원"
경기도,과천시,https://www.hyundai.com/contents/repn-car/side-w/ioniq9-27my-well-side.png,아이오닉 9,4WD(항속) 캘리그래피 21인치 6인승,"82,262,357원","86,540,000원","4,060,000원","2,710,000원","1,350,000원","700,000원","540,000원","160,000원","77,502,357원"
경기도,과천시,https://www.hyundai.com/contents/repn-car/side-w/ioniq9-27my-well-side.png,아이오닉 9,4WD(성능) 캘리그래피 19인치 6인승,"83,149,999원","87,440,000원","4,080,000원","2,720,000원","1,360,000원","700,000원","540,000원","160,000원","78,369,999원"
경기도,과천시,https://www.hyundai.com/contents/repn-car/side-w/ioniq9-27my-well-side.png,아이오닉 9,4WD(성능) 캘리그래피 21인치 6인승,"83,149,999원","87,440,000원","4,080,000원","2,720,000원","1,360,000원","700,000원","540,000원","160,000원","78,369,999원"
경기도,과천시,https://www.hyundai.com/contents/repn-car/side-w/Electrified-GV70-27MY.png,Electrified GV70,ELECTRIFIED GV70 AWD 19인치,"75,798,478원","79,740,000원","3,910,000원","2,610,000원","1,300,000원","680,000원","520,000원","160,000원","71,208,478원"
경기도,과천시,https://www.hyundai.com/contents/repn-car/side-w/Electrified-GV70-27MY.png,Electrified GV70,ELECTRIFIED GV70 AWD 20인치,"76,558,935원","80,540,000원","3,670,000원","2,450,000원","1,220,000원","640,000원","490,000원","150,000원","72,248,935원"
경기도,과천시,https://www.hyundai.com/contents/repn-car/side-w/ioniq6-n-25lc-well-side.png,아이오닉 6 N,4WD N,"79,904,942원","84,060,000원","3,750,000원","2,500,000원","1,250,000원","650,000원","500,000원","150,000원","75,504,942원"
경기도,과천시,https://www.hyundai.com/contents/repn-car/side-w/g80_ev_27my-well-side.png,Electrified G80,ELECTRIFIED G80,"84,790,000원","89,080,000원","4,050,000원","2,700,000원","1,350,000원","700,000원","540,000원","160,000원","80,040,000원"
경기도,과천시,https://www.hyundai.com/contents/repn-car/side-w/g80_ev_27my-well-side.png,Electrified G80,ELECTRIFIED G80,"87,790,000원","92,080,000원","4,050,000원","2,700,000원","1,350,000원","700,000원","540,000원","160,000원","83,040,000원"
경기도,과천시,https://www.hyundai.com/contents/repn-car/side-w/the-new-staria-limousine-electric-27pe-well-side.png,더 뉴 스타리아 리무진 Electric,2WD 오토 Inspiration 리무진,"84,820,000원","89,110,000원","3,430,000원","2,290,000원","1,140,000원","600,000원","460,000원","140,000원","80,790,000원"
경기도,과천시,https://www.hyundai.com/contents/repn-car/side-w/porter2-electric-26my-well-side.png,포터 II Electric ,오토 스타일스페셜,"43,500,000원","43,500,000원","15,480,000원","9,680,000원","5,800,000원","1,300,000원","1,000,000원","300,000원","26,720,000원"
경기도,과천시,https://www.hyundai.com/contents/repn-car/side-w/porter2-electric-26my-well-side.png,포터 II Electric ,오토 스마트스페셜,"44,850,000원","44,850,000원","15,480,000원","9,680,000원","5,800,000원","1,300,000원","1,000,000원","300,000원","28,070,000원"
경기도,과천시,https://www.hyundai.com/contents/repn-car/side-w/porter2-electric-26my-well-side.png,포터 II Electric ,오토 프리미엄스페셜,"46,450,000원","46,450,000원","15,480,000원","9,680,000원","5,800,000원","1,300,000원","1,000,000원","300,000원","29,670,000원"
경기도,과천시,https://www.hyundai.com/contents/repn-car/side-w/porter2-electric-built-in-truck-26my-45side.png,포터II Electric 내장탑차,오토 스마트스페셜 저상,"49,030,000원","49,030,000원","12,480,000원","7,800,000원","4,680,000원","1,200,000원","920,000원","280,000원","35,350,000원"
경기도,과천시,https://www.hyundai.com/contents/repn-car/side-w/porter2-electric-built-in-truck-26my-45side.png,포터II Electric 내장탑차,오토 스마트스페셜,"50,250,000원","50,250,000원","12,480,000원","7,800,000원","4,680,000원","1,200,000원","920,000원","280,000원","36,570,000원"
경기도,과천시,https://www.hyundai.com/contents/repn-car/side-w/porter2-electric-built-in-truck-26my-45side.png,포터II Electric 내장탑차,오토 스마트스페셜 하이,"51,130,000원","51,130,000원","12,480,000원","7,800,000원","4,680,000원","1,200,000원","920,000원","280,000원","37,450,000원"
경기도,과천시,https://www.hyundai.com/contents/repn-car/side-w/porter2-electric-powergate-truck-26my-45side.png,포터II Electric 파워게이트,오토 스마트스페셜,"50,000,000원","50,000,000원","12,480,000원","7,800,000원","4,680,000원","1,200,000원","920,000원","280,000원","36,320,000원"
경기도,과천시,https://www.hyundai.com/contents/repn-car/side-w/porter2-electric-wingbody-26my-45side.png,포터II Electric 윙바디,오토 스마트스페셜 수동식,"51,030,000원","51,030,000원","12,480,000원","7,800,000원","4,680,000원","1,200,000원","920,000원","280,000원","37,350,000원"
경기도,과천시,https://www.hyundai.com/contents/repn-car/side-w/porter2-electric-wingbody-26my-45side.png,포터II Electric 윙바디,오토 스마트스페셜 전동식,"55,240,000원","55,240,000원","12,480,000원","7,800,000원","4,680,000원","1,200,000원","920,000원","280,000원","41,560,000원"
경기도,과천시,https://www.hyundai.com/contents/repn-car/side-w/the-new-staria-electric-27pe-well-side.png,더 뉴 스타리아 Electric,2WD 오토 Modern 3인승,"57,920,000원","57,920,000원","19,200,000원","12,000,000원","7,200,000원","1,300,000원","1,000,000원","300,000원","37,420,000원"
경기도,과천시,https://www.hyundai.com/contents/repn-car/side-w/the-new-staria-electric-27pe-well-side.png,더 뉴 스타리아 Electric,2WD 오토 Modern 5인승,"58,700,000원","58,700,000원","19,200,000원","12,000,000원","7,200,000원","1,300,000원","1,000,000원","300,000원","38,200,000원"
경기도,과천시,https://www.hyundai.com/contents/repn-car/side-w/st1-hightop-27my-well-side.png,ST1 하이탑차,오토 스마트,"58,830,000원","58,830,000원","17,600,000원","11,000,000원","6,600,000원","1,300,000원","1,000,000원","300,000원","39,930,000원"
경기도,과천시,https://www.hyundai.com/contents/repn-car/side-w/st1-27my-well-side.png,ST1 카고,오토 스타일,"59,460,000원","59,460,000원","19,200,000원","12,000,000원","7,200,000원","1,300,000원","1,000,000원","300,000원","38,960,000원"
경기도,과천시,https://www.hyundai.com/contents/repn-car/side-w/st1-27my-well-side.png,ST1 카고,오토 스마트,"61,230,000원","61,230,000원","19,200,000원","12,000,000원","7,200,000원","1,300,000원","1,000,000원","300,000원","40,730,000원"
경기도,과천시,https://www.hyundai.com/contents/repn-car/side-w/st1-27my-well-side.png,ST1 카고,오토 프리미엄,"65,710,000원","65,710,000원","19,200,000원","12,000,000원","7,200,000원","1,300,000원","1,000,000원","300,000원","45,210,000원"
경기도,과천시,https://www.hyundai.com/contents/repn-car/side-w/st1-freezer-truck-27my-well-side.png,ST1 카고 냉동,오토 스마트,"69,580,000원","69,580,000원","23,200,000원","14,500,000원","8,700,000원","1,300,000원","1,000,000원","300,000원","45,080,000원"
경기도,과천시,https://www.hyundai.com/contents/repn-car/side-w/st1-freezer-truck-27my-well-side.png,ST1 카고 냉동,오토 프리미엄,"74,060,000원","74,060,000원","23,200,000원","14,500,000원","8,700,000원","1,300,000원","1,000,000원","300,000원","49,560,000원"
경기도,과천시,https://www.hyundai.com/contents/repn-car/side-w/the-new-staria-electric-27pe-well-side.png,더 뉴 스타리아 Electric,2WD 오토 Modern 11인승,"60,290,000원","60,290,000원","19,500,000원","15,000,000원","4,500,000원",0원,0원,0원,"40,790,000원"
경기도,과천시,https://www.hyundai.com/contents/repn-car/side-w/the-new-staria-lounge-electric-27pe-well-side.png,더 뉴 스타리아 라운지 Electric,2WD 오토 Prestige 11인승 라운지,"65,490,000원","65,490,000원","19,500,000원","15,000,000원","4,500,000원",0원,0원,0원,"45,990,000원"
경기도,과천시,https://www.hyundai.com/contents/repn-car/side-w/nexo-27my-well-side.png,넥쏘,2WD 모던,"76,470,532원","80,447,000원","32,500,000원","22,500,000원","10,000,000원",0원,0원,0원,"43,970,532원"
경기도,과천시,https://www.hyundai.com/contents/repn-car/side-w/nexo-27my-well-side.png,넥쏘,2WD 익스클루시브,"79,369,771원","83,497,000원","32,500,000원","22,500,000원","10,000,000원",0원,0원,0원,"46,869,771원"
경기도,과천시,https://www.hyundai.com/contents/repn-car/side-w/nexo-27my-well-side.png,넥쏘,2WD 프레스티지,"83,789,923원","88,147,000원","32,500,000원","22,500,000원","10,000,000원",0원,0원,0원,"51,289,923원"
경기도,가평군,https://www.hyundai.com/contents/repn-car/side-w/casper_ev_26my_well_side.png,2027 캐스퍼 일렉트릭,캐스퍼 일렉트릭 기본형 15인치,"28,469,581원","29,950,000원","6,530,000원","4,900,000원","1,630,000원","1,270,000원","980,000원","290,000원","20,669,581원"
경기도,가평군,https://www.hyundai.com/contents/repn-car/side-w/casper_ev_26my_well_side.png,2027 캐스퍼 일렉트릭,캐스퍼 일렉트릭 항속형 15인치,"32,119,772원","33,790,000원","6,530,000원","4,900,000원","1,630,000원","1,270,000원","980,000원","290,000원","24,319,772원"
경기도,가평군,https://www.hyundai.com/contents/repn-car/side-w/casper_ev_26my_well_side.png,2027 캐스퍼 일렉트릭,캐스퍼 일렉트릭 항속형 17인치,"32,119,772원","33,790,000원","6,530,000원","4,900,000원","1,630,000원","1,270,000원","980,000원","290,000원","24,319,772원"
경기도,가평군,https://www.hyundai.com/contents/repn-car/side-w/casper_ev_26my_well_side.png,2027 캐스퍼 일렉트릭,캐스퍼 일렉트릭 크로스 17인치,"34,125,474원","35,900,000원","6,490,000원","4,870,000원","1,620,000원","1,260,000원","970,000원","290,000원","26,375,474원"
경기도,가평군,https://www.hyundai.com/contents/repn-car/side-w/casper_ev_26my_well_side.png,2027 캐스퍼 일렉트릭,캐스퍼 일렉트릭 라운지 17인치,"34,572,243원","36,370,000원","6,530,000원","4,900,000원","1,630,000원","1,270,000원","980,000원","290,000원","26,772,243원"
경기도,가평군,https://www.hyundai.com/contents/repn-car/side-w/kona-electric-25my-well-side.png,코나 Electric,기본형 E-Value +,"41,520,912원","43,680,000원","5,820,000원","4,370,000원","1,450,000원","1,130,000원","870,000원","260,000원","34,570,912원"
경기도,가평군,https://www.hyundai.com/contents/repn-car/side-w/kona-electric-25my-well-side.png,코나 Electric,기본형 Premium,"43,564,638원","45,830,000원","5,820,000원","4,370,000원","1,450,000원","1,130,000원","870,000원","260,000원","36,614,638원"
경기도,가평군,https://www.hyundai.com/contents/repn-car/side-w/kona-electric-25my-well-side.png,코나 Electric,항속형 Modern plus,"45,655,893원","48,030,000원","6,850,000원","5,140,000원","1,710,000원","1,300,000원","1,000,000원","300,000원","37,505,893원"
경기도,가평군,https://www.hyundai.com/contents/repn-car/side-w/kona-electric-25my-well-side.png,코나 Electric,항속형 Modern plus 스타일 Ⅱ,"45,655,893원","48,030,000원","6,850,000원","5,140,000원","1,710,000원","1,300,000원","1,000,000원","300,000원","37,505,893원"
경기도,가평군,https://www.hyundai.com/contents/repn-car/side-w/kona-electric-25my-well-side.png,코나 Electric,항속형 Premium,"46,568,440원","48,990,000원","6,850,000원","5,140,000원","1,710,000원","1,300,000원","1,000,000원","300,000원","38,418,440원"
경기도,가평군,https://www.hyundai.com/contents/repn-car/side-w/kona-electric-25my-well-side.png,코나 Electric,항속형 Premium 빌트인 캠 2,"46,568,440원","48,990,000원","6,850,000원","5,140,000원","1,710,000원","1,300,000원","1,000,000원","300,000원","38,418,440원"
경기도,가평군,https://www.hyundai.com/contents/repn-car/side-w/kona-electric-25my-well-side.png,코나 Electric,항속형 Premium 스타일 Ⅱ,"46,568,440원","48,990,000원","6,850,000원","5,140,000원","1,710,000원","1,300,000원","1,000,000원","300,000원","38,418,440원"
경기도,가평군,https://www.hyundai.com/contents/repn-car/side-w/kona-electric-25my-well-side.png,코나 Electric,항속형 Inspiration,"49,923,954원","52,520,000원","6,120,000원","4,590,000원","1,530,000원","1,200,000원","920,000원","280,000원","42,603,954원"
경기도,가평군,https://www.hyundai.com/contents/repn-car/side-w/kona-electric-25my-well-side.png,코나 Electric,항속형 N Line Inspiration,"50,865,018원","53,510,000원","6,120,000원","4,590,000원","1,530,000원","1,200,000원","920,000원","280,000원","43,545,018원"
경기도,가평군,https://www.hyundai.com/contents/repn-car/side-w/ioniq5-27my-well-side.png,아이오닉 5,2WD E-Value +(스탠다드) 19인치,"47,347,908원","49,810,000원","6,440,000원","4,830,000원","1,610,000원","1,260,000원","970,000원","290,000원","39,647,908원"
경기도,가평군,https://www.hyundai.com/contents/repn-car/side-w/ioniq5-27my-well-side.png,아이오닉 5,2WD E-Lite(롱레인지) 19인치,"50,636,881원","53,270,000원","7,560,000원","5,670,000원","1,890,000원","1,300,000원","1,000,000원","300,000원","41,776,881원"
경기도,가평군,https://www.hyundai.com/contents/repn-car/side-w/ioniq5-27my-well-side.png,아이오닉 5,2WD 모던(롱레인지) 19인치,"52,899,239원","55,650,000원","7,560,000원","5,670,000원","1,890,000원","1,300,000원","1,000,000원","300,000원","44,039,239원"
경기도,가평군,https://www.hyundai.com/contents/repn-car/side-w/ioniq5-27my-well-side.png,아이오닉 5,4WD E-Lite(롱레인지) 19인치,"52,984,791원","55,740,000원","7,440,000원","5,580,000원","1,860,000원","1,300,000원","1,000,000원","300,000원","44,244,791원"
경기도,가평군,https://www.hyundai.com/contents/repn-car/side-w/ioniq5-27my-well-side.png,아이오닉 5,2WD 모던(롱레인지) 19인치 빌트인캠 2 + 증강현실 내비게이션,"52,899,239원","55,650,000원","7,560,000원","5,670,000원","1,890,000원","1,300,000원","1,000,000원","300,000원","44,039,239원"
경기도,가평군,https://www.hyundai.com/contents/repn-car/side-w/ioniq5-27my-well-side.png,아이오닉 5,4WD 모던(롱레인지) 19인치,"55,247,148원","58,120,000원","7,440,000원","5,580,000원","1,860,000원","1,300,000원","1,000,000원","300,000원","46,507,148원"
경기도,가평군,https://www.hyundai.com/contents/repn-car/side-w/ioniq5-27my-well-side.png,아이오닉 5,2WD 프리미엄(롱레인지) 19인치,"58,241,444원","61,270,000원","7,560,000원","5,670,000원","1,890,000원","1,300,000원","1,000,000원","300,000원","49,381,444원"
경기도,가평군,https://www.hyundai.com/contents/repn-car/side-w/ioniq5-27my-well-side.png,아이오닉 5,2WD 프리미엄(롱레인지) 19인치 빌트인캠 2 + 증강현실 내비게이션,"58,241,444원","61,270,000원","7,560,000원","5,670,000원","1,890,000원","1,300,000원","1,000,000원","300,000원","49,381,444원"
경기도,가평군,https://www.hyundai.com/contents/repn-car/side-w/ioniq5-27my-well-side.png,아이오닉 5,2WD 프리미엄(롱레인지) 20인치,"58,707,224원","61,760,000원","7,450,000원","5,590,000원","1,860,000원","1,300,000원","1,000,000원","300,000원","49,957,224원"
경기도,가평군,https://www.hyundai.com/contents/repn-car/side-w/ioniq5-27my-well-side.png,아이오닉 5,2WD N LINE(롱레인지) 20인치,"59,448,669원","62,540,000원","7,210,000원","5,410,000원","1,800,000원","1,300,000원","1,000,000원","300,000원","50,938,669원"
경기도,가평군,https://www.hyundai.com/contents/repn-car/side-w/ioniq5-27my-well-side.png,아이오닉 5,4WD 프리미엄(롱레인지) 19인치,"60,589,354원","63,740,000원","7,440,000원","5,580,000원","1,860,000원","1,300,000원","1,000,000원","300,000원","51,849,354원"
경기도,가평군,https://www.hyundai.com/contents/repn-car/side-w/ioniq5-27my-well-side.png,아이오닉 5,4WD 프리미엄(롱레인지) 20인치,"61,055,132원","64,230,000원","7,090,000원","5,320,000원","1,770,000원","1,300,000원","1,000,000원","300,000원","52,665,132원"
경기도,가평군,https://www.hyundai.com/contents/repn-car/side-w/ioniq5-27my-well-side.png,아이오닉 5,2WD 인스퍼레이션(롱레인지) 19인치,"61,283,270원","64,470,000원","7,560,000원","5,670,000원","1,890,000원","1,300,000원","1,000,000원","300,000원","52,423,270원"
경기도,가평군,https://www.hyundai.com/contents/repn-car/side-w/ioniq5-27my-well-side.png,아이오닉 5,2WD 인스퍼레이션(롱레인지) 19인치 빌트인캠 2 + 증강현실 내비게이션,"61,283,270원","64,470,000원","7,560,000원","5,670,000원","1,890,000원","1,300,000원","1,000,000원","300,000원","52,423,270원"
경기도,가평군,https://www.hyundai.com/contents/repn-car/side-w/ioniq5-27my-well-side.png,아이오닉 5,2WD 인스퍼레이션(롱레인지) 20인치,"61,749,048원","64,960,000원","7,450,000원","5,590,000원","1,860,000원","1,300,000원","1,000,000원","300,000원","52,999,048원"
경기도,가평군,https://www.hyundai.com/contents/repn-car/side-w/ioniq5-27my-well-side.png,아이오닉 5,4WD N LINE(롱레인지) 20인치,"61,796,577원","65,010,000원","6,800,000원","5,100,000원","1,700,000원","1,300,000원","1,000,000원","300,000원","53,696,577원"
경기도,가평군,https://www.hyundai.com/contents/repn-car/side-w/ioniq5-27my-well-side.png,아이오닉 5,4WD 인스퍼레이션(롱레인지) 19인치,"63,631,178원","66,940,000원","7,440,000원","5,580,000원","1,860,000원","1,300,000원","1,000,000원","300,000원","54,891,178원"
경기도,가평군,https://www.hyundai.com/contents/repn-car/side-w/ioniq5-27my-well-side.png,아이오닉 5,4WD 인스퍼레이션(롱레인지) 20인치,"64,096,958원","67,430,000원","7,090,000원","5,320,000원","1,770,000원","1,300,000원","1,000,000원","300,000원","55,706,958원"
경기도,가평군,https://www.hyundai.com/contents/repn-car/side-w/ioniq6-25fl-well-side.png,더 뉴 아이오닉 6,2WD E-Value +(스탠다드) 18인치,"48,564,639원","51,090,000원","7,460,000원","5,600,000원","1,860,000원","1,300,000원","1,000,000원","300,000원","39,804,639원"
경기도,가평군,https://www.hyundai.com/contents/repn-car/side-w/ioniq6-25fl-well-side.png,더 뉴 아이오닉 6,2WD E-LITE(롱레인지) 18인치,"50,636,881원","53,270,000원","7,600,000원","5,700,000원","1,900,000원","1,300,000원","1,000,000원","300,000원","41,736,881원"
경기도,가평군,https://www.hyundai.com/contents/repn-car/side-w/ioniq6-25fl-well-side.png,더 뉴 아이오닉 6,2WD Exclusive(스탠다드) 18인치,"50,950,570원","53,600,000원","7,460,000원","5,600,000원","1,860,000원","1,300,000원","1,000,000원","300,000원","42,190,570원"
경기도,가평군,https://www.hyundai.com/contents/repn-car/side-w/ioniq6-25fl-well-side.png,더 뉴 아이오닉 6,2WD E-LITE(롱레인지) 20인치,"51,197,719원","53,860,000원","7,600,000원","5,700,000원","1,900,000원","1,300,000원","1,000,000원","300,000원","42,297,719원"
경기도,가평군,https://www.hyundai.com/contents/repn-car/side-w/ioniq6-25fl-well-side.png,더 뉴 아이오닉 6,4WD E-LITE(롱레인지) 18인치,"52,984,791원","55,740,000원","7,600,000원","5,700,000원","1,900,000원","1,300,000원","1,000,000원","300,000원","44,084,791원"
경기도,가평군,https://www.hyundai.com/contents/repn-car/side-w/ioniq6-25fl-well-side.png,더 뉴 아이오닉 6,4WD E-LITE(롱레인지) 20인치,"53,545,627원","56,330,000원","7,370,000원","5,530,000원","1,840,000원","1,300,000원","1,000,000원","300,000원","44,875,627원"
경기도,가평군,https://www.hyundai.com/contents/repn-car/side-w/ioniq6-25fl-well-side.png,더 뉴 아이오닉 6,2WD Exclusive(롱레인지) 18인치,"55,152,091원","58,020,000원","7,600,000원","5,700,000원","1,900,000원","1,300,000원","1,000,000원","300,000원","46,252,091원"
경기도,가평군,https://www.hyundai.com/contents/repn-car/side-w/ioniq6-25fl-well-side.png,더 뉴 아이오닉 6,2WD Prestige(스탠다드) 18인치,"55,532,319원","58,420,000원","7,460,000원","5,600,000원","1,860,000원","1,300,000원","1,000,000원","300,000원","46,772,319원"
경기도,가평군,https://www.hyundai.com/contents/repn-car/side-w/ioniq6-25fl-well-side.png,더 뉴 아이오닉 6,2WD Exclusive(롱레인지) 20인치,"55,712,927원","58,610,000원","7,600,000원","5,700,000원","1,900,000원","1,300,000원","1,000,000원","300,000원","46,812,927원"
경기도,가평군,https://www.hyundai.com/contents/repn-car/side-w/ioniq6-25fl-well-side.png,더 뉴 아이오닉 6,2WD N Line Exclusive(롱레인지) 20인치,"57,452,472원","60,440,000원","7,600,000원","5,700,000원","1,900,000원","1,300,000원","1,000,000원","300,000원","48,552,472원"
경기도,가평군,https://www.hyundai.com/contents/repn-car/side-w/ioniq6-25fl-well-side.png,더 뉴 아이오닉 6,4WD Exclusive(롱레인지) 18인치,"57,499,999원","60,490,000원","7,600,000원","5,700,000원","1,900,000원","1,300,000원","1,000,000원","300,000원","48,599,999원"
경기도,가평군,https://www.hyundai.com/contents/repn-car/side-w/ioniq6-25fl-well-side.png,더 뉴 아이오닉 6,4WD Exclusive(롱레인지) 20인치,"58,060,836원","61,080,000원","7,370,000원","5,530,000원","1,840,000원","1,300,000원","1,000,000원","300,000원","49,390,836원"
경기도,가평군,https://www.hyundai.com/contents/repn-car/side-w/ioniq6-25fl-well-side.png,더 뉴 아이오닉 6,2WD Prestige(롱레인지) 18인치,"59,724,335원","62,830,000원","7,600,000원","5,700,000원","1,900,000원","1,300,000원","1,000,000원","300,000원","50,824,335원"
경기도,가평군,https://www.hyundai.com/contents/repn-car/side-w/ioniq6-25fl-well-side.png,더 뉴 아이오닉 6,4WD N Line Exclusive(롱레인지) 20인치,"59,800,380원","62,910,000원","7,160,000원","5,370,000원","1,790,000원","1,300,000원","1,000,000원","300,000원","51,340,380원"
경기도,가평군,https://www.hyundai.com/contents/repn-car/side-w/ioniq6-25fl-well-side.png,더 뉴 아이오닉 6,2WD Prestige(롱레인지) 20인치,"60,285,171원","63,420,000원","7,600,000원","5,700,000원","1,900,000원","1,300,000원","1,000,000원","300,000원","51,385,171원"
경기도,가평군,https://www.hyundai.com/contents/repn-car/side-w/ioniq6-25fl-well-side.png,더 뉴 아이오닉 6,2WD N Line Prestige(롱레인지) 20인치,"61,321,293원","64,510,000원","7,600,000원","5,700,000원","1,900,000원","1,300,000원","1,000,000원","300,000원","52,421,293원"
경기도,가평군,https://www.hyundai.com/contents/repn-car/side-w/ioniq6-25fl-well-side.png,더 뉴 아이오닉 6,4WD Prestige(롱레인지) 18인치,"62,072,243원","65,300,000원","7,600,000원","5,700,000원","1,900,000원","1,300,000원","1,000,000원","300,000원","53,172,243원"
경기도,가평군,https://www.hyundai.com/contents/repn-car/side-w/ioniq6-25fl-well-side.png,더 뉴 아이오닉 6,4WD Prestige(롱레인지) 20인치,"62,633,079원","65,890,000원","7,370,000원","5,530,000원","1,840,000원","1,300,000원","1,000,000원","300,000원","53,963,079원"
경기도,가평군,https://www.hyundai.com/contents/repn-car/side-w/ioniq6-25fl-well-side.png,더 뉴 아이오닉 6,4WD N Line Prestige(롱레인지) 20인치,"63,669,201원","66,980,000원","7,160,000원","5,370,000원","1,790,000원","1,300,000원","1,000,000원","300,000원","55,209,201원"
경기도,가평군,https://www.hyundai.com/contents/repn-car/side-w/the-new-staria-lounge-electric-27pe-well-side.png,더 뉴 스타리아 라운지 Electric,2WD 오토 Prestige 7인승,"63,593,156원","66,900,000원","3,050,000원","2,290,000원","760,000원","600,000원","460,000원","140,000원","59,943,156원"
경기도,가평군,https://www.hyundai.com/contents/repn-car/side-w/the-new-staria-lounge-electric-27pe-well-side.png,더 뉴 스타리아 라운지 Electric,2WD 오토 Inspiration 7인승,"67,309,885원","70,810,000원","3,050,000원","2,290,000원","760,000원","600,000원","460,000원","140,000원","63,659,885원"
경기도,가평군,https://www.hyundai.com/contents/repn-car/side-w/GV60-27MY.png,GV60,GV60 스탠다드 2WD 19인치,"64,904,943원","68,280,000원","3,800,000원","2,850,000원","950,000원","740,000원","570,000원","170,000원","60,364,943원"
경기도,가평군,https://www.hyundai.com/contents/repn-car/side-w/GV60-27MY.png,GV60,GV60 스탠다드 AWD 19인치,"72,080,000원","72,080,000원","3,620,000원","2,720,000원","900,000원","700,000원","540,000원","160,000원","67,760,000원"
경기도,가평군,https://www.hyundai.com/contents/repn-car/side-w/GV60-27MY.png,GV60,GV60 스탠다드 AWD 20인치,"74,380,000원","74,380,000원","3,480,000원","2,610,000원","870,000원","680,000원","520,000원","160,000원","70,220,000원"
경기도,가평군,https://www.hyundai.com/contents/repn-car/side-w/ioniq9-27my-well-side.png,아이오닉 9,2WD 익스클루시브 19인치 7인승,"67,585,551원","71,100,000원","3,650,000원","2,740,000원","910,000원","720,000원","550,000원","170,000원","63,215,551원"
경기도,가평군,https://www.hyundai.com/contents/repn-car/side-w/ioniq9-27my-well-side.png,아이오닉 9,2WD 익스클루시브 19인치 6인승,"68,165,399원","71,710,000원","3,650,000원","2,740,000원","910,000원","720,000원","550,000원","170,000원","63,795,399원"
경기도,가평군,https://www.hyundai.com/contents/repn-car/side-w/ioniq9-27my-well-side.png,아이오닉 9,4WD(항속) 익스클루시브 19인치 7인승,"70,247,148원","73,900,000원","3,610,000원","2,710,000원","900,000원","700,000원","540,000원","160,000원","65,937,148원"
경기도,가평군,https://www.hyundai.com/contents/repn-car/side-w/ioniq9-27my-well-side.png,아이오닉 9,4WD(항속) 익스클루시브 19인치 6인승,"70,826,995원","74,510,000원","3,610,000원","2,710,000원","900,000원","700,000원","540,000원","160,000원","66,516,995원"
경기도,가평군,https://www.hyundai.com/contents/repn-car/side-w/ioniq9-27my-well-side.png,아이오닉 9,4WD(성능) 익스클루시브 19인치 7인승,"71,102,661원","74,800,000원","3,620,000원","2,720,000원","900,000원","700,000원","540,000원","160,000원","66,782,661원"
경기도,가평군,https://www.hyundai.com/contents/repn-car/side-w/ioniq9-27my-well-side.png,아이오닉 9,4WD(성능) 익스클루시브 19인치 6인승,"71,682,509원","75,410,000원","3,620,000원","2,720,000원","900,000원","700,000원","540,000원","160,000원","67,362,509원"
경기도,가평군,https://www.hyundai.com/contents/repn-car/side-w/ioniq9-27my-well-side.png,아이오닉 9,2WD 프레스티지 19인치 7인승,"73,241,445원","77,050,000원","3,650,000원","2,740,000원","910,000원","720,000원","550,000원","170,000원","68,871,445원"
경기도,가평군,https://www.hyundai.com/contents/repn-car/side-w/ioniq9-27my-well-side.png,아이오닉 9,2WD 프레스티지 21인치 7인승,"73,241,445원","77,050,000원","3,650,000원","2,740,000원","910,000원","720,000원","550,000원","170,000원","68,871,445원"
경기도,가평군,https://www.hyundai.com/contents/repn-car/side-w/ioniq9-27my-well-side.png,아이오닉 9,2WD 프레스티지 19인치 6인승,"73,735,741원","77,570,000원","3,650,000원","2,740,000원","910,000원","720,000원","550,000원","170,000원","69,365,741원"
경기도,가평군,https://www.hyundai.com/contents/repn-car/side-w/ioniq9-27my-well-side.png,아이오닉 9,2WD 프레스티지 21인치 6인승,"73,735,741원","77,570,000원","3,650,000원","2,740,000원","910,000원","720,000원","550,000원","170,000원","69,365,741원"
경기도,가평군,https://www.hyundai.com/contents/repn-car/side-w/ioniq9-27my-well-side.png,아이오닉 9,4WD(항속) 프레스티지 19인치 7인승,"75,903,041원","79,850,000원","3,610,000원","2,710,000원","900,000원","700,000원","540,000원","160,000원","71,593,041원"
경기도,가평군,https://www.hyundai.com/contents/repn-car/side-w/ioniq9-27my-well-side.png,아이오닉 9,4WD(항속) 프레스티지 21인치 7인승,"75,903,041원","79,850,000원","3,610,000원","2,710,000원","900,000원","700,000원","540,000원","160,000원","71,593,041원"
경기도,가평군,https://www.hyundai.com/contents/repn-car/side-w/ioniq9-27my-well-side.png,아이오닉 9,4WD(항속) 프레스티지 19인치 6인승,"76,397,338원","80,370,000원","3,610,000원","2,710,000원","900,000원","700,000원","540,000원","160,000원","72,087,338원"
경기도,가평군,https://www.hyundai.com/contents/repn-car/side-w/ioniq9-27my-well-side.png,아이오닉 9,4WD(항속) 프레스티지 21인치 6인승,"76,397,338원","80,370,000원","3,610,000원","2,710,000원","900,000원","700,000원","540,000원","160,000원","72,087,338원"
경기도,가평군,https://www.hyundai.com/contents/repn-car/side-w/ioniq9-27my-well-side.png,아이오닉 9,4WD(성능) 프레스티지 19인치 7인승,"76,758,555원","80,750,000원","3,620,000원","2,720,000원","900,000원","700,000원","540,000원","160,000원","72,438,555원"
경기도,가평군,https://www.hyundai.com/contents/repn-car/side-w/ioniq9-27my-well-side.png,아이오닉 9,4WD(성능) 프레스티지 21인치 7인승,"76,758,555원","80,750,000원","3,620,000원","2,720,000원","900,000원","700,000원","540,000원","160,000원","72,438,555원"
경기도,가평군,https://www.hyundai.com/contents/repn-car/side-w/ioniq9-27my-well-side.png,아이오닉 9,4WD(성능) 프레스티지 19인치 6인승,"77,252,851원","81,270,000원","3,620,000원","2,720,000원","900,000원","700,000원","540,000원","160,000원","72,932,851원"
경기도,가평군,https://www.hyundai.com/contents/repn-car/side-w/ioniq9-27my-well-side.png,아이오닉 9,4WD(성능) 프레스티지 21인치 6인승,"77,252,851원","81,270,000원","3,620,000원","2,720,000원","900,000원","700,000원","540,000원","160,000원","72,932,851원"
경기도,가평군,https://www.hyundai.com/contents/repn-car/side-w/ioniq9-27my-well-side.png,아이오닉 9,2WD 캘리그래피 19인치 7인승,"78,108,365원","82,170,000원","3,650,000원","2,740,000원","910,000원","720,000원","550,000원","170,000원","73,738,365원"
경기도,가평군,https://www.hyundai.com/contents/repn-car/side-w/ioniq9-27my-well-side.png,아이오닉 9,2WD 캘리그래피 21인치 7인승,"78,108,365원","82,170,000원","3,650,000원","2,740,000원","910,000원","720,000원","550,000원","170,000원","73,738,365원"
경기도,가평군,https://www.hyundai.com/contents/repn-car/side-w/ioniq9-27my-well-side.png,아이오닉 9,2WD 캘리그래피 19인치 6인승,"79,600,760원","83,740,000원","3,650,000원","2,740,000원","910,000원","720,000원","550,000원","170,000원","75,230,760원"
경기도,가평군,https://www.hyundai.com/contents/repn-car/side-w/ioniq9-27my-well-side.png,아이오닉 9,2WD 캘리그래피 21인치 6인승,"79,600,760원","83,740,000원","3,650,000원","2,740,000원","910,000원","720,000원","550,000원","170,000원","75,230,760원"
경기도,가평군,https://www.hyundai.com/contents/repn-car/side-w/ioniq9-27my-well-side.png,아이오닉 9,4WD(항속) 캘리그래피 19인치 7인승,"80,769,961원","84,970,000원","3,610,000원","2,710,000원","900,000원","700,000원","540,000원","160,000원","76,459,961원"
경기도,가평군,https://www.hyundai.com/contents/repn-car/side-w/ioniq9-27my-well-side.png,아이오닉 9,4WD(항속) 캘리그래피 21인치 7인승,"80,769,961원","84,970,000원","3,610,000원","2,710,000원","900,000원","700,000원","540,000원","160,000원","76,459,961원"
경기도,가평군,https://www.hyundai.com/contents/repn-car/side-w/ioniq9-27my-well-side.png,아이오닉 9,4WD(성능) 캘리그래피 19인치 7인승,"81,625,475원","85,870,000원","3,620,000원","2,720,000원","900,000원","700,000원","540,000원","160,000원","77,305,475원"
경기도,가평군,https://www.hyundai.com/contents/repn-car/side-w/ioniq9-27my-well-side.png,아이오닉 9,4WD(성능) 캘리그래피 21인치 7인승,"81,625,475원","85,870,000원","3,620,000원","2,720,000원","900,000원","700,000원","540,000원","160,000원","77,305,475원"
경기도,가평군,https://www.hyundai.com/contents/repn-car/side-w/ioniq9-27my-well-side.png,아이오닉 9,4WD(항속) 캘리그래피 19인치 6인승,"82,262,357원","86,540,000원","3,610,000원","2,710,000원","900,000원","700,000원","540,000원","160,000원","77,952,357원"
경기도,가평군,https://www.hyundai.com/contents/repn-car/side-w/ioniq9-27my-well-side.png,아이오닉 9,4WD(항속) 캘리그래피 21인치 6인승,"82,262,357원","86,540,000원","3,610,000원","2,710,000원","900,000원","700,000원","540,000원","160,000원","77,952,357원"
경기도,가평군,https://www.hyundai.com/contents/repn-car/side-w/ioniq9-27my-well-side.png,아이오닉 9,4WD(성능) 캘리그래피 19인치 6인승,"83,149,999원","87,440,000원","3,620,000원","2,720,000원","900,000원","700,000원","540,000원","160,000원","78,829,999원"
경기도,가평군,https://www.hyundai.com/contents/repn-car/side-w/ioniq9-27my-well-side.png,아이오닉 9,4WD(성능) 캘리그래피 21인치 6인승,"83,149,999원","87,440,000원","3,620,000원","2,720,000원","900,000원","700,000원","540,000원","160,000원","78,829,999원"
경기도,가평군,https://www.hyundai.com/contents/repn-car/side-w/Electrified-GV70-27MY.png,Electrified GV70,ELECTRIFIED GV70 AWD 19인치,"75,798,478원","79,740,000원","3,480,000원","2,610,000원","870,000원","680,000원","520,000원","160,000원","71,638,478원"
경기도,가평군,https://www.hyundai.com/contents/repn-car/side-w/Electrified-GV70-27MY.png,Electrified GV70,ELECTRIFIED GV70 AWD 20인치,"76,558,935원","80,540,000원","3,260,000원","2,450,000원","810,000원","640,000원","490,000원","150,000원","72,658,935원"
경기도,가평군,https://www.hyundai.com/contents/repn-car/side-w/ioniq6-n-25lc-well-side.png,아이오닉 6 N,4WD N,"79,904,942원","84,060,000원","3,330,000원","2,500,000원","830,000원","650,000원","500,000원","150,000원","75,924,942원"
경기도,가평군,https://www.hyundai.com/contents/repn-car/side-w/g80_ev_27my-well-side.png,Electrified G80,ELECTRIFIED G80,"84,790,000원","89,080,000원","3,600,000원","2,700,000원","900,000원","700,000원","540,000원","160,000원","80,490,000원"
경기도,가평군,https://www.hyundai.com/contents/repn-car/side-w/g80_ev_27my-well-side.png,Electrified G80,ELECTRIFIED G80,"87,790,000원","92,080,000원","3,600,000원","2,700,000원","900,000원","700,000원","540,000원","160,000원","83,490,000원"
경기도,가평군,https://www.hyundai.com/contents/repn-car/side-w/the-new-staria-limousine-electric-27pe-well-side.png,더 뉴 스타리아 리무진 Electric,2WD 오토 Inspiration 리무진,"84,820,000원","89,110,000원","3,050,000원","2,290,000원","760,000원","600,000원","460,000원","140,000원","81,170,000원"
경기도,가평군,https://www.hyundai.com/contents/repn-car/side-w/porter2-electric-26my-well-side.png,포터 II Electric ,오토 스타일스페셜,"43,500,000원","43,500,000원","12,580,000원","9,680,000원","2,900,000원","1,300,000원","1,000,000원","300,000원","29,620,000원"
경기도,가평군,https://www.hyundai.com/contents/repn-car/side-w/porter2-electric-26my-well-side.png,포터 II Electric ,오토 스마트스페셜,"44,850,000원","44,850,000원","12,580,000원","9,680,000원","2,900,000원","1,300,000원","1,000,000원","300,000원","30,970,000원"
경기도,가평군,https://www.hyundai.com/contents/repn-car/side-w/porter2-electric-26my-well-side.png,포터 II Electric ,오토 프리미엄스페셜,"46,450,000원","46,450,000원","12,580,000원","9,680,000원","2,900,000원","1,300,000원","1,000,000원","300,000원","32,570,000원"
경기도,가평군,https://www.hyundai.com/contents/repn-car/side-w/porter2-electric-built-in-truck-26my-45side.png,포터II Electric 내장탑차,오토 스마트스페셜 저상,"49,030,000원","49,030,000원","10,140,000원","7,800,000원","2,340,000원","1,200,000원","920,000원","280,000원","37,690,000원"
경기도,가평군,https://www.hyundai.com/contents/repn-car/side-w/porter2-electric-built-in-truck-26my-45side.png,포터II Electric 내장탑차,오토 스마트스페셜,"50,250,000원","50,250,000원","10,140,000원","7,800,000원","2,340,000원","1,200,000원","920,000원","280,000원","38,910,000원"
경기도,가평군,https://www.hyundai.com/contents/repn-car/side-w/porter2-electric-built-in-truck-26my-45side.png,포터II Electric 내장탑차,오토 스마트스페셜 하이,"51,130,000원","51,130,000원","10,140,000원","7,800,000원","2,340,000원","1,200,000원","920,000원","280,000원","39,790,000원"
경기도,가평군,https://www.hyundai.com/contents/repn-car/side-w/porter2-electric-powergate-truck-26my-45side.png,포터II Electric 파워게이트,오토 스마트스페셜,"50,000,000원","50,000,000원","10,140,000원","7,800,000원","2,340,000원","1,200,000원","920,000원","280,000원","38,660,000원"
경기도,가평군,https://www.hyundai.com/contents/repn-car/side-w/porter2-electric-wingbody-26my-45side.png,포터II Electric 윙바디,오토 스마트스페셜 수동식,"51,030,000원","51,030,000원","10,140,000원","7,800,000원","2,340,000원","1,200,000원","920,000원","280,000원","39,690,000원"
경기도,가평군,https://www.hyundai.com/contents/repn-car/side-w/porter2-electric-wingbody-26my-45side.png,포터II Electric 윙바디,오토 스마트스페셜 전동식,"55,240,000원","55,240,000원","10,140,000원","7,800,000원","2,340,000원","1,200,000원","920,000원","280,000원","43,900,000원"
경기도,가평군,https://www.hyundai.com/contents/repn-car/side-w/the-new-staria-electric-27pe-well-side.png,더 뉴 스타리아 Electric,2WD 오토 Modern 3인승,"57,920,000원","57,920,000원","15,600,000원","12,000,000원","3,600,000원","1,300,000원","1,000,000원","300,000원","41,020,000원"
경기도,가평군,https://www.hyundai.com/contents/repn-car/side-w/the-new-staria-electric-27pe-well-side.png,더 뉴 스타리아 Electric,2WD 오토 Modern 5인승,"58,700,000원","58,700,000원","15,600,000원","12,000,000원","3,600,000원","1,300,000원","1,000,000원","300,000원","41,800,000원"
경기도,가평군,https://www.hyundai.com/contents/repn-car/side-w/st1-hightop-27my-well-side.png,ST1 하이탑차,오토 스마트,"58,830,000원","58,830,000원","14,300,000원","11,000,000원","3,300,000원","1,300,000원","1,000,000원","300,000원","43,230,000원"
경기도,가평군,https://www.hyundai.com/contents/repn-car/side-w/st1-27my-well-side.png,ST1 카고,오토 스타일,"59,460,000원","59,460,000원","15,600,000원","12,000,000원","3,600,000원","1,300,000원","1,000,000원","300,000원","42,560,000원"
경기도,가평군,https://www.hyundai.com/contents/repn-car/side-w/st1-27my-well-side.png,ST1 카고,오토 스마트,"61,230,000원","61,230,000원","15,600,000원","12,000,000원","3,600,000원","1,300,000원","1,000,000원","300,000원","44,330,000원"
경기도,가평군,https://www.hyundai.com/contents/repn-car/side-w/st1-27my-well-side.png,ST1 카고,오토 프리미엄,"65,710,000원","65,710,000원","15,600,000원","12,000,000원","3,600,000원","1,300,000원","1,000,000원","300,000원","48,810,000원"
경기도,가평군,https://www.hyundai.com/contents/repn-car/side-w/st1-freezer-truck-27my-well-side.png,ST1 카고 냉동,오토 스마트,"69,580,000원","69,580,000원","18,850,000원","14,500,000원","4,350,000원","1,300,000원","1,000,000원","300,000원","49,430,000원"
경기도,가평군,https://www.hyundai.com/contents/repn-car/side-w/st1-freezer-truck-27my-well-side.png,ST1 카고 냉동,오토 프리미엄,"74,060,000원","74,060,000원","18,850,000원","14,500,000원","4,350,000원","1,300,000원","1,000,000원","300,000원","53,910,000원"
경기도,가평군,https://www.hyundai.com/contents/repn-car/side-w/the-new-staria-electric-27pe-well-side.png,더 뉴 스타리아 Electric,2WD 오토 Modern 11인승,"60,290,000원","60,290,000원","19,500,000원","15,000,000원","4,500,000원",0원,0원,0원,"40,790,000원"
경기도,가평군,https://www.hyundai.com/contents/repn-car/side-w/the-new-staria-lounge-electric-27pe-well-side.png,더 뉴 스타리아 라운지 Electric,2WD 오토 Prestige 11인승 라운지,"65,490,000원","65,490,000원","19,500,000원","15,000,000원","4,500,000원",0원,0원,0원,"45,990,000원"
경기도,가평군,https://www.hyundai.com/contents/repn-car/side-w/nexo-27my-well-side.png,넥쏘,2WD 모던,"76,470,532원","80,447,000원","32,500,000원","22,500,000원","10,000,000원",0원,0원,0원,"43,970,532원"
경기도,가평군,https://www.hyundai.com/contents/repn-car/side-w/nexo-27my-well-side.png,넥쏘,2WD 익스클루시브,"79,369,771원","83,497,000원","32,500,000원","22,500,000원","10,000,000원",0원,0원,0원,"46,869,771원"
경기도,가평군,https://www.hyundai.com/contents/repn-car/side-w/nexo-27my-well-side.png,넥쏘,2WD 프레스티지,"83,789,923원","88,147,000원","32,500,000원","22,500,000원","10,000,000원",0원,0원,0원,"51,289,923원"
경기도,양평군,https://www.hyundai.com/contents/repn-car/side-w/casper_ev_26my_well_side.png,2027 캐스퍼 일렉트릭,캐스퍼 일렉트릭 기본형 15인치,"28,469,581원","29,950,000원","8,160,000원","4,900,000원","3,260,000원","1,270,000원","980,000원","290,000원","19,039,581원"
경기도,양평군,https://www.hyundai.com/contents/repn-car/side-w/casper_ev_26my_well_side.png,2027 캐스퍼 일렉트릭,캐스퍼 일렉트릭 항속형 15인치,"32,119,772원","33,790,000원","8,160,000원","4,900,000원","3,260,000원","1,270,000원","980,000원","290,000원","22,689,772원"
경기도,양평군,https://www.hyundai.com/contents/repn-car/side-w/casper_ev_26my_well_side.png,2027 캐스퍼 일렉트릭,캐스퍼 일렉트릭 항속형 17인치,"32,119,772원","33,790,000원","8,160,000원","4,900,000원","3,260,000원","1,270,000원","980,000원","290,000원","22,689,772원"
경기도,양평군,https://www.hyundai.com/contents/repn-car/side-w/casper_ev_26my_well_side.png,2027 캐스퍼 일렉트릭,캐스퍼 일렉트릭 크로스 17인치,"34,125,474원","35,900,000원","8,110,000원","4,870,000원","3,240,000원","1,260,000원","970,000원","290,000원","24,755,474원"
경기도,양평군,https://www.hyundai.com/contents/repn-car/side-w/casper_ev_26my_well_side.png,2027 캐스퍼 일렉트릭,캐스퍼 일렉트릭 라운지 17인치,"34,572,243원","36,370,000원","8,160,000원","4,900,000원","3,260,000원","1,270,000원","980,000원","290,000원","25,142,243원"
경기도,양평군,https://www.hyundai.com/contents/repn-car/side-w/kona-electric-25my-well-side.png,코나 Electric,기본형 E-Value +,"41,520,912원","43,680,000원","7,280,000원","4,370,000원","2,910,000원","1,130,000원","870,000원","260,000원","33,110,912원"
경기도,양평군,https://www.hyundai.com/contents/repn-car/side-w/kona-electric-25my-well-side.png,코나 Electric,기본형 Premium,"43,564,638원","45,830,000원","7,280,000원","4,370,000원","2,910,000원","1,130,000원","870,000원","260,000원","35,154,638원"
경기도,양평군,https://www.hyundai.com/contents/repn-car/side-w/kona-electric-25my-well-side.png,코나 Electric,항속형 Modern plus,"45,655,893원","48,030,000원","8,560,000원","5,140,000원","3,420,000원","1,300,000원","1,000,000원","300,000원","35,795,893원"
경기도,양평군,https://www.hyundai.com/contents/repn-car/side-w/kona-electric-25my-well-side.png,코나 Electric,항속형 Modern plus 스타일 Ⅱ,"45,655,893원","48,030,000원","8,560,000원","5,140,000원","3,420,000원","1,300,000원","1,000,000원","300,000원","35,795,893원"
경기도,양평군,https://www.hyundai.com/contents/repn-car/side-w/kona-electric-25my-well-side.png,코나 Electric,항속형 Premium,"46,568,440원","48,990,000원","8,560,000원","5,140,000원","3,420,000원","1,300,000원","1,000,000원","300,000원","36,708,440원"
경기도,양평군,https://www.hyundai.com/contents/repn-car/side-w/kona-electric-25my-well-side.png,코나 Electric,항속형 Premium 빌트인 캠 2,"46,568,440원","48,990,000원","8,560,000원","5,140,000원","3,420,000원","1,300,000원","1,000,000원","300,000원","36,708,440원"
경기도,양평군,https://www.hyundai.com/contents/repn-car/side-w/kona-electric-25my-well-side.png,코나 Electric,항속형 Premium 스타일 Ⅱ,"46,568,440원","48,990,000원","8,560,000원","5,140,000원","3,420,000원","1,300,000원","1,000,000원","300,000원","36,708,440원"
경기도,양평군,https://www.hyundai.com/contents/repn-car/side-w/kona-electric-25my-well-side.png,코나 Electric,항속형 Inspiration,"49,923,954원","52,520,000원","7,650,000원","4,590,000원","3,060,000원","1,200,000원","920,000원","280,000원","41,073,954원"
경기도,양평군,https://www.hyundai.com/contents/repn-car/side-w/kona-electric-25my-well-side.png,코나 Electric,항속형 N Line Inspiration,"50,865,018원","53,510,000원","7,650,000원","4,590,000원","3,060,000원","1,200,000원","920,000원","280,000원","42,015,018원"
경기도,양평군,https://www.hyundai.com/contents/repn-car/side-w/ioniq5-27my-well-side.png,아이오닉 5,2WD E-Value +(스탠다드) 19인치,"47,347,908원","49,810,000원","8,050,000원","4,830,000원","3,220,000원","1,260,000원","970,000원","290,000원","38,037,908원"
경기도,양평군,https://www.hyundai.com/contents/repn-car/side-w/ioniq5-27my-well-side.png,아이오닉 5,2WD E-Lite(롱레인지) 19인치,"50,636,881원","53,270,000원","9,450,000원","5,670,000원","3,780,000원","1,300,000원","1,000,000원","300,000원","39,886,881원"
경기도,양평군,https://www.hyundai.com/contents/repn-car/side-w/ioniq5-27my-well-side.png,아이오닉 5,2WD 모던(롱레인지) 19인치,"52,899,239원","55,650,000원","9,450,000원","5,670,000원","3,780,000원","1,300,000원","1,000,000원","300,000원","42,149,239원"
경기도,양평군,https://www.hyundai.com/contents/repn-car/side-w/ioniq5-27my-well-side.png,아이오닉 5,4WD E-Lite(롱레인지) 19인치,"52,984,791원","55,740,000원","9,300,000원","5,580,000원","3,720,000원","1,300,000원","1,000,000원","300,000원","42,384,791원"
경기도,양평군,https://www.hyundai.com/contents/repn-car/side-w/ioniq5-27my-well-side.png,아이오닉 5,2WD 모던(롱레인지) 19인치 빌트인캠 2 + 증강현실 내비게이션,"52,899,239원","55,650,000원","9,450,000원","5,670,000원","3,780,000원","1,300,000원","1,000,000원","300,000원","42,149,239원"
경기도,양평군,https://www.hyundai.com/contents/repn-car/side-w/ioniq5-27my-well-side.png,아이오닉 5,4WD 모던(롱레인지) 19인치,"55,247,148원","58,120,000원","9,300,000원","5,580,000원","3,720,000원","1,300,000원","1,000,000원","300,000원","44,647,148원"
경기도,양평군,https://www.hyundai.com/contents/repn-car/side-w/ioniq5-27my-well-side.png,아이오닉 5,2WD 프리미엄(롱레인지) 19인치,"58,241,444원","61,270,000원","9,450,000원","5,670,000원","3,780,000원","1,300,000원","1,000,000원","300,000원","47,491,444원"
경기도,양평군,https://www.hyundai.com/contents/repn-car/side-w/ioniq5-27my-well-side.png,아이오닉 5,2WD 프리미엄(롱레인지) 19인치 빌트인캠 2 + 증강현실 내비게이션,"58,241,444원","61,270,000원","9,450,000원","5,670,000원","3,780,000원","1,300,000원","1,000,000원","300,000원","47,491,444원"
경기도,양평군,https://www.hyundai.com/contents/repn-car/side-w/ioniq5-27my-well-side.png,아이오닉 5,2WD 프리미엄(롱레인지) 20인치,"58,707,224원","61,760,000원","9,310,000원","5,590,000원","3,720,000원","1,300,000원","1,000,000원","300,000원","48,097,224원"
경기도,양평군,https://www.hyundai.com/contents/repn-car/side-w/ioniq5-27my-well-side.png,아이오닉 5,2WD N LINE(롱레인지) 20인치,"59,448,669원","62,540,000원","9,010,000원","5,410,000원","3,600,000원","1,300,000원","1,000,000원","300,000원","49,138,669원"
경기도,양평군,https://www.hyundai.com/contents/repn-car/side-w/ioniq5-27my-well-side.png,아이오닉 5,4WD 프리미엄(롱레인지) 19인치,"60,589,354원","63,740,000원","9,300,000원","5,580,000원","3,720,000원","1,300,000원","1,000,000원","300,000원","49,989,354원"
경기도,양평군,https://www.hyundai.com/contents/repn-car/side-w/ioniq5-27my-well-side.png,아이오닉 5,4WD 프리미엄(롱레인지) 20인치,"61,055,132원","64,230,000원","8,860,000원","5,320,000원","3,540,000원","1,300,000원","1,000,000원","300,000원","50,895,132원"
경기도,양평군,https://www.hyundai.com/contents/repn-car/side-w/ioniq5-27my-well-side.png,아이오닉 5,2WD 인스퍼레이션(롱레인지) 19인치,"61,283,270원","64,470,000원","9,450,000원","5,670,000원","3,780,000원","1,300,000원","1,000,000원","300,000원","50,533,270원"
경기도,양평군,https://www.hyundai.com/contents/repn-car/side-w/ioniq5-27my-well-side.png,아이오닉 5,2WD 인스퍼레이션(롱레인지) 19인치 빌트인캠 2 + 증강현실 내비게이션,"61,283,270원","64,470,000원","9,450,000원","5,670,000원","3,780,000원","1,300,000원","1,000,000원","300,000원","50,533,270원"
경기도,양평군,https://www.hyundai.com/contents/repn-car/side-w/ioniq5-27my-well-side.png,아이오닉 5,2WD 인스퍼레이션(롱레인지) 20인치,"61,749,048원","64,960,000원","9,310,000원","5,590,000원","3,720,000원","1,300,000원","1,000,000원","300,000원","51,139,048원"
경기도,양평군,https://www.hyundai.com/contents/repn-car/side-w/ioniq5-27my-well-side.png,아이오닉 5,4WD N LINE(롱레인지) 20인치,"61,796,577원","65,010,000원","8,500,000원","5,100,000원","3,400,000원","1,300,000원","1,000,000원","300,000원","51,996,577원"
경기도,양평군,https://www.hyundai.com/contents/repn-car/side-w/ioniq5-27my-well-side.png,아이오닉 5,4WD 인스퍼레이션(롱레인지) 19인치,"63,631,178원","66,940,000원","9,300,000원","5,580,000원","3,720,000원","1,300,000원","1,000,000원","300,000원","53,031,178원"
경기도,양평군,https://www.hyundai.com/contents/repn-car/side-w/ioniq5-27my-well-side.png,아이오닉 5,4WD 인스퍼레이션(롱레인지) 20인치,"64,096,958원","67,430,000원","8,860,000원","5,320,000원","3,540,000원","1,300,000원","1,000,000원","300,000원","53,936,958원"
경기도,양평군,https://www.hyundai.com/contents/repn-car/side-w/ioniq6-25fl-well-side.png,더 뉴 아이오닉 6,2WD E-Value +(스탠다드) 18인치,"48,564,639원","51,090,000원","9,330,000원","5,600,000원","3,730,000원","1,300,000원","1,000,000원","300,000원","37,934,639원"
경기도,양평군,https://www.hyundai.com/contents/repn-car/side-w/ioniq6-25fl-well-side.png,더 뉴 아이오닉 6,2WD E-LITE(롱레인지) 18인치,"50,636,881원","53,270,000원","9,500,000원","5,700,000원","3,800,000원","1,300,000원","1,000,000원","300,000원","39,836,881원"
경기도,양평군,https://www.hyundai.com/contents/repn-car/side-w/ioniq6-25fl-well-side.png,더 뉴 아이오닉 6,2WD Exclusive(스탠다드) 18인치,"50,950,570원","53,600,000원","9,330,000원","5,600,000원","3,730,000원","1,300,000원","1,000,000원","300,000원","40,320,570원"
경기도,양평군,https://www.hyundai.com/contents/repn-car/side-w/ioniq6-25fl-well-side.png,더 뉴 아이오닉 6,2WD E-LITE(롱레인지) 20인치,"51,197,719원","53,860,000원","9,500,000원","5,700,000원","3,800,000원","1,300,000원","1,000,000원","300,000원","40,397,719원"
경기도,양평군,https://www.hyundai.com/contents/repn-car/side-w/ioniq6-25fl-well-side.png,더 뉴 아이오닉 6,4WD E-LITE(롱레인지) 18인치,"52,984,791원","55,740,000원","9,500,000원","5,700,000원","3,800,000원","1,300,000원","1,000,000원","300,000원","42,184,791원"
경기도,양평군,https://www.hyundai.com/contents/repn-car/side-w/ioniq6-25fl-well-side.png,더 뉴 아이오닉 6,4WD E-LITE(롱레인지) 20인치,"53,545,627원","56,330,000원","9,210,000원","5,530,000원","3,680,000원","1,300,000원","1,000,000원","300,000원","43,035,627원"
경기도,양평군,https://www.hyundai.com/contents/repn-car/side-w/ioniq6-25fl-well-side.png,더 뉴 아이오닉 6,2WD Exclusive(롱레인지) 18인치,"55,152,091원","58,020,000원","9,500,000원","5,700,000원","3,800,000원","1,300,000원","1,000,000원","300,000원","44,352,091원"
경기도,양평군,https://www.hyundai.com/contents/repn-car/side-w/ioniq6-25fl-well-side.png,더 뉴 아이오닉 6,2WD Prestige(스탠다드) 18인치,"55,532,319원","58,420,000원","9,330,000원","5,600,000원","3,730,000원","1,300,000원","1,000,000원","300,000원","44,902,319원"
경기도,양평군,https://www.hyundai.com/contents/repn-car/side-w/ioniq6-25fl-well-side.png,더 뉴 아이오닉 6,2WD Exclusive(롱레인지) 20인치,"55,712,927원","58,610,000원","9,500,000원","5,700,000원","3,800,000원","1,300,000원","1,000,000원","300,000원","44,912,927원"
경기도,양평군,https://www.hyundai.com/contents/repn-car/side-w/ioniq6-25fl-well-side.png,더 뉴 아이오닉 6,2WD N Line Exclusive(롱레인지) 20인치,"57,452,472원","60,440,000원","9,500,000원","5,700,000원","3,800,000원","1,300,000원","1,000,000원","300,000원","46,652,472원"
경기도,양평군,https://www.hyundai.com/contents/repn-car/side-w/ioniq6-25fl-well-side.png,더 뉴 아이오닉 6,4WD Exclusive(롱레인지) 18인치,"57,499,999원","60,490,000원","9,500,000원","5,700,000원","3,800,000원","1,300,000원","1,000,000원","300,000원","46,699,999원"
경기도,양평군,https://www.hyundai.com/contents/repn-car/side-w/ioniq6-25fl-well-side.png,더 뉴 아이오닉 6,4WD Exclusive(롱레인지) 20인치,"58,060,836원","61,080,000원","9,210,000원","5,530,000원","3,680,000원","1,300,000원","1,000,000원","300,000원","47,550,836원"
경기도,양평군,https://www.hyundai.com/contents/repn-car/side-w/ioniq6-25fl-well-side.png,더 뉴 아이오닉 6,2WD Prestige(롱레인지) 18인치,"59,724,335원","62,830,000원","9,500,000원","5,700,000원","3,800,000원","1,300,000원","1,000,000원","300,000원","48,924,335원"
경기도,양평군,https://www.hyundai.com/contents/repn-car/side-w/ioniq6-25fl-well-side.png,더 뉴 아이오닉 6,4WD N Line Exclusive(롱레인지) 20인치,"59,800,380원","62,910,000원","8,950,000원","5,370,000원","3,580,000원","1,300,000원","1,000,000원","300,000원","49,550,380원"
경기도,양평군,https://www.hyundai.com/contents/repn-car/side-w/ioniq6-25fl-well-side.png,더 뉴 아이오닉 6,2WD Prestige(롱레인지) 20인치,"60,285,171원","63,420,000원","9,500,000원","5,700,000원","3,800,000원","1,300,000원","1,000,000원","300,000원","49,485,171원"
경기도,양평군,https://www.hyundai.com/contents/repn-car/side-w/ioniq6-25fl-well-side.png,더 뉴 아이오닉 6,2WD N Line Prestige(롱레인지) 20인치,"61,321,293원","64,510,000원","9,500,000원","5,700,000원","3,800,000원","1,300,000원","1,000,000원","300,000원","50,521,293원"
경기도,양평군,https://www.hyundai.com/contents/repn-car/side-w/ioniq6-25fl-well-side.png,더 뉴 아이오닉 6,4WD Prestige(롱레인지) 18인치,"62,072,243원","65,300,000원","9,500,000원","5,700,000원","3,800,000원","1,300,000원","1,000,000원","300,000원","51,272,243원"
경기도,양평군,https://www.hyundai.com/contents/repn-car/side-w/ioniq6-25fl-well-side.png,더 뉴 아이오닉 6,4WD Prestige(롱레인지) 20인치,"62,633,079원","65,890,000원","9,210,000원","5,530,000원","3,680,000원","1,300,000원","1,000,000원","300,000원","52,123,079원"
경기도,양평군,https://www.hyundai.com/contents/repn-car/side-w/ioniq6-25fl-well-side.png,더 뉴 아이오닉 6,4WD N Line Prestige(롱레인지) 20인치,"63,669,201원","66,980,000원","8,950,000원","5,370,000원","3,580,000원","1,300,000원","1,000,000원","300,000원","53,419,201원"
경기도,양평군,https://www.hyundai.com/contents/repn-car/side-w/the-new-staria-lounge-electric-27pe-well-side.png,더 뉴 스타리아 라운지 Electric,2WD 오토 Prestige 7인승,"63,593,156원","66,900,000원","3,810,000원","2,290,000원","1,520,000원","600,000원","460,000원","140,000원","59,183,156원"
경기도,양평군,https://www.hyundai.com/contents/repn-car/side-w/the-new-staria-lounge-electric-27pe-well-side.png,더 뉴 스타리아 라운지 Electric,2WD 오토 Inspiration 7인승,"67,309,885원","70,810,000원","3,810,000원","2,290,000원","1,520,000원","600,000원","460,000원","140,000원","62,899,885원"
경기도,양평군,https://www.hyundai.com/contents/repn-car/side-w/GV60-27MY.png,GV60,GV60 스탠다드 2WD 19인치,"64,904,943원","68,280,000원","4,750,000원","2,850,000원","1,900,000원","740,000원","570,000원","170,000원","59,414,943원"
경기도,양평군,https://www.hyundai.com/contents/repn-car/side-w/GV60-27MY.png,GV60,GV60 스탠다드 AWD 19인치,"72,080,000원","72,080,000원","4,530,000원","2,720,000원","1,810,000원","700,000원","540,000원","160,000원","66,850,000원"
경기도,양평군,https://www.hyundai.com/contents/repn-car/side-w/GV60-27MY.png,GV60,GV60 스탠다드 AWD 20인치,"74,380,000원","74,380,000원","4,350,000원","2,610,000원","1,740,000원","680,000원","520,000원","160,000원","69,350,000원"
경기도,양평군,https://www.hyundai.com/contents/repn-car/side-w/ioniq9-27my-well-side.png,아이오닉 9,2WD 익스클루시브 19인치 7인승,"67,585,551원","71,100,000원","4,560,000원","2,740,000원","1,820,000원","720,000원","550,000원","170,000원","62,305,551원"
경기도,양평군,https://www.hyundai.com/contents/repn-car/side-w/ioniq9-27my-well-side.png,아이오닉 9,2WD 익스클루시브 19인치 6인승,"68,165,399원","71,710,000원","4,560,000원","2,740,000원","1,820,000원","720,000원","550,000원","170,000원","62,885,399원"
경기도,양평군,https://www.hyundai.com/contents/repn-car/side-w/ioniq9-27my-well-side.png,아이오닉 9,4WD(항속) 익스클루시브 19인치 7인승,"70,247,148원","73,900,000원","4,510,000원","2,710,000원","1,800,000원","700,000원","540,000원","160,000원","65,037,148원"
경기도,양평군,https://www.hyundai.com/contents/repn-car/side-w/ioniq9-27my-well-side.png,아이오닉 9,4WD(항속) 익스클루시브 19인치 6인승,"70,826,995원","74,510,000원","4,510,000원","2,710,000원","1,800,000원","700,000원","540,000원","160,000원","65,616,995원"
경기도,양평군,https://www.hyundai.com/contents/repn-car/side-w/ioniq9-27my-well-side.png,아이오닉 9,4WD(성능) 익스클루시브 19인치 7인승,"71,102,661원","74,800,000원","4,530,000원","2,720,000원","1,810,000원","700,000원","540,000원","160,000원","65,872,661원"
경기도,양평군,https://www.hyundai.com/contents/repn-car/side-w/ioniq9-27my-well-side.png,아이오닉 9,4WD(성능) 익스클루시브 19인치 6인승,"71,682,509원","75,410,000원","4,530,000원","2,720,000원","1,810,000원","700,000원","540,000원","160,000원","66,452,509원"
경기도,양평군,https://www.hyundai.com/contents/repn-car/side-w/ioniq9-27my-well-side.png,아이오닉 9,2WD 프레스티지 19인치 7인승,"73,241,445원","77,050,000원","4,560,000원","2,740,000원","1,820,000원","720,000원","550,000원","170,000원","67,961,445원"
경기도,양평군,https://www.hyundai.com/contents/repn-car/side-w/ioniq9-27my-well-side.png,아이오닉 9,2WD 프레스티지 21인치 7인승,"73,241,445원","77,050,000원","4,560,000원","2,740,000원","1,820,000원","720,000원","550,000원","170,000원","67,961,445원"
경기도,양평군,https://www.hyundai.com/contents/repn-car/side-w/ioniq9-27my-well-side.png,아이오닉 9,2WD 프레스티지 19인치 6인승,"73,735,741원","77,570,000원","4,560,000원","2,740,000원","1,820,000원","720,000원","550,000원","170,000원","68,455,741원"
경기도,양평군,https://www.hyundai.com/contents/repn-car/side-w/ioniq9-27my-well-side.png,아이오닉 9,2WD 프레스티지 21인치 6인승,"73,735,741원","77,570,000원","4,560,000원","2,740,000원","1,820,000원","720,000원","550,000원","170,000원","68,455,741원"
경기도,양평군,https://www.hyundai.com/contents/repn-car/side-w/ioniq9-27my-well-side.png,아이오닉 9,4WD(항속) 프레스티지 19인치 7인승,"75,903,041원","79,850,000원","4,510,000원","2,710,000원","1,800,000원","700,000원","540,000원","160,000원","70,693,041원"
경기도,양평군,https://www.hyundai.com/contents/repn-car/side-w/ioniq9-27my-well-side.png,아이오닉 9,4WD(항속) 프레스티지 21인치 7인승,"75,903,041원","79,850,000원","4,510,000원","2,710,000원","1,800,000원","700,000원","540,000원","160,000원","70,693,041원"
경기도,양평군,https://www.hyundai.com/contents/repn-car/side-w/ioniq9-27my-well-side.png,아이오닉 9,4WD(항속) 프레스티지 19인치 6인승,"76,397,338원","80,370,000원","4,510,000원","2,710,000원","1,800,000원","700,000원","540,000원","160,000원","71,187,338원"
경기도,양평군,https://www.hyundai.com/contents/repn-car/side-w/ioniq9-27my-well-side.png,아이오닉 9,4WD(항속) 프레스티지 21인치 6인승,"76,397,338원","80,370,000원","4,510,000원","2,710,000원","1,800,000원","700,000원","540,000원","160,000원","71,187,338원"
경기도,양평군,https://www.hyundai.com/contents/repn-car/side-w/ioniq9-27my-well-side.png,아이오닉 9,4WD(성능) 프레스티지 19인치 7인승,"76,758,555원","80,750,000원","4,530,000원","2,720,000원","1,810,000원","700,000원","540,000원","160,000원","71,528,555원"
경기도,양평군,https://www.hyundai.com/contents/repn-car/side-w/ioniq9-27my-well-side.png,아이오닉 9,4WD(성능) 프레스티지 21인치 7인승,"76,758,555원","80,750,000원","4,530,000원","2,720,000원","1,810,000원","700,000원","540,000원","160,000원","71,528,555원"
경기도,양평군,https://www.hyundai.com/contents/repn-car/side-w/ioniq9-27my-well-side.png,아이오닉 9,4WD(성능) 프레스티지 19인치 6인승,"77,252,851원","81,270,000원","4,530,000원","2,720,000원","1,810,000원","700,000원","540,000원","160,000원","72,022,851원"
경기도,양평군,https://www.hyundai.com/contents/repn-car/side-w/ioniq9-27my-well-side.png,아이오닉 9,4WD(성능) 프레스티지 21인치 6인승,"77,252,851원","81,270,000원","4,530,000원","2,720,000원","1,810,000원","700,000원","540,000원","160,000원","72,022,851원"
경기도,양평군,https://www.hyundai.com/contents/repn-car/side-w/ioniq9-27my-well-side.png,아이오닉 9,2WD 캘리그래피 19인치 7인승,"78,108,365원","82,170,000원","4,560,000원","2,740,000원","1,820,000원","720,000원","550,000원","170,000원","72,828,365원"
경기도,양평군,https://www.hyundai.com/contents/repn-car/side-w/ioniq9-27my-well-side.png,아이오닉 9,2WD 캘리그래피 21인치 7인승,"78,108,365원","82,170,000원","4,560,000원","2,740,000원","1,820,000원","720,000원","550,000원","170,000원","72,828,365원"
경기도,양평군,https://www.hyundai.com/contents/repn-car/side-w/ioniq9-27my-well-side.png,아이오닉 9,2WD 캘리그래피 19인치 6인승,"79,600,760원","83,740,000원","4,560,000원","2,740,000원","1,820,000원","720,000원","550,000원","170,000원","74,320,760원"
경기도,양평군,https://www.hyundai.com/contents/repn-car/side-w/ioniq9-27my-well-side.png,아이오닉 9,2WD 캘리그래피 21인치 6인승,"79,600,760원","83,740,000원","4,560,000원","2,740,000원","1,820,000원","720,000원","550,000원","170,000원","74,320,760원"
경기도,양평군,https://www.hyundai.com/contents/repn-car/side-w/ioniq9-27my-well-side.png,아이오닉 9,4WD(항속) 캘리그래피 19인치 7인승,"80,769,961원","84,970,000원","4,510,000원","2,710,000원","1,800,000원","700,000원","540,000원","160,000원","75,559,961원"
경기도,양평군,https://www.hyundai.com/contents/repn-car/side-w/ioniq9-27my-well-side.png,아이오닉 9,4WD(항속) 캘리그래피 21인치 7인승,"80,769,961원","84,970,000원","4,510,000원","2,710,000원","1,800,000원","700,000원","540,000원","160,000원","75,559,961원"
경기도,양평군,https://www.hyundai.com/contents/repn-car/side-w/ioniq9-27my-well-side.png,아이오닉 9,4WD(성능) 캘리그래피 19인치 7인승,"81,625,475원","85,870,000원","4,530,000원","2,720,000원","1,810,000원","700,000원","540,000원","160,000원","76,395,475원"
경기도,양평군,https://www.hyundai.com/contents/repn-car/side-w/ioniq9-27my-well-side.png,아이오닉 9,4WD(성능) 캘리그래피 21인치 7인승,"81,625,475원","85,870,000원","4,530,000원","2,720,000원","1,810,000원","700,000원","540,000원","160,000원","76,395,475원"
경기도,양평군,https://www.hyundai.com/contents/repn-car/side-w/ioniq9-27my-well-side.png,아이오닉 9,4WD(항속) 캘리그래피 19인치 6인승,"82,262,357원","86,540,000원","4,510,000원","2,710,000원","1,800,000원","700,000원","540,000원","160,000원","77,052,357원"
경기도,양평군,https://www.hyundai.com/contents/repn-car/side-w/ioniq9-27my-well-side.png,아이오닉 9,4WD(항속) 캘리그래피 21인치 6인승,"82,262,357원","86,540,000원","4,510,000원","2,710,000원","1,800,000원","700,000원","540,000원","160,000원","77,052,357원"
경기도,양평군,https://www.hyundai.com/contents/repn-car/side-w/ioniq9-27my-well-side.png,아이오닉 9,4WD(성능) 캘리그래피 19인치 6인승,"83,149,999원","87,440,000원","4,530,000원","2,720,000원","1,810,000원","700,000원","540,000원","160,000원","77,919,999원"
경기도,양평군,https://www.hyundai.com/contents/repn-car/side-w/ioniq9-27my-well-side.png,아이오닉 9,4WD(성능) 캘리그래피 21인치 6인승,"83,149,999원","87,440,000원","4,530,000원","2,720,000원","1,810,000원","700,000원","540,000원","160,000원","77,919,999원"
경기도,양평군,https://www.hyundai.com/contents/repn-car/side-w/Electrified-GV70-27MY.png,Electrified GV70,ELECTRIFIED GV70 AWD 19인치,"75,798,478원","79,740,000원","4,350,000원","2,610,000원","1,740,000원","680,000원","520,000원","160,000원","70,768,478원"
경기도,양평군,https://www.hyundai.com/contents/repn-car/side-w/Electrified-GV70-27MY.png,Electrified GV70,ELECTRIFIED GV70 AWD 20인치,"76,558,935원","80,540,000원","4,080,000원","2,450,000원","1,630,000원","640,000원","490,000원","150,000원","71,838,935원"
경기도,양평군,https://www.hyundai.com/contents/repn-car/side-w/ioniq6-n-25lc-well-side.png,아이오닉 6 N,4WD N,"79,904,942원","84,060,000원","4,160,000원","2,500,000원","1,660,000원","650,000원","500,000원","150,000원","75,094,942원"
경기도,양평군,https://www.hyundai.com/contents/repn-car/side-w/g80_ev_27my-well-side.png,Electrified G80,ELECTRIFIED G80,"84,790,000원","89,080,000원","4,500,000원","2,700,000원","1,800,000원","700,000원","540,000원","160,000원","79,590,000원"
경기도,양평군,https://www.hyundai.com/contents/repn-car/side-w/g80_ev_27my-well-side.png,Electrified G80,ELECTRIFIED G80,"87,790,000원","92,080,000원","4,500,000원","2,700,000원","1,800,000원","700,000원","540,000원","160,000원","82,590,000원"
경기도,양평군,https://www.hyundai.com/contents/repn-car/side-w/the-new-staria-limousine-electric-27pe-well-side.png,더 뉴 스타리아 리무진 Electric,2WD 오토 Inspiration 리무진,"84,820,000원","89,110,000원","3,810,000원","2,290,000원","1,520,000원","600,000원","460,000원","140,000원","80,410,000원"
경기도,양평군,https://www.hyundai.com/contents/repn-car/side-w/porter2-electric-26my-well-side.png,포터 II Electric ,오토 스타일스페셜,"43,500,000원","43,500,000원","16,450,000원","9,680,000원","6,770,000원","1,300,000원","1,000,000원","300,000원","25,750,000원"
경기도,양평군,https://www.hyundai.com/contents/repn-car/side-w/porter2-electric-26my-well-side.png,포터 II Electric ,오토 스마트스페셜,"44,850,000원","44,850,000원","16,450,000원","9,680,000원","6,770,000원","1,300,000원","1,000,000원","300,000원","27,100,000원"
경기도,양평군,https://www.hyundai.com/contents/repn-car/side-w/porter2-electric-26my-well-side.png,포터 II Electric ,오토 프리미엄스페셜,"46,450,000원","46,450,000원","16,450,000원","9,680,000원","6,770,000원","1,300,000원","1,000,000원","300,000원","28,700,000원"
경기도,양평군,https://www.hyundai.com/contents/repn-car/side-w/porter2-electric-built-in-truck-26my-45side.png,포터II Electric 내장탑차,오토 스마트스페셜 저상,"49,030,000원","49,030,000원","13,260,000원","7,800,000원","5,460,000원","1,200,000원","920,000원","280,000원","34,570,000원"
경기도,양평군,https://www.hyundai.com/contents/repn-car/side-w/porter2-electric-built-in-truck-26my-45side.png,포터II Electric 내장탑차,오토 스마트스페셜,"50,250,000원","50,250,000원","13,260,000원","7,800,000원","5,460,000원","1,200,000원","920,000원","280,000원","35,790,000원"
경기도,양평군,https://www.hyundai.com/contents/repn-car/side-w/porter2-electric-built-in-truck-26my-45side.png,포터II Electric 내장탑차,오토 스마트스페셜 하이,"51,130,000원","51,130,000원","13,260,000원","7,800,000원","5,460,000원","1,200,000원","920,000원","280,000원","36,670,000원"
경기도,양평군,https://www.hyundai.com/contents/repn-car/side-w/porter2-electric-powergate-truck-26my-45side.png,포터II Electric 파워게이트,오토 스마트스페셜,"50,000,000원","50,000,000원","13,260,000원","7,800,000원","5,460,000원","1,200,000원","920,000원","280,000원","35,540,000원"
경기도,양평군,https://www.hyundai.com/contents/repn-car/side-w/porter2-electric-wingbody-26my-45side.png,포터II Electric 윙바디,오토 스마트스페셜 수동식,"51,030,000원","51,030,000원","13,260,000원","7,800,000원","5,460,000원","1,200,000원","920,000원","280,000원","36,570,000원"
경기도,양평군,https://www.hyundai.com/contents/repn-car/side-w/porter2-electric-wingbody-26my-45side.png,포터II Electric 윙바디,오토 스마트스페셜 전동식,"55,240,000원","55,240,000원","13,260,000원","7,800,000원","5,460,000원","1,200,000원","920,000원","280,000원","40,780,000원"
경기도,양평군,https://www.hyundai.com/contents/repn-car/side-w/the-new-staria-electric-27pe-well-side.png,더 뉴 스타리아 Electric,2WD 오토 Modern 3인승,"57,920,000원","57,920,000원","20,400,000원","12,000,000원","8,400,000원","1,300,000원","1,000,000원","300,000원","36,220,000원"
경기도,양평군,https://www.hyundai.com/contents/repn-car/side-w/the-new-staria-electric-27pe-well-side.png,더 뉴 스타리아 Electric,2WD 오토 Modern 5인승,"58,700,000원","58,700,000원","20,400,000원","12,000,000원","8,400,000원","1,300,000원","1,000,000원","300,000원","37,000,000원"
경기도,양평군,https://www.hyundai.com/contents/repn-car/side-w/st1-hightop-27my-well-side.png,ST1 하이탑차,오토 스마트,"58,830,000원","58,830,000원","18,700,000원","11,000,000원","7,700,000원","1,300,000원","1,000,000원","300,000원","38,830,000원"
경기도,양평군,https://www.hyundai.com/contents/repn-car/side-w/st1-27my-well-side.png,ST1 카고,오토 스타일,"59,460,000원","59,460,000원","20,400,000원","12,000,000원","8,400,000원","1,300,000원","1,000,000원","300,000원","37,760,000원"
경기도,양평군,https://www.hyundai.com/contents/repn-car/side-w/st1-27my-well-side.png,ST1 카고,오토 스마트,"61,230,000원","61,230,000원","20,400,000원","12,000,000원","8,400,000원","1,300,000원","1,000,000원","300,000원","39,530,000원"
경기도,양평군,https://www.hyundai.com/contents/repn-car/side-w/st1-27my-well-side.png,ST1 카고,오토 프리미엄,"65,710,000원","65,710,000원","20,400,000원","12,000,000원","8,400,000원","1,300,000원","1,000,000원","300,000원","44,010,000원"
경기도,양평군,https://www.hyundai.com/contents/repn-car/side-w/st1-freezer-truck-27my-well-side.png,ST1 카고 냉동,오토 스마트,"69,580,000원","69,580,000원","24,650,000원","14,500,000원","10,150,000원","1,300,000원","1,000,000원","300,000원","43,630,000원"
경기도,양평군,https://www.hyundai.com/contents/repn-car/side-w/st1-freezer-truck-27my-well-side.png,ST1 카고 냉동,오토 프리미엄,"74,060,000원","74,060,000원","24,650,000원","14,500,000원","10,150,000원","1,300,000원","1,000,000원","300,000원","48,110,000원"
경기도,양평군,https://www.hyundai.com/contents/repn-car/side-w/the-new-staria-electric-27pe-well-side.png,더 뉴 스타리아 Electric,2WD 오토 Modern 11인승,"60,290,000원","60,290,000원","19,500,000원","15,000,000원","4,500,000원",0원,0원,0원,"40,790,000원"
경기도,양평군,https://www.hyundai.com/contents/repn-car/side-w/the-new-staria-lounge-electric-27pe-well-side.png,더 뉴 스타리아 라운지 Electric,2WD 오토 Prestige 11인승 라운지,"65,490,000원","65,490,000원","19,500,000원","15,000,000원","4,500,000원",0원,0원,0원,"45,990,000원"
경기도,양평군,https://www.hyundai.com/contents/repn-car/side-w/nexo-27my-well-side.png,넥쏘,2WD 모던,"76,470,532원","80,447,000원","32,500,000원","22,500,000원","10,000,000원",0원,0원,0원,"43,970,532원"
경기도,양평군,https://www.hyundai.com/contents/repn-car/side-w/nexo-27my-well-side.png,넥쏘,2WD 익스클루시브,"79,369,771원","83,497,000원","32,500,000원","22,500,000원","10,000,000원",0원,0원,0원,"46,869,771원"
경기도,양평군,https://www.hyundai.com/contents/repn-car/side-w/nexo-27my-well-side.png,넥쏘,2WD 프레스티지,"83,789,923원","88,147,000원","32,500,000원","22,500,000원","10,000,000원",0원,0원,0원,"51,289,923원"
경기도,연천군,https://www.hyundai.com/contents/repn-car/side-w/casper_ev_26my_well_side.png,2027 캐스퍼 일렉트릭,캐스퍼 일렉트릭 기본형 15인치,"28,469,581원","29,950,000원","9,550,000원","4,900,000원","4,650,000원","1,270,000원","980,000원","290,000원","17,649,581원"
경기도,연천군,https://www.hyundai.com/contents/repn-car/side-w/casper_ev_26my_well_side.png,2027 캐스퍼 일렉트릭,캐스퍼 일렉트릭 항속형 15인치,"32,119,772원","33,790,000원","9,550,000원","4,900,000원","4,650,000원","1,270,000원","980,000원","290,000원","21,299,772원"
경기도,연천군,https://www.hyundai.com/contents/repn-car/side-w/casper_ev_26my_well_side.png,2027 캐스퍼 일렉트릭,캐스퍼 일렉트릭 항속형 17인치,"32,119,772원","33,790,000원","9,550,000원","4,900,000원","4,650,000원","1,270,000원","980,000원","290,000원","21,299,772원"
경기도,연천군,https://www.hyundai.com/contents/repn-car/side-w/casper_ev_26my_well_side.png,2027 캐스퍼 일렉트릭,캐스퍼 일렉트릭 크로스 17인치,"34,125,474원","35,900,000원","9,490,000원","4,870,000원","4,620,000원","1,260,000원","970,000원","290,000원","23,375,474원"
경기도,연천군,https://www.hyundai.com/contents/repn-car/side-w/casper_ev_26my_well_side.png,2027 캐스퍼 일렉트릭,캐스퍼 일렉트릭 라운지 17인치,"34,572,243원","36,370,000원","9,550,000원","4,900,000원","4,650,000원","1,270,000원","980,000원","290,000원","23,752,243원"
경기도,연천군,https://www.hyundai.com/contents/repn-car/side-w/kona-electric-25my-well-side.png,코나 Electric,기본형 E-Value +,"41,520,912원","43,680,000원","8,520,000원","4,370,000원","4,150,000원","1,130,000원","870,000원","260,000원","31,870,912원"
경기도,연천군,https://www.hyundai.com/contents/repn-car/side-w/kona-electric-25my-well-side.png,코나 Electric,기본형 Premium,"43,564,638원","45,830,000원","8,520,000원","4,370,000원","4,150,000원","1,130,000원","870,000원","260,000원","33,914,638원"
경기도,연천군,https://www.hyundai.com/contents/repn-car/side-w/kona-electric-25my-well-side.png,코나 Electric,항속형 Modern plus,"45,655,893원","48,030,000원","10,020,000원","5,140,000원","4,880,000원","1,300,000원","1,000,000원","300,000원","34,335,893원"
경기도,연천군,https://www.hyundai.com/contents/repn-car/side-w/kona-electric-25my-well-side.png,코나 Electric,항속형 Modern plus 스타일 Ⅱ,"45,655,893원","48,030,000원","10,020,000원","5,140,000원","4,880,000원","1,300,000원","1,000,000원","300,000원","34,335,893원"
경기도,연천군,https://www.hyundai.com/contents/repn-car/side-w/kona-electric-25my-well-side.png,코나 Electric,항속형 Premium,"46,568,440원","48,990,000원","10,020,000원","5,140,000원","4,880,000원","1,300,000원","1,000,000원","300,000원","35,248,440원"
경기도,연천군,https://www.hyundai.com/contents/repn-car/side-w/kona-electric-25my-well-side.png,코나 Electric,항속형 Premium 빌트인 캠 2,"46,568,440원","48,990,000원","10,020,000원","5,140,000원","4,880,000원","1,300,000원","1,000,000원","300,000원","35,248,440원"
경기도,연천군,https://www.hyundai.com/contents/repn-car/side-w/kona-electric-25my-well-side.png,코나 Electric,항속형 Premium 스타일 Ⅱ,"46,568,440원","48,990,000원","10,020,000원","5,140,000원","4,880,000원","1,300,000원","1,000,000원","300,000원","35,248,440원"
경기도,연천군,https://www.hyundai.com/contents/repn-car/side-w/kona-electric-25my-well-side.png,코나 Electric,항속형 Inspiration,"49,923,954원","52,520,000원","8,950,000원","4,590,000원","4,360,000원","1,200,000원","920,000원","280,000원","39,773,954원"
경기도,연천군,https://www.hyundai.com/contents/repn-car/side-w/kona-electric-25my-well-side.png,코나 Electric,항속형 N Line Inspiration,"50,865,018원","53,510,000원","8,950,000원","4,590,000원","4,360,000원","1,200,000원","920,000원","280,000원","40,715,018원"
경기도,연천군,https://www.hyundai.com/contents/repn-car/side-w/ioniq5-27my-well-side.png,아이오닉 5,2WD E-Value +(스탠다드) 19인치,"47,347,908원","49,810,000원","9,410,000원","4,830,000원","4,580,000원","1,260,000원","970,000원","290,000원","36,677,908원"
경기도,연천군,https://www.hyundai.com/contents/repn-car/side-w/ioniq5-27my-well-side.png,아이오닉 5,2WD E-Lite(롱레인지) 19인치,"50,636,881원","53,270,000원","11,050,000원","5,670,000원","5,380,000원","1,300,000원","1,000,000원","300,000원","38,286,881원"
경기도,연천군,https://www.hyundai.com/contents/repn-car/side-w/ioniq5-27my-well-side.png,아이오닉 5,2WD 모던(롱레인지) 19인치,"52,899,239원","55,650,000원","11,050,000원","5,670,000원","5,380,000원","1,300,000원","1,000,000원","300,000원","40,549,239원"
경기도,연천군,https://www.hyundai.com/contents/repn-car/side-w/ioniq5-27my-well-side.png,아이오닉 5,4WD E-Lite(롱레인지) 19인치,"52,984,791원","55,740,000원","10,880,000원","5,580,000원","5,300,000원","1,300,000원","1,000,000원","300,000원","40,804,791원"
경기도,연천군,https://www.hyundai.com/contents/repn-car/side-w/ioniq5-27my-well-side.png,아이오닉 5,2WD 모던(롱레인지) 19인치 빌트인캠 2 + 증강현실 내비게이션,"52,899,239원","55,650,000원","11,050,000원","5,670,000원","5,380,000원","1,300,000원","1,000,000원","300,000원","40,549,239원"
경기도,연천군,https://www.hyundai.com/contents/repn-car/side-w/ioniq5-27my-well-side.png,아이오닉 5,4WD 모던(롱레인지) 19인치,"55,247,148원","58,120,000원","10,880,000원","5,580,000원","5,300,000원","1,300,000원","1,000,000원","300,000원","43,067,148원"
경기도,연천군,https://www.hyundai.com/contents/repn-car/side-w/ioniq5-27my-well-side.png,아이오닉 5,2WD 프리미엄(롱레인지) 19인치,"58,241,444원","61,270,000원","11,050,000원","5,670,000원","5,380,000원","1,300,000원","1,000,000원","300,000원","45,891,444원"
경기도,연천군,https://www.hyundai.com/contents/repn-car/side-w/ioniq5-27my-well-side.png,아이오닉 5,2WD 프리미엄(롱레인지) 19인치 빌트인캠 2 + 증강현실 내비게이션,"58,241,444원","61,270,000원","11,050,000원","5,670,000원","5,380,000원","1,300,000원","1,000,000원","300,000원","45,891,444원"
경기도,연천군,https://www.hyundai.com/contents/repn-car/side-w/ioniq5-27my-well-side.png,아이오닉 5,2WD 프리미엄(롱레인지) 20인치,"58,707,224원","61,760,000원","10,900,000원","5,590,000원","5,310,000원","1,300,000원","1,000,000원","300,000원","46,507,224원"
경기도,연천군,https://www.hyundai.com/contents/repn-car/side-w/ioniq5-27my-well-side.png,아이오닉 5,2WD N LINE(롱레인지) 20인치,"59,448,669원","62,540,000원","10,540,000원","5,410,000원","5,130,000원","1,300,000원","1,000,000원","300,000원","47,608,669원"
경기도,연천군,https://www.hyundai.com/contents/repn-car/side-w/ioniq5-27my-well-side.png,아이오닉 5,4WD 프리미엄(롱레인지) 19인치,"60,589,354원","63,740,000원","10,880,000원","5,580,000원","5,300,000원","1,300,000원","1,000,000원","300,000원","48,409,354원"
경기도,연천군,https://www.hyundai.com/contents/repn-car/side-w/ioniq5-27my-well-side.png,아이오닉 5,4WD 프리미엄(롱레인지) 20인치,"61,055,132원","64,230,000원","10,370,000원","5,320,000원","5,050,000원","1,300,000원","1,000,000원","300,000원","49,385,132원"
경기도,연천군,https://www.hyundai.com/contents/repn-car/side-w/ioniq5-27my-well-side.png,아이오닉 5,2WD 인스퍼레이션(롱레인지) 19인치,"61,283,270원","64,470,000원","11,050,000원","5,670,000원","5,380,000원","1,300,000원","1,000,000원","300,000원","48,933,270원"
경기도,연천군,https://www.hyundai.com/contents/repn-car/side-w/ioniq5-27my-well-side.png,아이오닉 5,2WD 인스퍼레이션(롱레인지) 19인치 빌트인캠 2 + 증강현실 내비게이션,"61,283,270원","64,470,000원","11,050,000원","5,670,000원","5,380,000원","1,300,000원","1,000,000원","300,000원","48,933,270원"
경기도,연천군,https://www.hyundai.com/contents/repn-car/side-w/ioniq5-27my-well-side.png,아이오닉 5,2WD 인스퍼레이션(롱레인지) 20인치,"61,749,048원","64,960,000원","10,900,000원","5,590,000원","5,310,000원","1,300,000원","1,000,000원","300,000원","49,549,048원"
경기도,연천군,https://www.hyundai.com/contents/repn-car/side-w/ioniq5-27my-well-side.png,아이오닉 5,4WD N LINE(롱레인지) 20인치,"61,796,577원","65,010,000원","9,940,000원","5,100,000원","4,840,000원","1,300,000원","1,000,000원","300,000원","50,556,577원"
경기도,연천군,https://www.hyundai.com/contents/repn-car/side-w/ioniq5-27my-well-side.png,아이오닉 5,4WD 인스퍼레이션(롱레인지) 19인치,"63,631,178원","66,940,000원","10,880,000원","5,580,000원","5,300,000원","1,300,000원","1,000,000원","300,000원","51,451,178원"
경기도,연천군,https://www.hyundai.com/contents/repn-car/side-w/ioniq5-27my-well-side.png,아이오닉 5,4WD 인스퍼레이션(롱레인지) 20인치,"64,096,958원","67,430,000원","10,370,000원","5,320,000원","5,050,000원","1,300,000원","1,000,000원","300,000원","52,426,958원"
경기도,연천군,https://www.hyundai.com/contents/repn-car/side-w/ioniq6-25fl-well-side.png,더 뉴 아이오닉 6,2WD E-Value +(스탠다드) 18인치,"48,564,639원","51,090,000원","10,920,000원","5,600,000원","5,320,000원","1,300,000원","1,000,000원","300,000원","36,344,639원"
경기도,연천군,https://www.hyundai.com/contents/repn-car/side-w/ioniq6-25fl-well-side.png,더 뉴 아이오닉 6,2WD E-LITE(롱레인지) 18인치,"50,636,881원","53,270,000원","11,110,000원","5,700,000원","5,410,000원","1,300,000원","1,000,000원","300,000원","38,226,881원"
경기도,연천군,https://www.hyundai.com/contents/repn-car/side-w/ioniq6-25fl-well-side.png,더 뉴 아이오닉 6,2WD Exclusive(스탠다드) 18인치,"50,950,570원","53,600,000원","10,920,000원","5,600,000원","5,320,000원","1,300,000원","1,000,000원","300,000원","38,730,570원"
경기도,연천군,https://www.hyundai.com/contents/repn-car/side-w/ioniq6-25fl-well-side.png,더 뉴 아이오닉 6,2WD E-LITE(롱레인지) 20인치,"51,197,719원","53,860,000원","11,110,000원","5,700,000원","5,410,000원","1,300,000원","1,000,000원","300,000원","38,787,719원"
경기도,연천군,https://www.hyundai.com/contents/repn-car/side-w/ioniq6-25fl-well-side.png,더 뉴 아이오닉 6,4WD E-LITE(롱레인지) 18인치,"52,984,791원","55,740,000원","11,110,000원","5,700,000원","5,410,000원","1,300,000원","1,000,000원","300,000원","40,574,791원"
경기도,연천군,https://www.hyundai.com/contents/repn-car/side-w/ioniq6-25fl-well-side.png,더 뉴 아이오닉 6,4WD E-LITE(롱레인지) 20인치,"53,545,627원","56,330,000원","10,780,000원","5,530,000원","5,250,000원","1,300,000원","1,000,000원","300,000원","41,465,627원"
경기도,연천군,https://www.hyundai.com/contents/repn-car/side-w/ioniq6-25fl-well-side.png,더 뉴 아이오닉 6,2WD Exclusive(롱레인지) 18인치,"55,152,091원","58,020,000원","11,110,000원","5,700,000원","5,410,000원","1,300,000원","1,000,000원","300,000원","42,742,091원"
경기도,연천군,https://www.hyundai.com/contents/repn-car/side-w/ioniq6-25fl-well-side.png,더 뉴 아이오닉 6,2WD Prestige(스탠다드) 18인치,"55,532,319원","58,420,000원","10,920,000원","5,600,000원","5,320,000원","1,300,000원","1,000,000원","300,000원","43,312,319원"
경기도,연천군,https://www.hyundai.com/contents/repn-car/side-w/ioniq6-25fl-well-side.png,더 뉴 아이오닉 6,2WD Exclusive(롱레인지) 20인치,"55,712,927원","58,610,000원","11,110,000원","5,700,000원","5,410,000원","1,300,000원","1,000,000원","300,000원","43,302,927원"
경기도,연천군,https://www.hyundai.com/contents/repn-car/side-w/ioniq6-25fl-well-side.png,더 뉴 아이오닉 6,2WD N Line Exclusive(롱레인지) 20인치,"57,452,472원","60,440,000원","11,110,000원","5,700,000원","5,410,000원","1,300,000원","1,000,000원","300,000원","45,042,472원"
경기도,연천군,https://www.hyundai.com/contents/repn-car/side-w/ioniq6-25fl-well-side.png,더 뉴 아이오닉 6,4WD Exclusive(롱레인지) 18인치,"57,499,999원","60,490,000원","11,110,000원","5,700,000원","5,410,000원","1,300,000원","1,000,000원","300,000원","45,089,999원"
경기도,연천군,https://www.hyundai.com/contents/repn-car/side-w/ioniq6-25fl-well-side.png,더 뉴 아이오닉 6,4WD Exclusive(롱레인지) 20인치,"58,060,836원","61,080,000원","10,780,000원","5,530,000원","5,250,000원","1,300,000원","1,000,000원","300,000원","45,980,836원"
경기도,연천군,https://www.hyundai.com/contents/repn-car/side-w/ioniq6-25fl-well-side.png,더 뉴 아이오닉 6,2WD Prestige(롱레인지) 18인치,"59,724,335원","62,830,000원","11,110,000원","5,700,000원","5,410,000원","1,300,000원","1,000,000원","300,000원","47,314,335원"
경기도,연천군,https://www.hyundai.com/contents/repn-car/side-w/ioniq6-25fl-well-side.png,더 뉴 아이오닉 6,4WD N Line Exclusive(롱레인지) 20인치,"59,800,380원","62,910,000원","10,470,000원","5,370,000원","5,100,000원","1,300,000원","1,000,000원","300,000원","48,030,380원"
경기도,연천군,https://www.hyundai.com/contents/repn-car/side-w/ioniq6-25fl-well-side.png,더 뉴 아이오닉 6,2WD Prestige(롱레인지) 20인치,"60,285,171원","63,420,000원","11,110,000원","5,700,000원","5,410,000원","1,300,000원","1,000,000원","300,000원","47,875,171원"
경기도,연천군,https://www.hyundai.com/contents/repn-car/side-w/ioniq6-25fl-well-side.png,더 뉴 아이오닉 6,2WD N Line Prestige(롱레인지) 20인치,"61,321,293원","64,510,000원","11,110,000원","5,700,000원","5,410,000원","1,300,000원","1,000,000원","300,000원","48,911,293원"
경기도,연천군,https://www.hyundai.com/contents/repn-car/side-w/ioniq6-25fl-well-side.png,더 뉴 아이오닉 6,4WD Prestige(롱레인지) 18인치,"62,072,243원","65,300,000원","11,110,000원","5,700,000원","5,410,000원","1,300,000원","1,000,000원","300,000원","49,662,243원"
경기도,연천군,https://www.hyundai.com/contents/repn-car/side-w/ioniq6-25fl-well-side.png,더 뉴 아이오닉 6,4WD Prestige(롱레인지) 20인치,"62,633,079원","65,890,000원","10,780,000원","5,530,000원","5,250,000원","1,300,000원","1,000,000원","300,000원","50,553,079원"
경기도,연천군,https://www.hyundai.com/contents/repn-car/side-w/ioniq6-25fl-well-side.png,더 뉴 아이오닉 6,4WD N Line Prestige(롱레인지) 20인치,"63,669,201원","66,980,000원","10,470,000원","5,370,000원","5,100,000원","1,300,000원","1,000,000원","300,000원","51,899,201원"
경기도,연천군,https://www.hyundai.com/contents/repn-car/side-w/the-new-staria-lounge-electric-27pe-well-side.png,더 뉴 스타리아 라운지 Electric,2WD 오토 Prestige 7인승,"63,593,156원","66,900,000원","4,460,000원","2,290,000원","2,170,000원","600,000원","460,000원","140,000원","58,533,156원"
경기도,연천군,https://www.hyundai.com/contents/repn-car/side-w/the-new-staria-lounge-electric-27pe-well-side.png,더 뉴 스타리아 라운지 Electric,2WD 오토 Inspiration 7인승,"67,309,885원","70,810,000원","4,460,000원","2,290,000원","2,170,000원","600,000원","460,000원","140,000원","62,249,885원"
경기도,연천군,https://www.hyundai.com/contents/repn-car/side-w/GV60-27MY.png,GV60,GV60 스탠다드 2WD 19인치,"64,904,943원","68,280,000원","5,550,000원","2,850,000원","2,700,000원","740,000원","570,000원","170,000원","58,614,943원"
경기도,연천군,https://www.hyundai.com/contents/repn-car/side-w/GV60-27MY.png,GV60,GV60 스탠다드 AWD 19인치,"72,080,000원","72,080,000원","5,300,000원","2,720,000원","2,580,000원","700,000원","540,000원","160,000원","66,080,000원"
경기도,연천군,https://www.hyundai.com/contents/repn-car/side-w/GV60-27MY.png,GV60,GV60 스탠다드 AWD 20인치,"74,380,000원","74,380,000원","5,080,000원","2,610,000원","2,470,000원","680,000원","520,000원","160,000원","68,620,000원"
경기도,연천군,https://www.hyundai.com/contents/repn-car/side-w/ioniq9-27my-well-side.png,아이오닉 9,2WD 익스클루시브 19인치 7인승,"67,585,551원","71,100,000원","5,340,000원","2,740,000원","2,600,000원","720,000원","550,000원","170,000원","61,525,551원"
경기도,연천군,https://www.hyundai.com/contents/repn-car/side-w/ioniq9-27my-well-side.png,아이오닉 9,2WD 익스클루시브 19인치 6인승,"68,165,399원","71,710,000원","5,340,000원","2,740,000원","2,600,000원","720,000원","550,000원","170,000원","62,105,399원"
경기도,연천군,https://www.hyundai.com/contents/repn-car/side-w/ioniq9-27my-well-side.png,아이오닉 9,4WD(항속) 익스클루시브 19인치 7인승,"70,247,148원","73,900,000원","5,280,000원","2,710,000원","2,570,000원","700,000원","540,000원","160,000원","64,267,148원"
경기도,연천군,https://www.hyundai.com/contents/repn-car/side-w/ioniq9-27my-well-side.png,아이오닉 9,4WD(항속) 익스클루시브 19인치 6인승,"70,826,995원","74,510,000원","5,280,000원","2,710,000원","2,570,000원","700,000원","540,000원","160,000원","64,846,995원"
경기도,연천군,https://www.hyundai.com/contents/repn-car/side-w/ioniq9-27my-well-side.png,아이오닉 9,4WD(성능) 익스클루시브 19인치 7인승,"71,102,661원","74,800,000원","5,300,000원","2,720,000원","2,580,000원","700,000원","540,000원","160,000원","65,102,661원"
경기도,연천군,https://www.hyundai.com/contents/repn-car/side-w/ioniq9-27my-well-side.png,아이오닉 9,4WD(성능) 익스클루시브 19인치 6인승,"71,682,509원","75,410,000원","5,300,000원","2,720,000원","2,580,000원","700,000원","540,000원","160,000원","65,682,509원"
경기도,연천군,https://www.hyundai.com/contents/repn-car/side-w/ioniq9-27my-well-side.png,아이오닉 9,2WD 프레스티지 19인치 7인승,"73,241,445원","77,050,000원","5,340,000원","2,740,000원","2,600,000원","720,000원","550,000원","170,000원","67,181,445원"
경기도,연천군,https://www.hyundai.com/contents/repn-car/side-w/ioniq9-27my-well-side.png,아이오닉 9,2WD 프레스티지 21인치 7인승,"73,241,445원","77,050,000원","5,340,000원","2,740,000원","2,600,000원","720,000원","550,000원","170,000원","67,181,445원"
경기도,연천군,https://www.hyundai.com/contents/repn-car/side-w/ioniq9-27my-well-side.png,아이오닉 9,2WD 프레스티지 19인치 6인승,"73,735,741원","77,570,000원","5,340,000원","2,740,000원","2,600,000원","720,000원","550,000원","170,000원","67,675,741원"
경기도,연천군,https://www.hyundai.com/contents/repn-car/side-w/ioniq9-27my-well-side.png,아이오닉 9,2WD 프레스티지 21인치 6인승,"73,735,741원","77,570,000원","5,340,000원","2,740,000원","2,600,000원","720,000원","550,000원","170,000원","67,675,741원"
경기도,연천군,https://www.hyundai.com/contents/repn-car/side-w/ioniq9-27my-well-side.png,아이오닉 9,4WD(항속) 프레스티지 19인치 7인승,"75,903,041원","79,850,000원","5,280,000원","2,710,000원","2,570,000원","700,000원","540,000원","160,000원","69,923,041원"
경기도,연천군,https://www.hyundai.com/contents/repn-car/side-w/ioniq9-27my-well-side.png,아이오닉 9,4WD(항속) 프레스티지 21인치 7인승,"75,903,041원","79,850,000원","5,280,000원","2,710,000원","2,570,000원","700,000원","540,000원","160,000원","69,923,041원"
경기도,연천군,https://www.hyundai.com/contents/repn-car/side-w/ioniq9-27my-well-side.png,아이오닉 9,4WD(항속) 프레스티지 19인치 6인승,"76,397,338원","80,370,000원","5,280,000원","2,710,000원","2,570,000원","700,000원","540,000원","160,000원","70,417,338원"
경기도,연천군,https://www.hyundai.com/contents/repn-car/side-w/ioniq9-27my-well-side.png,아이오닉 9,4WD(항속) 프레스티지 21인치 6인승,"76,397,338원","80,370,000원","5,280,000원","2,710,000원","2,570,000원","700,000원","540,000원","160,000원","70,417,338원"
경기도,연천군,https://www.hyundai.com/contents/repn-car/side-w/ioniq9-27my-well-side.png,아이오닉 9,4WD(성능) 프레스티지 19인치 7인승,"76,758,555원","80,750,000원","5,300,000원","2,720,000원","2,580,000원","700,000원","540,000원","160,000원","70,758,555원"
경기도,연천군,https://www.hyundai.com/contents/repn-car/side-w/ioniq9-27my-well-side.png,아이오닉 9,4WD(성능) 프레스티지 21인치 7인승,"76,758,555원","80,750,000원","5,300,000원","2,720,000원","2,580,000원","700,000원","540,000원","160,000원","70,758,555원"
경기도,연천군,https://www.hyundai.com/contents/repn-car/side-w/ioniq9-27my-well-side.png,아이오닉 9,4WD(성능) 프레스티지 19인치 6인승,"77,252,851원","81,270,000원","5,300,000원","2,720,000원","2,580,000원","700,000원","540,000원","160,000원","71,252,851원"
경기도,연천군,https://www.hyundai.com/contents/repn-car/side-w/ioniq9-27my-well-side.png,아이오닉 9,4WD(성능) 프레스티지 21인치 6인승,"77,252,851원","81,270,000원","5,300,000원","2,720,000원","2,580,000원","700,000원","540,000원","160,000원","71,252,851원"
경기도,연천군,https://www.hyundai.com/contents/repn-car/side-w/ioniq9-27my-well-side.png,아이오닉 9,2WD 캘리그래피 19인치 7인승,"78,108,365원","82,170,000원","5,340,000원","2,740,000원","2,600,000원","720,000원","550,000원","170,000원","72,048,365원"
경기도,연천군,https://www.hyundai.com/contents/repn-car/side-w/ioniq9-27my-well-side.png,아이오닉 9,2WD 캘리그래피 21인치 7인승,"78,108,365원","82,170,000원","5,340,000원","2,740,000원","2,600,000원","720,000원","550,000원","170,000원","72,048,365원"
경기도,연천군,https://www.hyundai.com/contents/repn-car/side-w/ioniq9-27my-well-side.png,아이오닉 9,2WD 캘리그래피 19인치 6인승,"79,600,760원","83,740,000원","5,340,000원","2,740,000원","2,600,000원","720,000원","550,000원","170,000원","73,540,760원"
경기도,연천군,https://www.hyundai.com/contents/repn-car/side-w/ioniq9-27my-well-side.png,아이오닉 9,2WD 캘리그래피 21인치 6인승,"79,600,760원","83,740,000원","5,340,000원","2,740,000원","2,600,000원","720,000원","550,000원","170,000원","73,540,760원"
경기도,연천군,https://www.hyundai.com/contents/repn-car/side-w/ioniq9-27my-well-side.png,아이오닉 9,4WD(항속) 캘리그래피 19인치 7인승,"80,769,961원","84,970,000원","5,280,000원","2,710,000원","2,570,000원","700,000원","540,000원","160,000원","74,789,961원"
경기도,연천군,https://www.hyundai.com/contents/repn-car/side-w/ioniq9-27my-well-side.png,아이오닉 9,4WD(항속) 캘리그래피 21인치 7인승,"80,769,961원","84,970,000원","5,280,000원","2,710,000원","2,570,000원","700,000원","540,000원","160,000원","74,789,961원"
경기도,연천군,https://www.hyundai.com/contents/repn-car/side-w/ioniq9-27my-well-side.png,아이오닉 9,4WD(성능) 캘리그래피 19인치 7인승,"81,625,475원","85,870,000원","5,300,000원","2,720,000원","2,580,000원","700,000원","540,000원","160,000원","75,625,475원"
경기도,연천군,https://www.hyundai.com/contents/repn-car/side-w/ioniq9-27my-well-side.png,아이오닉 9,4WD(성능) 캘리그래피 21인치 7인승,"81,625,475원","85,870,000원","5,300,000원","2,720,000원","2,580,000원","700,000원","540,000원","160,000원","75,625,475원"
경기도,연천군,https://www.hyundai.com/contents/repn-car/side-w/ioniq9-27my-well-side.png,아이오닉 9,4WD(항속) 캘리그래피 19인치 6인승,"82,262,357원","86,540,000원","5,280,000원","2,710,000원","2,570,000원","700,000원","540,000원","160,000원","76,282,357원"
경기도,연천군,https://www.hyundai.com/contents/repn-car/side-w/ioniq9-27my-well-side.png,아이오닉 9,4WD(항속) 캘리그래피 21인치 6인승,"82,262,357원","86,540,000원","5,280,000원","2,710,000원","2,570,000원","700,000원","540,000원","160,000원","76,282,357원"
경기도,연천군,https://www.hyundai.com/contents/repn-car/side-w/ioniq9-27my-well-side.png,아이오닉 9,4WD(성능) 캘리그래피 19인치 6인승,"83,149,999원","87,440,000원","5,300,000원","2,720,000원","2,580,000원","700,000원","540,000원","160,000원","77,149,999원"
경기도,연천군,https://www.hyundai.com/contents/repn-car/side-w/ioniq9-27my-well-side.png,아이오닉 9,4WD(성능) 캘리그래피 21인치 6인승,"83,149,999원","87,440,000원","5,300,000원","2,720,000원","2,580,000원","700,000원","540,000원","160,000원","77,149,999원"
경기도,연천군,https://www.hyundai.com/contents/repn-car/side-w/Electrified-GV70-27MY.png,Electrified GV70,ELECTRIFIED GV70 AWD 19인치,"75,798,478원","79,740,000원","5,080,000원","2,610,000원","2,470,000원","680,000원","520,000원","160,000원","70,038,478원"
경기도,연천군,https://www.hyundai.com/contents/repn-car/side-w/Electrified-GV70-27MY.png,Electrified GV70,ELECTRIFIED GV70 AWD 20인치,"76,558,935원","80,540,000원","4,770,000원","2,450,000원","2,320,000원","640,000원","490,000원","150,000원","71,148,935원"
경기도,연천군,https://www.hyundai.com/contents/repn-car/side-w/ioniq6-n-25lc-well-side.png,아이오닉 6 N,4WD N,"79,904,942원","84,060,000원","4,870,000원","2,500,000원","2,370,000원","650,000원","500,000원","150,000원","74,384,942원"
경기도,연천군,https://www.hyundai.com/contents/repn-car/side-w/g80_ev_27my-well-side.png,Electrified G80,ELECTRIFIED G80,"84,790,000원","89,080,000원","5,260,000원","2,700,000원","2,560,000원","700,000원","540,000원","160,000원","78,830,000원"
경기도,연천군,https://www.hyundai.com/contents/repn-car/side-w/g80_ev_27my-well-side.png,Electrified G80,ELECTRIFIED G80,"87,790,000원","92,080,000원","5,260,000원","2,700,000원","2,560,000원","700,000원","540,000원","160,000원","81,830,000원"
경기도,연천군,https://www.hyundai.com/contents/repn-car/side-w/the-new-staria-limousine-electric-27pe-well-side.png,더 뉴 스타리아 리무진 Electric,2WD 오토 Inspiration 리무진,"84,820,000원","89,110,000원","4,460,000원","2,290,000원","2,170,000원","600,000원","460,000원","140,000원","79,760,000원"
경기도,연천군,https://www.hyundai.com/contents/repn-car/side-w/porter2-electric-26my-well-side.png,포터 II Electric ,오토 스타일스페셜,"43,500,000원","43,500,000원","15,970,000원","9,680,000원","6,290,000원","1,300,000원","1,000,000원","300,000원","26,230,000원"
경기도,연천군,https://www.hyundai.com/contents/repn-car/side-w/porter2-electric-26my-well-side.png,포터 II Electric ,오토 스마트스페셜,"44,850,000원","44,850,000원","15,970,000원","9,680,000원","6,290,000원","1,300,000원","1,000,000원","300,000원","27,580,000원"
경기도,연천군,https://www.hyundai.com/contents/repn-car/side-w/porter2-electric-26my-well-side.png,포터 II Electric ,오토 프리미엄스페셜,"46,450,000원","46,450,000원","15,970,000원","9,680,000원","6,290,000원","1,300,000원","1,000,000원","300,000원","29,180,000원"
경기도,연천군,https://www.hyundai.com/contents/repn-car/side-w/porter2-electric-built-in-truck-26my-45side.png,포터II Electric 내장탑차,오토 스마트스페셜 저상,"49,030,000원","49,030,000원","12,870,000원","7,800,000원","5,070,000원","1,200,000원","920,000원","280,000원","34,960,000원"
경기도,연천군,https://www.hyundai.com/contents/repn-car/side-w/porter2-electric-built-in-truck-26my-45side.png,포터II Electric 내장탑차,오토 스마트스페셜,"50,250,000원","50,250,000원","12,870,000원","7,800,000원","5,070,000원","1,200,000원","920,000원","280,000원","36,180,000원"
경기도,연천군,https://www.hyundai.com/contents/repn-car/side-w/porter2-electric-built-in-truck-26my-45side.png,포터II Electric 내장탑차,오토 스마트스페셜 하이,"51,130,000원","51,130,000원","12,870,000원","7,800,000원","5,070,000원","1,200,000원","920,000원","280,000원","37,060,000원"
경기도,연천군,https://www.hyundai.com/contents/repn-car/side-w/porter2-electric-powergate-truck-26my-45side.png,포터II Electric 파워게이트,오토 스마트스페셜,"50,000,000원","50,000,000원","12,870,000원","7,800,000원","5,070,000원","1,200,000원","920,000원","280,000원","35,930,000원"
경기도,연천군,https://www.hyundai.com/contents/repn-car/side-w/porter2-electric-wingbody-26my-45side.png,포터II Electric 윙바디,오토 스마트스페셜 수동식,"51,030,000원","51,030,000원","12,870,000원","7,800,000원","5,070,000원","1,200,000원","920,000원","280,000원","36,960,000원"
경기도,연천군,https://www.hyundai.com/contents/repn-car/side-w/porter2-electric-wingbody-26my-45side.png,포터II Electric 윙바디,오토 스마트스페셜 전동식,"55,240,000원","55,240,000원","12,870,000원","7,800,000원","5,070,000원","1,200,000원","920,000원","280,000원","41,170,000원"
경기도,연천군,https://www.hyundai.com/contents/repn-car/side-w/the-new-staria-electric-27pe-well-side.png,더 뉴 스타리아 Electric,2WD 오토 Modern 5인승,"58,700,000원","58,700,000원","19,800,000원","12,000,000원","7,800,000원","1,300,000원","1,000,000원","300,000원","37,600,000원"
경기도,연천군,https://www.hyundai.com/contents/repn-car/side-w/st1-hightop-27my-well-side.png,ST1 하이탑차,오토 스마트,"58,830,000원","58,830,000원","18,150,000원","11,000,000원","7,150,000원","1,300,000원","1,000,000원","300,000원","39,380,000원"
경기도,연천군,https://www.hyundai.com/contents/repn-car/side-w/st1-27my-well-side.png,ST1 카고,오토 스타일,"59,460,000원","59,460,000원","19,800,000원","12,000,000원","7,800,000원","1,300,000원","1,000,000원","300,000원","38,360,000원"
경기도,연천군,https://www.hyundai.com/contents/repn-car/side-w/st1-27my-well-side.png,ST1 카고,오토 스마트,"61,230,000원","61,230,000원","19,800,000원","12,000,000원","7,800,000원","1,300,000원","1,000,000원","300,000원","40,130,000원"
경기도,연천군,https://www.hyundai.com/contents/repn-car/side-w/st1-27my-well-side.png,ST1 카고,오토 프리미엄,"65,710,000원","65,710,000원","19,800,000원","12,000,000원","7,800,000원","1,300,000원","1,000,000원","300,000원","44,610,000원"
경기도,연천군,https://www.hyundai.com/contents/repn-car/side-w/st1-freezer-truck-27my-well-side.png,ST1 카고 냉동,오토 스마트,"69,580,000원","69,580,000원","23,920,000원","14,500,000원","9,420,000원","1,300,000원","1,000,000원","300,000원","44,360,000원"
경기도,연천군,https://www.hyundai.com/contents/repn-car/side-w/st1-freezer-truck-27my-well-side.png,ST1 카고 냉동,오토 프리미엄,"74,060,000원","74,060,000원","23,920,000원","14,500,000원","9,420,000원","1,300,000원","1,000,000원","300,000원","48,840,000원"
경기도,연천군,https://www.hyundai.com/contents/repn-car/side-w/the-new-staria-electric-27pe-well-side.png,더 뉴 스타리아 Electric,2WD 오토 Modern 11인승,"60,290,000원","60,290,000원","19,500,000원","15,000,000원","4,500,000원",0원,0원,0원,"40,790,000원"
경기도,연천군,https://www.hyundai.com/contents/repn-car/side-w/the-new-staria-lounge-electric-27pe-well-side.png,더 뉴 스타리아 라운지 Electric,2WD 오토 Prestige 11인승 라운지,"65,490,000원","65,490,000원","19,500,000원","15,000,000원","4,500,000원",0원,0원,0원,"45,990,000원"
경기도,연천군,https://www.hyundai.com/contents/repn-car/side-w/nexo-27my-well-side.png,넥쏘,2WD 모던,"76,470,532원","80,447,000원","32,500,000원","22,500,000원","10,000,000원",0원,0원,0원,"43,970,532원"
경기도,연천군,https://www.hyundai.com/contents/repn-car/side-w/nexo-27my-well-side.png,넥쏘,2WD 익스클루시브,"79,369,771원","83,497,000원","32,500,000원","22,500,000원","10,000,000원",0원,0원,0원,"46,869,771원"
경기도,연천군,https://www.hyundai.com/contents/repn-car/side-w/nexo-27my-well-side.png,넥쏘,2WD 프레스티지,"83,789,923원","88,147,000원","32,500,000원","22,500,000원","10,000,000원",0원,0원,0원,"51,289,923원"
경기도,연천군,https://www.hyundai.com/contents/repn-car/side-w/the-new-staria-electric-27pe-well-side.png,더 뉴 스타리아 Electric,2WD 오토 Modern 3인승,"57,920,000원","57,920,000원","19,800,000원","12,000,000원","7,800,000원","1,300,000원","1,000,000원","300,000원","36,820,000원"
